SourceRow;Filename;CastPredDash;Blok1Raw;Blok1Decoded;Prefix;WorkerID;Blok2Raw;Blok2Decoded;TailRaw;TailDecoded;TrailingChar;P01;P02;P03;P04;P05;P06;P07;P08;P09;P10;P11;P12;P13;P14;P15;P16;P17;P18;P19;P20;P21;P22;T01;T02;T03;T04;T05;T06;T07;T08;T09;T10;T11;TailTrailingChar
2;000I0Q110H0H0H0H0I0H0I0Y1G1O1Z1F1G1F1G1H1F1G0--0I0Q111Y0I0H0I6522;000I0Q110H0H0H0H0I0H0I0Y1G1O1Z1F1G1F1G1H1F1G0;000I0Q110H0H0H0H0I0H0I;19D0000101;;19D0000101;0Y1G1O1Z1F1G1F1G1H1F1G;AS[fRSRSTRS;0I0Q111Y0I0H0I6522;19De101üi;0;00;0I;0Q;11;0H;0H;0H;0H;0I;0H;0I;0Y;1G;1O;1Z;1F;1G;1F;1G;1H;1F;1G;0I;0Q;11;1Y;0I;0H;0I;65;22;;;
3;000I110Q0H0H0H0H0I0H0I0Y1G1Z1O1F1G1F1G1H1F1G0--0I110Q1Y0I0H0I6522;000I110Q0H0H0H0H0I0H0I0Y1G1Z1O1F1G1F1G1H1F1G0;000I110Q0H0H0H0H0I0H0I;1D90000101;;1D90000101;0Y1G1Z1O1F1G1F1G1H1F1G;ASf[RSRSTRS;0I110Q1Y0I0H0I6522;1D9e101üi;0;00;0I;11;0Q;0H;0H;0H;0H;0I;0H;0I;0Y;1G;1Z;1O;1F;1G;1F;1G;1H;1F;1G;0I;11;0Q;1Y;0I;0H;0I;65;22;;;
4;000I130O0H0H0H0H0I0H0I0Y1G211M1F1G1F1G1H1F1G0--0I130O1Y0I0H0I6522;000I130O0H0H0H0H0I0H0I0Y1G211M1F1G1F1G1H1F1G0;000I130O0H0H0H0H0I0H0I;1F70000101;;1F70000101;0Y1G211M1F1G1F1G1H1F1G;AShYRSRSTRS;0I130O1Y0I0H0I6522;1F7e101üi;0;00;0I;13;0O;0H;0H;0H;0H;0I;0H;0I;0Y;1G;21;1M;1F;1G;1F;1G;1H;1F;1G;0I;13;0O;1Y;0I;0H;0I;65;22;;;
5;000I140N0H0H0H0H0I0H0I0Y1G221L1F1G1F1G1H1F1G0--0I140N1Y0I0H0I6522;000I140N0H0H0H0H0I0H0I0Y1G221L1F1G1F1G1H1F1G0;000I140N0H0H0H0H0I0H0I;1G60000101;;1G60000101;0Y1G221L1F1G1F1G1H1F1G;ASiXRSRSTRS;0I140N1Y0I0H0I6522;1G6e101üi;0;00;0I;14;0N;0H;0H;0H;0H;0I;0H;0I;0Y;1G;22;1L;1F;1G;1F;1G;1H;1F;1G;0I;14;0N;1Y;0I;0H;0I;65;22;;;
6;000J130N0H0H0H0H0I0H0I0Y1H211L1F1G1F1G1H1F1G0--0J130N1Y0I0H0I6522;000J130N0H0H0H0H0I0H0I0Y1H211L1F1G1F1G1H1F1G0;000J130N0H0H0H0H0I0H0I;2F60000101;;2F60000101;0Y1H211L1F1G1F1G1H1F1G;AThXRSRSTRS;0J130N1Y0I0H0I6522;2F6e101üi;0;00;0J;13;0N;0H;0H;0H;0H;0I;0H;0I;0Y;1H;21;1L;1F;1G;1F;1G;1H;1F;1G;0J;13;0N;1Y;0I;0H;0I;65;22;;;
7;000K170I0H0H0H0H0I0H0I0Y1I251G1F1G1F1G1H1F1G0--0K170I1Y0I0H0I6522;000K170I0H0H0H0H0I0H0I0Y1I251G1F1G1F1G1H1F1G0;000K170I0H0H0H0H0I0H0I;3J10000101;;3J10000101;0Y1I251G1F1G1F1G1H1F1G;AUlSRSRSTRS;0K170I1Y0I0H0I6522;3J1e101üi;0;00;0K;17;0I;0H;0H;0H;0H;0I;0H;0I;0Y;1I;25;1G;1F;1G;1F;1G;1H;1F;1G;0K;17;0I;1Y;0I;0H;0I;65;22;;;
8;000L110N0H0H0H0H0I0H0I0Y1J1Z1L1F1G1F1G1H1F1G0--0L110N1Y0I0H0I6522;000L110N0H0H0H0H0I0H0I0Y1J1Z1L1F1G1F1G1H1F1G0;000L110N0H0H0H0H0I0H0I;4D60000101;;4D60000101;0Y1J1Z1L1F1G1F1G1H1F1G;AVfXRSRSTRS;0L110N1Y0I0H0I6522;4D6e101üi;0;00;0L;11;0N;0H;0H;0H;0H;0I;0H;0I;0Y;1J;1Z;1L;1F;1G;1F;1G;1H;1F;1G;0L;11;0N;1Y;0I;0H;0I;65;22;;;
9;000M1F1F1C170H0H0I0H0I0Y1K2D2E2A251F1G1H1F1G0--0M1F1F1C170C0I0H0I630E0;000M1F1F1C170H0H0I0H0I0Y1K2D2E2A251F1G1H1F1G0;000M1F1F1C170H0H0I0H0I;5RROJ00101;;5RROJ00101;0Y1K2D2E2A251F1G1H1F1G;AWtuqlRSTRS;0M1F1F1C170C0I0H0I630E0;5RROJ+101ú-;0;00;0M;1F;1F;1C;17;0H;0H;0I;0H;0I;0Y;1K;2D;2E;2A;25;1F;1G;1H;1F;1G;0M;1F;1F;1C;17;0C;0I;0H;0I;63;0E;0
10;00130P0H0H0H0H0H0I0H0I0Y211N1F1G1F1G1F1G1F1G0--130P0L0I0H0I660Q0;00130P0H0H0H0H0H0I0H0I0Y211N1F1G1F1G1F1G1F1G0;00130P0H0H0H0H0H0I0H0I;F800000101;;F800000101;0Y211N1F1G1F1G1F1G1F1G;AhZRSRSRSRS;130P0L0I0H0I660Q0;F84101ý9;0;00;13;0P;0H;0H;0H;0H;0H;0I;0H;0I;0Y;21;1N;1F;1G;1F;1G;1F;1G;1F;1G;13;0P;0L;0I;0H;0I;66;0Q;;;;0
11;00140O0H0H0H0H0H0I0H0I0Y221M1F1G1F1G1F1G1F1G0--140O0L0I0H0I660Q0;00140O0H0H0H0H0H0I0H0I0Y221M1F1G1F1G1F1G1F1G0;00140O0H0H0H0H0H0I0H0I;G700000101;;G700000101;0Y221M1F1G1F1G1F1G1F1G;AiYRSRSRSRS;140O0L0I0H0I660Q0;G74101ý9;0;00;14;0O;0H;0H;0H;0H;0H;0I;0H;0I;0Y;22;1M;1F;1G;1F;1G;1F;1G;1F;1G;14;0O;0L;0I;0H;0I;66;0Q;;;;0
12;001A0I0H0H0H0H0H0I0H0I0Y281G1F1G1F1G1F1G1F1G0--1A0I0L0I0H0I660Q0;001A0I0H0H0H0H0H0I0H0I0Y281G1F1G1F1G1F1G1F1G0;001A0I0H0H0H0H0H0I0H0I;M100000101;;M100000101;0Y281G1F1G1F1G1F1G1F1G;AoSRSRSRSRS;1A0I0L0I0H0I660Q0;M14101ý9;0;00;1A;0I;0H;0H;0H;0H;0H;0I;0H;0I;0Y;28;1G;1F;1G;1F;1G;1F;1G;1F;1G;1A;0I;0L;0I;0H;0I;66;0Q;;;;0
13;001J170M1G170H0H0I0H0I0Y2H251K2E251F1G1H1F1G0--1J170M1G170C0I0H0I630E0;001J170M1G170H0H0I0H0I0Y2H251K2E251F1G1H1F1G0;001J170M1G170H0H0I0H0I;VJ5SJ00101;;VJ5SJ00101;0Y2H251K2E251F1G1H1F1G;AxlWulRSTRS;1J170M1G170C0I0H0I630E0;VJ5SJ+101ú-;0;00;1J;17;0M;1G;17;0H;0H;0I;0H;0I;0Y;2H;25;1K;2E;25;1F;1G;1H;1F;1G;1J;17;0M;1G;17;0C;0I;0H;0I;63;0E;0
14;010I120Q0H0H0H0H0I0H0I101H211P1G1H1G1H1I1G1H0--0I120Q1Z0I0I0H6523;010I120Q0H0H0H0H0I0H0I101H211P1G1H1G1H1I1G1H0;010I120Q0H0H0H0H0I0H0I; 1E90000101; ;1E90000101;101H211P1G1H1G1H1I1G1H;CTh\STSTUST;0I120Q1Z0I0I0H6523;1E9f110üj;0;01;0I;12;0Q;0H;0H;0H;0H;0I;0H;0I;10;1H;21;1P;1G;1H;1G;1H;1I;1G;1H;0I;12;0Q;1Z;0I;0I;0H;65;23;;;
15;010I190J0H0H0H0H0I0H0I101H281I1G1H1G1H1I1G1H0--0I190J1Z0I0I0H6523;010I190J0H0H0H0H0I0H0I101H281I1G1H1G1H1I1G1H0;010I190J0H0H0H0H0I0H0I; 1L20000101; ;1L20000101;101H281I1G1H1G1H1I1G1H;CToUSTSTUST;0I190J1Z0I0I0H6523;1L2f110üj;0;01;0I;19;0J;0H;0H;0H;0H;0I;0H;0I;10;1H;28;1I;1G;1H;1G;1H;1I;1G;1H;0I;19;0J;1Z;0I;0I;0H;65;23;;;
16;010J150M0H0H0H0H0I0H0I101I241L1G1H1G1H1I1G1H0--0J150M1Z0I0I0H6523;010J150M0H0H0H0H0I0H0I101I241L1G1H1G1H1I1G1H0;010J150M0H0H0H0H0I0H0I; 2H50000101; ;2H50000101;101I241L1G1H1G1H1I1G1H;CUkXSTSTUST;0J150M1Z0I0I0H6523;2H5f110üj;0;01;0J;15;0M;0H;0H;0H;0H;0I;0H;0I;10;1I;24;1L;1G;1H;1G;1H;1I;1G;1H;0J;15;0M;1Z;0I;0I;0H;65;23;;;
17;010K0P110H0H0H0H0I0H0I101J1O201G1H1G1H1I1G1H0--0K0P111Z0I0I0H6523;010K0P110H0H0H0H0I0H0I101J1O201G1H1G1H1I1G1H0;010K0P110H0H0H0H0I0H0I; 38D0000101; ;38D0000101;101J1O201G1H1G1H1I1G1H;CV[gSTSTUST;0K0P111Z0I0I0H6523;38Df110üj;0;01;0K;0P;11;0H;0H;0H;0H;0I;0H;0I;10;1J;1O;20;1G;1H;1G;1H;1I;1G;1H;0K;0P;11;1Z;0I;0I;0H;65;23;;;
18;010K130N0H0H0H0H0I0H0I101J221M1G1H1G1H1I1G1H0--0K130N1Z0I0I0H6523;010K130N0H0H0H0H0I0H0I101J221M1G1H1G1H1I1G1H0;010K130N0H0H0H0H0I0H0I; 3F60000101; ;3F60000101;101J221M1G1H1G1H1I1G1H;CViYSTSTUST;0K130N1Z0I0I0H6523;3F6f110üj;0;01;0K;13;0N;0H;0H;0H;0H;0I;0H;0I;10;1J;22;1M;1G;1H;1G;1H;1I;1G;1H;0K;13;0N;1Z;0I;0I;0H;65;23;;;
19;010L170I0H0H0H0H0I0H0I101K261H1G1H1G1H1I1G1H0--0L170I1Z0I0I0H6523;010L170I0H0H0H0H0I0H0I101K261H1G1H1G1H1I1G1H0;010L170I0H0H0H0H0I0H0I; 4J10000101; ;4J10000101;101K261H1G1H1G1H1I1G1H;CWmTSTSTUST;0L170I1Z0I0I0H6523;4J1f110üj;0;01;0L;17;0I;0H;0H;0H;0H;0I;0H;0I;10;1K;26;1H;1G;1H;1G;1H;1I;1G;1H;0L;17;0I;1Z;0I;0I;0H;65;23;;;
20;01130Z1D1E170H0H0I0H0I10221Y2C2D261G1H1I1G1H0--130Z1D1E170D0I0I0H630F0;01130Z1D1E170H0H0I0H0I10221Y2C2D261G1H1I1G1H0;01130Z1D1E170H0H0I0H0I; FBPQJ00101; ;FBPQJ00101;10221Y2C2D261G1H1I1G1H;CiestmSTUST;130Z1D1E170D0I0I0H630F0;FBPQJ,110ú.;0;01;13;0Z;1D;1E;17;0H;0H;0I;0H;0I;10;22;1Y;2C;2D;26;1G;1H;1I;1G;1H;13;0Z;1D;1E;17;0D;0I;0I;0H;63;0F;0
21;01150O0H0H0H0H0H0I0H0I10241N1G1H1G1H1G1H1G1H0--150O0M0I0I0H660R0;01150O0H0H0H0H0H0I0H0I10241N1G1H1G1H1G1H1G1H0;01150O0H0H0H0H0H0I0H0I; H700000101; ;H700000101;10241N1G1H1G1H1G1H1G1H;CkZSTSTSTST;150O0M0I0I0H660R0;H75110ý:;0;01;15;0O;0H;0H;0H;0H;0H;0I;0H;0I;10;24;1N;1G;1H;1G;1H;1G;1H;1G;1H;15;0O;0M;0I;0I;0H;66;0R;;;;0
22;0116181718170H0H0I0H0I1025272627261G1H1I1G1H0--16181718170D0I0I0H630F0;0116181718170H0H0I0H0I1025272627261G1H1I1G1H0;0116181718170H0H0I0H0I; IKJKJ00101; ;IKJKJ00101;1025272627261G1H1I1G1H;ClnmnmSTUST;16181718170D0I0I0H630F0;IKJKJ,110ú.;0;01;16;18;17;18;17;0H;0H;0I;0H;0I;10;25;27;26;27;26;1G;1H;1I;1G;1H;16;18;17;18;17;0D;0I;0I;0H;63;0F;0
23;011B0I0H0H0H0H0H0I0H0I102A1H1G1H1G1H1G1H1G1H0--1B0I0M0I0I0H660R0;011B0I0H0H0H0H0H0I0H0I102A1H1G1H1G1H1G1H1G1H0;011B0I0H0H0H0H0H0I0H0I; N100000101; ;N100000101;102A1H1G1H1G1H1G1H1G1H;CqTSTSTSTST;1B0I0M0I0I0H660R0;N15110ý:;0;01;1B;0I;0H;0H;0H;0H;0H;0I;0H;0I;10;2A;1H;1G;1H;1G;1H;1G;1H;1G;1H;1B;0I;0M;0I;0I;0H;66;0R;;;;0
24;011I0M181H170H0H0I0H0I102H1L272G261G1H1I1G1H0--1I0M181H170D0I0I0H630F0;011I0M181H170H0H0I0H0I102H1L272G261G1H1I1G1H0;011I0M181H170H0H0I0H0I; U5KTJ00101; ;U5KTJ00101;102H1L272G261G1H1I1G1H;CxXnwmSTUST;1I0M181H170D0I0I0H630F0;U5KTJ,110ú.;0;01;1I;0M;18;1H;17;0H;0H;0I;0H;0I;10;2H;1L;27;2G;26;1G;1H;1I;1G;1H;1I;0M;18;1H;17;0D;0I;0I;0H;63;0F;0
25;011M1C0H1E170H0H0I0H0I102L2B1G2D261G1H1I1G1H0--1M1C0H1E170D0I0I0H630F0;011M1C0H1E170H0H0I0H0I102L2B1G2D261G1H1I1G1H0;011M1C0H1E170H0H0I0H0I; YO0QJ00101; ;YO0QJ00101;102L2B1G2D261G1H1I1G1H;C|rStmSTUST;1M1C0H1E170D0I0I0H630F0;YO0QJ,110ú.;0;01;1M;1C;0H;1E;17;0H;0H;0I;0H;0I;10;2L;2B;1G;2D;26;1G;1H;1I;1G;1H;1M;1C;0H;1E;17;0D;0I;0I;0H;63;0F;0
26;020I140P0H0H0H0H0I0H0I121I241P1H1I1H1I1J1H1I0--0I140P200I0H0I6524;020I140P0H0H0H0H0I0H0I121I241P1H1I1H1I1J1H1I0;020I140P0H0H0H0H0I0H0I;!1G80000101;!;1G80000101;121I241P1H1I1H1I1J1H1I;EUk\TUTUVTU;0I140P200I0H0I6524;1G8g101ük;0;02;0I;14;0P;0H;0H;0H;0H;0I;0H;0I;12;1I;24;1P;1H;1I;1H;1I;1J;1H;1I;0I;14;0P;20;0I;0H;0I;65;24;;;
27;020I150O0H0H0H0H0I0H0I121I251O1H1I1H1I1J1H1I0--0I150O200I0H0I6524;020I150O0H0H0H0H0I0H0I121I251O1H1I1H1I1J1H1I0;020I150O0H0H0H0H0I0H0I;!1H70000101;!;1H70000101;121I251O1H1I1H1I1J1H1I;EUl[TUTUVTU;0I150O200I0H0I6524;1H7g101ük;0;02;0I;15;0O;0H;0H;0H;0H;0I;0H;0I;12;1I;25;1O;1H;1I;1H;1I;1J;1H;1I;0I;15;0O;20;0I;0H;0I;65;24;;;
28;020I190K0H0H0H0H0I0H0I121I291K1H1I1H1I1J1H1I0--0I190K200I0H0I6524;020I190K0H0H0H0H0I0H0I121I291K1H1I1H1I1J1H1I0;020I190K0H0H0H0H0I0H0I;!1L30000101;!;1L30000101;121I291K1H1I1H1I1J1H1I;EUpWTUTUVTU;0I190K200I0H0I6524;1L3g101ük;0;02;0I;19;0K;0H;0H;0H;0H;0I;0H;0I;12;1I;29;1K;1H;1I;1H;1I;1J;1H;1I;0I;19;0K;20;0I;0H;0I;65;24;;;
29;020J1A0I0H0H0H0H0I0H0I121J2A1I1H1I1H1I1J1H1I0--0J1A0I200I0H0I6524;020J1A0I0H0H0H0H0I0H0I121J2A1I1H1I1H1I1J1H1I0;020J1A0I0H0H0H0H0I0H0I;!2M10000101;!;2M10000101;121J2A1I1H1I1H1I1J1H1I;EVqUTUTUVTU;0J1A0I200I0H0I6524;2M1g101ük;0;02;0J;1A;0I;0H;0H;0H;0H;0I;0H;0I;12;1J;2A;1I;1H;1I;1H;1I;1J;1H;1I;0J;1A;0I;20;0I;0H;0I;65;24;;;
30;02160O0H0H0H0H0H0I0H0I12261O1H1I1H1I1H1I1H1I0--160O0N0I0H0I660S0;02160O0H0H0H0H0H0I0H0I12261O1H1I1H1I1H1I1H1I0;02160O0H0H0H0H0H0I0H0I;!I700000101;!;I700000101;12261O1H1I1H1I1H1I1H1I;Em[TUTUTUTU;160O0N0I0H0I660S0;"I76101ý;";0;02;16;0O;0H;0H;0H;0H;0H;0I;0H;0I;12;26;1O;1H;1I;1H;1I;1H;1I;1H;1I;16;0O;0N;0I;0H;0I;66;0S;;;;0
31;02181F0Q1H170H0H0I0H0I12282F1Q2H271H1I1J1H1I0--181F0Q1H170E0I0H0I630G0;02181F0Q1H170H0H0I0H0I12282F1Q2H271H1I1J1H1I0;02181F0Q1H170H0H0I0H0I;!KR9TJ00101;!;KR9TJ00101;12282F1Q2H271H1I1J1H1I;Eov]xnTUVTU;181F0Q1H170E0I0H0I630G0;KR9TJ-101ú/;0;02;18;1F;0Q;1H;17;0H;0H;0I;0H;0I;12;28;2F;1Q;2H;27;1H;1I;1J;1H;1I;18;1F;0Q;1H;17;0E;0I;0H;0I;63;0G;0
32;021A0K0H0H0H0H0H0I0H0I122A1K1H1I1H1I1H1I1H1I0--1A0K0N0I0H0I660S0;021A0K0H0H0H0H0H0I0H0I122A1K1H1I1H1I1H1I1H1I0;021A0K0H0H0H0H0H0I0H0I;!M300000101;!;M300000101;122A1K1H1I1H1I1H1I1H1I;EqWTUTUTUTU;1A0K0N0I0H0I660S0;"M36101ý;";0;02;1A;0K;0H;0H;0H;0H;0H;0I;0H;0I;12;2A;1K;1H;1I;1H;1I;1H;1I;1H;1I;1A;0K;0N;0I;0H;0I;66;0S;;;;0
33;021B0J0H0H0H0H0H0I0H0I122B1J1H1I1H1I1H1I1H1I0--1B0J0N0I0H0I660S0;021B0J0H0H0H0H0H0I0H0I122B1J1H1I1H1I1H1I1H1I0;021B0J0H0H0H0H0H0I0H0I;!N200000101;!;N200000101;122B1J1H1I1H1I1H1I1H1I;ErVTUTUTUTU;1B0J0N0I0H0I660S0;"N26101ý;";0;02;1B;0J;0H;0H;0H;0H;0H;0I;0H;0I;12;2B;1J;1H;1I;1H;1I;1H;1I;1H;1I;1B;0J;0N;0I;0H;0I;66;0S;;;;0
34;030I140Q0H0H0H0H0I0H0I141J251R1I1J1I1J1K1I1J0--0I140Q210I0I0H6525;030I140Q0H0H0H0H0I0H0I141J251R1I1J1I1J1K1I1J0;030I140Q0H0H0H0H0I0H0I;"""1G90000101";"""";1G90000101;141J251R1I1J1I1J1K1I1J;GVl^UVUVWUV;0I140Q210I0I0H6525;1G9h110ül;0;03;0I;14;0Q;0H;0H;0H;0H;0I;0H;0I;14;1J;25;1R;1I;1J;1I;1J;1K;1I;1J;0I;14;0Q;21;0I;0I;0H;65;25;;;
35;030I160O0H0H0H0H0I0H0I141J271P1I1J1I1J1K1I1J0--0I160O210I0I0H6525;030I160O0H0H0H0H0I0H0I141J271P1I1J1I1J1K1I1J0;030I160O0H0H0H0H0I0H0I;"""1I70000101";"""";1I70000101;141J271P1I1J1I1J1K1I1J;GVn\UVUVWUV;0I160O210I0I0H6525;1I7h110ül;0;03;0I;16;0O;0H;0H;0H;0H;0I;0H;0I;14;1J;27;1P;1I;1J;1I;1J;1K;1I;1J;0I;16;0O;21;0I;0I;0H;65;25;;;
36;030J190K0H0H0H0H0I0H0I141K2A1L1I1J1I1J1K1I1J0--0J190K210I0I0H6525;030J190K0H0H0H0H0I0H0I141K2A1L1I1J1I1J1K1I1J0;030J190K0H0H0H0H0I0H0I;"""2L30000101";"""";2L30000101;141K2A1L1I1J1I1J1K1I1J;GWqXUVUVWUV;0J190K210I0I0H6525;2L3h110ül;0;03;0J;19;0K;0H;0H;0H;0H;0I;0H;0I;14;1K;2A;1L;1I;1J;1I;1J;1K;1I;1J;0J;19;0K;21;0I;0I;0H;65;25;;;
37;0310151G1A170H0H0I0H0I1421262H2B281I1J1K1I1J0--10151G1A170F0I0I0H630H0;0310151G1A170H0H0I0H0I1421262H2B281I1J1K1I1J0;0310151G1A170H0H0I0H0I;"""CHSMJ00101";"""";CHSMJ00101;1421262H2B281I1J1K1I1J;GhmxroUVWUV;10151G1A170F0I0I0H630H0;CHSMJ.110ú0;0;03;10;15;1G;1A;17;0H;0H;0I;0H;0I;14;21;26;2H;2B;28;1I;1J;1K;1I;1J;10;15;1G;1A;17;0F;0I;0I;0H;63;0H;0
38;03170O0H0H0H0H0H0I0H0I14281P1I1J1I1J1I1J1I1J0--170O0O0I0I0H660T0;03170O0H0H0H0H0H0I0H0I14281P1I1J1I1J1I1J1I1J0;03170O0H0H0H0H0H0I0H0I;"""J700000101";"""";J700000101;14281P1I1J1I1J1I1J1I1J;Go\UVUVUVUV;170O0O0I0I0H660T0;J77110ý<;0;03;17;0O;0H;0H;0H;0H;0H;0I;0H;0I;14;28;1P;1I;1J;1I;1J;1I;1J;1I;1J;17;0O;0O;0I;0I;0H;66;0T;;;;0
39;031C0M1E1J170H0H0I0H0I142D1N2F2K281I1J1K1I1J0--1C0M1E1J170F0I0I0H630H0;031C0M1E1J170H0H0I0H0I142D1N2F2K281I1J1K1I1J0;031C0M1E1J170H0H0I0H0I;"""O5QVJ00101";"""";O5QVJ00101;142D1N2F2K281I1J1K1I1J;GtZv{oUVWUV;1C0M1E1J170F0I0I0H630H0;O5QVJ.110ú0;0;03;1C;0M;1E;1J;17;0H;0H;0I;0H;0I;14;2D;1N;2F;2K;28;1I;1J;1K;1I;1J;1C;0M;1E;1J;17;0F;0I;0I;0H;63;0H;0
40;040I160P0H0H0H0H0I0H0I161K281R1J1K1J1K1L1J1K0--0I160P220I0H0I6526;040I160P0H0H0H0H0I0H0I161K281R1J1K1J1K1L1J1K0;040I160P0H0H0H0H0I0H0I;#1I80000101;#;1I80000101;161K281R1J1K1J1K1L1J1K;IWo^VWVWXVW;0I160P220I0H0I6526;1I8i101üm;0;04;0I;16;0P;0H;0H;0H;0H;0I;0H;0I;16;1K;28;1R;1J;1K;1J;1K;1L;1J;1K;0I;16;0P;22;0I;0H;0I;65;26;;;
41;040I170O0H0H0H0H0I0H0I161K291Q1J1K1J1K1L1J1K0--0I170O220I0H0I6526;040I170O0H0H0H0H0I0H0I161K291Q1J1K1J1K1L1J1K0;040I170O0H0H0H0H0I0H0I;#1J70000101;#;1J70000101;161K291Q1J1K1J1K1L1J1K;IWp]VWVWXVW;0I170O220I0H0I6526;1J7i101üm;0;04;0I;17;0O;0H;0H;0H;0H;0I;0H;0I;16;1K;29;1Q;1J;1K;1J;1K;1L;1J;1K;0I;17;0O;22;0I;0H;0I;65;26;;;
42;040I180N0H0H0H0H0I0H0I161K2A1P1J1K1J1K1L1J1K0--0I180N220I0H0I6526;040I180N0H0H0H0H0I0H0I161K2A1P1J1K1J1K1L1J1K0;040I180N0H0H0H0H0I0H0I;#1K60000101;#;1K60000101;161K2A1P1J1K1J1K1L1J1K;IWq\VWVWXVW;0I180N220I0H0I6526;1K6i101üm;0;04;0I;18;0N;0H;0H;0H;0H;0I;0H;0I;16;1K;2A;1P;1J;1K;1J;1K;1L;1J;1K;0I;18;0N;22;0I;0H;0I;65;26;;;
43;040I190M0H0H0H0H0I0H0I161K2B1O1J1K1J1K1L1J1K0--0I190M220I0H0I6526;040I190M0H0H0H0H0I0H0I161K2B1O1J1K1J1K1L1J1K0;040I190M0H0H0H0H0I0H0I;#1L50000101;#;1L50000101;161K2B1O1J1K1J1K1L1J1K;IWr[VWVWXVW;0I190M220I0H0I6526;1L5i101üm;0;04;0I;19;0M;0H;0H;0H;0H;0I;0H;0I;16;1K;2B;1O;1J;1K;1J;1K;1L;1J;1K;0I;19;0M;22;0I;0H;0I;65;26;;;
44;040I1A0L0H0H0H0H0I0H0I161K2C1N1J1K1J1K1L1J1K0--0I1A0L220I0H0I6526;040I1A0L0H0H0H0H0I0H0I161K2C1N1J1K1J1K1L1J1K0;040I1A0L0H0H0H0H0I0H0I;#1M40000101;#;1M40000101;161K2C1N1J1K1J1K1L1J1K;IWsZVWVWXVW;0I1A0L220I0H0I6526;1M4i101üm;0;04;0I;1A;0L;0H;0H;0H;0H;0I;0H;0I;16;1K;2C;1N;1J;1K;1J;1K;1L;1J;1K;0I;1A;0L;22;0I;0H;0I;65;26;;;
45;040K1N1G19170H0H0I0H0I161M2P2I2B291J1K1L1J1K0--0K1N1G19170G0I0H0I630I0;040K1N1G19170H0H0I0H0I161M2P2I2B291J1K1L1J1K0;040K1N1G19170H0H0I0H0I;#3ZSLJ00101;#;3ZSLJ00101;161M2P2I2B291J1K1L1J1K;IY€yrpVWXVW;0K1N1G19170G0I0H0I630I0;3ZSLJ/101ú1;0;04;0K;1N;1G;19;17;0H;0H;0I;0H;0I;16;1M;2P;2I;2B;29;1J;1K;1L;1J;1K;0K;1N;1G;19;17;0G;0I;0H;0I;63;0I;0
46;040M191G1L170H0H0I0H0I161O2B2I2N291J1K1L1J1K0--0M191G1L170G0I0H0I630I0;040M191G1L170H0H0I0H0I161O2B2I2N291J1K1L1J1K0;040M191G1L170H0H0I0H0I;#5LSXJ00101;#;5LSXJ00101;161O2B2I2N291J1K1L1J1K;I[ry~pVWXVW;0M191G1L170G0I0H0I630I0;5LSXJ/101ú1;0;04;0M;19;1G;1L;17;0H;0H;0I;0H;0I;16;1O;2B;2I;2N;29;1J;1K;1L;1J;1K;0M;19;1G;1L;17;0G;0I;0H;0I;63;0I;0
47;041G0M1E1G170H0H0I0H0I162I1O2G2I291J1K1L1J1K0--1G0M1E1G170G0I0H0I630I0;041G0M1E1G170H0H0I0H0I162I1O2G2I291J1K1L1J1K0;041G0M1E1G170H0H0I0H0I;#S5QSJ00101;#;S5QSJ00101;162I1O2G2I291J1K1L1J1K;Iy[wypVWXVW;1G0M1E1G170G0I0H0I630I0;S5QSJ/101ú1;0;04;1G;0M;1E;1G;17;0H;0H;0I;0H;0I;16;2I;1O;2G;2I;29;1J;1K;1L;1J;1K;1G;0M;1E;1G;17;0G;0I;0H;0I;63;0I;0
48;041K0N181H170H0H0I0H0I162M1P2A2J291J1K1L1J1K0--1K0N181H170G0I0H0I630I0;041K0N181H170H0H0I0H0I162M1P2A2J291J1K1L1J1K0;041K0N181H170H0H0I0H0I;#W6KTJ00101;#;W6KTJ00101;162M1P2A2J291J1K1L1J1K;I}\qzpVWXVW;1K0N181H170G0I0H0I630I0;W6KTJ/101ú1;0;04;1K;0N;18;1H;17;0H;0H;0I;0H;0I;16;2M;1P;2A;2J;29;1J;1K;1L;1J;1K;1K;0N;18;1H;17;0G;0I;0H;0I;63;0I;0
49;041M0Z0Y1D170H0H0I0H0I162O21202F291J1K1L1J1K0--1M0Z0Y1D170G0I0H0I630I0;041M0Z0Y1D170H0H0I0H0I162O21202F291J1K1L1J1K0;041M0Z0Y1D170H0H0I0H0I;#YBAPJ00101;#;YBAPJ00101;162O21202F291J1K1L1J1K;IhgvpVWXVW;1M0Z0Y1D170G0I0H0I630I0;YBAPJ/101ú1;0;04;1M;0Z;0Y;1D;17;0H;0H;0I;0H;0I;16;2O;21;20;2F;29;1J;1K;1L;1J;1K;1M;0Z;0Y;1D;17;0G;0I;0H;0I;63;0I;0
50;050I0Y0Y0H0H0H0H0I0H0I181L21221K1L1K1L1M1K1L0--0I0Y0Y230I0I0H6527;050I0Y0Y0H0H0H0H0I0H0I181L21221K1L1K1L1M1K1L0;050I0Y0Y0H0H0H0H0I0H0I;$1AA0000101;$;1AA0000101;181L21221K1L1K1L1M1K1L;KXhiWXWXYWX;0I0Y0Y230I0I0H6527;1AAj110ün;0;05;0I;0Y;0Y;0H;0H;0H;0H;0I;0H;0I;18;1L;21;22;1K;1L;1K;1L;1M;1K;1L;0I;0Y;0Y;23;0I;0I;0H;65;27;;;
51;050I160Q0H0H0H0H0I0H0I181L291T1K1L1K1L1M1K1L0--0I160Q230I0I0H6527;050I160Q0H0H0H0H0I0H0I181L291T1K1L1K1L1M1K1L0;050I160Q0H0H0H0H0I0H0I;$1I90000101;$;1I90000101;181L291T1K1L1K1L1M1K1L;KXp`WXWXYWX;0I160Q230I0I0H6527;1I9j110ün;0;05;0I;16;0Q;0H;0H;0H;0H;0I;0H;0I;18;1L;29;1T;1K;1L;1K;1L;1M;1K;1L;0I;16;0Q;23;0I;0I;0H;65;27;;;
52;050I180O0H0H0H0H0I0H0I181L2B1R1K1L1K1L1M1K1L0--0I180O230I0I0H6527;050I180O0H0H0H0H0I0H0I181L2B1R1K1L1K1L1M1K1L0;050I180O0H0H0H0H0I0H0I;$1K70000101;$;1K70000101;181L2B1R1K1L1K1L1M1K1L;KXr^WXWXYWX;0I180O230I0I0H6527;1K7j110ün;0;05;0I;18;0O;0H;0H;0H;0H;0I;0H;0I;18;1L;2B;1R;1K;1L;1K;1L;1M;1K;1L;0I;18;0O;23;0I;0I;0H;65;27;;;
53;050I1D0J0H0H0H0H0I0H0I181L2G1M1K1L1K1L1M1K1L0--0I1D0J230I0I0H6527;050I1D0J0H0H0H0H0I0H0I181L2G1M1K1L1K1L1M1K1L0;050I1D0J0H0H0H0H0I0H0I;$1P20000101;$;1P20000101;181L2G1M1K1L1K1L1M1K1L;KXwYWXWXYWX;0I1D0J230I0I0H6527;1P2j110ün;0;05;0I;1D;0J;0H;0H;0H;0H;0I;0H;0I;18;1L;2G;1M;1K;1L;1K;1L;1M;1K;1L;0I;1D;0J;23;0I;0I;0H;65;27;;;
54;050J160P0H0H0H0H0I0H0I181M291S1K1L1K1L1M1K1L0--0J160P230I0I0H6527;050J160P0H0H0H0H0I0H0I181M291S1K1L1K1L1M1K1L0;050J160P0H0H0H0H0I0H0I;$2I80000101;$;2I80000101;181M291S1K1L1K1L1M1K1L;KYp_WXWXYWX;0J160P230I0I0H6527;2I8j110ün;0;05;0J;16;0P;0H;0H;0H;0H;0I;0H;0I;18;1M;29;1S;1K;1L;1K;1L;1M;1K;1L;0J;16;0P;23;0I;0I;0H;65;27;;;
55;05141I111A170H0H0I0H0I18272L242D2A1K1L1M1K1L0--141I111A170H0I0I0H630J0;05141I111A170H0H0I0H0I18272L242D2A1K1L1M1K1L0;05141I111A170H0H0I0H0I;$GUDMJ00101;$;GUDMJ00101;18272L242D2A1K1L1M1K1L;Kn|ktqWXYWX;141I111A170H0I0I0H630J0;GUDMJ0110ú2;0;05;14;1I;11;1A;17;0H;0H;0I;0H;0I;18;27;2L;24;2D;2A;1K;1L;1M;1K;1L;14;1I;11;1A;17;0H;0I;0I;0H;63;0J;0
56;0516131A1E170H0H0I0H0I1829262D2H2A1K1L1M1K1L0--16131A1E170H0I0I0H630J0;0516131A1E170H0H0I0H0I1829262D2H2A1K1L1M1K1L0;0516131A1E170H0H0I0H0I;$IFMQJ00101;$;IFMQJ00101;1829262D2H2A1K1L1M1K1L;KpmtxqWXYWX;16131A1E170H0I0I0H630J0;IFMQJ0110ú2;0;05;16;13;1A;1E;17;0H;0H;0I;0H;0I;18;29;26;2D;2H;2A;1K;1L;1M;1K;1L;16;13;1A;1E;17;0H;0I;0I;0H;63;0J;0
57;05170Q0H0H0H0H0H0I0H0I182A1T1K1L1K1L1K1L1K1L0--170Q0Q0I0I0H660V0;05170Q0H0H0H0H0H0I0H0I182A1T1K1L1K1L1K1L1K1L0;05170Q0H0H0H0H0H0I0H0I;$J900000101;$;J900000101;182A1T1K1L1K1L1K1L1K1L;Kq`WXWXWXWX;170Q0Q0I0I0H660V0;J99110ý>;0;05;17;0Q;0H;0H;0H;0H;0H;0I;0H;0I;18;2A;1T;1K;1L;1K;1L;1K;1L;1K;1L;17;0Q;0Q;0I;0I;0H;66;0V;;;;0
58;05180P0H0H0H0H0H0I0H0I182B1S1K1L1K1L1K1L1K1L0--180P0Q0I0I0H660V0;05180P0H0H0H0H0H0I0H0I182B1S1K1L1K1L1K1L1K1L0;05180P0H0H0H0H0H0I0H0I;$K800000101;$;K800000101;182B1S1K1L1K1L1K1L1K1L;Kr_WXWXWXWX;180P0Q0I0I0H660V0;K89110ý>;0;05;18;0P;0H;0H;0H;0H;0H;0I;0H;0I;18;2B;1S;1K;1L;1K;1L;1K;1L;1K;1L;18;0P;0Q;0I;0I;0H;66;0V;;;;0
59;051814191C170H0H0I0H0I182B272C2F2A1K1L1M1K1L0--1814191C170H0I0I0H630J0;051814191C170H0H0I0H0I182B272C2F2A1K1L1M1K1L0;051814191C170H0H0I0H0I;$KGLOJ00101;$;KGLOJ00101;182B272C2F2A1K1L1M1K1L;KrnsvqWXYWX;1814191C170H0I0I0H630J0;KGLOJ0110ú2;0;05;18;14;19;1C;17;0H;0H;0I;0H;0I;18;2B;27;2C;2F;2A;1K;1L;1M;1K;1L;18;14;19;1C;17;0H;0I;0I;0H;63;0J;0
60;05190N0I0H0H0H0H0I0H0I182C1Q1L1K1L1K1L1M1K1L0--190N0I230I0I0H6527;05190N0I0H0H0H0H0I0H0I182C1Q1L1K1L1K1L1M1K1L0;05190N0I0H0H0H0H0I0H0I;$L610000101;$;L610000101;182C1Q1L1K1L1K1L1M1K1L;Ks]XWXWXYWX;190N0I230I0I0H6527;L61j110ün;0;05;19;0N;0I;0H;0H;0H;0H;0I;0H;0I;18;2C;1Q;1L;1K;1L;1K;1L;1M;1K;1L;19;0N;0I;23;0I;0I;0H;65;27;;;
61;05190O0H0H0H0H0H0I0H0I182C1R1K1L1K1L1K1L1K1L0--190O0Q0I0I0H660V0;05190O0H0H0H0H0H0I0H0I182C1R1K1L1K1L1K1L1K1L0;05190O0H0H0H0H0H0I0H0I;$L700000101;$;L700000101;182C1R1K1L1K1L1K1L1K1L;Ks^WXWXWXWX;190O0Q0I0I0H660V0;L79110ý>;0;05;19;0O;0H;0H;0H;0H;0H;0I;0H;0I;18;2C;1R;1K;1L;1K;1L;1K;1L;1K;1L;19;0O;0Q;0I;0I;0H;66;0V;;;;0
62;051G160P1M170H0H0I0H0I182J291S2P2A1K1L1M1K1L0--1G160P1M170H0I0I0H630J0;051G160P1M170H0H0I0H0I182J291S2P2A1K1L1M1K1L0;051G160P1M170H0H0I0H0I;$SI8YJ00101;$;SI8YJ00101;182J291S2P2A1K1L1M1K1L;Kzp_€qWXYWX;1G160P1M170H0I0I0H630J0;SI8YJ0110ú2;0;05;1G;16;0P;1M;17;0H;0H;0I;0H;0I;18;2J;29;1S;2P;2A;1K;1L;1M;1K;1L;1G;16;0P;1M;17;0H;0I;0I;0H;63;0J;0
63;060I0Y0Z0H0H0H0H0I0H0I1A1M22231L1M1L1M1N1L1M0--0I0Y0Z240I0H0I6528;060I0Y0Z0H0H0H0H0I0H0I1A1M22231L1M1L1M1N1L1M0;060I0Y0Z0H0H0H0H0I0H0I;%1AB0000101;%;1AB0000101;1A1M22231L1M1L1M1N1L1M;MYijXYXYZXY;0I0Y0Z240I0H0I6528;1ABk101üo;0;06;0I;0Y;0Z;0H;0H;0H;0H;0I;0H;0I;1A;1M;22;23;1L;1M;1L;1M;1N;1L;1M;0I;0Y;0Z;24;0I;0H;0I;65;28;;;
64;060I0Z0Y0H0H0H0H0I0H0I1A1M23221L1M1L1M1N1L1M0--0I0Z0Y240I0H0I6528;060I0Z0Y0H0H0H0H0I0H0I1A1M23221L1M1L1M1N1L1M0;060I0Z0Y0H0H0H0H0I0H0I;%1BA0000101;%;1BA0000101;1A1M23221L1M1L1M1N1L1M;MYjiXYXYZXY;0I0Z0Y240I0H0I6528;1BAk101üo;0;06;0I;0Z;0Y;0H;0H;0H;0H;0I;0H;0I;1A;1M;23;22;1L;1M;1L;1M;1N;1L;1M;0I;0Z;0Y;24;0I;0H;0I;65;28;;;
65;060I170Q0H0H0H0H0I0H0I1A1M2B1U1L1M1L1M1N1L1M0--0I170Q240I0H0I6528;060I170Q0H0H0H0H0I0H0I1A1M2B1U1L1M1L1M1N1L1M0;060I170Q0H0H0H0H0I0H0I;%1J90000101;%;1J90000101;1A1M2B1U1L1M1L1M1N1L1M;MYraXYXYZXY;0I170Q240I0H0I6528;1J9k101üo;0;06;0I;17;0Q;0H;0H;0H;0H;0I;0H;0I;1A;1M;2B;1U;1L;1M;1L;1M;1N;1L;1M;0I;17;0Q;24;0I;0H;0I;65;28;;;
66;060I180P0H0H0H0H0I0H0I1A1M2C1T1L1M1L1M1N1L1M0--0I180P240I0H0I6528;060I180P0H0H0H0H0I0H0I1A1M2C1T1L1M1L1M1N1L1M0;060I180P0H0H0H0H0I0H0I;%1K80000101;%;1K80000101;1A1M2C1T1L1M1L1M1N1L1M;MYs`XYXYZXY;0I180P240I0H0I6528;1K8k101üo;0;06;0I;18;0P;0H;0H;0H;0H;0I;0H;0I;1A;1M;2C;1T;1L;1M;1L;1M;1N;1L;1M;0I;18;0P;24;0I;0H;0I;65;28;;;
67;060I1C0L0H0H0H0H0I0H0I1A1M2G1P1L1M1L1M1N1L1M0--0I1C0L240I0H0I6528;060I1C0L0H0H0H0H0I0H0I1A1M2G1P1L1M1L1M1N1L1M0;060I1C0L0H0H0H0H0I0H0I;%1O40000101;%;1O40000101;1A1M2G1P1L1M1L1M1N1L1M;MYw\XYXYZXY;0I1C0L240I0H0I6528;1O4k101üo;0;06;0I;1C;0L;0H;0H;0H;0H;0I;0H;0I;1A;1M;2G;1P;1L;1M;1L;1M;1N;1L;1M;0I;1C;0L;24;0I;0H;0I;65;28;;;
68;060J160Q0H0H0H0H0I0H0I1A1N2A1U1L1M1L1M1N1L1M0--0J160Q240I0H0I6528;060J160Q0H0H0H0H0I0H0I1A1N2A1U1L1M1L1M1N1L1M0;060J160Q0H0H0H0H0I0H0I;%2I90000101;%;2I90000101;1A1N2A1U1L1M1L1M1N1L1M;MZqaXYXYZXY;0J160Q240I0H0I6528;2I9k101üo;0;06;0J;16;0Q;0H;0H;0H;0H;0I;0H;0I;1A;1N;2A;1U;1L;1M;1L;1M;1N;1L;1M;0J;16;0Q;24;0I;0H;0I;65;28;;;
69;060J170P0H0H0H0H0I0H0I1A1N2B1T1L1M1L1M1N1L1M0--0J170P240I0H0I6528;060J170P0H0H0H0H0I0H0I1A1N2B1T1L1M1L1M1N1L1M0;060J170P0H0H0H0H0I0H0I;%2J80000101;%;2J80000101;1A1N2B1T1L1M1L1M1N1L1M;MZr`XYXYZXY;0J170P240I0H0I6528;2J8k101üo;0;06;0J;17;0P;0H;0H;0H;0H;0I;0H;0I;1A;1N;2B;1T;1L;1M;1L;1M;1N;1L;1M;0J;17;0P;24;0I;0H;0I;65;28;;;
70;060K190M0H0H0H0H0I0H0I1A1O2D1Q1L1M1L1M1N1L1M0--0K190M240I0H0I6528;060K190M0H0H0H0H0I0H0I1A1O2D1Q1L1M1L1M1N1L1M0;060K190M0H0H0H0H0I0H0I;%3L50000101;%;3L50000101;1A1O2D1Q1L1M1L1M1N1L1M;M[t]XYXYZXY;0K190M240I0H0I6528;3L5k101üo;0;06;0K;19;0M;0H;0H;0H;0H;0I;0H;0I;1A;1O;2D;1Q;1L;1M;1L;1M;1N;1L;1M;0K;19;0M;24;0I;0H;0I;65;28;;;
71;06190P0H0H0H0H0H0I0H0I1A2D1T1L1M1L1M1L1M1L1M0--190P0R0I0H0I660W0;06190P0H0H0H0H0H0I0H0I1A2D1T1L1M1L1M1L1M1L1M0;06190P0H0H0H0H0H0I0H0I;%L800000101;%;L800000101;1A2D1T1L1M1L1M1L1M1L1M;Mt`XYXYXYXY;190P0R0I0H0I660W0;L8:101ý?;0;06;19;0P;0H;0H;0H;0H;0H;0I;0H;0I;1A;2D;1T;1L;1M;1L;1M;1L;1M;1L;1M;19;0P;0R;0I;0H;0I;66;0W;;;;0
72;061A0O0H0H0H0H0H0I0H0I1A2E1S1L1M1L1M1L1M1L1M0--1A0O0R0I0H0I660W0;061A0O0H0H0H0H0H0I0H0I1A2E1S1L1M1L1M1L1M1L1M0;061A0O0H0H0H0H0H0I0H0I;%M700000101;%;M700000101;1A2E1S1L1M1L1M1L1M1L1M;Mu_XYXYXYXY;1A0O0R0I0H0I660W0;M7:101ý?;0;06;1A;0O;0H;0H;0H;0H;0H;0I;0H;0I;1A;2E;1S;1L;1M;1L;1M;1L;1M;1L;1M;1A;0O;0R;0I;0H;0I;66;0W;;;;0
73;061G0I0H0H0H0H0H0I0H0I1A2K1M1L1M1L1M1L1M1L1M0--1G0I0R0I0H0I660W0;061G0I0H0H0H0H0H0I0H0I1A2K1M1L1M1L1M1L1M1L1M0;061G0I0H0H0H0H0H0I0H0I;%S100000101;%;S100000101;1A2K1M1L1M1L1M1L1M1L1M;M{YXYXYXYXY;1G0I0R0I0H0I660W0;S1:101ý?;0;06;1G;0I;0H;0H;0H;0H;0H;0I;0H;0I;1A;2K;1M;1L;1M;1L;1M;1L;1M;1L;1M;1G;0I;0R;0I;0H;0I;66;0W;;;;0
74;061N0M1F1A170H0H0I0H0I1A2R1Q2J2E2B1L1M1N1L1M0--1N0M1F1A170I0I0H0I630K0;061N0M1F1A170H0H0I0H0I1A2R1Q2J2E2B1L1M1N1L1M0;061N0M1F1A170H0H0I0H0I;%Z5RMJ00101;%;Z5RMJ00101;1A2R1Q2J2E2B1L1M1N1L1M;M‚]zurXYZXY;1N0M1F1A170I0I0H0I630K0;Z5RMJ1101ú3;0;06;1N;0M;1F;1A;17;0H;0H;0I;0H;0I;1A;2R;1Q;2J;2E;2B;1L;1M;1N;1L;1M;1N;0M;1F;1A;17;0I;0I;0H;0I;63;0K;0
75;070I0Y100H0H0H0H0I0H0I1C1N23251M1N1M1N1O1M1N0--0I0Y10250I0I0H6529;070I0Y100H0H0H0H0I0H0I1C1N23251M1N1M1N1O1M1N0;070I0Y100H0H0H0H0I0H0I;&1AC0000101;&;1AC0000101;1C1N23251M1N1M1N1O1M1N;OZjlYZYZ[YZ;0I0Y10250I0I0H6529;1ACl110üp;0;07;0I;0Y;10;0H;0H;0H;0H;0I;0H;0I;1C;1N;23;25;1M;1N;1M;1N;1O;1M;1N;0I;0Y;10;25;0I;0I;0H;65;29;;;
76;070I0Z0Z0H0H0H0H0I0H0I1C1N24251M1N1M1N1O1M1N0--0I0Z0Z250I0I0H6529;070I0Z0Z0H0H0H0H0I0H0I1C1N24251M1N1M1N1O1M1N0;070I0Z0Z0H0H0H0H0I0H0I;&1BB0000101;&;1BB0000101;1C1N24251M1N1M1N1O1M1N;OZklYZYZ[YZ;0I0Z0Z250I0I0H6529;1BBl110üp;0;07;0I;0Z;0Z;0H;0H;0H;0H;0I;0H;0I;1C;1N;24;25;1M;1N;1M;1N;1O;1M;1N;0I;0Z;0Z;25;0I;0I;0H;65;29;;;
77;070I100Y0H0H0H0H0I0H0I1C1N25231M1N1M1N1O1M1N0--0I100Y250I0I0H6529;070I100Y0H0H0H0H0I0H0I1C1N25231M1N1M1N1O1M1N0;070I100Y0H0H0H0H0I0H0I;&1CA0000101;&;1CA0000101;1C1N25231M1N1M1N1O1M1N;OZljYZYZ[YZ;0I100Y250I0I0H6529;1CAl110üp;0;07;0I;10;0Y;0H;0H;0H;0H;0I;0H;0I;1C;1N;25;23;1M;1N;1M;1N;1O;1M;1N;0I;10;0Y;25;0I;0I;0H;65;29;;;
78;070I190P0H0H0H0H0I0H0I1C1N2E1U1M1N1M1N1O1M1N0--0I190P250I0I0H6529;070I190P0H0H0H0H0I0H0I1C1N2E1U1M1N1M1N1O1M1N0;070I190P0H0H0H0H0I0H0I;&1L80000101;&;1L80000101;1C1N2E1U1M1N1M1N1O1M1N;OZuaYZYZ[YZ;0I190P250I0I0H6529;1L8l110üp;0;07;0I;19;0P;0H;0H;0H;0H;0I;0H;0I;1C;1N;2E;1U;1M;1N;1M;1N;1O;1M;1N;0I;19;0P;25;0I;0I;0H;65;29;;;
79;070I1C0M0H0H0H0H0I0H0I1C1N2H1R1M1N1M1N1O1M1N0--0I1C0M250I0I0H6529;070I1C0M0H0H0H0H0I0H0I1C1N2H1R1M1N1M1N1O1M1N0;070I1C0M0H0H0H0H0I0H0I;&1O50000101;&;1O50000101;1C1N2H1R1M1N1M1N1O1M1N;OZx^YZYZ[YZ;0I1C0M250I0I0H6529;1O5l110üp;0;07;0I;1C;0M;0H;0H;0H;0H;0I;0H;0I;1C;1N;2H;1R;1M;1N;1M;1N;1O;1M;1N;0I;1C;0M;25;0I;0I;0H;65;29;;;
80;070K190N0H0H0H0H0I0H0I1C1P2E1S1M1N1M1N1O1M1N0--0K190N250I0I0H6529;070K190N0H0H0H0H0I0H0I1C1P2E1S1M1N1M1N1O1M1N0;070K190N0H0H0H0H0I0H0I;&3L60000101;&;3L60000101;1C1P2E1S1M1N1M1N1O1M1N;O\u_YZYZ[YZ;0K190N250I0I0H6529;3L6l110üp;0;07;0K;19;0N;0H;0H;0H;0H;0I;0H;0I;1C;1P;2E;1S;1M;1N;1M;1N;1O;1M;1N;0K;19;0N;25;0I;0I;0H;65;29;;;
81;070L1M1D1F170H0H0I0H0I1C1Q2R2I2K2C1M1N1O1M1N0--0L1M1D1F170J0I0I0H630L0;070L1M1D1F170H0H0I0H0I1C1Q2R2I2K2C1M1N1O1M1N0;070L1M1D1F170H0H0I0H0I;&4YPRJ00101;&;4YPRJ00101;1C1Q2R2I2K2C1M1N1O1M1N;O]‚y{sYZ[YZ;0L1M1D1F170J0I0I0H630L0;4YPRJ2110ú4;0;07;0L;1M;1D;1F;17;0H;0H;0I;0H;0I;1C;1Q;2R;2I;2K;2C;1M;1N;1O;1M;1N;0L;1M;1D;1F;17;0J;0I;0I;0H;63;0L;0
82;070O1L1B1F170H0H0I0H0I1C1T2Q2G2K2C1M1N1O1M1N0--0O1L1B1F170J0I0I0H630L0;070O1L1B1F170H0H0I0H0I1C1T2Q2G2K2C1M1N1O1M1N0;070O1L1B1F170H0H0I0H0I;&7XNRJ00101;&;7XNRJ00101;1C1T2Q2G2K2C1M1N1O1M1N;O`w{sYZ[YZ;0O1L1B1F170J0I0I0H630L0;7XNRJ2110ú4;0;07;0O;1L;1B;1F;17;0H;0H;0I;0H;0I;1C;1T;2Q;2G;2K;2C;1M;1N;1O;1M;1N;0O;1L;1B;1F;17;0J;0I;0I;0H;63;0L;0
83;07190Q0H0H0H0H0H0I0H0I1C2E1V1M1N1M1N1M1N1M1N0--190Q0S0I0I0H660X0;07190Q0H0H0H0H0H0I0H0I1C2E1V1M1N1M1N1M1N1M1N0;07190Q0H0H0H0H0H0I0H0I;&L900000101;&;L900000101;1C2E1V1M1N1M1N1M1N1M1N;OubYZYZYZYZ;190Q0S0I0I0H660X0;"L9;110ý@";0;07;19;0Q;0H;0H;0H;0H;0H;0I;0H;0I;1C;2E;1V;1M;1N;1M;1N;1M;1N;1M;1N;19;0Q;0S;0I;0I;0H;66;0X;;;;0
84;071A14191C170H0H0I0H0I1C2F292E2H2C1M1N1O1M1N0--1A14191C170J0I0I0H630L0;071A14191C170H0H0I0H0I1C2F292E2H2C1M1N1O1M1N0;071A14191C170H0H0I0H0I;&MGLOJ00101;&;MGLOJ00101;1C2F292E2H2C1M1N1O1M1N;OvpuxsYZ[YZ;1A14191C170J0I0I0H630L0;MGLOJ2110ú4;0;07;1A;14;19;1C;17;0H;0H;0I;0H;0I;1C;2F;29;2E;2H;2C;1M;1N;1O;1M;1N;1A;14;19;1C;17;0J;0I;0I;0H;63;0L;0
85;071F0K0H0H0H0H0H0I0H0I1C2K1P1M1N1M1N1M1N1M1N0--1F0K0S0I0I0H660X0;071F0K0H0H0H0H0H0I0H0I1C2K1P1M1N1M1N1M1N1M1N0;071F0K0H0H0H0H0H0I0H0I;&R300000101;&;R300000101;1C2K1P1M1N1M1N1M1N1M1N;O{\YZYZYZYZ;1F0K0S0I0I0H660X0;"R3;110ý@";0;07;1F;0K;0H;0H;0H;0H;0H;0I;0H;0I;1C;2K;1P;1M;1N;1M;1N;1M;1N;1M;1N;1F;0K;0S;0I;0I;0H;66;0X;;;;0
86;071G0J0H0H0H0H0H0I0H0I1C2L1O1M1N1M1N1M1N1M1N0--1G0J0S0I0I0H660X0;071G0J0H0H0H0H0H0I0H0I1C2L1O1M1N1M1N1M1N1M1N0;071G0J0H0H0H0H0H0I0H0I;&S200000101;&;S200000101;1C2L1O1M1N1M1N1M1N1M1N;O|[YZYZYZYZ;1G0J0S0I0I0H660X0;"S2;110ý@";0;07;1G;0J;0H;0H;0H;0H;0H;0I;0H;0I;1C;2L;1O;1M;1N;1M;1N;1M;1N;1M;1N;1G;0J;0S;0I;0I;0H;66;0X;;;;0
87;071H0I0H0H0H0H0H0I0H0I1C2M1N1M1N1M1N1M1N1M1N0--1H0I0S0I0I0H660X0;071H0I0H0H0H0H0H0I0H0I1C2M1N1M1N1M1N1M1N1M1N0;071H0I0H0H0H0H0H0I0H0I;&T100000101;&;T100000101;1C2M1N1M1N1M1N1M1N1M1N;O}ZYZYZYZYZ;1H0I0S0I0I0H660X0;"T1;110ý@";0;07;1H;0I;0H;0H;0H;0H;0H;0I;0H;0I;1C;2M;1N;1M;1N;1M;1N;1M;1N;1M;1N;1H;0I;0S;0I;0I;0H;66;0X;;;;0
88;071I160P1M170H0H0I0H0I1C2N2B1U2R2C1M1N1O1M1N0--1I160P1M170J0I0I0H630L0;071I160P1M170H0H0I0H0I1C2N2B1U2R2C1M1N1O1M1N0;071I160P1M170H0H0I0H0I;&UI8YJ00101;&;UI8YJ00101;1C2N2B1U2R2C1M1N1O1M1N;O~ra‚sYZ[YZ;1I160P1M170J0I0I0H630L0;UI8YJ2110ú4;0;07;1I;16;0P;1M;17;0H;0H;0I;0H;0I;1C;2N;2B;1U;2R;2C;1M;1N;1O;1M;1N;1I;16;0P;1M;17;0J;0I;0I;0H;63;0L;0
89;071K0O1G1B170H0H0I0H0I1C2P1T2L2G2C1M1N1O1M1N0--1K0O1G1B170J0I0I0H630L0;071K0O1G1B170H0H0I0H0I1C2P1T2L2G2C1M1N1O1M1N0;071K0O1G1B170H0H0I0H0I;&W7SNJ00101;&;W7SNJ00101;1C2P1T2L2G2C1M1N1O1M1N;O€`|wsYZ[YZ;1K0O1G1B170J0I0I0H630L0;W7SNJ2110ú4;0;07;1K;0O;1G;1B;17;0H;0H;0I;0H;0I;1C;2P;1T;2L;2G;2C;1M;1N;1O;1M;1N;1K;0O;1G;1B;17;0J;0I;0I;0H;63;0L;0
90;071N0N181H170H0H0I0H0I1C2S1S2D2M2C1M1N1O1M1N0--1N0N181H170J0I0I0H630L0;071N0N181H170H0H0I0H0I1C2S1S2D2M2C1M1N1O1M1N0;071N0N181H170H0H0I0H0I;&Z6KTJ00101;&;Z6KTJ00101;1C2S1S2D2M2C1M1N1O1M1N;O_t}sYZ[YZ;1N0N181H170J0I0I0H630L0;Z6KTJ2110ú4;0;07;1N;0N;18;1H;17;0H;0H;0I;0H;0I;1C;2S;1S;2D;2M;2C;1M;1N;1O;1M;1N;1N;0N;18;1H;17;0J;0I;0I;0H;63;0L;0
91;080I0Y110H0H0H0H0I0H0I1E1O24271N1O1N1O1P1N1O0--0I0Y11260I0H0I652A;080I0Y110H0H0H0H0I0H0I1E1O24271N1O1N1O1P1N1O0;080I0Y110H0H0H0H0I0H0I;1AD0000101;;1AD0000101;1E1O24271N1O1N1O1P1N1O;Q[knZ[Z[\Z[;0I0Y11260I0H0I652A;1ADm101üq;0;08;0I;0Y;11;0H;0H;0H;0H;0I;0H;0I;1E;1O;24;27;1N;1O;1N;1O;1P;1N;1O;0I;0Y;11;26;0I;0H;0I;65;2A;;;
92;080I0Z100H0H0H0H0I0H0I1E1O25261N1O1N1O1P1N1O0--0I0Z10260I0H0I652A;080I0Z100H0H0H0H0I0H0I1E1O25261N1O1N1O1P1N1O0;080I0Z100H0H0H0H0I0H0I;1BC0000101;;1BC0000101;1E1O25261N1O1N1O1P1N1O;Q[lmZ[Z[\Z[;0I0Z10260I0H0I652A;1BCm101üq;0;08;0I;0Z;10;0H;0H;0H;0H;0I;0H;0I;1E;1O;25;26;1N;1O;1N;1O;1P;1N;1O;0I;0Z;10;26;0I;0H;0I;65;2A;;;
93;080I100Z0H0H0H0H0I0H0I1E1O26251N1O1N1O1P1N1O0--0I100Z260I0H0I652A;080I100Z0H0H0H0H0I0H0I1E1O26251N1O1N1O1P1N1O0;080I100Z0H0H0H0H0I0H0I;1CB0000101;;1CB0000101;1E1O26251N1O1N1O1P1N1O;Q[mlZ[Z[\Z[;0I100Z260I0H0I652A;1CBm101üq;0;08;0I;10;0Z;0H;0H;0H;0H;0I;0H;0I;1E;1O;26;25;1N;1O;1N;1O;1P;1N;1O;0I;10;0Z;26;0I;0H;0I;65;2A;;;
94;080I110Y0H0H0H0H0I0H0I1E1O27241N1O1N1O1P1N1O0--0I110Y260I0H0I652A;080I110Y0H0H0H0H0I0H0I1E1O27241N1O1N1O1P1N1O0;080I110Y0H0H0H0H0I0H0I;1DA0000101;;1DA0000101;1E1O27241N1O1N1O1P1N1O;Q[nkZ[Z[\Z[;0I110Y260I0H0I652A;1DAm101üq;0;08;0I;11;0Y;0H;0H;0H;0H;0I;0H;0I;1E;1O;27;24;1N;1O;1N;1O;1P;1N;1O;0I;11;0Y;26;0I;0H;0I;65;2A;;;
95;080I190Q0H0H0H0H0I0H0I1E1O2F1W1N1O1N1O1P1N1O0--0I190Q260I0H0I652A;080I190Q0H0H0H0H0I0H0I1E1O2F1W1N1O1N1O1P1N1O0;080I190Q0H0H0H0H0I0H0I;1L90000101;;1L90000101;1E1O2F1W1N1O1N1O1P1N1O;Q[vcZ[Z[\Z[;0I190Q260I0H0I652A;1L9m101üq;0;08;0I;19;0Q;0H;0H;0H;0H;0I;0H;0I;1E;1O;2F;1W;1N;1O;1N;1O;1P;1N;1O;0I;19;0Q;26;0I;0H;0I;65;2A;;;
96;080I1B0O0H0H0H0H0I0H0I1E1O2H1U1N1O1N1O1P1N1O0--0I1B0O260I0H0I652A;080I1B0O0H0H0H0H0I0H0I1E1O2H1U1N1O1N1O1P1N1O0;080I1B0O0H0H0H0H0I0H0I;1N70000101;;1N70000101;1E1O2H1U1N1O1N1O1P1N1O;Q[xaZ[Z[\Z[;0I1B0O260I0H0I652A;1N7m101üq;0;08;0I;1B;0O;0H;0H;0H;0H;0I;0H;0I;1E;1O;2H;1U;1N;1O;1N;1O;1P;1N;1O;0I;1B;0O;26;0I;0H;0I;65;2A;;;
97;080I1G0J0H0H0H0H0I0H0I1E1O2M1P1N1O1N1O1P1N1O0--0I1G0J260I0H0I652A;080I1G0J0H0H0H0H0I0H0I1E1O2M1P1N1O1N1O1P1N1O0;080I1G0J0H0H0H0H0I0H0I;1S20000101;;1S20000101;1E1O2M1P1N1O1N1O1P1N1O;Q[}\Z[Z[\Z[;0I1G0J260I0H0I652A;1S2m101üq;0;08;0I;1G;0J;0H;0H;0H;0H;0I;0H;0I;1E;1O;2M;1P;1N;1O;1N;1O;1P;1N;1O;0I;1G;0J;26;0I;0H;0I;65;2A;;;
98;080I1H0I0H0H0H0H0I0H0I1E1O2N1O1N1O1N1O1P1N1O0--0I1H0I260I0H0I652A;080I1H0I0H0H0H0H0I0H0I1E1O2N1O1N1O1N1O1P1N1O0;080I1H0I0H0H0H0H0I0H0I;1T10000101;;1T10000101;1E1O2N1O1N1O1N1O1P1N1O;Q[~[Z[Z[\Z[;0I1H0I260I0H0I652A;1T1m101üq;0;08;0I;1H;0I;0H;0H;0H;0H;0I;0H;0I;1E;1O;2N;1O;1N;1O;1N;1O;1P;1N;1O;0I;1H;0I;26;0I;0H;0I;65;2A;;;
99;080J1H0H0H0H0H0H0I0H0I1E1P2N1N1O1N1O1N1O1N1O0--0J1H0T0I0H0I660Y0;080J1H0H0H0H0H0H0I0H0I1E1P2N1N1O1N1O1N1O1N1O0;080J1H0H0H0H0H0H0I0H0I;2T00000101;;2T00000101;1E1P2N1N1O1N1O1N1O1N1O;Q\~Z[Z[Z[Z[;0J1H0T0I0H0I660Y0;2T<101ýA;0;08;0J;1H;0H;0H;0H;0H;0H;0I;0H;0I;1E;1P;2N;1N;1O;1N;1O;1N;1O;1N;1O;0J;1H;0T;0I;0H;0I;66;0Y;;;;0
100;080K1A0N0H0H0H0H0I0H0I1E1Q2G1T1N1O1N1O1P1N1O0--0K1A0N260I0H0I652A;080K1A0N0H0H0H0H0I0H0I1E1Q2G1T1N1O1N1O1P1N1O0;080K1A0N0H0H0H0H0I0H0I;3M60000101;;3M60000101;1E1Q2G1T1N1O1N1O1P1N1O;Q]w`Z[Z[\Z[;0K1A0N260I0H0I652A;3M6m101üq;0;08;0K;1A;0N;0H;0H;0H;0H;0I;0H;0I;1E;1Q;2G;1T;1N;1O;1N;1O;1P;1N;1O;0K;1A;0N;26;0I;0H;0I;65;2A;;;
101;080Z1L111F170H0H0I0H0I1E252R272L2D1N1O1P1N1O0--0Z1L111F170K0I0H0I630M0;080Z1L111F170H0H0I0H0I1E252R272L2D1N1O1P1N1O0;080Z1L111F170H0H0I0H0I;BXDRJ00101;;BXDRJ00101;1E252R272L2D1N1O1P1N1O;Ql‚n|tZ[\Z[;0Z1L111F170K0I0H0I630M0;BXDRJ3101ú5;0;08;0Z;1L;11;1F;17;0H;0H;0I;0H;0I;1E;25;2R;27;2L;2D;1N;1O;1P;1N;1O;0Z;1L;11;1F;17;0K;0I;0H;0I;63;0M;0
102;081B0P0H0H0H0H0H0I0H0I1E2H1V1N1O1N1O1N1O1N1O0--1B0P0T0I0H0I660Y0;081B0P0H0H0H0H0H0I0H0I1E2H1V1N1O1N1O1N1O1N1O0;081B0P0H0H0H0H0H0I0H0I;N800000101;;N800000101;1E2H1V1N1O1N1O1N1O1N1O;QxbZ[Z[Z[Z[;1B0P0T0I0H0I660Y0;N8<101ýA;0;08;1B;0P;0H;0H;0H;0H;0H;0I;0H;0I;1E;2H;1V;1N;1O;1N;1O;1N;1O;1N;1O;1B;0P;0T;0I;0H;0I;66;0Y;;;;0
103;081B14191C170H0H0I0H0I1E2H2A2F2I2D1N1O1P1N1O0--1B14191C170K0I0H0I630M0;081B14191C170H0H0I0H0I1E2H2A2F2I2D1N1O1P1N1O0;081B14191C170H0H0I0H0I;NGLOJ00101;;NGLOJ00101;1E2H2A2F2I2D1N1O1P1N1O;QxqvytZ[\Z[;1B14191C170K0I0H0I630M0;NGLOJ3101ú5;0;08;1B;14;19;1C;17;0H;0H;0I;0H;0I;1E;2H;2A;2F;2I;2D;1N;1O;1P;1N;1O;1B;14;19;1C;17;0K;0I;0H;0I;63;0M;0
104;081F0K1M1F170H0H0I0H0I1E2L1Q2S2L2D1N1O1P1N1O0--1F0K1M1F170K0I0H0I630M0;081F0K1M1F170H0H0I0H0I1E2L1Q2S2L2D1N1O1P1N1O0;081F0K1M1F170H0H0I0H0I;R3YRJ00101;;R3YRJ00101;1E2L1Q2S2L2D1N1O1P1N1O;Q|]|tZ[\Z[;1F0K1M1F170K0I0H0I630M0;R3YRJ3101ú5;0;08;1F;0K;1M;1F;17;0H;0H;0I;0H;0I;1E;2L;1Q;2S;2L;2D;1N;1O;1P;1N;1O;1F;0K;1M;1F;17;0K;0I;0H;0I;63;0M;0
105;081I0I0H0H0H0H0H0I0H0I1E2O1O1N1O1N1O1N1O1N1O0--1I0I0T0I0H0I660Y0;081I0I0H0H0H0H0H0I0H0I1E2O1O1N1O1N1O1N1O1N1O0;081I0I0H0H0H0H0H0I0H0I;U100000101;;U100000101;1E2O1O1N1O1N1O1N1O1N1O;Q[Z[Z[Z[Z[;1I0I0T0I0H0I660Y0;U1<101ýA;0;08;1I;0I;0H;0H;0H;0H;0H;0I;0H;0I;1E;2O;1O;1N;1O;1N;1O;1N;1O;1N;1O;1I;0I;0T;0I;0H;0I;66;0Y;;;;0
106;081J160P1M170H0H0I0H0I1E2P2C1V2S2D1N1O1P1N1O0--1J160P1M170K0I0H0I630M0;081J160P1M170H0H0I0H0I1E2P2C1V2S2D1N1O1P1N1O0;081J160P1M170H0H0I0H0I;VI8YJ00101;;VI8YJ00101;1E2P2C1V2S2D1N1O1P1N1O;Q€sbtZ[\Z[;1J160P1M170K0I0H0I630M0;VI8YJ3101ú5;0;08;1J;16;0P;1M;17;0H;0H;0I;0H;0I;1E;2P;2C;1V;2S;2D;1N;1O;1P;1N;1O;1J;16;0P;1M;17;0K;0I;0H;0I;63;0M;0
107;090I0Z110H0H0H0H0I0H0I1G1P26281O1P1O1P1Q1O1P0--0I0Z11270I0I0H652B;090I0Z110H0H0H0H0I0H0I1G1P26281O1P1O1P1Q1O1P0;090I0Z110H0H0H0H0I0H0I;(1BD0000101;(;1BD0000101;1G1P26281O1P1O1P1Q1O1P;S\mo[\[\][\;0I0Z11270I0I0H652B;1BDn110ür;0;09;0I;0Z;11;0H;0H;0H;0H;0I;0H;0I;1G;1P;26;28;1O;1P;1O;1P;1Q;1O;1P;0I;0Z;11;27;0I;0I;0H;65;2B;;;
108;090I10100H0H0H0H0I0H0I1G1P27281O1P1O1P1Q1O1P0--0I1010270I0I0H652B;090I10100H0H0H0H0I0H0I1G1P27281O1P1O1P1Q1O1P0;090I10100H0H0H0H0I0H0I;(1CC0000101;(;1CC0000101;1G1P27281O1P1O1P1Q1O1P;S\no[\[\][\;0I1010270I0I0H652B;1CCn110ür;0;09;0I;10;10;0H;0H;0H;0H;0I;0H;0I;1G;1P;27;28;1O;1P;1O;1P;1Q;1O;1P;0I;10;10;27;0I;0I;0H;65;2B;;;
109;090I110Z0H0H0H0H0I0H0I1G1P28261O1P1O1P1Q1O1P0--0I110Z270I0I0H652B;090I110Z0H0H0H0H0I0H0I1G1P28261O1P1O1P1Q1O1P0;090I110Z0H0H0H0H0I0H0I;(1DB0000101;(;1DB0000101;1G1P28261O1P1O1P1Q1O1P;S\om[\[\][\;0I110Z270I0I0H652B;1DBn110ür;0;09;0I;11;0Z;0H;0H;0H;0H;0I;0H;0I;1G;1P;28;26;1O;1P;1O;1P;1Q;1O;1P;0I;11;0Z;27;0I;0I;0H;65;2B;;;
110;090I120Y0H0H0H0H0I0H0I1G1P29251O1P1O1P1Q1O1P0--0I120Y270I0I0H652B;090I120Y0H0H0H0H0I0H0I1G1P29251O1P1O1P1Q1O1P0;090I120Y0H0H0H0H0I0H0I;(1EA0000101;(;1EA0000101;1G1P29251O1P1O1P1Q1O1P;S\pl[\[\][\;0I120Y270I0I0H652B;1EAn110ür;0;09;0I;12;0Y;0H;0H;0H;0H;0I;0H;0I;1G;1P;29;25;1O;1P;1O;1P;1Q;1O;1P;0I;12;0Y;27;0I;0I;0H;65;2B;;;
111;090I1C0O0H0H0H0H0I0H0I1G1P2J1V1O1P1O1P1Q1O1P0--0I1C0O270I0I0H652B;090I1C0O0H0H0H0H0I0H0I1G1P2J1V1O1P1O1P1Q1O1P0;090I1C0O0H0H0H0H0I0H0I;(1O70000101;(;1O70000101;1G1P2J1V1O1P1O1P1Q1O1P;S\zb[\[\][\;0I1C0O270I0I0H652B;1O7n110ür;0;09;0I;1C;0O;0H;0H;0H;0H;0I;0H;0I;1G;1P;2J;1V;1O;1P;1O;1P;1Q;1O;1P;0I;1C;0O;27;0I;0I;0H;65;2B;;;
112;090I1D0N0H0H0H0H0I0H0I1G1P2K1U1O1P1O1P1Q1O1P0--0I1D0N270I0I0H652B;090I1D0N0H0H0H0H0I0H0I1G1P2K1U1O1P1O1P1Q1O1P0;090I1D0N0H0H0H0H0I0H0I;(1P60000101;(;1P60000101;1G1P2K1U1O1P1O1P1Q1O1P;S\{a[\[\][\;0I1D0N270I0I0H652B;1P6n110ür;0;09;0I;1D;0N;0H;0H;0H;0H;0I;0H;0I;1G;1P;2K;1U;1O;1P;1O;1P;1Q;1O;1P;0I;1D;0N;27;0I;0I;0H;65;2B;;;
113;090I1E0M0H0H0H0H0I0H0I1G1P2L1T1O1P1O1P1Q1O1P0--0I1E0M270I0I0H652B;090I1E0M0H0H0H0H0I0H0I1G1P2L1T1O1P1O1P1Q1O1P0;090I1E0M0H0H0H0H0I0H0I;(1Q50000101;(;1Q50000101;1G1P2L1T1O1P1O1P1Q1O1P;S\|`[\[\][\;0I1E0M270I0I0H652B;1Q5n110ür;0;09;0I;1E;0M;0H;0H;0H;0H;0I;0H;0I;1G;1P;2L;1T;1O;1P;1O;1P;1Q;1O;1P;0I;1E;0M;27;0I;0I;0H;65;2B;;;
114;090I1G0K0H0H0H0H0I0H0I1G1P2N1R1O1P1O1P1Q1O1P0--0I1G0K270I0I0H652B;090I1G0K0H0H0H0H0I0H0I1G1P2N1R1O1P1O1P1Q1O1P0;090I1G0K0H0H0H0H0I0H0I;(1S30000101;(;1S30000101;1G1P2N1R1O1P1O1P1Q1O1P;S\~^[\[\][\;0I1G0K270I0I0H652B;1S3n110ür;0;09;0I;1G;0K;0H;0H;0H;0H;0I;0H;0I;1G;1P;2N;1R;1O;1P;1O;1P;1Q;1O;1P;0I;1G;0K;27;0I;0I;0H;65;2B;;;
115;090K1C0M0H0H0H0H0I0H0I1G1R2J1T1O1P1O1P1Q1O1P0--0K1C0M270I0I0H652B;090K1C0M0H0H0H0H0I0H0I1G1R2J1T1O1P1O1P1Q1O1P0;090K1C0M0H0H0H0H0I0H0I;(3O50000101;(;3O50000101;1G1R2J1T1O1P1O1P1Q1O1P;S^z`[\[\][\;0K1C0M270I0I0H652B;3O5n110ür;0;09;0K;1C;0M;0H;0H;0H;0H;0I;0H;0I;1G;1R;2J;1T;1O;1P;1O;1P;1Q;1O;1P;0K;1C;0M;27;0I;0I;0H;65;2B;;;
116;090N1M1D1F170H0H0I0H0I1G1U2T2K2M2E1O1P1Q1O1P0--0N1M1D1F170L0I0I0H630N0;090N1M1D1F170H0H0I0H0I1G1U2T2K2M2E1O1P1Q1O1P0;090N1M1D1F170H0H0I0H0I;(6YPRJ00101;(;6YPRJ00101;1G1U2T2K2M2E1O1P1Q1O1P;Sa„{}u[\][\;0N1M1D1F170L0I0I0H630N0;6YPRJ4110ú6;0;09;0N;1M;1D;1F;17;0H;0H;0I;0H;0I;1G;1U;2T;2K;2M;2E;1O;1P;1Q;1O;1P;0N;1M;1D;1F;17;0L;0I;0I;0H;63;0N;0
117;090P1M1B1F170H0H0I0H0I1G1W2T2I2M2E1O1P1Q1O1P0--0P1M1B1F170L0I0I0H630N0;090P1M1B1F170H0H0I0H0I1G1W2T2I2M2E1O1P1Q1O1P0;090P1M1B1F170H0H0I0H0I;(8YNRJ00101;(;8YNRJ00101;1G1W2T2I2M2E1O1P1Q1O1P;Sc„y}u[\][\;0P1M1B1F170L0I0I0H630N0;8YNRJ4110ú6;0;09;0P;1M;1B;1F;17;0H;0H;0I;0H;0I;1G;1W;2T;2I;2M;2E;1O;1P;1Q;1O;1P;0P;1M;1B;1F;17;0L;0I;0I;0H;63;0N;0
118;09101L111F170H0H0I0H0I1G272S282M2E1O1P1Q1O1P0--101L111F170L0I0I0H630N0;09101L111F170H0H0I0H0I1G272S282M2E1O1P1Q1O1P0;09101L111F170H0H0I0H0I;(CXDRJ00101;(;CXDRJ00101;1G272S282M2E1O1P1Q1O1P;Sno}u[\][\;101L111F170L0I0I0H630N0;CXDRJ4110ú6;0;09;10;1L;11;1F;17;0H;0H;0I;0H;0I;1G;27;2S;28;2M;2E;1O;1P;1Q;1O;1P;10;1L;11;1F;17;0L;0I;0I;0H;63;0N;0
119;091B0Q0H0H0H0H0H0I0H0I1G2I1X1O1P1O1P1O1P1O1P0--1B0Q0U0I0I0H660Z0;091B0Q0H0H0H0H0H0I0H0I1G2I1X1O1P1O1P1O1P1O1P0;091B0Q0H0H0H0H0H0I0H0I;(N900000101;(;N900000101;1G2I1X1O1P1O1P1O1P1O1P;Syd[\[\[\[\;1B0Q0U0I0I0H660Z0;N9=110ýB;0;09;1B;0Q;0H;0H;0H;0H;0H;0I;0H;0I;1G;2I;1X;1O;1P;1O;1P;1O;1P;1O;1P;1B;0Q;0U;0I;0I;0H;66;0Z;;;;0
120;091C14191C170H0H0I0H0I1G2J2B2G2J2E1O1P1Q1O1P0--1C14191C170L0I0I0H630N0;091C14191C170H0H0I0H0I1G2J2B2G2J2E1O1P1Q1O1P0;091C14191C170H0H0I0H0I;(OGLOJ00101;(;OGLOJ00101;1G2J2B2G2J2E1O1P1Q1O1P;Szrwzu[\][\;1C14191C170L0I0I0H630N0;OGLOJ4110ú6;0;09;1C;14;19;1C;17;0H;0H;0I;0H;0I;1G;2J;2B;2G;2J;2E;1O;1P;1Q;1O;1P;1C;14;19;1C;17;0L;0I;0I;0H;63;0N;0
121;091D111E19170H0H0I0H0I1G2K282L2G2E1O1P1Q1O1P0--1D111E19170L0I0I0H630N0;091D111E19170H0H0I0H0I1G2K282L2G2E1O1P1Q1O1P0;091D111E19170H0H0I0H0I;(PDQLJ00101;(;PDQLJ00101;1G2K282L2G2E1O1P1Q1O1P;S{o|wu[\][\;1D111E19170L0I0I0H630N0;PDQLJ4110ú6;0;09;1D;11;1E;19;17;0H;0H;0I;0H;0I;1G;2K;28;2L;2G;2E;1O;1P;1Q;1O;1P;1D;11;1E;19;17;0L;0I;0I;0H;63;0N;0
122;091G0K1M1F170H0H0I0H0I1G2N1R2T2M2E1O1P1Q1O1P0--1G0K1M1F170L0I0I0H630N0;091G0K1M1F170H0H0I0H0I1G2N1R2T2M2E1O1P1Q1O1P0;091G0K1M1F170H0H0I0H0I;(S3YRJ00101;(;S3YRJ00101;1G2N1R2T2M2E1O1P1Q1O1P;S~^„}u[\][\;1G0K1M1F170L0I0I0H630N0;S3YRJ4110ú6;0;09;1G;0K;1M;1F;17;0H;0H;0I;0H;0I;1G;2N;1R;2T;2M;2E;1O;1P;1Q;1O;1P;1G;0K;1M;1F;17;0L;0I;0I;0H;63;0N;0
123;091G131919170H0H0I0H0I1G2N2A2G2H2E1O1P1Q1O1P0--1G131919170L0I0I0H630N0;091G131919170H0H0I0H0I1G2N2A2G2H2E1O1P1Q1O1P0;091G131919170H0H0I0H0I;(SFLLJ00101;(;SFLLJ00101;1G2N2A2G2H2E1O1P1Q1O1P;S~qwxu[\][\;1G131919170L0I0I0H630N0;SFLLJ4110ú6;0;09;1G;13;19;19;17;0H;0H;0I;0H;0I;1G;2N;2A;2G;2H;2E;1O;1P;1Q;1O;1P;1G;13;19;19;17;0L;0I;0I;0H;63;0N;0
124;091H0K0H0H0H0H0H0I0H0I1G2O1R1O1P1O1P1O1P1O1P0--1H0K0U0I0I0H660Z0;091H0K0H0H0H0H0H0I0H0I1G2O1R1O1P1O1P1O1P1O1P0;091H0K0H0H0H0H0H0I0H0I;(T300000101;(;T300000101;1G2O1R1O1P1O1P1O1P1O1P;S^[\[\[\[\;1H0K0U0I0I0H660Z0;T3=110ýB;0;09;1H;0K;0H;0H;0H;0H;0H;0I;0H;0I;1G;2O;1R;1O;1P;1O;1P;1O;1P;1O;1P;1H;0K;0U;0I;0I;0H;66;0Z;;;;0
125;091J0I0H0H0H0H0H0I0H0I1G2Q1P1O1P1O1P1O1P1O1P0--1J0I0U0I0I0H660Z0;091J0I0H0H0H0H0H0I0H0I1G2Q1P1O1P1O1P1O1P1O1P0;091J0I0H0H0H0H0H0I0H0I;(V100000101;(;V100000101;1G2Q1P1O1P1O1P1O1P1O1P;S\[\[\[\[\;1J0I0U0I0I0H660Z0;V1=110ýB;0;09;1J;0I;0H;0H;0H;0H;0H;0I;0H;0I;1G;2Q;1P;1O;1P;1O;1P;1O;1P;1O;1P;1J;0I;0U;0I;0I;0H;66;0Z;;;;0
126;091K160P1M170H0H0I0H0I1G2R2D1W2T2E1O1P1Q1O1P0--1K160P1M170L0I0I0H630N0;091K160P1M170H0H0I0H0I1G2R2D1W2T2E1O1P1Q1O1P0;091K160P1M170H0H0I0H0I;(WI8YJ00101;(;WI8YJ00101;1G2R2D1W2T2E1O1P1Q1O1P;S‚tc„u[\][\;1K160P1M170L0I0I0H630N0;WI8YJ4110ú6;0;09;1K;16;0P;1M;17;0H;0H;0I;0H;0I;1G;2R;2D;1W;2T;2E;1O;1P;1Q;1O;1P;1K;16;0P;1M;17;0L;0I;0I;0H;63;0N;0
127;0A0I11100H0H0H0H0I0H0I1I1Q29281P1Q1P1Q1R1P1Q0--0I1110280I0H0I652C;0A0I11100H0H0H0H0I0H0I1I1Q29281P1Q1P1Q1R1P1Q0;0A0I11100H0H0H0H0I0H0I;)1DC0000101;);1DC0000101;1I1Q29281P1Q1P1Q1R1P1Q;U]po\]\]^\];0I1110280I0H0I652C;1DCo101üs;0;0A;0I;11;10;0H;0H;0H;0H;0I;0H;0I;1I;1Q;29;28;1P;1Q;1P;1Q;1R;1P;1Q;0I;11;10;28;0I;0H;0I;65;2C;;;
128;0A0I120Z0H0H0H0H0I0H0I1I1Q2A271P1Q1P1Q1R1P1Q0--0I120Z280I0H0I652C;0A0I120Z0H0H0H0H0I0H0I1I1Q2A271P1Q1P1Q1R1P1Q0;0A0I120Z0H0H0H0H0I0H0I;)1EB0000101;);1EB0000101;1I1Q2A271P1Q1P1Q1R1P1Q;U]qn\]\]^\];0I120Z280I0H0I652C;1EBo101üs;0;0A;0I;12;0Z;0H;0H;0H;0H;0I;0H;0I;1I;1Q;2A;27;1P;1Q;1P;1Q;1R;1P;1Q;0I;12;0Z;28;0I;0H;0I;65;2C;;;
129;0A0I130Y0H0H0H0H0I0H0I1I1Q2B261P1Q1P1Q1R1P1Q0--0I130Y280I0H0I652C;0A0I130Y0H0H0H0H0I0H0I1I1Q2B261P1Q1P1Q1R1P1Q0;0A0I130Y0H0H0H0H0I0H0I;)1FA0000101;);1FA0000101;1I1Q2B261P1Q1P1Q1R1P1Q;U]rm\]\]^\];0I130Y280I0H0I652C;1FAo101üs;0;0A;0I;13;0Y;0H;0H;0H;0H;0I;0H;0I;1I;1Q;2B;26;1P;1Q;1P;1Q;1R;1P;1Q;0I;13;0Y;28;0I;0H;0I;65;2C;;;
130;0A0I1B0Q0H0H0H0H0I0H0I1I1Q2J1Y1P1Q1P1Q1R1P1Q0--0I1B0Q280I0H0I652C;0A0I1B0Q0H0H0H0H0I0H0I1I1Q2J1Y1P1Q1P1Q1R1P1Q0;0A0I1B0Q0H0H0H0H0I0H0I;)1N90000101;);1N90000101;1I1Q2J1Y1P1Q1P1Q1R1P1Q;U]ze\]\]^\];0I1B0Q280I0H0I652C;1N9o101üs;0;0A;0I;1B;0Q;0H;0H;0H;0H;0I;0H;0I;1I;1Q;2J;1Y;1P;1Q;1P;1Q;1R;1P;1Q;0I;1B;0Q;28;0I;0H;0I;65;2C;;;
131;0A0I1D0O0H0H0H0H0I0H0I1I1Q2L1W1P1Q1P1Q1R1P1Q0--0I1D0O280I0H0I652C;0A0I1D0O0H0H0H0H0I0H0I1I1Q2L1W1P1Q1P1Q1R1P1Q0;0A0I1D0O0H0H0H0H0I0H0I;)1P70000101;);1P70000101;1I1Q2L1W1P1Q1P1Q1R1P1Q;U]|c\]\]^\];0I1D0O280I0H0I652C;1P7o101üs;0;0A;0I;1D;0O;0H;0H;0H;0H;0I;0H;0I;1I;1Q;2L;1W;1P;1Q;1P;1Q;1R;1P;1Q;0I;1D;0O;28;0I;0H;0I;65;2C;;;
132;0A0I1E0N0H0H0H0H0I0H0I1I1Q2M1V1P1Q1P1Q1R1P1Q0--0I1E0N280I0H0I652C;0A0I1E0N0H0H0H0H0I0H0I1I1Q2M1V1P1Q1P1Q1R1P1Q0;0A0I1E0N0H0H0H0H0I0H0I;)1Q60000101;);1Q60000101;1I1Q2M1V1P1Q1P1Q1R1P1Q;U]}b\]\]^\];0I1E0N280I0H0I652C;1Q6o101üs;0;0A;0I;1E;0N;0H;0H;0H;0H;0I;0H;0I;1I;1Q;2M;1V;1P;1Q;1P;1Q;1R;1P;1Q;0I;1E;0N;28;0I;0H;0I;65;2C;;;
133;0A0I1F0M0H0H0H0H0I0H0I1I1Q2N1U1P1Q1P1Q1R1P1Q0--0I1F0M280I0H0I652C;0A0I1F0M0H0H0H0H0I0H0I1I1Q2N1U1P1Q1P1Q1R1P1Q0;0A0I1F0M0H0H0H0H0I0H0I;)1R50000101;);1R50000101;1I1Q2N1U1P1Q1P1Q1R1P1Q;U]~a\]\]^\];0I1F0M280I0H0I652C;1R5o101üs;0;0A;0I;1F;0M;0H;0H;0H;0H;0I;0H;0I;1I;1Q;2N;1U;1P;1Q;1P;1Q;1R;1P;1Q;0I;1F;0M;28;0I;0H;0I;65;2C;;;
134;0A0I1I0J0H0H0H0H0I0H0I1I1Q2Q1R1P1Q1P1Q1R1P1Q0--0I1I0J280I0H0I652C;0A0I1I0J0H0H0H0H0I0H0I1I1Q2Q1R1P1Q1P1Q1R1P1Q0;0A0I1I0J0H0H0H0H0I0H0I;)1U20000101;);1U20000101;1I1Q2Q1R1P1Q1P1Q1R1P1Q;U]^\]\]^\];0I1I0J280I0H0I652C;1U2o101üs;0;0A;0I;1I;0J;0H;0H;0H;0H;0I;0H;0I;1I;1Q;2Q;1R;1P;1Q;1P;1Q;1R;1P;1Q;0I;1I;0J;28;0I;0H;0I;65;2C;;;
135;0A0I1K0H0H0H0H0H0I0H0I1I1Q2S1P1Q1P1Q1P1Q1P1Q0--0I1K0V0I0H0I66100;0A0I1K0H0H0H0H0H0I0H0I1I1Q2S1P1Q1P1Q1P1Q1P1Q0;0A0I1K0H0H0H0H0H0I0H0I;)1W00000101;);1W00000101;1I1Q2S1P1Q1P1Q1P1Q1P1Q;U]\]\]\]\];0I1K0V0I0H0I66100;1W>101ýC;0;0A;0I;1K;0H;0H;0H;0H;0H;0I;0H;0I;1I;1Q;2S;1P;1Q;1P;1Q;1P;1Q;1P;1Q;0I;1K;0V;0I;0H;0I;66;10;;;;0
136;0A0J0Z110H0H0H0H0I0H0I1I1R27291P1Q1P1Q1R1P1Q0--0J0Z11280I0H0I652C;0A0J0Z110H0H0H0H0I0H0I1I1R27291P1Q1P1Q1R1P1Q0;0A0J0Z110H0H0H0H0I0H0I;)2BD0000101;);2BD0000101;1I1R27291P1Q1P1Q1R1P1Q;U^np\]\]^\];0J0Z11280I0H0I652C;2BDo101üs;0;0A;0J;0Z;11;0H;0H;0H;0H;0I;0H;0I;1I;1R;27;29;1P;1Q;1P;1Q;1R;1P;1Q;0J;0Z;11;28;0I;0H;0I;65;2C;;;
137;0A0J1B0P0H0H0H0H0I0H0I1I1R2J1X1P1Q1P1Q1R1P1Q0--0J1B0P280I0H0I652C;0A0J1B0P0H0H0H0H0I0H0I1I1R2J1X1P1Q1P1Q1R1P1Q0;0A0J1B0P0H0H0H0H0I0H0I;)2N80000101;);2N80000101;1I1R2J1X1P1Q1P1Q1R1P1Q;U^zd\]\]^\];0J1B0P280I0H0I652C;2N8o101üs;0;0A;0J;1B;0P;0H;0H;0H;0H;0I;0H;0I;1I;1R;2J;1X;1P;1Q;1P;1Q;1R;1P;1Q;0J;1B;0P;28;0I;0H;0I;65;2C;;;
138;0A0J1D0N0H0H0H0H0I0H0I1I1R2L1V1P1Q1P1Q1R1P1Q0--0J1D0N280I0H0I652C;0A0J1D0N0H0H0H0H0I0H0I1I1R2L1V1P1Q1P1Q1R1P1Q0;0A0J1D0N0H0H0H0H0I0H0I;)2P60000101;);2P60000101;1I1R2L1V1P1Q1P1Q1R1P1Q;U^|b\]\]^\];0J1D0N280I0H0I652C;2P6o101üs;0;0A;0J;1D;0N;0H;0H;0H;0H;0I;0H;0I;1I;1R;2L;1V;1P;1Q;1P;1Q;1R;1P;1Q;0J;1D;0N;28;0I;0H;0I;65;2C;;;
139;0A0J1H0J0H0H0H0H0I0H0I1I1R2P1R1P1Q1P1Q1R1P1Q0--0J1H0J280I0H0I652C;0A0J1H0J0H0H0H0H0I0H0I1I1R2P1R1P1Q1P1Q1R1P1Q0;0A0J1H0J0H0H0H0H0I0H0I;)2T20000101;);2T20000101;1I1R2P1R1P1Q1P1Q1R1P1Q;U^€^\]\]^\];0J1H0J280I0H0I652C;2T2o101üs;0;0A;0J;1H;0J;0H;0H;0H;0H;0I;0H;0I;1I;1R;2P;1R;1P;1Q;1P;1Q;1R;1P;1Q;0J;1H;0J;28;0I;0H;0I;65;2C;;;
140;0A0L1G0I0H0H0H0H0I0H0I1I1T2O1Q1P1Q1P1Q1R1P1Q0--0L1G0I280I0H0I652C;0A0L1G0I0H0H0H0H0I0H0I1I1T2O1Q1P1Q1P1Q1R1P1Q0;0A0L1G0I0H0H0H0H0I0H0I;)4S10000101;);4S10000101;1I1T2O1Q1P1Q1P1Q1R1P1Q;U`]\]\]^\];0L1G0I280I0H0I652C;4S1o101üs;0;0A;0L;1G;0I;0H;0H;0H;0H;0I;0H;0I;1I;1T;2O;1Q;1P;1Q;1P;1Q;1R;1P;1Q;0L;1G;0I;28;0I;0H;0I;65;2C;;;
141;0A0N190N0H0H0H0H0I0H0I1I1V2H1V1P1Q1P1Q1R1P1Q0--0N190N280I0H0I652C;0A0N190N0H0H0H0H0I0H0I1I1V2H1V1P1Q1P1Q1R1P1Q0;0A0N190N0H0H0H0H0I0H0I;)6L60000101;);6L60000101;1I1V2H1V1P1Q1P1Q1R1P1Q;Ubxb\]\]^\];0N190N280I0H0I652C;6L6o101üs;0;0A;0N;19;0N;0H;0H;0H;0H;0I;0H;0I;1I;1V;2H;1V;1P;1Q;1P;1Q;1R;1P;1Q;0N;19;0N;28;0I;0H;0I;65;2C;;;
142;0A0N1I1C1L170H0H0I0H0I1I1V2Q2K2T2F1P1Q1R1P1Q0--0N1I1C1L170M0I0H0I630O0;0A0N1I1C1L170H0H0I0H0I1I1V2Q2K2T2F1P1Q1R1P1Q0;0A0N1I1C1L170H0H0I0H0I;)6UOXJ00101;);6UOXJ00101;1I1V2Q2K2T2F1P1Q1R1P1Q;Ub{„v\]^\];0N1I1C1L170M0I0H0I630O0;6UOXJ5101ú7;0;0A;0N;1I;1C;1L;17;0H;0H;0I;0H;0I;1I;1V;2Q;2K;2T;2F;1P;1Q;1R;1P;1Q;0N;1I;1C;1L;17;0M;0I;0H;0I;63;0O;0
143;0A0Q1I1E1G170H0H0I0H0I1I1Y2Q2M2O2F1P1Q1R1P1Q0--0Q1I1E1G170M0I0H0I630O0;0A0Q1I1E1G170H0H0I0H0I1I1Y2Q2M2O2F1P1Q1R1P1Q0;0A0Q1I1E1G170H0H0I0H0I;)9UQSJ00101;);9UQSJ00101;1I1Y2Q2M2O2F1P1Q1R1P1Q;Ue}v\]^\];0Q1I1E1G170M0I0H0I630O0;9UQSJ5101ú7;0;0A;0Q;1I;1E;1G;17;0H;0H;0I;0H;0I;1I;1Y;2Q;2M;2O;2F;1P;1Q;1R;1P;1Q;0Q;1I;1E;1G;17;0M;0I;0H;0I;63;0O;0
144;0A161K121A170H0H0I0H0I1I2E2S2A2I2F1P1Q1R1P1Q0--161K121A170M0I0H0I630O0;0A161K121A170H0H0I0H0I1I2E2S2A2I2F1P1Q1R1P1Q0;0A161K121A170H0H0I0H0I;)IWEMJ00101;);IWEMJ00101;1I2E2S2A2I2F1P1Q1R1P1Q;Uuqyv\]^\];161K121A170M0I0H0I630O0;IWEMJ5101ú7;0;0A;16;1K;12;1A;17;0H;0H;0I;0H;0I;1I;2E;2S;2A;2I;2F;1P;1Q;1R;1P;1Q;16;1K;12;1A;17;0M;0I;0H;0I;63;0O;0
145;0A1915121M170H0H0I0H0I1I2H2D2A2U2F1P1Q1R1P1Q0--1915121M170M0I0H0I630O0;0A1915121M170H0H0I0H0I1I2H2D2A2U2F1P1Q1R1P1Q0;0A1915121M170H0H0I0H0I;)LHEYJ00101;);LHEYJ00101;1I2H2D2A2U2F1P1Q1R1P1Q;Uxtq…v\]^\];1915121M170M0I0H0I630O0;LHEYJ5101ú7;0;0A;19;15;12;1M;17;0H;0H;0I;0H;0I;1I;2H;2D;2A;2U;2F;1P;1Q;1R;1P;1Q;19;15;12;1M;17;0M;0I;0H;0I;63;0O;0
146;0A1C0Z1D1E170H0H0I0H0I1I2K272L2M2F1P1Q1R1P1Q0--1C0Z1D1E170M0I0H0I630O0;0A1C0Z1D1E170H0H0I0H0I1I2K272L2M2F1P1Q1R1P1Q0;0A1C0Z1D1E170H0H0I0H0I;)OBPQJ00101;);OBPQJ00101;1I2K272L2M2F1P1Q1R1P1Q;U{n|}v\]^\];1C0Z1D1E170M0I0H0I630O0;OBPQJ5101ú7;0;0A;1C;0Z;1D;1E;17;0H;0H;0I;0H;0I;1I;2K;27;2L;2M;2F;1P;1Q;1R;1P;1Q;1C;0Z;1D;1E;17;0M;0I;0H;0I;63;0O;0
147;0A1H0K1M1F170H0H0I0H0I1I2P1S2U2N2F1P1Q1R1P1Q0--1H0K1M1F170M0I0H0I630O0;0A1H0K1M1F170H0H0I0H0I1I2P1S2U2N2F1P1Q1R1P1Q0;0A1H0K1M1F170H0H0I0H0I;)T3YRJ00101;);T3YRJ00101;1I2P1S2U2N2F1P1Q1R1P1Q;U€_…~v\]^\];1H0K1M1F170M0I0H0I630O0;T3YRJ5101ú7;0;0A;1H;0K;1M;1F;17;0H;0H;0I;0H;0I;1I;2P;1S;2U;2N;2F;1P;1Q;1R;1P;1Q;1H;0K;1M;1F;17;0M;0I;0H;0I;63;0O;0
148;0A1J0J0H0H0H0H0H0I0H0I1I2R1R1P1Q1P1Q1P1Q1P1Q0--1J0J0V0I0H0I66100;0A1J0J0H0H0H0H0H0I0H0I1I2R1R1P1Q1P1Q1P1Q1P1Q0;0A1J0J0H0H0H0H0H0I0H0I;)V200000101;);V200000101;1I2R1R1P1Q1P1Q1P1Q1P1Q;U‚^\]\]\]\];1J0J0V0I0H0I66100;V2>101ýC;0;0A;1J;0J;0H;0H;0H;0H;0H;0I;0H;0I;1I;2R;1R;1P;1Q;1P;1Q;1P;1Q;1P;1Q;1J;0J;0V;0I;0H;0I;66;10;;;;0
149;0B0I11110H0H0H0H0I0H0I1K1R2A2B1Q1R1Q1R1S1Q1R0--0I1111290I0I0H652D;0B0I11110H0H0H0H0I0H0I1K1R2A2B1Q1R1Q1R1S1Q1R0;0B0I11110H0H0H0H0I0H0I;*1DD0000101;*;1DD0000101;1K1R2A2B1Q1R1Q1R1S1Q1R;W^qr]^]^_]^;0I1111290I0I0H652D;1DDp110üt;0;0B;0I;11;11;0H;0H;0H;0H;0I;0H;0I;1K;1R;2A;2B;1Q;1R;1Q;1R;1S;1Q;1R;0I;11;11;29;0I;0I;0H;65;2D;;;
150;0B0I12100H0H0H0H0I0H0I1K1R2B291Q1R1Q1R1S1Q1R0--0I1210290I0I0H652D;0B0I12100H0H0H0H0I0H0I1K1R2B291Q1R1Q1R1S1Q1R0;0B0I12100H0H0H0H0I0H0I;*1EC0000101;*;1EC0000101;1K1R2B291Q1R1Q1R1S1Q1R;W^rp]^]^_]^;0I1210290I0I0H652D;1ECp110üt;0;0B;0I;12;10;0H;0H;0H;0H;0I;0H;0I;1K;1R;2B;29;1Q;1R;1Q;1R;1S;1Q;1R;0I;12;10;29;0I;0I;0H;65;2D;;;
151;0B0I140Y0H0H0H0H0I0H0I1K1R2D271Q1R1Q1R1S1Q1R0--0I140Y290I0I0H652D;0B0I140Y0H0H0H0H0I0H0I1K1R2D271Q1R1Q1R1S1Q1R0;0B0I140Y0H0H0H0H0I0H0I;*1GA0000101;*;1GA0000101;1K1R2D271Q1R1Q1R1S1Q1R;W^tn]^]^_]^;0I140Y290I0I0H652D;1GAp110üt;0;0B;0I;14;0Y;0H;0H;0H;0H;0I;0H;0I;1K;1R;2D;27;1Q;1R;1Q;1R;1S;1Q;1R;0I;14;0Y;29;0I;0I;0H;65;2D;;;
152;0B0I1C0Q0H0H0H0H0I0H0I1K1R2L1Z1Q1R1Q1R1S1Q1R0--0I1C0Q290I0I0H652D;0B0I1C0Q0H0H0H0H0I0H0I1K1R2L1Z1Q1R1Q1R1S1Q1R0;0B0I1C0Q0H0H0H0H0I0H0I;*1O90000101;*;1O90000101;1K1R2L1Z1Q1R1Q1R1S1Q1R;W^|f]^]^_]^;0I1C0Q290I0I0H652D;1O9p110üt;0;0B;0I;1C;0Q;0H;0H;0H;0H;0I;0H;0I;1K;1R;2L;1Z;1Q;1R;1Q;1R;1S;1Q;1R;0I;1C;0Q;29;0I;0I;0H;65;2D;;;
153;0B0I1D0P0H0H0H0H0I0H0I1K1R2M1Y1Q1R1Q1R1S1Q1R0--0I1D0P290I0I0H652D;0B0I1D0P0H0H0H0H0I0H0I1K1R2M1Y1Q1R1Q1R1S1Q1R0;0B0I1D0P0H0H0H0H0I0H0I;*1P80000101;*;1P80000101;1K1R2M1Y1Q1R1Q1R1S1Q1R;W^}e]^]^_]^;0I1D0P290I0I0H652D;1P8p110üt;0;0B;0I;1D;0P;0H;0H;0H;0H;0I;0H;0I;1K;1R;2M;1Y;1Q;1R;1Q;1R;1S;1Q;1R;0I;1D;0P;29;0I;0I;0H;65;2D;;;
154;0B0I1E0O0H0H0H0H0I0H0I1K1R2N1X1Q1R1Q1R1S1Q1R0--0I1E0O290I0I0H652D;0B0I1E0O0H0H0H0H0I0H0I1K1R2N1X1Q1R1Q1R1S1Q1R0;0B0I1E0O0H0H0H0H0I0H0I;*1Q70000101;*;1Q70000101;1K1R2N1X1Q1R1Q1R1S1Q1R;W^~d]^]^_]^;0I1E0O290I0I0H652D;1Q7p110üt;0;0B;0I;1E;0O;0H;0H;0H;0H;0I;0H;0I;1K;1R;2N;1X;1Q;1R;1Q;1R;1S;1Q;1R;0I;1E;0O;29;0I;0I;0H;65;2D;;;
155;0B0I1F0N0H0H0H0H0I0H0I1K1R2O1W1Q1R1Q1R1S1Q1R0--0I1F0N290I0I0H652D;0B0I1F0N0H0H0H0H0I0H0I1K1R2O1W1Q1R1Q1R1S1Q1R0;0B0I1F0N0H0H0H0H0I0H0I;*1R60000101;*;1R60000101;1K1R2O1W1Q1R1Q1R1S1Q1R;W^c]^]^_]^;0I1F0N290I0I0H652D;1R6p110üt;0;0B;0I;1F;0N;0H;0H;0H;0H;0I;0H;0I;1K;1R;2O;1W;1Q;1R;1Q;1R;1S;1Q;1R;0I;1F;0N;29;0I;0I;0H;65;2D;;;
156;0B0I1G0M0H0H0H0H0I0H0I1K1R2P1V1Q1R1Q1R1S1Q1R0--0I1G0M290I0I0H652D;0B0I1G0M0H0H0H0H0I0H0I1K1R2P1V1Q1R1Q1R1S1Q1R0;0B0I1G0M0H0H0H0H0I0H0I;*1S50000101;*;1S50000101;1K1R2P1V1Q1R1Q1R1S1Q1R;W^€b]^]^_]^;0I1G0M290I0I0H652D;1S5p110üt;0;0B;0I;1G;0M;0H;0H;0H;0H;0I;0H;0I;1K;1R;2P;1V;1Q;1R;1Q;1R;1S;1Q;1R;0I;1G;0M;29;0I;0I;0H;65;2D;;;
157;0B0I1I0K0H0H0H0H0I0H0I1K1R2R1T1Q1R1Q1R1S1Q1R0--0I1I0K290I0I0H652D;0B0I1I0K0H0H0H0H0I0H0I1K1R2R1T1Q1R1Q1R1S1Q1R0;0B0I1I0K0H0H0H0H0I0H0I;*1U30000101;*;1U30000101;1K1R2R1T1Q1R1Q1R1S1Q1R;W^‚`]^]^_]^;0I1I0K290I0I0H652D;1U3p110üt;0;0B;0I;1I;0K;0H;0H;0H;0H;0I;0H;0I;1K;1R;2R;1T;1Q;1R;1Q;1R;1S;1Q;1R;0I;1I;0K;29;0I;0I;0H;65;2D;;;
158;0B0J130Y0H0H0H0H0I0H0I1K1S2C271Q1R1Q1R1S1Q1R0--0J130Y290I0I0H652D;0B0J130Y0H0H0H0H0I0H0I1K1S2C271Q1R1Q1R1S1Q1R0;0B0J130Y0H0H0H0H0I0H0I;*2FA0000101;*;2FA0000101;1K1S2C271Q1R1Q1R1S1Q1R;W_sn]^]^_]^;0J130Y290I0I0H652D;2FAp110üt;0;0B;0J;13;0Y;0H;0H;0H;0H;0I;0H;0I;1K;1S;2C;27;1Q;1R;1Q;1R;1S;1Q;1R;0J;13;0Y;29;0I;0I;0H;65;2D;;;
159;0B0J1D0O0H0H0H0H0I0H0I1K1S2M1X1Q1R1Q1R1S1Q1R0--0J1D0O290I0I0H652D;0B0J1D0O0H0H0H0H0I0H0I1K1S2M1X1Q1R1Q1R1S1Q1R0;0B0J1D0O0H0H0H0H0I0H0I;*2P70000101;*;2P70000101;1K1S2M1X1Q1R1Q1R1S1Q1R;W_}d]^]^_]^;0J1D0O290I0I0H652D;2P7p110üt;0;0B;0J;1D;0O;0H;0H;0H;0H;0I;0H;0I;1K;1S;2M;1X;1Q;1R;1Q;1R;1S;1Q;1R;0J;1D;0O;29;0I;0I;0H;65;2D;;;
160;0B0J1J0I0H0H0H0H0I0H0I1K1S2S1R1Q1R1Q1R1S1Q1R0--0J1J0I290I0I0H652D;0B0J1J0I0H0H0H0H0I0H0I1K1S2S1R1Q1R1Q1R1S1Q1R0;0B0J1J0I0H0H0H0H0I0H0I;*2V10000101;*;2V10000101;1K1S2S1R1Q1R1Q1R1S1Q1R;W_^]^]^_]^;0J1J0I290I0I0H652D;2V1p110üt;0;0B;0J;1J;0I;0H;0H;0H;0H;0I;0H;0I;1K;1S;2S;1R;1Q;1R;1Q;1R;1S;1Q;1R;0J;1J;0I;29;0I;0I;0H;65;2D;;;
161;0B0M1G0I0H0H0H0H0I0H0I1K1V2P1R1Q1R1Q1R1S1Q1R0--0M1G0I290I0I0H652D;0B0M1G0I0H0H0H0H0I0H0I1K1V2P1R1Q1R1Q1R1S1Q1R0;0B0M1G0I0H0H0H0H0I0H0I;*5S10000101;*;5S10000101;1K1V2P1R1Q1R1Q1R1S1Q1R;Wb€^]^]^_]^;0M1G0I290I0I0H652D;5S1p110üt;0;0B;0M;1G;0I;0H;0H;0H;0H;0I;0H;0I;1K;1V;2P;1R;1Q;1R;1Q;1R;1S;1Q;1R;0M;1G;0I;29;0I;0I;0H;65;2D;;;
162;0B1I0K1M1F170H0H0I0H0I1K2R1T2V2O2G1Q1R1S1Q1R0--1I0K1M1F170N0I0I0H630P0;0B1I0K1M1F170H0H0I0H0I1K2R1T2V2O2G1Q1R1S1Q1R0;0B1I0K1M1F170H0H0I0H0I;*U3YRJ00101;*;U3YRJ00101;1K2R1T2V2O2G1Q1R1S1Q1R;W‚`†w]^_]^;1I0K1M1F170N0I0I0H630P0;U3YRJ6110ú8;0;0B;1I;0K;1M;1F;17;0H;0H;0I;0H;0I;1K;2R;1T;2V;2O;2G;1Q;1R;1S;1Q;1R;1I;0K;1M;1F;17;0N;0I;0I;0H;63;0P;0
163;0B1I0L0H0H0H0H0H0I0H0I1K2R1U1Q1R1Q1R1Q1R1Q1R0--1I0L0W0I0I0H66110;0B1I0L0H0H0H0H0H0I0H0I1K2R1U1Q1R1Q1R1Q1R1Q1R0;0B1I0L0H0H0H0H0H0I0H0I;*U400000101;*;U400000101;1K2R1U1Q1R1Q1R1Q1R1Q1R;W‚a]^]^]^]^;1I0L0W0I0I0H66110;U4?110ýD;0;0B;1I;0L;0H;0H;0H;0H;0H;0I;0H;0I;1K;2R;1U;1Q;1R;1Q;1R;1Q;1R;1Q;1R;1I;0L;0W;0I;0I;0H;66;11;;;;0
164;0B1J0Z191C170H0H0I0H0I1K2S282I2L2G1Q1R1S1Q1R0--1J0Z191C170N0I0I0H630P0;0B1J0Z191C170H0H0I0H0I1K2S282I2L2G1Q1R1S1Q1R0;0B1J0Z191C170H0H0I0H0I;*VBLOJ00101;*;VBLOJ00101;1K2S282I2L2G1Q1R1S1Q1R;Woy|w]^_]^;1J0Z191C170N0I0I0H630P0;VBLOJ6110ú8;0;0B;1J;0Z;19;1C;17;0H;0H;0I;0H;0I;1K;2S;28;2I;2L;2G;1Q;1R;1S;1Q;1R;1J;0Z;19;1C;17;0N;0I;0I;0H;63;0P;0
165;0B1K0J0H0H0H0H0H0I0H0I1K2T1S1Q1R1Q1R1Q1R1Q1R0--1K0J0W0I0I0H66110;0B1K0J0H0H0H0H0H0I0H0I1K2T1S1Q1R1Q1R1Q1R1Q1R0;0B1K0J0H0H0H0H0H0I0H0I;*W200000101;*;W200000101;1K2T1S1Q1R1Q1R1Q1R1Q1R;W„_]^]^]^]^;1K0J0W0I0I0H66110;W2?110ýD;0;0B;1K;0J;0H;0H;0H;0H;0H;0I;0H;0I;1K;2T;1S;1Q;1R;1Q;1R;1Q;1R;1Q;1R;1K;0J;0W;0I;0I;0H;66;11;;;;0
166;0C0I150Y0H0H0H0H0I0H0I1M1S2F281R1S1R1S1T1R1S0--0I150Y2A0I0H0I652E;0C0I150Y0H0H0H0H0I0H0I1M1S2F281R1S1R1S1T1R1S0;0C0I150Y0H0H0H0H0I0H0I;+1HA0000101;+;1HA0000101;1M1S2F281R1S1R1S1T1R1S;Y_vo^_^_`^_;0I150Y2A0I0H0I652E;1HAq101üu;0;0C;0I;15;0Y;0H;0H;0H;0H;0I;0H;0I;1M;1S;2F;28;1R;1S;1R;1S;1T;1R;1S;0I;15;0Y;2A;0I;0H;0I;65;2E;;;
167;0C0I1D0Q0H0H0H0H0I0H0I1M1S2N201R1S1R1S1T1R1S0--0I1D0Q2A0I0H0I652E;0C0I1D0Q0H0H0H0H0I0H0I1M1S2N201R1S1R1S1T1R1S0;0C0I1D0Q0H0H0H0H0I0H0I;+1P90000101;+;1P90000101;1M1S2N201R1S1R1S1T1R1S;Y_~g^_^_`^_;0I1D0Q2A0I0H0I652E;1P9q101üu;0;0C;0I;1D;0Q;0H;0H;0H;0H;0I;0H;0I;1M;1S;2N;20;1R;1S;1R;1S;1T;1R;1S;0I;1D;0Q;2A;0I;0H;0I;65;2E;;;
168;0C0I1H0M0H0H0H0H0I0H0I1M1S2R1W1R1S1R1S1T1R1S0--0I1H0M2A0I0H0I652E;0C0I1H0M0H0H0H0H0I0H0I1M1S2R1W1R1S1R1S1T1R1S0;0C0I1H0M0H0H0H0H0I0H0I;+1T50000101;+;1T50000101;1M1S2R1W1R1S1R1S1T1R1S;Y_‚c^_^_`^_;0I1H0M2A0I0H0I652E;1T5q101üu;0;0C;0I;1H;0M;0H;0H;0H;0H;0I;0H;0I;1M;1S;2R;1W;1R;1S;1R;1S;1T;1R;1S;0I;1H;0M;2A;0I;0H;0I;65;2E;;;
169;0C0I1I0L0H0H0H0H0I0H0I1M1S2S1V1R1S1R1S1T1R1S0--0I1I0L2A0I0H0I652E;0C0I1I0L0H0H0H0H0I0H0I1M1S2S1V1R1S1R1S1T1R1S0;0C0I1I0L0H0H0H0H0I0H0I;+1U40000101;+;1U40000101;1M1S2S1V1R1S1R1S1T1R1S;Y_b^_^_`^_;0I1I0L2A0I0H0I652E;1U4q101üu;0;0C;0I;1I;0L;0H;0H;0H;0H;0I;0H;0I;1M;1S;2S;1V;1R;1S;1R;1S;1T;1R;1S;0I;1I;0L;2A;0I;0H;0I;65;2E;;;
170;0C0J1C0Q0H0H0H0H0I0H0I1M1T2M201R1S1R1S1T1R1S0--0J1C0Q2A0I0H0I652E;0C0J1C0Q0H0H0H0H0I0H0I1M1T2M201R1S1R1S1T1R1S0;0C0J1C0Q0H0H0H0H0I0H0I;+2O90000101;+;2O90000101;1M1T2M201R1S1R1S1T1R1S;Y`}g^_^_`^_;0J1C0Q2A0I0H0I652E;2O9q101üu;0;0C;0J;1C;0Q;0H;0H;0H;0H;0I;0H;0I;1M;1T;2M;20;1R;1S;1R;1S;1T;1R;1S;0J;1C;0Q;2A;0I;0H;0I;65;2E;;;
171;0C0J1D0P0H0H0H0H0I0H0I1M1T2N1Z1R1S1R1S1T1R1S0--0J1D0P2A0I0H0I652E;0C0J1D0P0H0H0H0H0I0H0I1M1T2N1Z1R1S1R1S1T1R1S0;0C0J1D0P0H0H0H0H0I0H0I;+2P80000101;+;2P80000101;1M1T2N1Z1R1S1R1S1T1R1S;Y`~f^_^_`^_;0J1D0P2A0I0H0I652E;2P8q101üu;0;0C;0J;1D;0P;0H;0H;0H;0H;0I;0H;0I;1M;1T;2N;1Z;1R;1S;1R;1S;1T;1R;1S;0J;1D;0P;2A;0I;0H;0I;65;2E;;;
172;0C0J1G0M0H0H0H0H0I0H0I1M1T2Q1W1R1S1R1S1T1R1S0--0J1G0M2A0I0H0I652E;0C0J1G0M0H0H0H0H0I0H0I1M1T2Q1W1R1S1R1S1T1R1S0;0C0J1G0M0H0H0H0H0I0H0I;+2S50000101;+;2S50000101;1M1T2Q1W1R1S1R1S1T1R1S;Y`c^_^_`^_;0J1G0M2A0I0H0I652E;2S5q101üu;0;0C;0J;1G;0M;0H;0H;0H;0H;0I;0H;0I;1M;1T;2Q;1W;1R;1S;1R;1S;1T;1R;1S;0J;1G;0M;2A;0I;0H;0I;65;2E;;;
173;0C0K1D0O0H0H0H0H0I0H0I1M1U2N1Y1R1S1R1S1T1R1S0--0K1D0O2A0I0H0I652E;0C0K1D0O0H0H0H0H0I0H0I1M1U2N1Y1R1S1R1S1T1R1S0;0C0K1D0O0H0H0H0H0I0H0I;+3P70000101;+;3P70000101;1M1U2N1Y1R1S1R1S1T1R1S;Ya~e^_^_`^_;0K1D0O2A0I0H0I652E;3P7q101üu;0;0C;0K;1D;0O;0H;0H;0H;0H;0I;0H;0I;1M;1U;2N;1Y;1R;1S;1R;1S;1T;1R;1S;0K;1D;0O;2A;0I;0H;0I;65;2E;;;
174;0C0K1J0I0H0H0H0H0I0H0I1M1U2T1S1R1S1R1S1T1R1S0--0K1J0I2A0I0H0I652E;0C0K1J0I0H0H0H0H0I0H0I1M1U2T1S1R1S1R1S1T1R1S0;0C0K1J0I0H0H0H0H0I0H0I;+3V10000101;+;3V10000101;1M1U2T1S1R1S1R1S1T1R1S;Ya„_^_^_`^_;0K1J0I2A0I0H0I652E;3V1q101üu;0;0C;0K;1J;0I;0H;0H;0H;0H;0I;0H;0I;1M;1U;2T;1S;1R;1S;1R;1S;1T;1R;1S;0K;1J;0I;2A;0I;0H;0I;65;2E;;;
175;0C121L101H170H0H0I0H0I1M2C2V2A2R2H1R1S1T1R1S0--121L101H170O0I0H0I630Q0;0C121L101H170H0H0I0H0I1M2C2V2A2R2H1R1S1T1R1S0;0C121L101H170H0H0I0H0I;+EXCTJ00101;+;EXCTJ00101;1M2C2V2A2R2H1R1S1T1R1S;Ys†q‚x^_`^_;121L101H170O0I0H0I630Q0;EXCTJ7101ú9;0;0C;12;1L;10;1H;17;0H;0H;0I;0H;0I;1M;2C;2V;2A;2R;2H;1R;1S;1T;1R;1S;12;1L;10;1H;17;0O;0I;0H;0I;63;0Q;0
176;0C1J0Y1C1B170H0H0I0H0I1M2T282M2L2H1R1S1T1R1S0--1J0Y1C1B170O0I0H0I630Q0;0C1J0Y1C1B170H0H0I0H0I1M2T282M2L2H1R1S1T1R1S0;0C1J0Y1C1B170H0H0I0H0I;+VAONJ00101;+;VAONJ00101;1M2T282M2L2H1R1S1T1R1S;Y„o}|x^_`^_;1J0Y1C1B170O0I0H0I630Q0;VAONJ7101ú9;0;0C;1J;0Y;1C;1B;17;0H;0H;0I;0H;0I;1M;2T;28;2M;2L;2H;1R;1S;1T;1R;1S;1J;0Y;1C;1B;17;0O;0I;0H;0I;63;0Q;0
177;0C1L0J0H0H0H0H0H0I0H0I1M2V1T1R1S1R1S1R1S1R1S0--1L0J0X0I0H0I66120;0C1L0J0H0H0H0H0H0I0H0I1M2V1T1R1S1R1S1R1S1R1S0;0C1L0J0H0H0H0H0H0I0H0I;+X200000101;+;X200000101;1M2V1T1R1S1R1S1R1S1R1S;Y†`^_^_^_^_;1L0J0X0I0H0I66120;X2@101ýE;0;0C;1L;0J;0H;0H;0H;0H;0H;0I;0H;0I;1M;2V;1T;1R;1S;1R;1S;1R;1S;1R;1S;1L;0J;0X;0I;0H;0I;66;12;;;;0
178;0D0I14100H0H0H0H0I0H0I1O1T2F2B1S1T1S1T1U1S1T0--0I14102B0I0I0H652F;0D0I14100H0H0H0H0I0H0I1O1T2F2B1S1T1S1T1U1S1T0;0D0I14100H0H0H0H0I0H0I;,1GC0000101;,;1GC0000101;1O1T2F2B1S1T1S1T1U1S1T;[`vr_`_`a_`;0I14102B0I0I0H652F;1GCr110üv;0;0D;0I;14;10;0H;0H;0H;0H;0I;0H;0I;1O;1T;2F;2B;1S;1T;1S;1T;1U;1S;1T;0I;14;10;2B;0I;0I;0H;65;2F;;;
179;0D0I1M0I0H0H0H0H0I0H0I1O1T2X1T1S1T1S1T1U1S1T0--0I1M0I2B0I0I0H652F;0D0I1M0I0H0H0H0H0I0H0I1O1T2X1T1S1T1S1T1U1S1T0;0D0I1M0I0H0H0H0H0I0H0I;,1Y10000101;,;1Y10000101;1O1T2X1T1S1T1S1T1U1S1T;[``_`_`a_`;0I1M0I2B0I0I0H652F;1Y1r110üv;0;0D;0I;1M;0I;0H;0H;0H;0H;0I;0H;0I;1O;1T;2X;1T;1S;1T;1S;1T;1U;1S;1T;0I;1M;0I;2B;0I;0I;0H;65;2F;;;
180;0D0J1D0Q0H0H0H0H0I0H0I1O1U2O211S1T1S1T1U1S1T0--0J1D0Q2B0I0I0H652F;0D0J1D0Q0H0H0H0H0I0H0I1O1U2O211S1T1S1T1U1S1T0;0D0J1D0Q0H0H0H0H0I0H0I;,2P90000101;,;2P90000101;1O1U2O211S1T1S1T1U1S1T;[ah_`_`a_`;0J1D0Q2B0I0I0H652F;2P9r110üv;0;0D;0J;1D;0Q;0H;0H;0H;0H;0I;0H;0I;1O;1U;2O;21;1S;1T;1S;1T;1U;1S;1T;0J;1D;0Q;2B;0I;0I;0H;65;2F;;;
181;0D1G0Q1K1F170H0H0I0H0I1O2R212V2Q2I1S1T1U1S1T0--1G0Q1K1F170P0I0I0H630R0;0D1G0Q1K1F170H0H0I0H0I1O2R212V2Q2I1S1T1U1S1T0;0D1G0Q1K1F170H0H0I0H0I;,S9WRJ00101;,;S9WRJ00101;1O2R212V2Q2I1S1T1U1S1T;[‚h†y_`a_`;1G0Q1K1F170P0I0I0H630R0;S9WRJ8110ú:;0;0D;1G;0Q;1K;1F;17;0H;0H;0I;0H;0I;1O;2R;21;2V;2Q;2I;1S;1T;1U;1S;1T;1G;0Q;1K;1F;17;0P;0I;0I;0H;63;0R;0
182;0D1M0J0H0H0H0H0H0I0H0I1O2X1U1S1T1S1T1S1T1S1T0--1M0J0Y0I0I0H66130;0D1M0J0H0H0H0H0H0I0H0I1O2X1U1S1T1S1T1S1T1S1T0;0D1M0J0H0H0H0H0H0I0H0I;,Y200000101;,;Y200000101;1O2X1U1S1T1S1T1S1T1S1T;[a_`_`_`_`;1M0J0Y0I0I0H66130;Y2A110ýF;0;0D;1M;0J;0H;0H;0H;0H;0H;0I;0H;0I;1O;2X;1U;1S;1T;1S;1T;1S;1T;1S;1T;1M;0J;0Y;0I;0I;0H;66;13;;;;0
183;0E0I1G0P0H0H0H0H0I0H0I1Q1U2S211T1U1T1U1V1T1U0--0I1G0P2C0I0H0I652G;0E0I1G0P0H0H0H0H0I0H0I1Q1U2S211T1U1T1U1V1T1U0;0E0I1G0P0H0H0H0H0I0H0I;-1S80000101;-;1S80000101;1Q1U2S211T1U1T1U1V1T1U;]ah`a`ab`a;0I1G0P2C0I0H0I652G;1S8s101üw;0;0E;0I;1G;0P;0H;0H;0H;0H;0I;0H;0I;1Q;1U;2S;21;1T;1U;1T;1U;1V;1T;1U;0I;1G;0P;2C;0I;0H;0I;65;2G;;;
184;0E0I1H0O0H0H0H0H0I0H0I1Q1U2T201T1U1T1U1V1T1U0--0I1H0O2C0I0H0I652G;0E0I1H0O0H0H0H0H0I0H0I1Q1U2T201T1U1T1U1V1T1U0;0E0I1H0O0H0H0H0H0I0H0I;-1T70000101;-;1T70000101;1Q1U2T201T1U1T1U1V1T1U;]a„g`a`ab`a;0I1H0O2C0I0H0I652G;1T7s101üw;0;0E;0I;1H;0O;0H;0H;0H;0H;0I;0H;0I;1Q;1U;2T;20;1T;1U;1T;1U;1V;1T;1U;0I;1H;0O;2C;0I;0H;0I;65;2G;;;
185;0E0I1L0K0H0H0H0H0I0H0I1Q1U2X1W1T1U1T1U1V1T1U0--0I1L0K2C0I0H0I652G;0E0I1L0K0H0H0H0H0I0H0I1Q1U2X1W1T1U1T1U1V1T1U0;0E0I1L0K0H0H0H0H0I0H0I;-1X30000101;-;1X30000101;1Q1U2X1W1T1U1T1U1V1T1U;]ac`a`ab`a;0I1L0K2C0I0H0I652G;1X3s101üw;0;0E;0I;1L;0K;0H;0H;0H;0H;0I;0H;0I;1Q;1U;2X;1W;1T;1U;1T;1U;1V;1T;1U;0I;1L;0K;2C;0I;0H;0I;65;2G;;;
186;0E0I1M0J0H0H0H0H0I0H0I1Q1U2Y1V1T1U1T1U1V1T1U0--0I1M0J2C0I0H0I652G;0E0I1M0J0H0H0H0H0I0H0I1Q1U2Y1V1T1U1T1U1V1T1U0;0E0I1M0J0H0H0H0H0I0H0I;-1Y20000101;-;1Y20000101;1Q1U2Y1V1T1U1T1U1V1T1U;]a‰b`a`ab`a;0I1M0J2C0I0H0I652G;1Y2s101üw;0;0E;0I;1M;0J;0H;0H;0H;0H;0I;0H;0I;1Q;1U;2Y;1V;1T;1U;1T;1U;1V;1T;1U;0I;1M;0J;2C;0I;0H;0I;65;2G;;;
187;0E0J14100H0H0H0H0I0H0I1Q1V2G2C1T1U1T1U1V1T1U0--0J14102C0I0H0I652G;0E0J14100H0H0H0H0I0H0I1Q1V2G2C1T1U1T1U1V1T1U0;0E0J14100H0H0H0H0I0H0I;-2GC0000101;-;2GC0000101;1Q1V2G2C1T1U1T1U1V1T1U;]bws`a`ab`a;0J14102C0I0H0I652G;2GCs101üw;0;0E;0J;14;10;0H;0H;0H;0H;0I;0H;0I;1Q;1V;2G;2C;1T;1U;1T;1U;1V;1T;1U;0J;14;10;2C;0I;0H;0I;65;2G;;;
188;0E0J1F0P0H0H0H0H0I0H0I1Q1V2R211T1U1T1U1V1T1U0--0J1F0P2C0I0H0I652G;0E0J1F0P0H0H0H0H0I0H0I1Q1V2R211T1U1T1U1V1T1U0;0E0J1F0P0H0H0H0H0I0H0I;-2R80000101;-;2R80000101;1Q1V2R211T1U1T1U1V1T1U;]b‚h`a`ab`a;0J1F0P2C0I0H0I652G;2R8s101üw;0;0E;0J;1F;0P;0H;0H;0H;0H;0I;0H;0I;1Q;1V;2R;21;1T;1U;1T;1U;1V;1T;1U;0J;1F;0P;2C;0I;0H;0I;65;2G;;;
189;0E1C1B161D170H0H0I0H0I1Q2O2N2I2P2J1T1U1V1T1U0--1C1B161D170Q0I0H0I630S0;0E1C1B161D170H0H0I0H0I1Q2O2N2I2P2J1T1U1V1T1U0;0E1C1B161D170H0H0I0H0I;-ONIPJ00101;-;ONIPJ00101;1Q2O2N2I2P2J1T1U1V1T1U;]~y€z`ab`a;1C1B161D170Q0I0H0I630S0;"ONIPJ9101ú;";0;0E;1C;1B;16;1D;17;0H;0H;0I;0H;0I;1Q;2O;2N;2I;2P;2J;1T;1U;1V;1T;1U;1C;1B;16;1D;17;0Q;0I;0H;0I;63;0S;0
190;0E1N0J0H0H0H0H0H0I0H0I1Q2Z1V1T1U1T1U1T1U1T1U0--1N0J0Z0I0H0I66140;0E1N0J0H0H0H0H0H0I0H0I1Q2Z1V1T1U1T1U1T1U1T1U0;0E1N0J0H0H0H0H0H0I0H0I;-Z200000101;-;Z200000101;1Q2Z1V1T1U1T1U1T1U1T1U;]Šb`a`a`a`a;1N0J0Z0I0H0I66140;Z2B101ýG;0;0E;1N;0J;0H;0H;0H;0H;0H;0I;0H;0I;1Q;2Z;1V;1T;1U;1T;1U;1T;1U;1T;1U;1N;0J;0Z;0I;0H;0I;66;14;;;;0
191;0F0I1H0P0H0H0H0H0I0H0I1S1V2U221U1V1U1V1W1U1V0--0I1H0P2D0I0I0H652H;0F0I1H0P0H0H0H0H0I0H0I1S1V2U221U1V1U1V1W1U1V0;0F0I1H0P0H0H0H0H0I0H0I;.1T80000101;.;1T80000101;1S1V2U221U1V1U1V1W1U1V;_b…iababcab;0I1H0P2D0I0I0H652H;1T8t110üx;0;0F;0I;1H;0P;0H;0H;0H;0H;0I;0H;0I;1S;1V;2U;22;1U;1V;1U;1V;1W;1U;1V;0I;1H;0P;2D;0I;0I;0H;65;2H;;;
192;0F0I1I0O0H0H0H0H0I0H0I1S1V2V211U1V1U1V1W1U1V0--0I1I0O2D0I0I0H652H;0F0I1I0O0H0H0H0H0I0H0I1S1V2V211U1V1U1V1W1U1V0;0F0I1I0O0H0H0H0H0I0H0I;.1U70000101;.;1U70000101;1S1V2V211U1V1U1V1W1U1V;_b†hababcab;0I1I0O2D0I0I0H652H;1U7t110üx;0;0F;0I;1I;0O;0H;0H;0H;0H;0I;0H;0I;1S;1V;2V;21;1U;1V;1U;1V;1W;1U;1V;0I;1I;0O;2D;0I;0I;0H;65;2H;;;
193;0F0I1L0L0H0H0H0H0I0H0I1S1V2Y1Y1U1V1U1V1W1U1V0--0I1L0L2D0I0I0H652H;0F0I1L0L0H0H0H0H0I0H0I1S1V2Y1Y1U1V1U1V1W1U1V0;0F0I1L0L0H0H0H0H0I0H0I;.1X40000101;.;1X40000101;1S1V2Y1Y1U1V1U1V1W1U1V;_b‰eababcab;0I1L0L2D0I0I0H652H;1X4t110üx;0;0F;0I;1L;0L;0H;0H;0H;0H;0I;0H;0I;1S;1V;2Y;1Y;1U;1V;1U;1V;1W;1U;1V;0I;1L;0L;2D;0I;0I;0H;65;2H;;;
194;0F0J170Y0H0H0H0H0I0H0I1S1W2K2B1U1V1U1V1W1U1V0--0J170Y2D0I0I0H652H;0F0J170Y0H0H0H0H0I0H0I1S1W2K2B1U1V1U1V1W1U1V0;0F0J170Y0H0H0H0H0I0H0I;.2JA0000101;.;2JA0000101;1S1W2K2B1U1V1U1V1W1U1V;_c{rababcab;0J170Y2D0I0I0H652H;2JAt110üx;0;0F;0J;17;0Y;0H;0H;0H;0H;0I;0H;0I;1S;1W;2K;2B;1U;1V;1U;1V;1W;1U;1V;0J;17;0Y;2D;0I;0I;0H;65;2H;;;
195;0F0K1F0P0H0H0H0H0I0H0I1S1X2S221U1V1U1V1W1U1V0--0K1F0P2D0I0I0H652H;0F0K1F0P0H0H0H0H0I0H0I1S1X2S221U1V1U1V1W1U1V0;0F0K1F0P0H0H0H0H0I0H0I;.3R80000101;.;3R80000101;1S1X2S221U1V1U1V1W1U1V;_diababcab;0K1F0P2D0I0I0H652H;3R8t110üx;0;0F;0K;1F;0P;0H;0H;0H;0H;0I;0H;0I;1S;1X;2S;22;1U;1V;1U;1V;1W;1U;1V;0K;1F;0P;2D;0I;0I;0H;65;2H;;;
196;0F0N1J0I0H0H0H0H0I0H0I1S202W1V1U1V1U1V1W1U1V0--0N1J0I2D0I0I0H652H;0F0N1J0I0H0H0H0H0I0H0I1S202W1V1U1V1U1V1W1U1V0;0F0N1J0I0H0H0H0H0I0H0I;.6V10000101;.;6V10000101;1S202W1V1U1V1U1V1W1U1V;_g‡bababcab;0N1J0I2D0I0I0H652H;6V1t110üx;0;0F;0N;1J;0I;0H;0H;0H;0H;0I;0H;0I;1S;20;2W;1V;1U;1V;1U;1V;1W;1U;1V;0N;1J;0I;2D;0I;0I;0H;65;2H;;;
197;0F1E1I111A170H0H0I0H0I1S2R2V2E2N2K1U1V1W1U1V0--1E1I111A170R0I0I0H630T0;0F1E1I111A170H0H0I0H0I1S2R2V2E2N2K1U1V1W1U1V0;0F1E1I111A170H0H0I0H0I;.QUDMJ00101;.;QUDMJ00101;1S2R2V2E2N2K1U1V1W1U1V;_‚†u~{abcab;1E1I111A170R0I0I0H630T0;QUDMJ:110ú<;0;0F;1E;1I;11;1A;17;0H;0H;0I;0H;0I;1S;2R;2V;2E;2N;2K;1U;1V;1W;1U;1V;1E;1I;11;1A;17;0R;0I;0I;0H;63;0T;0
198;0F1N0K0H0H0H0H0H0I0H0I1S301X1U1V1U1V1U1V1U1V0--1N0K100I0I0H66150;0F1N0K0H0H0H0H0H0I0H0I1S301X1U1V1U1V1U1V1U1V0;0F1N0K0H0H0H0H0H0I0H0I;.Z300000101;.;Z300000101;1S301X1U1V1U1V1U1V1U1V;_‹dabababab;1N0K100I0I0H66150;Z3C110ýH;0;0F;1N;0K;0H;0H;0H;0H;0H;0I;0H;0I;1S;30;1X;1U;1V;1U;1V;1U;1V;1U;1V;1N;0K;10;0I;0I;0H;66;15;;;;0
199;0G0I17100H0H0H0H0I0H0I1U1W2L2E1V1W1V1W1X1V1W0--0I17102E0I0H0I652I;0G0I17100H0H0H0H0I0H0I1U1W2L2E1V1W1V1W1X1V1W0;0G0I17100H0H0H0H0I0H0I;/1JC0000101;/;1JC0000101;1U1W2L2E1V1W1V1W1X1V1W;ac|ubcbcdbc;0I17102E0I0H0I652I;1JCu101üy;0;0G;0I;17;10;0H;0H;0H;0H;0I;0H;0I;1U;1W;2L;2E;1V;1W;1V;1W;1X;1V;1W;0I;17;10;2E;0I;0H;0I;65;2I;;;
200;0G0I190Y0H0H0H0H0I0H0I1U1W2N2C1V1W1V1W1X1V1W0--0I190Y2E0I0H0I652I;0G0I190Y0H0H0H0H0I0H0I1U1W2N2C1V1W1V1W1X1V1W0;0G0I190Y0H0H0H0H0I0H0I;/1LA0000101;/;1LA0000101;1U1W2N2C1V1W1V1W1X1V1W;ac~sbcbcdbc;0I190Y2E0I0H0I652I;1LAu101üy;0;0G;0I;19;0Y;0H;0H;0H;0H;0I;0H;0I;1U;1W;2N;2C;1V;1W;1V;1W;1X;1V;1W;0I;19;0Y;2E;0I;0H;0I;65;2I;;;
201;0G0I1I0P0H0H0H0H0I0H0I1U1W2W231V1W1V1W1X1V1W0--0I1I0P2E0I0H0I652I;0G0I1I0P0H0H0H0H0I0H0I1U1W2W231V1W1V1W1X1V1W0;0G0I1I0P0H0H0H0H0I0H0I;/1U80000101;/;1U80000101;1U1W2W231V1W1V1W1X1V1W;ac‡jbcbcdbc;0I1I0P2E0I0H0I652I;1U8u101üy;0;0G;0I;1I;0P;0H;0H;0H;0H;0I;0H;0I;1U;1W;2W;23;1V;1W;1V;1W;1X;1V;1W;0I;1I;0P;2E;0I;0H;0I;65;2I;;;
202;0G0I1J0O0H0H0H0H0I0H0I1U1W2X221V1W1V1W1X1V1W0--0I1J0O2E0I0H0I652I;0G0I1J0O0H0H0H0H0I0H0I1U1W2X221V1W1V1W1X1V1W0;0G0I1J0O0H0H0H0H0I0H0I;/1V70000101;/;1V70000101;1U1W2X221V1W1V1W1X1V1W;acibcbcdbc;0I1J0O2E0I0H0I652I;1V7u101üy;0;0G;0I;1J;0O;0H;0H;0H;0H;0I;0H;0I;1U;1W;2X;22;1V;1W;1V;1W;1X;1V;1W;0I;1J;0O;2E;0I;0H;0I;65;2I;;;
203;0G0M1L0I0H0H0H0H0I0H0I1U202Z1W1V1W1V1W1X1V1W0--0M1L0I2E0I0H0I652I;0G0M1L0I0H0H0H0H0I0H0I1U202Z1W1V1W1V1W1X1V1W0;0G0M1L0I0H0H0H0H0I0H0I;/5X10000101;/;5X10000101;1U202Z1W1V1W1V1W1X1V1W;agŠcbcbcdbc;0M1L0I2E0I0H0I652I;5X1u101üy;0;0G;0M;1L;0I;0H;0H;0H;0H;0I;0H;0I;1U;20;2Z;1W;1V;1W;1V;1W;1X;1V;1W;0M;1L;0I;2E;0I;0H;0I;65;2I;;;
204;0G1B1E131G170H0H0I0H0I1U2P2S2H2U2L1V1W1X1V1W0--1B1E131G170S0I0H0I630U0;0G1B1E131G170H0H0I0H0I1U2P2S2H2U2L1V1W1X1V1W0;0G1B1E131G170H0H0I0H0I;/NQFSJ00101;/;NQFSJ00101;1U2P2S2H2U2L1V1W1X1V1W;a€x…|bcdbc;1B1E131G170S0I0H0I630U0;"NQFSJ;101ú=";0;0G;1B;1E;13;1G;17;0H;0H;0I;0H;0I;1U;2P;2S;2H;2U;2L;1V;1W;1X;1V;1W;1B;1E;13;1G;17;0S;0I;0H;0I;63;0U;0
205;0G1D151G1A170H0H0I0H0I1U2R2J2U2O2L1V1W1X1V1W0--1D151G1A170S0I0H0I630U0;0G1D151G1A170H0H0I0H0I1U2R2J2U2O2L1V1W1X1V1W0;0G1D151G1A170H0H0I0H0I;/PHSMJ00101;/;PHSMJ00101;1U2R2J2U2O2L1V1W1X1V1W;a‚z…|bcdbc;1D151G1A170S0I0H0I630U0;"PHSMJ;101ú=";0;0G;1D;15;1G;1A;17;0H;0H;0I;0H;0I;1U;2R;2J;2U;2O;2L;1V;1W;1X;1V;1W;1D;15;1G;1A;17;0S;0I;0H;0I;63;0U;0
206;0G1J1M0K1J170H0H0I0H0I1U2X301Y2X2L1V1W1X1V1W0--1J1M0K1J170S0I0H0I630U0;0G1J1M0K1J170H0H0I0H0I1U2X301Y2X2L1V1W1X1V1W0;0G1J1M0K1J170H0H0I0H0I;/VY3VJ00101;/;VY3VJ00101;1U2X301Y2X2L1V1W1X1V1W;a‹e|bcdbc;1J1M0K1J170S0I0H0I630U0;"VY3VJ;101ú=";0;0G;1J;1M;0K;1J;17;0H;0H;0I;0H;0I;1U;2X;30;1Y;2X;2L;1V;1W;1X;1V;1W;1J;1M;0K;1J;17;0S;0I;0H;0I;63;0U;0
207;0G1N0K1M1F170H0H0I0H0I1U311Y302T2L1V1W1X1V1W0--1N0K1M1F170S0I0H0I630U0;0G1N0K1M1F170H0H0I0H0I1U311Y302T2L1V1W1X1V1W0;0G1N0K1M1F170H0H0I0H0I;/Z3YRJ00101;/;Z3YRJ00101;1U311Y302T2L1V1W1X1V1W;aŚe‹„|bcdbc;1N0K1M1F170S0I0H0I630U0;"Z3YRJ;101ú=";0;0G;1N;0K;1M;1F;17;0H;0H;0I;0H;0I;1U;31;1Y;30;2T;2L;1V;1W;1X;1V;1W;1N;0K;1M;1F;17;0S;0I;0H;0I;63;0U;0
208;0H0I18100H0H0H0H0I0H0I1W1X2N2F1W1X1W1X1Y1W1X0--0I18102F0I0I0H652J;0H0I18100H0H0H0H0I0H0I1W1X2N2F1W1X1W1X1Y1W1X0;0H0I18100H0H0H0H0I0H0I;01KC0000101;0;1KC0000101;1W1X2N2F1W1X1W1X1Y1W1X;cd~vcdcdecd;0I18102F0I0I0H652J;1KCv110üz;0;0H;0I;18;10;0H;0H;0H;0H;0I;0H;0I;1W;1X;2N;2F;1W;1X;1W;1X;1Y;1W;1X;0I;18;10;2F;0I;0I;0H;65;2J;;;
209;0H0I1A0Y0H0H0H0H0I0H0I1W1X2P2D1W1X1W1X1Y1W1X0--0I1A0Y2F0I0I0H652J;0H0I1A0Y0H0H0H0H0I0H0I1W1X2P2D1W1X1W1X1Y1W1X0;0H0I1A0Y0H0H0H0H0I0H0I;01MA0000101;0;1MA0000101;1W1X2P2D1W1X1W1X1Y1W1X;cd€tcdcdecd;0I1A0Y2F0I0I0H652J;1MAv110üz;0;0H;0I;1A;0Y;0H;0H;0H;0H;0I;0H;0I;1W;1X;2P;2D;1W;1X;1W;1X;1Y;1W;1X;0I;1A;0Y;2F;0I;0I;0H;65;2J;;;
210;0H0I1J0P0H0H0H0H0I0H0I1W1X2Y241W1X1W1X1Y1W1X0--0I1J0P2F0I0I0H652J;0H0I1J0P0H0H0H0H0I0H0I1W1X2Y241W1X1W1X1Y1W1X0;0H0I1J0P0H0H0H0H0I0H0I;01V80000101;0;1V80000101;1W1X2Y241W1X1W1X1Y1W1X;cd‰kcdcdecd;0I1J0P2F0I0I0H652J;1V8v110üz;0;0H;0I;1J;0P;0H;0H;0H;0H;0I;0H;0I;1W;1X;2Y;24;1W;1X;1W;1X;1Y;1W;1X;0I;1J;0P;2F;0I;0I;0H;65;2J;;;
211;0H0I1L0N0H0H0H0H0I0H0I1W1X30221W1X1W1X1Y1W1X0--0I1L0N2F0I0I0H652J;0H0I1L0N0H0H0H0H0I0H0I1W1X30221W1X1W1X1Y1W1X0;0H0I1L0N0H0H0H0H0I0H0I;01X60000101;0;1X60000101;1W1X30221W1X1W1X1Y1W1X;cd‹icdcdecd;0I1L0N2F0I0I0H652J;1X6v110üz;0;0H;0I;1L;0N;0H;0H;0H;0H;0I;0H;0I;1W;1X;30;22;1W;1X;1W;1X;1Y;1W;1X;0I;1L;0N;2F;0I;0I;0H;65;2J;;;
212;0H0I1M0M0H0H0H0H0I0H0I1W1X31211W1X1W1X1Y1W1X0--0I1M0M2F0I0I0H652J;0H0I1M0M0H0H0H0H0I0H0I1W1X31211W1X1W1X1Y1W1X0;0H0I1M0M0H0H0H0H0I0H0I;01Y50000101;0;1Y50000101;1W1X31211W1X1W1X1Y1W1X;cdŚhcdcdecd;0I1M0M2F0I0I0H652J;1Y5v110üz;0;0H;0I;1M;0M;0H;0H;0H;0H;0I;0H;0I;1W;1X;31;21;1W;1X;1W;1X;1Y;1W;1X;0I;1M;0M;2F;0I;0I;0H;65;2J;;;
213;0H0I1N0L0H0H0H0H0I0H0I1W1X32201W1X1W1X1Y1W1X0--0I1N0L2F0I0I0H652J;0H0I1N0L0H0H0H0H0I0H0I1W1X32201W1X1W1X1Y1W1X0;0H0I1N0L0H0H0H0H0I0H0I;01Z40000101;0;1Z40000101;1W1X32201W1X1W1X1Y1W1X;cdŤgcdcdecd;0I1N0L2F0I0I0H652J;1Z4v110üz;0;0H;0I;1N;0L;0H;0H;0H;0H;0I;0H;0I;1W;1X;32;20;1W;1X;1W;1X;1Y;1W;1X;0I;1N;0L;2F;0I;0I;0H;65;2J;;;
214;0H0J190Y0H0H0H0H0I0H0I1W1Y2O2D1W1X1W1X1Y1W1X0--0J190Y2F0I0I0H652J;0H0J190Y0H0H0H0H0I0H0I1W1Y2O2D1W1X1W1X1Y1W1X0;0H0J190Y0H0H0H0H0I0H0I;02LA0000101;0;2LA0000101;1W1Y2O2D1W1X1W1X1Y1W1X;cetcdcdecd;0J190Y2F0I0I0H652J;2LAv110üz;0;0H;0J;19;0Y;0H;0H;0H;0H;0I;0H;0I;1W;1Y;2O;2D;1W;1X;1W;1X;1Y;1W;1X;0J;19;0Y;2F;0I;0I;0H;65;2J;;;
215;0H0O1K0I0H0H0H0H0I0H0I1W232Z1X1W1X1W1X1Y1W1X0--0O1K0I2F0I0I0H652J;0H0O1K0I0H0H0H0H0I0H0I1W232Z1X1W1X1W1X1Y1W1X0;0H0O1K0I0H0H0H0H0I0H0I;07W10000101;0;7W10000101;1W232Z1X1W1X1W1X1Y1W1X;cjŠdcdcdecd;0O1K0I2F0I0I0H652J;7W1v110üz;0;0H;0O;1K;0I;0H;0H;0H;0H;0I;0H;0I;1W;23;2Z;1X;1W;1X;1W;1X;1Y;1W;1X;0O;1K;0I;2F;0I;0I;0H;65;2J;;;
216;0H1B131I1D170H0H0I0H0I1W2Q2I2X2S2M1W1X1Y1W1X0--1B131I1D170T0I0I0H630V0;0H1B131I1D170H0H0I0H0I1W2Q2I2X2S2M1W1X1Y1W1X0;0H1B131I1D170H0H0I0H0I;0NFUPJ00101;0;NFUPJ00101;1W2Q2I2X2S2M1W1X1Y1W1X;cy}cdecd;1B131I1D170T0I0I0H630V0;NFUPJ<110ú>;0;0H;1B;13;1I;1D;17;0H;0H;0I;0H;0I;1W;2Q;2I;2X;2S;2M;1W;1X;1Y;1W;1X;1B;13;1I;1D;17;0T;0I;0I;0H;63;0V;0
217;0H1C1D171D170H0H0I0H0I1W2R2S2M2S2M1W1X1Y1W1X0--1C1D171D170T0I0I0H630V0;0H1C1D171D170H0H0I0H0I1W2R2S2M2S2M1W1X1Y1W1X0;0H1C1D171D170H0H0I0H0I;0OPJPJ00101;0;OPJPJ00101;1W2R2S2M2S2M1W1X1Y1W1X;c‚}}cdecd;1C1D171D170T0I0I0H630V0;OPJPJ<110ú>;0;0H;1C;1D;17;1D;17;0H;0H;0I;0H;0I;1W;2R;2S;2M;2S;2M;1W;1X;1Y;1W;1X;1C;1D;17;1D;17;0T;0I;0I;0H;63;0V;0
218;0H1C1E131G170H0H0I0H0I1W2R2T2I2V2M1W1X1Y1W1X0--1C1E131G170T0I0I0H630V0;0H1C1E131G170H0H0I0H0I1W2R2T2I2V2M1W1X1Y1W1X0;0H1C1E131G170H0H0I0H0I;0OQFSJ00101;0;OQFSJ00101;1W2R2T2I2V2M1W1X1Y1W1X;c‚„y†}cdecd;1C1E131G170T0I0I0H630V0;OQFSJ<110ú>;0;0H;1C;1E;13;1G;17;0H;0H;0I;0H;0I;1W;2R;2T;2I;2V;2M;1W;1X;1Y;1W;1X;1C;1E;13;1G;17;0T;0I;0I;0H;63;0V;0
219;0H1E1H131B170H0H0I0H0I1W2T2W2I2Q2M1W1X1Y1W1X0--1E1H131B170T0I0I0H630V0;0H1E1H131B170H0H0I0H0I1W2T2W2I2Q2M1W1X1Y1W1X0;0H1E1H131B170H0H0I0H0I;0QTFNJ00101;0;QTFNJ00101;1W2T2W2I2Q2M1W1X1Y1W1X;c„‡y}cdecd;1E1H131B170T0I0I0H630V0;QTFNJ<110ú>;0;0H;1E;1H;13;1B;17;0H;0H;0I;0H;0I;1W;2T;2W;2I;2Q;2M;1W;1X;1Y;1W;1X;1E;1H;13;1B;17;0T;0I;0I;0H;63;0V;0
220;0H1J0Q0H0H0H0H0H0I0H0I1W2Y251W1X1W1X1W1X1W1X0--1J0Q120I0I0H66170;0H1J0Q0H0H0H0H0H0I0H0I1W2Y251W1X1W1X1W1X1W1X0;0H1J0Q0H0H0H0H0H0I0H0I;0V900000101;0;V900000101;1W2Y251W1X1W1X1W1X1W1X;c‰lcdcdcdcd;1J0Q120I0I0H66170;V9E110ýJ;0;0H;1J;0Q;0H;0H;0H;0H;0H;0I;0H;0I;1W;2Y;25;1W;1X;1W;1X;1W;1X;1W;1X;1J;0Q;12;0I;0I;0H;66;17;;;;0
221;0I0I19100H0H0H0H0I0H0I1Y1Z2P2G1X1Y1X1Y1Z1X1Y0--0I19102G0I0H0I652K;0I0I19100H0H0H0H0I0H0I1Y1Z2P2G1X1Y1X1Y1Z1X1Y0;0I0I19100H0H0H0H0I0H0I;11LC0000101;1;1LC0000101;1Y1Z2P2G1X1Y1X1Y1Z1X1Y;ef€wdedefde;0I19102G0I0H0I652K;1LCw101ü{;0;0I;0I;19;10;0H;0H;0H;0H;0I;0H;0I;1Y;1Z;2P;2G;1X;1Y;1X;1Y;1Z;1X;1Y;0I;19;10;2G;0I;0H;0I;65;2K;;;
222;0I0I1A0Z0H0H0H0H0I0H0I1Y1Z2Q2F1X1Y1X1Y1Z1X1Y0--0I1A0Z2G0I0H0I652K;0I0I1A0Z0H0H0H0H0I0H0I1Y1Z2Q2F1X1Y1X1Y1Z1X1Y0;0I0I1A0Z0H0H0H0H0I0H0I;11MB0000101;1;1MB0000101;1Y1Z2Q2F1X1Y1X1Y1Z1X1Y;efvdedefde;0I1A0Z2G0I0H0I652K;1MBw101ü{;0;0I;0I;1A;0Z;0H;0H;0H;0H;0I;0H;0I;1Y;1Z;2Q;2F;1X;1Y;1X;1Y;1Z;1X;1Y;0I;1A;0Z;2G;0I;0H;0I;65;2K;;;
223;0I0I1K0P0H0H0H0H0I0H0I1Y1Z30251X1Y1X1Y1Z1X1Y0--0I1K0P2G0I0H0I652K;0I0I1K0P0H0H0H0H0I0H0I1Y1Z30251X1Y1X1Y1Z1X1Y0;0I0I1K0P0H0H0H0H0I0H0I;11W80000101;1;1W80000101;1Y1Z30251X1Y1X1Y1Z1X1Y;ef‹ldedefde;0I1K0P2G0I0H0I652K;1W8w101ü{;0;0I;0I;1K;0P;0H;0H;0H;0H;0I;0H;0I;1Y;1Z;30;25;1X;1Y;1X;1Y;1Z;1X;1Y;0I;1K;0P;2G;0I;0H;0I;65;2K;;;
224;0I0J1N0L0H0H0H0H0I0H0I1Y1Z33211X1Y1X1Y1Z1X1Y0--0J1N0L2G0I0H0I652K;0I0J1N0L0H0H0H0H0I0H0I1Y1Z33211X1Y1X1Y1Z1X1Y0;0I0J1N0L0H0H0H0H0I0H0I;12Z40000101;1;2Z40000101;1Y1Z33211X1Y1X1Y1Z1X1Y;efŽhdedefde;0J1N0L2G0I0H0I652K;2Z4w101ü{;0;0I;0J;1N;0L;0H;0H;0H;0H;0I;0H;0I;1Y;1Z;33;21;1X;1Y;1X;1Y;1Z;1X;1Y;0J;1N;0L;2G;0I;0H;0I;65;2K;;;
225;0I111F1E1G170H0H0I0H0I1Y2H2V2U2W2N1X1Y1Z1X1Y0--111F1E1G170U0I0H0I630W0;0I111F1E1G170H0H0I0H0I1Y2H2V2U2W2N1X1Y1Z1X1Y0;0I111F1E1G170H0H0I0H0I;1DRQSJ00101;1;DRQSJ00101;1Y2H2V2U2W2N1X1Y1Z1X1Y;ex†…‡~defde;111F1E1G170U0I0H0I630W0;DRQSJ=101ú?;0;0I;11;1F;1E;1G;17;0H;0H;0I;0H;0I;1Y;2H;2V;2U;2W;2N;1X;1Y;1Z;1X;1Y;11;1F;1E;1G;17;0U;0I;0H;0I;63;0W;0
226;0I1K0Q0H0H0H0H0H0I0H0I1Y30261X1Y1X1Y1X1Y1X1Y0--1K0Q130I0H0I66180;0I1K0Q0H0H0H0H0H0I0H0I1Y30261X1Y1X1Y1X1Y1X1Y0;0I1K0Q0H0H0H0H0H0I0H0I;1W900000101;1;W900000101;1Y30261X1Y1X1Y1X1Y1X1Y;e‹mdededede;1K0Q130I0H0I66180;W9F101ýK;0;0I;1K;0Q;0H;0H;0H;0H;0H;0I;0H;0I;1Y;30;26;1X;1Y;1X;1Y;1X;1Y;1X;1Y;1K;0Q;13;0I;0H;0I;66;18;;;;0
227;0J0I1A100H0H0H0H0I0H0I201Z2R2H1Y1Z1Y1Z201Y1Z0--0I1A102H0I0I0H652L;0J0I1A100H0H0H0H0I0H0I201Z2R2H1Y1Z1Y1Z201Y1Z0;0J0I1A100H0H0H0H0I0H0I;21MC0000101;2;1MC0000101;201Z2R2H1Y1Z1Y1Z201Y1Z;gf‚xefefgef;0I1A102H0I0I0H652L;1MCx110ü|;0;0J;0I;1A;10;0H;0H;0H;0H;0I;0H;0I;20;1Z;2R;2H;1Y;1Z;1Y;1Z;20;1Y;1Z;0I;1A;10;2H;0I;0I;0H;65;2L;;;
228;0J0I1B0Z0H0H0H0H0I0H0I201Z2S2G1Y1Z1Y1Z201Y1Z0--0I1B0Z2H0I0I0H652L;0J0I1B0Z0H0H0H0H0I0H0I201Z2S2G1Y1Z1Y1Z201Y1Z0;0J0I1B0Z0H0H0H0H0I0H0I;21NB0000101;2;1NB0000101;201Z2S2G1Y1Z1Y1Z201Y1Z;gfwefefgef;0I1B0Z2H0I0I0H652L;1NBx110ü|;0;0J;0I;1B;0Z;0H;0H;0H;0H;0I;0H;0I;20;1Z;2S;2G;1Y;1Z;1Y;1Z;20;1Y;1Z;0I;1B;0Z;2H;0I;0I;0H;65;2L;;;
229;0J0I1K0Q0H0H0H0H0I0H0I201Z31271Y1Z1Y1Z201Y1Z0--0I1K0Q2H0I0I0H652L;0J0I1K0Q0H0H0H0H0I0H0I201Z31271Y1Z1Y1Z201Y1Z0;0J0I1K0Q0H0H0H0H0I0H0I;21W90000101;2;1W90000101;201Z31271Y1Z1Y1Z201Y1Z;gfŚnefefgef;0I1K0Q2H0I0I0H652L;1W9x110ü|;0;0J;0I;1K;0Q;0H;0H;0H;0H;0I;0H;0I;20;1Z;31;27;1Y;1Z;1Y;1Z;20;1Y;1Z;0I;1K;0Q;2H;0I;0I;0H;65;2L;;;
230;0J0I1L0P0H0H0H0H0I0H0I201Z32261Y1Z1Y1Z201Y1Z0--0I1L0P2H0I0I0H652L;0J0I1L0P0H0H0H0H0I0H0I201Z32261Y1Z1Y1Z201Y1Z0;0J0I1L0P0H0H0H0H0I0H0I;21X80000101;2;1X80000101;201Z32261Y1Z1Y1Z201Y1Z;gfŤmefefgef;0I1L0P2H0I0I0H652L;1X8x110ü|;0;0J;0I;1L;0P;0H;0H;0H;0H;0I;0H;0I;20;1Z;32;26;1Y;1Z;1Y;1Z;20;1Y;1Z;0I;1L;0P;2H;0I;0I;0H;65;2L;;;
231;0J0J1K0P0H0H0H0H0I0H0I202131261Y1Z1Y1Z201Y1Z0--0J1K0P2H0I0I0H652L;0J0J1K0P0H0H0H0H0I0H0I202131261Y1Z1Y1Z201Y1Z0;0J0J1K0P0H0H0H0H0I0H0I;22W80000101;2;2W80000101;202131261Y1Z1Y1Z201Y1Z;ghŚmefefgef;0J1K0P2H0I0I0H652L;2W8x110ü|;0;0J;0J;1K;0P;0H;0H;0H;0H;0I;0H;0I;20;21;31;26;1Y;1Z;1Y;1Z;20;1Y;1Z;0J;1K;0P;2H;0I;0I;0H;65;2L;;;
232;0J0L1I0P0H0H0H0H0I0H0I20222Z261Y1Z1Y1Z201Y1Z0--0L1I0P2H0I0I0H652L;0J0L1I0P0H0H0H0H0I0H0I20222Z261Y1Z1Y1Z201Y1Z0;0J0L1I0P0H0H0H0H0I0H0I;24U80000101;2;4U80000101;20222Z261Y1Z1Y1Z201Y1Z;giŠmefefgef;0L1I0P2H0I0I0H652L;4U8x110ü|;0;0J;0L;1I;0P;0H;0H;0H;0H;0I;0H;0I;20;22;2Z;26;1Y;1Z;1Y;1Z;20;1Y;1Z;0L;1I;0P;2H;0I;0I;0H;65;2L;;;
233;0J181L181A170H0H0I0H0I202P322P2R2O1Y1Z201Y1Z0--181L181A170V0I0I0H630X0;0J181L181A170H0H0I0H0I202P322P2R2O1Y1Z201Y1Z0;0J181L181A170H0H0I0H0I;2KXKMJ00101;2;KXKMJ00101;202P322P2R2O1Y1Z201Y1Z;g€Ť€‚efgef;181L181A170V0I0I0H630X0;KXKMJ>110ú@;0;0J;18;1L;18;1A;17;0H;0H;0I;0H;0I;20;2P;32;2P;2R;2O;1Y;1Z;20;1Y;1Z;18;1L;18;1A;17;0V;0I;0I;0H;63;0X;0
234;0J1D1E181C170H0H0I0H0I202U2V2P2T2O1Y1Z201Y1Z0--1D1E181C170V0I0I0H630X0;0J1D1E181C170H0H0I0H0I202U2V2P2T2O1Y1Z201Y1Z0;0J1D1E181C170H0H0I0H0I;2PQKOJ00101;2;PQKOJ00101;202U2V2P2T2O1Y1Z201Y1Z;g…†€„efgef;1D1E181C170V0I0I0H630X0;PQKOJ>110ú@;0;0J;1D;1E;18;1C;17;0H;0H;0I;0H;0I;20;2U;2V;2P;2T;2O;1Y;1Z;20;1Y;1Z;1D;1E;18;1C;17;0V;0I;0I;0H;63;0X;0
235;0J1N1E0Z1B170H0H0I0H0I20342V2G2S2O1Y1Z201Y1Z0--1N1E0Z1B170V0I0I0H630X0;0J1N1E0Z1B170H0H0I0H0I20342V2G2S2O1Y1Z201Y1Z0;0J1N1E0Z1B170H0H0I0H0I;2ZQBNJ00101;2;ZQBNJ00101;20342V2G2S2O1Y1Z201Y1Z;gŹ†wefgef;1N1E0Z1B170V0I0I0H630X0;ZQBNJ>110ú@;0;0J;1N;1E;0Z;1B;17;0H;0H;0I;0H;0I;20;34;2V;2G;2S;2O;1Y;1Z;20;1Y;1Z;1N;1E;0Z;1B;17;0V;0I;0I;0H;63;0X;0
236;0K0I1B100H0H0H0H0I0H0I22202T2I1Z201Z20211Z200--0I1B102I0I0H0I652M;0K0I1B100H0H0H0H0I0H0I22202T2I1Z201Z20211Z200;0K0I1B100H0H0H0H0I0H0I;31NC0000101;3;1NC0000101;22202T2I1Z201Z20211Z20;ig„yfgfghfg;0I1B102I0I0H0I652M;1NCy101ü};0;0K;0I;1B;10;0H;0H;0H;0H;0I;0H;0I;22;20;2T;2I;1Z;20;1Z;20;21;1Z;20;0I;1B;10;2I;0I;0H;0I;65;2M;;;
237;0K0I1C0Z0H0H0H0H0I0H0I22202U2H1Z201Z20211Z200--0I1C0Z2I0I0H0I652M;0K0I1C0Z0H0H0H0H0I0H0I22202U2H1Z201Z20211Z200;0K0I1C0Z0H0H0H0H0I0H0I;31OB0000101;3;1OB0000101;22202U2H1Z201Z20211Z20;ig…xfgfghfg;0I1C0Z2I0I0H0I652M;1OBy101ü};0;0K;0I;1C;0Z;0H;0H;0H;0H;0I;0H;0I;22;20;2U;2H;1Z;20;1Z;20;21;1Z;20;0I;1C;0Z;2I;0I;0H;0I;65;2M;;;
238;0K0I1D0Y0H0H0H0H0I0H0I22202V2G1Z201Z20211Z200--0I1D0Y2I0I0H0I652M;0K0I1D0Y0H0H0H0H0I0H0I22202V2G1Z201Z20211Z200;0K0I1D0Y0H0H0H0H0I0H0I;31PA0000101;3;1PA0000101;22202V2G1Z201Z20211Z20;ig†wfgfghfg;0I1D0Y2I0I0H0I652M;1PAy101ü};0;0K;0I;1D;0Y;0H;0H;0H;0H;0I;0H;0I;22;20;2V;2G;1Z;20;1Z;20;21;1Z;20;0I;1D;0Y;2I;0I;0H;0I;65;2M;;;
239;0K0I1L0Q0H0H0H0H0I0H0I222033281Z201Z20211Z200--0I1L0Q2I0I0H0I652M;0K0I1L0Q0H0H0H0H0I0H0I222033281Z201Z20211Z200;0K0I1L0Q0H0H0H0H0I0H0I;31X90000101;3;1X90000101;222033281Z201Z20211Z20;igŽofgfghfg;0I1L0Q2I0I0H0I652M;1X9y101ü};0;0K;0I;1L;0Q;0H;0H;0H;0H;0I;0H;0I;22;20;33;28;1Z;20;1Z;20;21;1Z;20;0I;1L;0Q;2I;0I;0H;0I;65;2M;;;
240;0K0I1M0P0H0H0H0H0I0H0I222034271Z201Z20211Z200--0I1M0P2I0I0H0I652M;0K0I1M0P0H0H0H0H0I0H0I222034271Z201Z20211Z200;0K0I1M0P0H0H0H0H0I0H0I;31Y80000101;3;1Y80000101;222034271Z201Z20211Z20;igŹnfgfghfg;0I1M0P2I0I0H0I652M;1Y8y101ü};0;0K;0I;1M;0P;0H;0H;0H;0H;0I;0H;0I;22;20;34;27;1Z;20;1Z;20;21;1Z;20;0I;1M;0P;2I;0I;0H;0I;65;2M;;;
241;0K0J1B0Z0H0H0H0H0I0H0I22212T2H1Z201Z20211Z200--0J1B0Z2I0I0H0I652M;0K0J1B0Z0H0H0H0H0I0H0I22212T2H1Z201Z20211Z200;0K0J1B0Z0H0H0H0H0I0H0I;32NB0000101;3;2NB0000101;22212T2H1Z201Z20211Z20;ih„xfgfghfg;0J1B0Z2I0I0H0I652M;2NBy101ü};0;0K;0J;1B;0Z;0H;0H;0H;0H;0I;0H;0I;22;21;2T;2H;1Z;20;1Z;20;21;1Z;20;0J;1B;0Z;2I;0I;0H;0I;65;2M;;;
242;0K0J1N0N0H0H0H0H0I0H0I222135251Z201Z20211Z200--0J1N0N2I0I0H0I652M;0K0J1N0N0H0H0H0H0I0H0I222135251Z201Z20211Z200;0K0J1N0N0H0H0H0H0I0H0I;32Z60000101;3;2Z60000101;222135251Z201Z20211Z20;ihlfgfghfg;0J1N0N2I0I0H0I652M;2Z6y101ü};0;0K;0J;1N;0N;0H;0H;0H;0H;0I;0H;0I;22;21;35;25;1Z;20;1Z;20;21;1Z;20;0J;1N;0N;2I;0I;0H;0I;65;2M;;;
243;0K0K1K0P0H0H0H0H0I0H0I222332271Z201Z20211Z200--0K1K0P2I0I0H0I652M;0K0K1K0P0H0H0H0H0I0H0I222332271Z201Z20211Z200;0K0K1K0P0H0H0H0H0I0H0I;33W80000101;3;3W80000101;222332271Z201Z20211Z20;ijŤnfgfghfg;0K1K0P2I0I0H0I652M;3W8y101ü};0;0K;0K;1K;0P;0H;0H;0H;0H;0I;0H;0I;22;23;32;27;1Z;20;1Z;20;21;1Z;20;0K;1K;0P;2I;0I;0H;0I;65;2M;;;
244;0K0M1I0P0H0H0H0H0I0H0I222430271Z201Z20211Z200--0M1I0P2I0I0H0I652M;0K0M1I0P0H0H0H0H0I0H0I222430271Z201Z20211Z200;0K0M1I0P0H0H0H0H0I0H0I;35U80000101;3;5U80000101;222430271Z201Z20211Z20;ik‹nfgfghfg;0M1I0P2I0I0H0I652M;5U8y101ü};0;0K;0M;1I;0P;0H;0H;0H;0H;0I;0H;0I;22;24;30;27;1Z;20;1Z;20;21;1Z;20;0M;1I;0P;2I;0I;0H;0I;65;2M;;;
245;0K101I1E1G170H0H0I0H0I222I302W2Y2P1Z20211Z200--101I1E1G170W0I0H0I630Y0;0K101I1E1G170H0H0I0H0I222I302W2Y2P1Z20211Z200;0K101I1E1G170H0H0I0H0I;3CUQSJ00101;3;CUQSJ00101;222I302W2Y2P1Z20211Z20;iy‹‡‰€fghfg;101I1E1G170W0I0H0I630Y0;CUQSJ?101úA;0;0K;10;1I;1E;1G;17;0H;0H;0I;0H;0I;22;2I;30;2W;2Y;2P;1Z;20;21;1Z;20;10;1I;1E;1G;17;0W;0I;0H;0I;63;0Y;0
246;0L0I1E0Y0H0H0H0H0I0H0I24212X2H202120212220210--0I1E0Y2J0I0I0H652N;0L0I1E0Y0H0H0H0H0I0H0I24212X2H202120212220210;0L0I1E0Y0H0H0H0H0I0H0I;41QA0000101;4;1QA0000101;24212X2H20212021222021;khxghghigh;0I1E0Y2J0I0I0H652N;1QAz110ü~;0;0L;0I;1E;0Y;0H;0H;0H;0H;0I;0H;0I;24;21;2X;2H;20;21;20;21;22;20;21;0I;1E;0Y;2J;0I;0I;0H;65;2N;;;
247;0L0I1M0Q0H0H0H0H0I0H0I24213529202120212220210--0I1M0Q2J0I0I0H652N;0L0I1M0Q0H0H0H0H0I0H0I24213529202120212220210;0L0I1M0Q0H0H0H0H0I0H0I;41Y90000101;4;1Y90000101;2421352920212021222021;khpghghigh;0I1M0Q2J0I0I0H652N;1Y9z110ü~;0;0L;0I;1M;0Q;0H;0H;0H;0H;0I;0H;0I;24;21;35;29;20;21;20;21;22;20;21;0I;1M;0Q;2J;0I;0I;0H;65;2N;;;
248;0L0J1M0P0H0H0H0H0I0H0I24223528202120212220210--0J1M0P2J0I0I0H652N;0L0J1M0P0H0H0H0H0I0H0I24223528202120212220210;0L0J1M0P0H0H0H0H0I0H0I;42Y80000101;4;2Y80000101;2422352820212021222021;kioghghigh;0J1M0P2J0I0I0H652N;2Y8z110ü~;0;0L;0J;1M;0P;0H;0H;0H;0H;0I;0H;0I;24;22;35;28;20;21;20;21;22;20;21;0J;1M;0P;2J;0I;0I;0H;65;2N;;;
249;0L0L1K0P0H0H0H0H0I0H0I24253328202120212220210--0L1K0P2J0I0I0H652N;0L0L1K0P0H0H0H0H0I0H0I24253328202120212220210;0L0L1K0P0H0H0H0H0I0H0I;44W80000101;4;4W80000101;2425332820212021222021;klŽoghghigh;0L1K0P2J0I0I0H652N;4W8z110ü~;0;0L;0L;1K;0P;0H;0H;0H;0H;0I;0H;0I;24;25;33;28;20;21;20;21;22;20;21;0L;1K;0P;2J;0I;0I;0H;65;2N;;;
250;0L0N1I0P0H0H0H0H0I0H0I24263128202120212220210--0N1I0P2J0I0I0H652N;0L0N1I0P0H0H0H0H0I0H0I24263128202120212220210;0L0N1I0P0H0H0H0H0I0H0I;46U80000101;4;6U80000101;2426312820212021222021;kmŚoghghigh;0N1I0P2J0I0I0H652N;6U8z110ü~;0;0L;0N;1I;0P;0H;0H;0H;0H;0I;0H;0I;24;26;31;28;20;21;20;21;22;20;21;0N;1I;0P;2J;0I;0I;0H;65;2N;;;
251;0L0Y1I1C1L170H0H0I0H0I242H312V342Q20212220210--0Y1I1C1L170X0I0I0H630Z0;0L0Y1I1C1L170H0H0I0H0I242H312V342Q20212220210;0L0Y1I1C1L170H0H0I0H0I;4AUOXJ00101;4;AUOXJ00101;242H312V342Q2021222021;kxŚ†Źghigh;0Y1I1C1L170X0I0I0H630Z0;AUOXJ@110úB;0;0L;0Y;1I;1C;1L;17;0H;0H;0I;0H;0I;24;2H;31;2V;34;2Q;20;21;22;20;21;0Y;1I;1C;1L;17;0X;0I;0I;0H;63;0Z;0
252;0L0Z1M1D1F170H0H0I0H0I242I352W2Y2Q20212220210--0Z1M1D1F170X0I0I0H630Z0;0L0Z1M1D1F170H0H0I0H0I242I352W2Y2Q20212220210;0L0Z1M1D1F170H0H0I0H0I;4BYPRJ00101;4;BYPRJ00101;242I352W2Y2Q2021222021;ky‡‰ghigh;0Z1M1D1F170X0I0I0H630Z0;BYPRJ@110úB;0;0L;0Z;1M;1D;1F;17;0H;0H;0I;0H;0I;24;2I;35;2W;2Y;2Q;20;21;22;20;21;0Z;1M;1D;1F;17;0X;0I;0I;0H;63;0Z;0
253;0M0I1F0Y0H0H0H0H0I0H0I26222Z2I212221222321220--0I1F0Y2K0I0H0I652O;0M0I1F0Y0H0H0H0H0I0H0I26222Z2I212221222321220;0M0I1F0Y0H0H0H0H0I0H0I;51RA0000101;5;1RA0000101;26222Z2I21222122232122;miŠyhihijhi;0I1F0Y2K0I0H0I652O;1RA{101ü;0;0M;0I;1F;0Y;0H;0H;0H;0H;0I;0H;0I;26;22;2Z;2I;21;22;21;22;23;21;22;0I;1F;0Y;2K;0I;0H;0I;65;2O;;;
254;0M0K1M0P0H0H0H0H0I0H0I26243629212221222321220--0K1M0P2K0I0H0I652O;0M0K1M0P0H0H0H0H0I0H0I26243629212221222321220;0M0K1M0P0H0H0H0H0I0H0I;53Y80000101;5;3Y80000101;2624362921222122232122;mk‘phihijhi;0K1M0P2K0I0H0I652O;3Y8{101ü;0;0M;0K;1M;0P;0H;0H;0H;0H;0I;0H;0I;26;24;36;29;21;22;21;22;23;21;22;0K;1M;0P;2K;0I;0H;0I;65;2O;;;
255;0M0M1K0P0H0H0H0H0I0H0I26273429212221222321220--0M1K0P2K0I0H0I652O;0M0M1K0P0H0H0H0H0I0H0I26273429212221222321220;0M0M1K0P0H0H0H0H0I0H0I;55W80000101;5;5W80000101;2627342921222122232122;mnŹphihijhi;0M1K0P2K0I0H0I652O;5W8{101ü;0;0M;0M;1K;0P;0H;0H;0H;0H;0I;0H;0I;26;27;34;29;21;22;21;22;23;21;22;0M;1K;0P;2K;0I;0H;0I;65;2O;;;
256;0M0Y1F0I0H0H0H0H0I0H0I262I2Z22212221222321220--0Y1F0I2K0I0H0I652O;0M0Y1F0I0H0H0H0H0I0H0I262I2Z22212221222321220;0M0Y1F0I0H0H0H0H0I0H0I;5AR10000101;5;AR10000101;262I2Z2221222122232122;myŠihihijhi;0Y1F0I2K0I0H0I652O;AR1{101ü;0;0M;0Y;1F;0I;0H;0H;0H;0H;0I;0H;0I;26;2I;2Z;22;21;22;21;22;23;21;22;0Y;1F;0I;2K;0I;0H;0I;65;2O;;;
257;0M10120M0M0J0H0H0I0H0I262K2M26272321222321220--10120M0M0J0Y0I0H0I63100;0M10120M0M0J0H0H0I0H0I262K2M26272321222321220;0M10120M0M0J0H0H0I0H0I;5CE55200101;5;CE55200101;262K2M2627232122232122;m{}mnjhijhi;10120M0M0J0Y0I0H0I63100;CE552A101úC;0;0M;10;12;0M;0M;0J;0H;0H;0I;0H;0I;26;2K;2M;26;27;23;21;22;23;21;22;10;12;0M;0M;0J;0Y;0I;0H;0I;63;10;0
258;0M141E1M1A170H0H0I0H0I262O2Y362U2R21222321220--141E1M1A170Y0I0H0I63100;0M141E1M1A170H0H0I0H0I262O2Y362U2R21222321220;0M141E1M1A170H0H0I0H0I;5GQYMJ00101;5;GQYMJ00101;262O2Y362U2R2122232122;m‰‘…‚hijhi;141E1M1A170Y0I0H0I63100;GQYMJA101úC;0;0M;14;1E;1M;1A;17;0H;0H;0I;0H;0I;26;2O;2Y;36;2U;2R;21;22;23;21;22;14;1E;1M;1A;17;0Y;0I;0H;0I;63;10;0
259;0M1H1E131G170H0H0I0H0I26312Y2N302R21222321220--1H1E131G170Y0I0H0I63100;0M1H1E131G170H0H0I0H0I26312Y2N302R21222321220;0M1H1E131G170H0H0I0H0I;5TQFSJ00101;5;TQFSJ00101;26312Y2N302R2122232122;mŚ‰~‹‚hijhi;1H1E131G170Y0I0H0I63100;TQFSJA101úC;0;0M;1H;1E;13;1G;17;0H;0H;0I;0H;0I;26;31;2Y;2N;30;2R;21;22;23;21;22;1H;1E;13;1G;17;0Y;0I;0H;0I;63;10;0
260;0M1K13181J170H0H0I0H0I26342N2S332R21222321220--1K13181J170Y0I0H0I63100;0M1K13181J170H0H0I0H0I26342N2S332R21222321220;0M1K13181J170H0H0I0H0I;5WFKVJ00101;5;WFKVJ00101;26342N2S332R2122232122;mŹ~Ž‚hijhi;1K13181J170Y0I0H0I63100;WFKVJA101úC;0;0M;1K;13;18;1J;17;0H;0H;0I;0H;0I;26;34;2N;2S;33;2R;21;22;23;21;22;1K;13;18;1J;17;0Y;0I;0H;0I;63;10;0
261;0M1N121D1C170H0H0I0H0I26372M2X2W2R21222321220--1N121D1C170Y0I0H0I63100;0M1N121D1C170H0H0I0H0I26372M2X2W2R21222321220;0M1N121D1C170H0H0I0H0I;5ZEPOJ00101;5;ZEPOJ00101;26372M2X2W2R2122232122;m’}‡‚hijhi;1N121D1C170Y0I0H0I63100;ZEPOJA101úC;0;0M;1N;12;1D;1C;17;0H;0H;0I;0H;0I;26;37;2M;2X;2W;2R;21;22;23;21;22;1N;12;1D;1C;17;0Y;0I;0H;0I;63;10;0
262;0N0N1K0P0H0H0H0H0I0H0I2829352A222322232422230--0N1K0P2L0I0I0H652P;0N0N1K0P0H0H0H0H0I0H0I2829352A222322232422230;0N0N1K0P0H0H0H0H0I0H0I;66W80000101;6;6W80000101;2829352A22232223242223;opqijijkij;0N1K0P2L0I0I0H652P;6W8|110ü€;0;0N;0N;1K;0P;0H;0H;0H;0H;0I;0H;0I;28;29;35;2A;22;23;22;23;24;22;23;0N;1K;0P;2L;0I;0I;0H;65;2P;;;
263;0O0I1H0Y0H0H0H0H0I0H0I2A24332K232423242523240--0I1H0Y2M0I0H0I652Q;0O0I1H0Y0H0H0H0H0I0H0I2A24332K232423242523240;0O0I1H0Y0H0H0H0H0I0H0I;71TA0000101;7;1TA0000101;2A24332K23242324252324;qkŽ{jkjkljk;0I1H0Y2M0I0H0I652Q;1TA}101ü;0;0O;0I;1H;0Y;0H;0H;0H;0H;0I;0H;0I;2A;24;33;2K;23;24;23;24;25;23;24;0I;1H;0Y;2M;0I;0H;0I;65;2Q;;;
264;0O0K120H0L170H0H0I0H0I2A262O23272T23242523240--0K120H0L17100I0H0I63120;0O0K120H0L170H0H0I0H0I2A262O23272T23242523240;0O0K120H0L170H0H0I0H0I;73E04J00101;7;3E04J00101;2A262O23272T2324252324;qmjn„jkljk;0K120H0L17100I0H0I63120;3E04JC101úE;0;0O;0K;12;0H;0L;17;0H;0H;0I;0H;0I;2A;26;2O;23;27;2T;23;24;25;23;24;0K;12;0H;0L;17;10;0I;0H;0I;63;12;0
265;0O0O120H100O0H0H0I0H0I2A2B2O232M2A23242523240--0O120H100O100I0H0I63120;0O0O120H100O0H0H0I0H0I2A2B2O232M2A23242523240;0O0O120H100O0H0H0I0H0I;77E0C700101;7;7E0C700101;2A2B2O232M2A2324252324;qrj}qjkljk;0O120H100O100I0H0I63120;7E0C7C101úE;0;0O;0O;12;0H;10;0O;0H;0H;0I;0H;0I;2A;2B;2O;23;2M;2A;23;24;25;23;24;0O;12;0H;10;0O;10;0I;0H;0I;63;12;0
266;0O0O1K0P0H0H0H0H0I0H0I2A2B362B232423242523240--0O1K0P2M0I0H0I652Q;0O0O1K0P0H0H0H0H0I0H0I2A2B362B232423242523240;0O0O1K0P0H0H0H0H0I0H0I;77W80000101;7;7W80000101;2A2B362B23242324252324;qr‘rjkjkljk;0O1K0P2M0I0H0I652Q;7W8}101ü;0;0O;0O;1K;0P;0H;0H;0H;0H;0I;0H;0I;2A;2B;36;2B;23;24;23;24;25;23;24;0O;1K;0P;2M;0I;0H;0I;65;2Q;;;
267;0O111I1C1L170H0H0I0H0I2A2N342Y372T23242523240--111I1C1L17100I0H0I63120;0O111I1C1L170H0H0I0H0I2A2N342Y372T23242523240;0O111I1C1L170H0H0I0H0I;7DUOXJ00101;7;DUOXJ00101;2A2N342Y372T2324252324;q~Ź‰’„jkljk;111I1C1L17100I0H0I63120;DUOXJC101úE;0;0O;11;1I;1C;1L;17;0H;0H;0I;0H;0I;2A;2N;34;2Y;37;2T;23;24;25;23;24;11;1I;1C;1L;17;10;0I;0H;0I;63;12;0
268;0P0J12140H0Q0H0H0I0H0I2C262P2R242D24252624250--0J12140H0Q110I0I0H63130;0P0J12140H0Q0H0H0I0H0I2C262P2R242D24252624250;0P0J12140H0Q0H0H0I0H0I;82EG0900101;8;2EG0900101;2C262P2R242D2425262425;sm€‚ktklmkl;0J12140H0Q110I0I0H63130;2EG09D110úF;0;0P;0J;12;14;0H;0Q;0H;0H;0I;0H;0I;2C;26;2P;2R;24;2D;24;25;26;24;25;0J;12;14;0H;0Q;11;0I;0I;0H;63;13;0
269;0P0P1K0P0H0H0H0H0I0H0I2C2D372C242524252624250--0P1K0P2N0I0I0H652R;0P0P1K0P0H0H0H0H0I0H0I2C2D372C242524252624250;0P0P1K0P0H0H0H0H0I0H0I;88W80000101;8;8W80000101;2C2D372C24252425262425;st’sklklmkl;0P1K0P2N0I0I0H652R;8W8~110ü‚;0;0P;0P;1K;0P;0H;0H;0H;0H;0I;0H;0I;2C;2D;37;2C;24;25;24;25;26;24;25;0P;1K;0P;2N;0I;0I;0H;65;2R;;;
270;0Q0I1I0Z0H0H0H0H0I0H0I2E26362N252625262725260--0I1I0Z010I0I0H6505;0Q0I1I0Z0H0H0H0H0I0H0I2E26362N252625262725260;0Q0I1I0Z0H0H0H0H0I0H0I;91UB0000101;9;1UB0000101;2E26362N25262526272526;um‘~lmlmnlm;0I1I0Z010I0I0H6505;1UB 110ü$;0;0Q;0I;1I;0Z;0H;0H;0H;0H;0I;0H;0I;2E;26;36;2N;25;26;25;26;27;25;26;0I;1I;0Z;01;0I;0I;0H;65;05;;;
271;0Q0Q1K0P0H0H0H0H0I0H0I2E2F382D252625262725260--0Q1K0P010I0I0H6505;0Q0Q1K0P0H0H0H0H0I0H0I2E2F382D252625262725260;0Q0Q1K0P0H0H0H0H0I0H0I;99W80000101;9;9W80000101;2E2F382D25262526272526;uv“tlmlmnlm;0Q1K0P010I0I0H6505;9W8 110ü$;0;0Q;0Q;1K;0P;0H;0H;0H;0H;0I;0H;0I;2E;2F;38;2D;25;26;25;26;27;25;26;0Q;1K;0P;01;0I;0I;0H;65;05;;;
272;0Q141E0H0H0H0H0H0I0H0I2E2S3225262526252625260--141E1B0I0H0I661G0;0Q141E0H0H0H0H0H0I0H0I2E2S3225262526252625260;0Q141E0H0H0H0H0H0I0H0I;9GQ00000101;9;GQ00000101;2E2S322526252625262526;uŤlmlmlmlm;141E1B0I0H0I661G0;GQN101ýS;0;0Q;14;1E;0H;0H;0H;0H;0H;0I;0H;0I;2E;2S;32;25;26;25;26;25;26;25;26;14;1E;1B;0I;0H;0I;66;1G;;;;0
273;0Q161N1G19170H0H0I0H0I2E2U3B342X2V25262725260--161N1G1917120I0H0I63140;0Q161N1G19170H0H0I0H0I2E2U3B342X2V25262725260;0Q161N1G19170H0H0I0H0I;9IZSLJ00101;9;IZSLJ00101;2E2U3B342X2V2526272526;u…–Ź†lmnlm;161N1G1917120I0H0I63140;IZSLJE101úG;0;0Q;16;1N;1G;19;17;0H;0H;0I;0H;0I;2E;2U;3B;34;2X;2V;25;26;27;25;26;16;1N;1G;19;17;12;0I;0H;0I;63;14;0
274;0Q171M1G19170H0H0I0H0I2E2V3A342X2V25262725260--171M1G1917120I0H0I63140;0Q171M1G19170H0H0I0H0I2E2V3A342X2V25262725260;0Q171M1G19170H0H0I0H0I;9JYSLJ00101;9;JYSLJ00101;2E2V3A342X2V2526272526;u†•Ź†lmnlm;171M1G1917120I0H0I63140;JYSLJE101úG;0;0Q;17;1M;1G;19;17;0H;0H;0I;0H;0I;2E;2V;3A;34;2X;2V;25;26;27;25;26;17;1M;1G;19;17;12;0I;0H;0I;63;14;0
275;0R0I1J0Z0H0H0H0H0I0H0I2G27382O262726272826270--0I1J0Z010I0I0H6505;0R0I1J0Z0H0H0H0H0I0H0I2G27382O262726272826270;0R0I1J0Z0H0H0H0H0I0H0I;:1VB0000101;:;1VB0000101;2G27382O26272627282627;wn“mnmnomn;0I1J0Z010I0I0H6505;1VB 110ü$;0;0R;0I;1J;0Z;0H;0H;0H;0H;0I;0H;0I;2G;27;38;2O;26;27;26;27;28;26;27;0I;1J;0Z;01;0I;0I;0H;65;05;;;
276;0R0Y1K0I0H0H0H0H0I0H0I2G2N3927262726272826270--0Y1K0I010I0I0H6505;0R0Y1K0I0H0H0H0H0I0H0I2G2N3927262726272826270;0R0Y1K0I0H0H0H0H0I0H0I;:AW10000101;:;AW10000101;2G2N392726272627282627;w~”nmnmnomn;0Y1K0I010I0I0H6505;AW1 110ü$;0;0R;0Y;1K;0I;0H;0H;0H;0H;0I;0H;0I;2G;2N;39;27;26;27;26;27;28;26;27;0Y;1K;0I;01;0I;0I;0H;65;05;;;
277;0R181H1E1G170H0H0I0H0I2G2X3633352W26272826270--181H1E1G17130I0I0H63150;0R181H1E1G170H0H0I0H0I2G2X3633352W26272826270;0R181H1E1G170H0H0I0H0I;:KTQSJ00101;:;KTQSJ00101;2G2X3633352W2627282627;w‘Ž‡mnomn;181H1E1G17130I0I0H63150;KTQSJF110úH;0;0R;18;1H;1E;1G;17;0H;0H;0I;0H;0I;2G;2X;36;33;35;2W;26;27;28;26;27;18;1H;1E;1G;17;13;0I;0I;0H;63;15;0
278;0S0I1K0Z0H0H0H0H0I0H0I2I283A2P272827282927280--0I1K0Z010I0I0H6505;0S0I1K0Z0H0H0H0H0I0H0I2I283A2P272827282927280;0S0I1K0Z0H0H0H0H0I0H0I;";1WB0000101";";";1WB0000101;2I283A2P27282728292728;yo•€nonopno;0I1K0Z010I0I0H6505;1WB 110ü$;0;0S;0I;1K;0Z;0H;0H;0H;0H;0I;0H;0I;2I;28;3A;2P;27;28;27;28;29;27;28;0I;1K;0Z;01;0I;0I;0H;65;05;;;
279;0S0J0H0H0H0H0H0H0I0H0I2I292728272827282927280--0J180I0H0I671E0;0S0J0H0H0H0H0H0H0I0H0I2I292728272827282927280;0S0J0H0H0H0H0H0H0I0H0I;";2000000101";";";2000000101;2I29272827282728292728;ypnononopno;0J180I0H0I671E0;2K101ţQ;0;0S;0J;0H;0H;0H;0H;0H;0H;0I;0H;0I;2I;29;27;28;27;28;27;28;29;27;28;0J;18;0I;0H;0I;67;1E;;;;;0
280;0S0K1J0Y0H0H0H0H0I0H0I2I2A392O272827282927280--0K1J0Y010I0I0H6505;0S0K1J0Y0H0H0H0H0I0H0I2I2A392O272827282927280;0S0K1J0Y0H0H0H0H0I0H0I;";3VA0000101";";";3VA0000101;2I2A392O27282728292728;yq”nonopno;0K1J0Y010I0I0H6505;3VA 110ü$;0;0S;0K;1J;0Y;0H;0H;0H;0H;0I;0H;0I;2I;2A;39;2O;27;28;27;28;29;27;28;0K;1J;0Y;01;0I;0I;0H;65;05;;;
281;0S1H1L151D170H0H0I0H0I2I373B2V332X27282927280--1H1L151D17140I0H0I63160;0S1H1L151D170H0H0I0H0I2I373B2V332X27282927280;0S1H1L151D170H0H0I0H0I;";TXHPJ00101";";";TXHPJ00101;2I373B2V332X2728292728;y’–†Žnopno;1H1L151D17140I0H0I63160;TXHPJG101úI;0;0S;1H;1L;15;1D;17;0H;0H;0I;0H;0I;2I;37;3B;2V;33;2X;27;28;29;27;28;1H;1L;15;1D;17;14;0I;0H;0I;63;16;0
282;0T0I0J0H0H0H0H0H0I0H0I2K292A28292829282928290--0I0J2M0I0I0H662R0;0T0I0J0H0H0H0H0H0I0H0I2K292A28292829282928290;0T0I0J0H0H0H0H0H0I0H0I;<1200000101;<;1200000101;2K292A2829282928292829;{pqopopopop;0I0J2M0I0I0H662R0;12}110ý‚;0;0T;0I;0J;0H;0H;0H;0H;0H;0I;0H;0I;2K;29;2A;28;29;28;29;28;29;28;29;0I;0J;2M;0I;0I;0H;66;2R;;;;0
283;0T0I1K100H0H0H0H0I0H0I2K293B2R282928292A28290--0I1K10010I0I0H6505;0T0I1K100H0H0H0H0I0H0I2K293B2R282928292A28290;0T0I1K100H0H0H0H0I0H0I;<1WC0000101;<;1WC0000101;2K293B2R282928292A2829;{p–‚opopqop;0I1K10010I0I0H6505;1WC 110ü$;0;0T;0I;1K;10;0H;0H;0H;0H;0I;0H;0I;2K;29;3B;2R;28;29;28;29;2A;28;29;0I;1K;10;01;0I;0I;0H;65;05;;;
284;0T0J0H0I0H0H0H0H0I0H0I2K2A2829282928292A28290--0J0H0I170I0I0H651B;0T0J0H0I0H0H0H0H0I0H0I2K2A2829282928292A28290;0T0J0H0I0H0H0H0H0I0H0I;<2010000101;<;2010000101;2K2A2829282928292A2829;{qopopopqop;0J0H0I170I0I0H651B;201J110üN;0;0T;0J;0H;0I;0H;0H;0H;0H;0I;0H;0I;2K;2A;28;29;28;29;28;29;2A;28;29;0J;0H;0I;17;0I;0I;0H;65;1B;;;
285;0T0K1K0Y0H0H0H0H0I0H0I2K2B3B2P282928292A28290--0K1K0Y010I0I0H6505;0T0K1K0Y0H0H0H0H0I0H0I2K2B3B2P282928292A28290;0T0K1K0Y0H0H0H0H0I0H0I;<3WA0000101;<;3WA0000101;2K2B3B2P282928292A2829;{r–€opopqop;0K1K0Y010I0I0H6505;3WA 110ü$;0;0T;0K;1K;0Y;0H;0H;0H;0H;0I;0H;0I;2K;2B;3B;2P;28;29;28;29;2A;28;29;0K;1K;0Y;01;0I;0I;0H;65;05;;;
286;0T0M1I0Y0H0H0H0H0I0H0I2K2D392P282928292A28290--0M1I0Y010I0I0H6505;0T0M1I0Y0H0H0H0H0I0H0I2K2D392P282928292A28290;0T0M1I0Y0H0H0H0H0I0H0I;<5UA0000101;<;5UA0000101;2K2D392P282928292A2829;{t”€opopqop;0M1I0Y010I0I0H6505;5UA 110ü$;0;0T;0M;1I;0Y;0H;0H;0H;0H;0I;0H;0I;2K;2D;39;2P;28;29;28;29;2A;28;29;0M;1I;0Y;01;0I;0I;0H;65;05;;;
287;0T1I1L181A170H0H0I0H0I2K393C2Z312Y28292A28290--1I1L181A17150I0I0H63170;0T1I1L181A170H0H0I0H0I2K393C2Z312Y28292A28290;0T1I1L181A170H0H0I0H0I;<UXKMJ00101;<;UXKMJ00101;2K393C2Z312Y28292A2829;{”—ŠŚ‰opqop;1I1L181A17150I0I0H63170;UXKMJH110úJ;0;0T;1I;1L;18;1A;17;0H;0H;0I;0H;0I;2K;39;3C;2Z;31;2Y;28;29;2A;28;29;1I;1L;18;1A;17;15;0I;0I;0H;63;17;0
288;0U0I0K0H0H0H0H0H0I0H0I2M2A2C292A292A292A292A0--0I0K010I0H0I66060;0U0I0K0H0H0H0H0H0I0H0I2M2A2C292A292A292A292A0;0U0I0K0H0H0H0H0H0I0H0I;=1300000101;=;1300000101;2M2A2C292A292A292A292A;}qspqpqpqpq;0I0K010I0H0I66060;13 101ý%;0;0U;0I;0K;0H;0H;0H;0H;0H;0I;0H;0I;2M;2A;2C;29;2A;29;2A;29;2A;29;2A;0I;0K;01;0I;0H;0I;66;06;;;;0
289;0U0I1L100H0H0H0H0I0H0I2M2A3D2S292A292A2B292A0--0I1L10010I0I0H6505;0U0I1L100H0H0H0H0I0H0I2M2A3D2S292A292A2B292A0;0U0I1L100H0H0H0H0I0H0I;=1XC0000101;=;1XC0000101;2M2A3D2S292A292A2B292A;}qpqpqrpq;0I1L10010I0I0H6505;1XC 110ü$;0;0U;0I;1L;10;0H;0H;0H;0H;0I;0H;0I;2M;2A;3D;2S;29;2A;29;2A;2B;29;2A;0I;1L;10;01;0I;0I;0H;65;05;;;
290;0U0I1M0Z0H0H0H0H0I0H0I2M2A3E2R292A292A2B292A0--0I1M0Z010I0I0H6505;0U0I1M0Z0H0H0H0H0I0H0I2M2A3E2R292A292A2B292A0;0U0I1M0Z0H0H0H0H0I0H0I;=1YB0000101;=;1YB0000101;2M2A3E2R292A292A2B292A;}q™‚pqpqrpq;0I1M0Z010I0I0H6505;1YB 110ü$;0;0U;0I;1M;0Z;0H;0H;0H;0H;0I;0H;0I;2M;2A;3E;2R;29;2A;29;2A;2B;29;2A;0I;1M;0Z;01;0I;0I;0H;65;05;;;
291;0U0I1N0Y0H0H0H0H0I0H0I2M2A3F2Q292A292A2B292A0--0I1N0Y010I0I0H6505;0U0I1N0Y0H0H0H0H0I0H0I2M2A3F2Q292A292A2B292A0;0U0I1N0Y0H0H0H0H0I0H0I;=1ZA0000101;=;1ZA0000101;2M2A3F2Q292A292A2B292A;}qšpqpqrpq;0I1N0Y010I0I0H6505;1ZA 110ü$;0;0U;0I;1N;0Y;0H;0H;0H;0H;0I;0H;0I;2M;2A;3F;2Q;29;2A;29;2A;2B;29;2A;0I;1N;0Y;01;0I;0I;0H;65;05;;;
292;0U0J0J0H0H0H0H0H0I0H0I2M2B2C292A292A292A292A0--0J0J010I0H0I66060;0U0J0J0H0H0H0H0H0I0H0I2M2B2C292A292A292A292A0;0U0J0J0H0H0H0H0H0I0H0I;=2200000101;=;2200000101;2M2B2C292A292A292A292A;}rspqpqpqpq;0J0J010I0H0I66060;22 101ý%;0;0U;0J;0J;0H;0H;0H;0H;0H;0I;0H;0I;2M;2B;2C;29;2A;29;2A;29;2A;29;2A;0J;0J;01;0I;0H;0I;66;06;;;;0
293;0U0J1L0Z0H0H0H0H0I0H0I2M2B3D2R292A292A2B292A0--0J1L0Z010I0I0H6505;0U0J1L0Z0H0H0H0H0I0H0I2M2B3D2R292A292A2B292A0;0U0J1L0Z0H0H0H0H0I0H0I;=2XB0000101;=;2XB0000101;2M2B3D2R292A292A2B292A;}r‚pqpqrpq;0J1L0Z010I0I0H6505;2XB 110ü$;0;0U;0J;1L;0Z;0H;0H;0H;0H;0I;0H;0I;2M;2B;3D;2R;29;2A;29;2A;2B;29;2A;0J;1L;0Z;01;0I;0I;0H;65;05;;;
294;0U0J1M0Y0H0H0H0H0I0H0I2M2B3E2Q292A292A2B292A0--0J1M0Y010I0I0H6505;0U0J1M0Y0H0H0H0H0I0H0I2M2B3E2Q292A292A2B292A0;0U0J1M0Y0H0H0H0H0I0H0I;=2YA0000101;=;2YA0000101;2M2B3E2Q292A292A2B292A;}r™pqpqrpq;0J1M0Y010I0I0H6505;2YA 110ü$;0;0U;0J;1M;0Y;0H;0H;0H;0H;0I;0H;0I;2M;2B;3E;2Q;29;2A;29;2A;2B;29;2A;0J;1M;0Y;01;0I;0I;0H;65;05;;;
295;0U1B1H1E1G170H0H0I0H0I2M333936382Z292A2B292A0--1B1H1E1G17160I0H0I63180;0U1B1H1E1G170H0H0I0H0I2M333936382Z292A2B292A0;0U1B1H1E1G170H0H0I0H0I;=NTQSJ00101;=;NTQSJ00101;2M333936382Z292A2B292A;}Ž”‘“Špqrpq;1B1H1E1G17160I0H0I63180;NTQSJI101úK;0;0U;1B;1H;1E;1G;17;0H;0H;0I;0H;0I;2M;33;39;36;38;2Z;29;2A;2B;29;2A;1B;1H;1E;1G;17;16;0I;0H;0I;63;18;0
296;0V0I0L0H0H0H0H0H0I0H0I2O2B2E2A2B2A2B2A2B2A2B0--0I0L010I0H0I66060;0V0I0L0H0H0H0H0H0I0H0I2O2B2E2A2B2A2B2A2B2A2B0;0V0I0L0H0H0H0H0H0I0H0I;>1400000101;>;1400000101;2O2B2E2A2B2A2B2A2B2A2B;ruqrqrqrqr;0I0L010I0H0I66060;14 101ý%;0;0V;0I;0L;0H;0H;0H;0H;0H;0I;0H;0I;2O;2B;2E;2A;2B;2A;2B;2A;2B;2A;2B;0I;0L;01;0I;0H;0I;66;06;;;;0
297;0V0I1N0Z0H0H0H0H0I0H0I2O2B3G2S2A2B2A2B2C2A2B0--0I1N0Z010I0I0H6505;0V0I1N0Z0H0H0H0H0I0H0I2O2B3G2S2A2B2A2B2C2A2B0;0V0I1N0Z0H0H0H0H0I0H0I;>1ZB0000101;>;1ZB0000101;2O2B3G2S2A2B2A2B2C2A2B;r›qrqrsqr;0I1N0Z010I0I0H6505;1ZB 110ü$;0;0V;0I;1N;0Z;0H;0H;0H;0H;0I;0H;0I;2O;2B;3G;2S;2A;2B;2A;2B;2C;2A;2B;0I;1N;0Z;01;0I;0I;0H;65;05;;;
298;0V0K0J0H0H0H0H0H0I0H0I2O2D2C2A2B2A2B2A2B2A2B0--0K0J010I0H0I66060;0V0K0J0H0H0H0H0H0I0H0I2O2D2C2A2B2A2B2A2B2A2B0;0V0K0J0H0H0H0H0H0I0H0I;>3200000101;>;3200000101;2O2D2C2A2B2A2B2A2B2A2B;tsqrqrqrqr;0K0J010I0H0I66060;32 101ý%;0;0V;0K;0J;0H;0H;0H;0H;0H;0I;0H;0I;2O;2D;2C;2A;2B;2A;2B;2A;2B;2A;2B;0K;0J;01;0I;0H;0I;66;06;;;;0
299;0W0I0H0M0H0H0H0H0I0H0I2Q2C2B2G2B2C2B2C2D2B2C0--0I0H0M1A0I0H0I651E;0W0I0H0M0H0H0H0H0I0H0I2Q2C2B2G2B2C2B2C2D2B2C0;0W0I0H0M0H0H0H0H0I0H0I;?1050000101;?;1050000101;2Q2C2B2G2B2C2B2C2D2B2C;srwrsrstrs;0I0H0M1A0I0H0I651E;105M101üQ;0;0W;0I;0H;0M;0H;0H;0H;0H;0I;0H;0I;2Q;2C;2B;2G;2B;2C;2B;2C;2D;2B;2C;0I;0H;0M;1A;0I;0H;0I;65;1E;;;
300;0W0I120I0Y130H0H0I0H0I2Q2C2W2C2S2X2B2C2D2B2C0--0I120I0Y13180I0H0I631A0;0W0I120I0Y130H0H0I0H0I2Q2C2W2C2S2X2B2C2D2B2C0;0W0I120I0Y130H0H0I0H0I;?1E1AF00101;?;1E1AF00101;2Q2C2W2C2S2X2B2C2D2B2C;s‡srstrs;0I120I0Y13180I0H0I631A0;1E1AFK101úM;0;0W;0I;12;0I;0Y;13;0H;0H;0I;0H;0I;2Q;2C;2W;2C;2S;2X;2B;2C;2D;2B;2C;0I;12;0I;0Y;13;18;0I;0H;0I;63;1A;0
301;0W0J0L0H0H0H0H0H0I0H0I2Q2D2F2B2C2B2C2B2C2B2C0--0J0L010I0H0I66060;0W0J0L0H0H0H0H0H0I0H0I2Q2D2F2B2C2B2C2B2C2B2C0;0W0J0L0H0H0H0H0H0I0H0I;?2400000101;?;2400000101;2Q2D2F2B2C2B2C2B2C2B2C;tvrsrsrsrs;0J0L010I0H0I66060;24 101ý%;0;0W;0J;0L;0H;0H;0H;0H;0H;0I;0H;0I;2Q;2D;2F;2B;2C;2B;2C;2B;2C;2B;2C;0J;0L;01;0I;0H;0I;66;06;;;;0
302;0W161K1H1H170H0H0I0H0I2Q303E3B3C312B2C2D2B2C0--161K1H1H17180I0H0I631A0;0W161K1H1H170H0H0I0H0I2Q303E3B3C312B2C2D2B2C0;0W161K1H1H170H0H0I0H0I;?IWTTJ00101;?;IWTTJ00101;2Q303E3B3C312B2C2D2B2C;‹™–—Śrstrs;161K1H1H17180I0H0I631A0;IWTTJK101úM;0;0W;16;1K;1H;1H;17;0H;0H;0I;0H;0I;2Q;30;3E;3B;3C;31;2B;2C;2D;2B;2C;16;1K;1H;1H;17;18;0I;0H;0I;63;1A;0
303;0W1L1L181A170H0H0I0H0I2Q3F3G3234312B2C2D2B2C0--1L1L181A17180I0H0I631A0;0W1L1L181A170H0H0I0H0I2Q3F3G3234312B2C2D2B2C0;0W1L1L181A170H0H0I0H0I;?XXKMJ00101;?;XXKMJ00101;2Q3F3G3234312B2C2D2B2C;š›ŤŹŚrstrs;1L1L181A17180I0H0I631A0;XXKMJK101úM;0;0W;1L;1L;18;1A;17;0H;0H;0I;0H;0I;2Q;3F;3G;32;34;31;2B;2C;2D;2B;2C;1L;1L;18;1A;17;18;0I;0H;0I;63;1A;0
304;0X0I0N0H0H0H0H0H0I0H0I2S2D2I2C2D2C2D2C2D2C2D0--0I0N010I0H0I66060;0X0I0N0H0H0H0H0H0I0H0I2S2D2I2C2D2C2D2C2D2C2D0;0X0I0N0H0H0H0H0H0I0H0I;@1600000101;@;1600000101;2S2D2I2C2D2C2D2C2D2C2D;tystststst;0I0N010I0H0I66060;16 101ý%;0;0X;0I;0N;0H;0H;0H;0H;0H;0I;0H;0I;2S;2D;2I;2C;2D;2C;2D;2C;2D;2C;2D;0I;0N;01;0I;0H;0I;66;06;;;;0
305;0X0J0H0M0H0H0H0H0I0H0I2S2E2C2H2C2D2C2D2E2C2D0--0J0H0M1B0I0I0H651F;0X0J0H0M0H0H0H0H0I0H0I2S2E2C2H2C2D2C2D2E2C2D0;0X0J0H0M0H0H0H0H0I0H0I;@2050000101;@;2050000101;2S2E2C2H2C2D2C2D2E2C2D;usxststust;0J0H0M1B0I0I0H651F;205N110üR;0;0X;0J;0H;0M;0H;0H;0H;0H;0I;0H;0I;2S;2E;2C;2H;2C;2D;2C;2D;2E;2C;2D;0J;0H;0M;1B;0I;0I;0H;65;1F;;;
306;0X0K0L0H0H0H0H0H0I0H0I2S2F2G2C2D2C2D2C2D2C2D0--0K0L010I0H0I66060;0X0K0L0H0H0H0H0H0I0H0I2S2F2G2C2D2C2D2C2D2C2D0;0X0K0L0H0H0H0H0H0I0H0I;@3400000101;@;3400000101;2S2F2G2C2D2C2D2C2D2C2D;vwstststst;0K0L010I0H0I66060;34 101ý%;0;0X;0K;0L;0H;0H;0H;0H;0H;0I;0H;0I;2S;2F;2G;2C;2D;2C;2D;2C;2D;2C;2D;0K;0L;01;0I;0H;0I;66;06;;;;0
307;0Y0L0L0H0H0H0H0H0I0H0I2U2H2I2D2E2D2E2D2E2D2E0--0L0L010I0H0I66060;0Y0L0L0H0H0H0H0H0I0H0I2U2H2I2D2E2D2E2D2E2D2E0;0Y0L0L0H0H0H0H0H0I0H0I;A4400000101;A;4400000101;2U2H2I2D2E2D2E2D2E2D2E;…xytutututu;0L0L010I0H0I66060;44 101ý%;0;0Y;0L;0L;0H;0H;0H;0H;0H;0I;0H;0I;2U;2H;2I;2D;2E;2D;2E;2D;2E;2D;2E;0L;0L;01;0I;0H;0I;66;06;;;;0
308;0Z0I0J0N0H0H0H0H0I0H0I2W2F2G2K2E2F2E2F2G2E2F0--0I0J0N1D0I0I0H651H;0Z0I0J0N0H0H0H0H0I0H0I2W2F2G2K2E2F2E2F2G2E2F0;0Z0I0J0N0H0H0H0H0I0H0I;B1260000101;B;1260000101;2W2F2G2K2E2F2E2F2G2E2F;‡vw{uvuvwuv;0I0J0N1D0I0I0H651H;126P110üT;0;0Z;0I;0J;0N;0H;0H;0H;0H;0I;0H;0I;2W;2F;2G;2K;2E;2F;2E;2F;2G;2E;2F;0I;0J;0N;1D;0I;0I;0H;65;1H;;;
309;0Z0I0M0K0H0H0H0H0I0H0I2W2F2J2H2E2F2E2F2G2E2F0--0I0M0K1D0I0I0H651H;0Z0I0M0K0H0H0H0H0I0H0I2W2F2J2H2E2F2E2F2G2E2F0;0Z0I0M0K0H0H0H0H0I0H0I;B1530000101;B;1530000101;2W2F2J2H2E2F2E2F2G2E2F;‡vzxuvuvwuv;0I0M0K1D0I0I0H651H;153P110üT;0;0Z;0I;0M;0K;0H;0H;0H;0H;0I;0H;0I;2W;2F;2J;2H;2E;2F;2E;2F;2G;2E;2F;0I;0M;0K;1D;0I;0I;0H;65;1H;;;
310;0Z0J0O0H0H0H0H0H0I0H0I2W2G2L2E2F2E2F2E2F2E2F0--0J0O010I0H0I66060;0Z0J0O0H0H0H0H0H0I0H0I2W2G2L2E2F2E2F2E2F2E2F0;0Z0J0O0H0H0H0H0H0I0H0I;B2700000101;B;2700000101;2W2G2L2E2F2E2F2E2F2E2F;‡w|uvuvuvuv;0J0O010I0H0I66060;27 101ý%;0;0Z;0J;0O;0H;0H;0H;0H;0H;0I;0H;0I;2W;2G;2L;2E;2F;2E;2F;2E;2F;2E;2F;0J;0O;01;0I;0H;0I;66;06;;;;0
311;0Z0K0M0I0H0H0H0H0I0H0I2W2H2J2F2E2F2E2F2G2E2F0--0K0M0I1D0I0I0H651H;0Z0K0M0I0H0H0H0H0I0H0I2W2H2J2F2E2F2E2F2G2E2F0;0Z0K0M0I0H0H0H0H0I0H0I;B3510000101;B;3510000101;2W2H2J2F2E2F2E2F2G2E2F;‡xzvuvuvwuv;0K0M0I1D0I0I0H651H;351P110üT;0;0Z;0K;0M;0I;0H;0H;0H;0H;0I;0H;0I;2W;2H;2J;2F;2E;2F;2E;2F;2G;2E;2F;0K;0M;0I;1D;0I;0I;0H;65;1H;;;
312;0Z0O0J0H0H0H0H0H0I0H0I2W2L2G2E2F2E2F2E2F2E2F0--0O0J010I0H0I66060;0Z0O0J0H0H0H0H0H0I0H0I2W2L2G2E2F2E2F2E2F2E2F0;0Z0O0J0H0H0H0H0H0I0H0I;B7200000101;B;7200000101;2W2L2G2E2F2E2F2E2F2E2F;‡|wuvuvuvuv;0O0J010I0H0I66060;72 101ý%;0;0Z;0O;0J;0H;0H;0H;0H;0H;0I;0H;0I;2W;2L;2G;2E;2F;2E;2F;2E;2F;2E;2F;0O;0J;01;0I;0H;0I;66;06;;;;0
313;0Z0P0H0I0H0H0H0H0I0H0I2W2M2E2F2E2F2E2F2G2E2F0--0P0H0I1D0I0I0H651H;0Z0P0H0I0H0H0H0H0I0H0I2W2M2E2F2E2F2E2F2G2E2F0;0Z0P0H0I0H0H0H0H0I0H0I;B8010000101;B;8010000101;2W2M2E2F2E2F2E2F2G2E2F;‡}uvuvuvwuv;0P0H0I1D0I0I0H651H;801P110üT;0;0Z;0P;0H;0I;0H;0H;0H;0H;0I;0H;0I;2W;2M;2E;2F;2E;2F;2E;2F;2G;2E;2F;0P;0H;0I;1D;0I;0I;0H;65;1H;;;
314;0Z1N1A1E1G170H0H0I0H0I2W3K373B3D342E2F2G2E2F0--1N1A1E1G171B0I0I0H631D0;0Z1N1A1E1G170H0H0I0H0I2W3K373B3D342E2F2G2E2F0;0Z1N1A1E1G170H0H0I0H0I;BZMQSJ00101;B;ZMQSJ00101;2W3K373B3D342E2F2G2E2F;‡ź’–Źuvwuv;1N1A1E1G171B0I0I0H631D0;ZMQSJN110úP;0;0Z;1N;1A;1E;1G;17;0H;0H;0I;0H;0I;2W;3K;37;3B;3D;34;2E;2F;2G;2E;2F;1N;1A;1E;1G;17;1B;0I;0I;0H;63;1D;0
315;100I0H0Q0H0H0H0H0I0H0I2Y2G2F2O2F2G2F2G2H2F2G0--0I0H0Q1E0I0H0I651I;100I0H0Q0H0H0H0H0I0H0I2Y2G2F2O2F2G2F2G2H2F2G0;100I0H0Q0H0H0H0H0I0H0I;C1090000101;C;1090000101;2Y2G2F2O2F2G2F2G2H2F2G;‰wvvwvwxvw;0I0H0Q1E0I0H0I651I;109Q101üU;0;10;0I;0H;0Q;0H;0H;0H;0H;0I;0H;0I;2Y;2G;2F;2O;2F;2G;2F;2G;2H;2F;2G;0I;0H;0Q;1E;0I;0H;0I;65;1I;;;
316;100I0J0O0H0H0H0H0I0H0I2Y2G2H2M2F2G2F2G2H2F2G0--0I0J0O1E0I0H0I651I;100I0J0O0H0H0H0H0I0H0I2Y2G2H2M2F2G2F2G2H2F2G0;100I0J0O0H0H0H0H0I0H0I;C1270000101;C;1270000101;2Y2G2H2M2F2G2F2G2H2F2G;‰wx}vwvwxvw;0I0J0O1E0I0H0I651I;127Q101üU;0;10;0I;0J;0O;0H;0H;0H;0H;0I;0H;0I;2Y;2G;2H;2M;2F;2G;2F;2G;2H;2F;2G;0I;0J;0O;1E;0I;0H;0I;65;1I;;;
317;100I0Q0H0H0H0H0H0I0H0I2Y2G2O2F2G2F2G2F2G2F2G0--0I0Q010I0H0I66060;100I0Q0H0H0H0H0H0I0H0I2Y2G2O2F2G2F2G2F2G2F2G0;100I0Q0H0H0H0H0H0I0H0I;C1900000101;C;1900000101;2Y2G2O2F2G2F2G2F2G2F2G;‰wvwvwvwvw;0I0Q010I0H0I66060;19 101ý%;0;10;0I;0Q;0H;0H;0H;0H;0H;0I;0H;0I;2Y;2G;2O;2F;2G;2F;2G;2F;2G;2F;2G;0I;0Q;01;0I;0H;0I;66;06;;;;0
318;100J0I0O0H0H0H0H0I0H0I2Y2H2G2M2F2G2F2G2H2F2G0--0J0I0O1E0I0H0I651I;100J0I0O0H0H0H0H0I0H0I2Y2H2G2M2F2G2F2G2H2F2G0;100J0I0O0H0H0H0H0I0H0I;C2170000101;C;2170000101;2Y2H2G2M2F2G2F2G2H2F2G;‰xw}vwvwxvw;0J0I0O1E0I0H0I651I;217Q101üU;0;10;0J;0I;0O;0H;0H;0H;0H;0I;0H;0I;2Y;2H;2G;2M;2F;2G;2F;2G;2H;2F;2G;0J;0I;0O;1E;0I;0H;0I;65;1I;;;
319;100J0K0M0H0H0H0H0I0H0I2Y2H2I2K2F2G2F2G2H2F2G0--0J0K0M1E0I0H0I651I;100J0K0M0H0H0H0H0I0H0I2Y2H2I2K2F2G2F2G2H2F2G0;100J0K0M0H0H0H0H0I0H0I;C2350000101;C;2350000101;2Y2H2I2K2F2G2F2G2H2F2G;‰xy{vwvwxvw;0J0K0M1E0I0H0I651I;235Q101üU;0;10;0J;0K;0M;0H;0H;0H;0H;0I;0H;0I;2Y;2H;2I;2K;2F;2G;2F;2G;2H;2F;2G;0J;0K;0M;1E;0I;0H;0I;65;1I;;;
320;100P0J0H0H0H0H0H0I0H0I2Y2N2H2F2G2F2G2F2G2F2G0--0P0J010I0H0I66060;100P0J0H0H0H0H0H0I0H0I2Y2N2H2F2G2F2G2F2G2F2G0;100P0J0H0H0H0H0H0I0H0I;C8200000101;C;8200000101;2Y2N2H2F2G2F2G2F2G2F2G;‰~xvwvwvwvw;0P0J010I0H0I66060;82 101ý%;0;10;0P;0J;0H;0H;0H;0H;0H;0I;0H;0I;2Y;2N;2H;2F;2G;2F;2G;2F;2G;2F;2G;0P;0J;01;0I;0H;0I;66;06;;;;0
321;100Q0I0H0H0H0H0H0I0H0I2Y2O2G2F2G2F2G2F2G2F2G0--0Q0I010I0H0I66060;100Q0I0H0H0H0H0H0I0H0I2Y2O2G2F2G2F2G2F2G2F2G0;100Q0I0H0H0H0H0H0I0H0I;C9100000101;C;9100000101;2Y2O2G2F2G2F2G2F2G2F2G;‰wvwvwvwvw;0Q0I010I0H0I66060;91 101ý%;0;10;0Q;0I;0H;0H;0H;0H;0H;0I;0H;0I;2Y;2O;2G;2F;2G;2F;2G;2F;2G;2F;2G;0Q;0I;01;0I;0H;0I;66;06;;;;0
322;110I0K0O0H0H0H0H0I0H0I302H2J2N2G2H2G2H2I2G2H0--0I0K0O1F0I0I0H651J;110I0K0O0H0H0H0H0I0H0I302H2J2N2G2H2G2H2I2G2H0;110I0K0O0H0H0H0H0I0H0I;D1370000101;D;1370000101;302H2J2N2G2H2G2H2I2G2H;‹xz~wxwxywx;0I0K0O1F0I0I0H651J;137R110üV;0;11;0I;0K;0O;0H;0H;0H;0H;0I;0H;0I;30;2H;2J;2N;2G;2H;2G;2H;2I;2G;2H;0I;0K;0O;1F;0I;0I;0H;65;1J;;;
323;110K0P0H0H0H0H0H0I0H0I302J2O2G2H2G2H2G2H2G2H0--0K0P020I0I0H66070;110K0P0H0H0H0H0H0I0H0I302J2O2G2H2G2H2G2H2G2H0;110K0P0H0H0H0H0H0I0H0I;D3800000101;D;3800000101;302J2O2G2H2G2H2G2H2G2H;‹zwxwxwxwx;0K0P020I0I0H66070;38!110ý&;0;11;0K;0P;0H;0H;0H;0H;0H;0I;0H;0I;30;2J;2O;2G;2H;2G;2H;2G;2H;2G;2H;0K;0P;02;0I;0I;0H;66;07;;;;0
324;110O0L0H0H0H0H0H0I0H0I302N2K2G2H2G2H2G2H2G2H0--0O0L020I0I0H66070;110O0L0H0H0H0H0H0I0H0I302N2K2G2H2G2H2G2H2G2H0;110O0L0H0H0H0H0H0I0H0I;D7400000101;D;7400000101;302N2K2G2H2G2H2G2H2G2H;‹~{wxwxwxwx;0O0L020I0I0H66070;74!110ý&;0;11;0O;0L;0H;0H;0H;0H;0H;0I;0H;0I;30;2N;2K;2G;2H;2G;2H;2G;2H;2G;2H;0O;0L;02;0I;0I;0H;66;07;;;;0
325;120I0L0O0H0H0H0H0I0H0I322I2L2O2H2I2H2I2J2H2I0--0I0L0O1G0I0H0I651K;120I0L0O0H0H0H0H0I0H0I322I2L2O2H2I2H2I2J2H2I0;120I0L0O0H0H0H0H0I0H0I;E1470000101;E;1470000101;322I2L2O2H2I2H2I2J2H2I;Ťy|xyxyzxy;0I0L0O1G0I0H0I651K;147S101üW;0;12;0I;0L;0O;0H;0H;0H;0H;0I;0H;0I;32;2I;2L;2O;2H;2I;2H;2I;2J;2H;2I;0I;0L;0O;1G;0I;0H;0I;65;1K;;;
326;120I0M0N0H0H0H0H0I0H0I322I2M2N2H2I2H2I2J2H2I0--0I0M0N1G0I0H0I651K;120I0M0N0H0H0H0H0I0H0I322I2M2N2H2I2H2I2J2H2I0;120I0M0N0H0H0H0H0I0H0I;E1560000101;E;1560000101;322I2M2N2H2I2H2I2J2H2I;Ťy}~xyxyzxy;0I0M0N1G0I0H0I651K;156S101üW;0;12;0I;0M;0N;0H;0H;0H;0H;0I;0H;0I;32;2I;2M;2N;2H;2I;2H;2I;2J;2H;2I;0I;0M;0N;1G;0I;0H;0I;65;1K;;;
327;120I0P0K0H0H0H0H0I0H0I322I2P2K2H2I2H2I2J2H2I0--0I0P0K1G0I0H0I651K;120I0P0K0H0H0H0H0I0H0I322I2P2K2H2I2H2I2J2H2I0;120I0P0K0H0H0H0H0I0H0I;E1830000101;E;1830000101;322I2P2K2H2I2H2I2J2H2I;Ťy€{xyxyzxy;0I0P0K1G0I0H0I651K;183S101üW;0;12;0I;0P;0K;0H;0H;0H;0H;0I;0H;0I;32;2I;2P;2K;2H;2I;2H;2I;2J;2H;2I;0I;0P;0K;1G;0I;0H;0I;65;1K;;;
328;120I0Q0J0H0H0H0H0I0H0I322I2Q2J2H2I2H2I2J2H2I0--0I0Q0J1G0I0H0I651K;120I0Q0J0H0H0H0H0I0H0I322I2Q2J2H2I2H2I2J2H2I0;120I0Q0J0H0H0H0H0I0H0I;E1920000101;E;1920000101;322I2Q2J2H2I2H2I2J2H2I;Ťyzxyxyzxy;0I0Q0J1G0I0H0I651K;192S101üW;0;12;0I;0Q;0J;0H;0H;0H;0H;0I;0H;0I;32;2I;2Q;2J;2H;2I;2H;2I;2J;2H;2I;0I;0Q;0J;1G;0I;0H;0I;65;1K;;;
329;120J12130H140H0H0I0H0I322J32332H342H2I2J2H2I0--0J12130H141E0I0H0I631G0;120J12130H140H0H0I0H0I322J32332H342H2I2J2H2I0;120J12130H140H0H0I0H0I;E2EF0G00101;E;2EF0G00101;322J32332H342H2I2J2H2I;ŤzŤŽxŹxyzxy;0J12130H141E0I0H0I631G0;2EF0GQ101úS;0;12;0J;12;13;0H;14;0H;0H;0I;0H;0I;32;2J;32;33;2H;34;2H;2I;2J;2H;2I;0J;12;13;0H;14;1E;0I;0H;0I;63;1G;0
330;120K0Q0H0H0H0H0H0I0H0I322K2Q2H2I2H2I2H2I2H2I0--0K0Q030I0H0I66080;120K0Q0H0H0H0H0H0I0H0I322K2Q2H2I2H2I2H2I2H2I0;120K0Q0H0H0H0H0H0I0H0I;E3900000101;E;3900000101;322K2Q2H2I2H2I2H2I2H2I;Ť{xyxyxyxy;0K0Q030I0H0I66080;"39""101ý'";0;12;0K;0Q;0H;0H;0H;0H;0H;0I;0H;0I;32;2K;2Q;2H;2I;2H;2I;2H;2I;2H;2I;0K;0Q;03;0I;0H;0I;66;08;;;;0
331;120L0I0O0H0H0H0H0I0H0I322L2I2O2H2I2H2I2J2H2I0--0L0I0O1G0I0H0I651K;120L0I0O0H0H0H0H0I0H0I322L2I2O2H2I2H2I2J2H2I0;120L0I0O0H0H0H0H0I0H0I;E4170000101;E;4170000101;322L2I2O2H2I2H2I2J2H2I;Ť|yxyxyzxy;0L0I0O1G0I0H0I651K;417S101üW;0;12;0L;0I;0O;0H;0H;0H;0H;0I;0H;0I;32;2L;2I;2O;2H;2I;2H;2I;2J;2H;2I;0L;0I;0O;1G;0I;0H;0I;65;1K;;;
332;120L0K0M0H0H0H0H0I0H0I322L2K2M2H2I2H2I2J2H2I0--0L0K0M1G0I0H0I651K;120L0K0M0H0H0H0H0I0H0I322L2K2M2H2I2H2I2J2H2I0;120L0K0M0H0H0H0H0I0H0I;E4350000101;E;4350000101;322L2K2M2H2I2H2I2J2H2I;Ť|{}xyxyzxy;0L0K0M1G0I0H0I651K;435S101üW;0;12;0L;0K;0M;0H;0H;0H;0H;0I;0H;0I;32;2L;2K;2M;2H;2I;2H;2I;2J;2H;2I;0L;0K;0M;1G;0I;0H;0I;65;1K;;;
333;120L120O1D0L0H0H0I0H0I322L322O3D2L2H2I2J2H2I0--0L120O1D0L1E0I0H0I631G0;120L120O1D0L0H0H0I0H0I322L322O3D2L2H2I2J2H2I0;120L120O1D0L0H0H0I0H0I;E4E7P400101;E;4E7P400101;322L322O3D2L2H2I2J2H2I;Ť|Ť|xyzxy;0L120O1D0L1E0I0H0I631G0;4E7P4Q101úS;0;12;0L;12;0O;1D;0L;0H;0H;0I;0H;0I;32;2L;32;2O;3D;2L;2H;2I;2J;2H;2I;0L;12;0O;1D;0L;1E;0I;0H;0I;63;1G;0
334;130I0K0Q0H0H0H0H0I0H0I342J2L2R2I2J2I2J2K2I2J0--0I0K0Q1H0I0I0H651L;130I0K0Q0H0H0H0H0I0H0I342J2L2R2I2J2I2J2K2I2J0;130I0K0Q0H0H0H0H0I0H0I;F1390000101;F;1390000101;342J2L2R2I2J2I2J2K2I2J;Źz|‚yzyz{yz;0I0K0Q1H0I0I0H651L;139T110üX;0;13;0I;0K;0Q;0H;0H;0H;0H;0I;0H;0I;34;2J;2L;2R;2I;2J;2I;2J;2K;2I;2J;0I;0K;0Q;1H;0I;0I;0H;65;1L;;;
335;130I0L0P0H0H0H0H0I0H0I342J2M2Q2I2J2I2J2K2I2J0--0I0L0P1H0I0I0H651L;130I0L0P0H0H0H0H0I0H0I342J2M2Q2I2J2I2J2K2I2J0;130I0L0P0H0H0H0H0I0H0I;F1480000101;F;1480000101;342J2M2Q2I2J2I2J2K2I2J;Źz}yzyz{yz;0I0L0P1H0I0I0H651L;148T110üX;0;13;0I;0L;0P;0H;0H;0H;0H;0I;0H;0I;34;2J;2M;2Q;2I;2J;2I;2J;2K;2I;2J;0I;0L;0P;1H;0I;0I;0H;65;1L;;;
336;130I0M0O0H0H0H0H0I0H0I342J2N2P2I2J2I2J2K2I2J0--0I0M0O1H0I0I0H651L;130I0M0O0H0H0H0H0I0H0I342J2N2P2I2J2I2J2K2I2J0;130I0M0O0H0H0H0H0I0H0I;F1570000101;F;1570000101;342J2N2P2I2J2I2J2K2I2J;Źz~€yzyz{yz;0I0M0O1H0I0I0H651L;157T110üX;0;13;0I;0M;0O;0H;0H;0H;0H;0I;0H;0I;34;2J;2N;2P;2I;2J;2I;2J;2K;2I;2J;0I;0M;0O;1H;0I;0I;0H;65;1L;;;
337;130I0N0N0H0H0H0H0I0H0I342J2O2P2I2J2I2J2K2I2J0--0I0N0N1H0I0I0H651L;130I0N0N0H0H0H0H0I0H0I342J2O2P2I2J2I2J2K2I2J0;130I0N0N0H0H0H0H0I0H0I;F1660000101;F;1660000101;342J2O2P2I2J2I2J2K2I2J;Źz€yzyz{yz;0I0N0N1H0I0I0H651L;166T110üX;0;13;0I;0N;0N;0H;0H;0H;0H;0I;0H;0I;34;2J;2O;2P;2I;2J;2I;2J;2K;2I;2J;0I;0N;0N;1H;0I;0I;0H;65;1L;;;
338;130I0O0M0H0H0H0H0I0H0I342J2P2N2I2J2I2J2K2I2J0--0I0O0M1H0I0I0H651L;130I0O0M0H0H0H0H0I0H0I342J2P2N2I2J2I2J2K2I2J0;130I0O0M0H0H0H0H0I0H0I;F1750000101;F;1750000101;342J2P2N2I2J2I2J2K2I2J;Źz€~yzyz{yz;0I0O0M1H0I0I0H651L;175T110üX;0;13;0I;0O;0M;0H;0H;0H;0H;0I;0H;0I;34;2J;2P;2N;2I;2J;2I;2J;2K;2I;2J;0I;0O;0M;1H;0I;0I;0H;65;1L;;;
339;130I120Z0M150H0H0I0H0I342J33302N362I2J2K2I2J0--0I120Z0M151F0I0I0H631H0;130I120Z0M150H0H0I0H0I342J33302N362I2J2K2I2J0;130I120Z0M150H0H0I0H0I;F1EB5H00101;F;1EB5H00101;342J33302N362I2J2K2I2J;ŹzŽ‹~‘yz{yz;0I120Z0M151F0I0I0H631H0;1EB5HR110úT;0;13;0I;12;0Z;0M;15;0H;0H;0I;0H;0I;34;2J;33;30;2N;36;2I;2J;2K;2I;2J;0I;12;0Z;0M;15;1F;0I;0I;0H;63;1H;0
340;130J0L0O0H0H0H0H0I0H0I342K2M2P2I2J2I2J2K2I2J0--0J0L0O1H0I0I0H651L;130J0L0O0H0H0H0H0I0H0I342K2M2P2I2J2I2J2K2I2J0;130J0L0O0H0H0H0H0I0H0I;F2470000101;F;2470000101;342K2M2P2I2J2I2J2K2I2J;Ź{}€yzyz{yz;0J0L0O1H0I0I0H651L;247T110üX;0;13;0J;0L;0O;0H;0H;0H;0H;0I;0H;0I;34;2K;2M;2P;2I;2J;2I;2J;2K;2I;2J;0J;0L;0O;1H;0I;0I;0H;65;1L;;;
341;130J0M0N0H0H0H0H0I0H0I342K2N2O2I2J2I2J2K2I2J0--0J0M0N1H0I0I0H651L;130J0M0N0H0H0H0H0I0H0I342K2N2O2I2J2I2J2K2I2J0;130J0M0N0H0H0H0H0I0H0I;F2560000101;F;2560000101;342K2N2O2I2J2I2J2K2I2J;Ź{~yzyz{yz;0J0M0N1H0I0I0H651L;256T110üX;0;13;0J;0M;0N;0H;0H;0H;0H;0I;0H;0I;34;2K;2N;2O;2I;2J;2I;2J;2K;2I;2J;0J;0M;0N;1H;0I;0I;0H;65;1L;;;
342;130L0Q0H0H0H0H0H0I0H0I342M2R2I2J2I2J2I2J2I2J0--0L0Q040I0I0H66090;130L0Q0H0H0H0H0H0I0H0I342M2R2I2J2I2J2I2J2I2J0;130L0Q0H0H0H0H0H0I0H0I;F4900000101;F;4900000101;342M2R2I2J2I2J2I2J2I2J;Ź}‚yzyzyzyz;0L0Q040I0I0H66090;49#110ý(;0;13;0L;0Q;0H;0H;0H;0H;0H;0I;0H;0I;34;2M;2R;2I;2J;2I;2J;2I;2J;2I;2J;0L;0Q;04;0I;0I;0H;66;09;;;;0
343;130N0O0H0H0H0H0H0I0H0I342O2P2I2J2I2J2I2J2I2J0--0N0O040I0I0H66090;130N0O0H0H0H0H0H0I0H0I342O2P2I2J2I2J2I2J2I2J0;130N0O0H0H0H0H0H0I0H0I;F6700000101;F;6700000101;342O2P2I2J2I2J2I2J2I2J;Ź€yzyzyzyz;0N0O040I0I0H66090;67#110ý(;0;13;0N;0O;0H;0H;0H;0H;0H;0I;0H;0I;34;2O;2P;2I;2J;2I;2J;2I;2J;2I;2J;0N;0O;04;0I;0I;0H;66;09;;;;0
344;130P0L0I0H0H0H0H0I0H0I342Q2M2J2I2J2I2J2K2I2J0--0P0L0I1H0I0I0H651L;130P0L0I0H0H0H0H0I0H0I342Q2M2J2I2J2I2J2K2I2J0;130P0L0I0H0H0H0H0I0H0I;F8410000101;F;8410000101;342Q2M2J2I2J2I2J2K2I2J;Ź}zyzyz{yz;0P0L0I1H0I0I0H651L;841T110üX;0;13;0P;0L;0I;0H;0H;0H;0H;0I;0H;0I;34;2Q;2M;2J;2I;2J;2I;2J;2K;2I;2J;0P;0L;0I;1H;0I;0I;0H;65;1L;;;
345;140I0L0Q0H0H0H0H0I0H0I362K2N2S2J2K2J2K2L2J2K0--0I0L0Q1I0I0H0I651M;140I0L0Q0H0H0H0H0I0H0I362K2N2S2J2K2J2K2L2J2K0;140I0L0Q0H0H0H0H0I0H0I;G1490000101;G;1490000101;362K2N2S2J2K2J2K2L2J2K;‘{~z{z{|z{;0I0L0Q1I0I0H0I651M;149U101üY;0;14;0I;0L;0Q;0H;0H;0H;0H;0I;0H;0I;36;2K;2N;2S;2J;2K;2J;2K;2L;2J;2K;0I;0L;0Q;1I;0I;0H;0I;65;1M;;;
346;140I0M0P0H0H0H0H0I0H0I362K2O2R2J2K2J2K2L2J2K0--0I0M0P1I0I0H0I651M;140I0M0P0H0H0H0H0I0H0I362K2O2R2J2K2J2K2L2J2K0;140I0M0P0H0H0H0H0I0H0I;G1580000101;G;1580000101;362K2O2R2J2K2J2K2L2J2K;‘{‚z{z{|z{;0I0M0P1I0I0H0I651M;158U101üY;0;14;0I;0M;0P;0H;0H;0H;0H;0I;0H;0I;36;2K;2O;2R;2J;2K;2J;2K;2L;2J;2K;0I;0M;0P;1I;0I;0H;0I;65;1M;;;
347;140I0N0O0H0H0H0H0I0H0I362K2P2Q2J2K2J2K2L2J2K0--0I0N0O1I0I0H0I651M;140I0N0O0H0H0H0H0I0H0I362K2P2Q2J2K2J2K2L2J2K0;140I0N0O0H0H0H0H0I0H0I;G1670000101;G;1670000101;362K2P2Q2J2K2J2K2L2J2K;‘{€z{z{|z{;0I0N0O1I0I0H0I651M;167U101üY;0;14;0I;0N;0O;0H;0H;0H;0H;0I;0H;0I;36;2K;2P;2Q;2J;2K;2J;2K;2L;2J;2K;0I;0N;0O;1I;0I;0H;0I;65;1M;;;
348;140I120Z0L170H0H0I0H0I362K34312N392J2K2L2J2K0--0I120Z0L171G0I0H0I631I0;140I120Z0L170H0H0I0H0I362K34312N392J2K2L2J2K0;140I120Z0L170H0H0I0H0I;G1EB4J00101;G;1EB4J00101;362K34312N392J2K2L2J2K;‘{ŹŚ~”z{|z{;0I120Z0L171G0I0H0I631I0;1EB4JS101úU;0;14;0I;12;0Z;0L;17;0H;0H;0I;0H;0I;36;2K;34;31;2N;39;2J;2K;2L;2J;2K;0I;12;0Z;0L;17;1G;0I;0H;0I;63;1I;0
349;140M0Q0H0H0H0H0H0I0H0I362O2S2J2K2J2K2J2K2J2K0--0M0Q050I0H0I660A0;140M0Q0H0H0H0H0H0I0H0I362O2S2J2K2J2K2J2K2J2K0;140M0Q0H0H0H0H0H0I0H0I;G5900000101;G;5900000101;362O2S2J2K2J2K2J2K2J2K;‘z{z{z{z{;0M0Q050I0H0I660A0;59$101ý);0;14;0M;0Q;0H;0H;0H;0H;0H;0I;0H;0I;36;2O;2S;2J;2K;2J;2K;2J;2K;2J;2K;0M;0Q;05;0I;0H;0I;66;0A;;;;0
350;140O0O0H0H0H0H0H0I0H0I362Q2R2J2K2J2K2J2K2J2K0--0O0O050I0H0I660A0;140O0O0H0H0H0H0H0I0H0I362Q2R2J2K2J2K2J2K2J2K0;140O0O0H0H0H0H0H0I0H0I;G7700000101;G;7700000101;362Q2R2J2K2J2K2J2K2J2K;‘‚z{z{z{z{;0O0O050I0H0I660A0;77$101ý);0;14;0O;0O;0H;0H;0H;0H;0H;0I;0H;0I;36;2Q;2R;2J;2K;2J;2K;2J;2K;2J;2K;0O;0O;05;0I;0H;0I;66;0A;;;;0
351;140Q0L0I0H0H0H0H0I0H0I362S2N2K2J2K2J2K2L2J2K0--0Q0L0I1I0I0H0I651M;140Q0L0I0H0H0H0H0I0H0I362S2N2K2J2K2J2K2L2J2K0;140Q0L0I0H0H0H0H0I0H0I;G9410000101;G;9410000101;362S2N2K2J2K2J2K2L2J2K;‘~{z{z{|z{;0Q0L0I1I0I0H0I651M;941U101üY;0;14;0Q;0L;0I;0H;0H;0H;0H;0I;0H;0I;36;2S;2N;2K;2J;2K;2J;2K;2L;2J;2K;0Q;0L;0I;1I;0I;0H;0I;65;1M;;;
352;150I0N0P0H0H0H0H0I0H0I382L2Q2S2K2L2K2L2M2K2L0--0I0N0P1J0I0I0H651N;150I0N0P0H0H0H0H0I0H0I382L2Q2S2K2L2K2L2M2K2L0;150I0N0P0H0H0H0H0I0H0I;H1680000101;H;1680000101;382L2Q2S2K2L2K2L2M2K2L;“|{|{|}{|;0I0N0P1J0I0I0H651N;168V110üZ;0;15;0I;0N;0P;0H;0H;0H;0H;0I;0H;0I;38;2L;2Q;2S;2K;2L;2K;2L;2M;2K;2L;0I;0N;0P;1J;0I;0I;0H;65;1N;;;
353;150I0O0O0H0H0H0H0I0H0I382L2R2S2K2L2K2L2M2K2L0--0I0O0O1J0I0I0H651N;150I0O0O0H0H0H0H0I0H0I382L2R2S2K2L2K2L2M2K2L0;150I0O0O0H0H0H0H0I0H0I;H1770000101;H;1770000101;382L2R2S2K2L2K2L2M2K2L;“|‚{|{|}{|;0I0O0O1J0I0I0H651N;177V110üZ;0;15;0I;0O;0O;0H;0H;0H;0H;0I;0H;0I;38;2L;2R;2S;2K;2L;2K;2L;2M;2K;2L;0I;0O;0O;1J;0I;0I;0H;65;1N;;;
354;150K0O0M0H0H0H0H0I0H0I382N2R2P2K2L2K2L2M2K2L0--0K0O0M1J0I0I0H651N;150K0O0M0H0H0H0H0I0H0I382N2R2P2K2L2K2L2M2K2L0;150K0O0M0H0H0H0H0I0H0I;H3750000101;H;3750000101;382N2R2P2K2L2K2L2M2K2L;“~‚€{|{|}{|;0K0O0M1J0I0I0H651N;375V110üZ;0;15;0K;0O;0M;0H;0H;0H;0H;0I;0H;0I;38;2N;2R;2P;2K;2L;2K;2L;2M;2K;2L;0K;0O;0M;1J;0I;0I;0H;65;1N;;;
355;151I1D1N1F170H0H0I0H0I383L3G3Q3I3A2K2L2M2K2L0--1I1D1N1F171H0I0I0H631J0;151I1D1N1F170H0H0I0H0I383L3G3Q3I3A2K2L2M2K2L0;151I1D1N1F170H0H0I0H0I;HUPZRJ00101;H;UPZRJ00101;383L3G3Q3I3A2K2L2M2K2L;“ ›Ąť•{|}{|;1I1D1N1F171H0I0I0H631J0;UPZRJT110úV;0;15;1I;1D;1N;1F;17;0H;0H;0I;0H;0I;38;3L;3G;3Q;3I;3A;2K;2L;2M;2K;2L;1I;1D;1N;1F;17;1H;0I;0I;0H;63;1J;0
356;160I0P0O0H0H0H0H0I0H0I3A2M2T2S2L2M2L2M2N2L2M0--0I0P0O1K0I0H0I651O;160I0P0O0H0H0H0H0I0H0I3A2M2T2S2L2M2L2M2N2L2M0;160I0P0O0H0H0H0H0I0H0I;I1870000101;I;1870000101;3A2M2T2S2L2M2L2M2N2L2M;•}„|}|}~|};0I0P0O1K0I0H0I651O;187W101ü[;0;16;0I;0P;0O;0H;0H;0H;0H;0I;0H;0I;3A;2M;2T;2S;2L;2M;2L;2M;2N;2L;2M;0I;0P;0O;1K;0I;0H;0I;65;1O;;;
357;160I0Q0N0H0H0H0H0I0H0I3A2M2U2R2L2M2L2M2N2L2M0--0I0Q0N1K0I0H0I651O;160I0Q0N0H0H0H0H0I0H0I3A2M2U2R2L2M2L2M2N2L2M0;160I0Q0N0H0H0H0H0I0H0I;I1960000101;I;1960000101;3A2M2U2R2L2M2L2M2N2L2M;•}…‚|}|}~|};0I0Q0N1K0I0H0I651O;196W101ü[;0;16;0I;0Q;0N;0H;0H;0H;0H;0I;0H;0I;3A;2M;2U;2R;2L;2M;2L;2M;2N;2L;2M;0I;0Q;0N;1K;0I;0H;0I;65;1O;;;
358;160P0P0H0H0H0H0H0I0H0I3A2T2U2L2M2L2M2L2M2L2M0--0P0P070I0H0I660C0;160P0P0H0H0H0H0H0I0H0I3A2T2U2L2M2L2M2L2M2L2M0;160P0P0H0H0H0H0H0I0H0I;I8800000101;I;8800000101;3A2T2U2L2M2L2M2L2M2L2M;•„…|}|}|}|};0P0P070I0H0I660C0;88&101ý+;0;16;0P;0P;0H;0H;0H;0H;0H;0I;0H;0I;3A;2T;2U;2L;2M;2L;2M;2L;2M;2L;2M;0P;0P;07;0I;0H;0I;66;0C;;;;0
359;160Q0O0H0H0H0H0H0I0H0I3A2U2S2L2M2L2M2L2M2L2M0--0Q0O070I0H0I660C0;160Q0O0H0H0H0H0H0I0H0I3A2U2S2L2M2L2M2L2M2L2M0;160Q0O0H0H0H0H0H0I0H0I;I9700000101;I;9700000101;3A2U2S2L2M2L2M2L2M2L2M;•…|}|}|}|};0Q0O070I0H0I660C0;97&101ý+;0;16;0Q;0O;0H;0H;0H;0H;0H;0I;0H;0I;3A;2U;2S;2L;2M;2L;2M;2L;2M;2L;2M;0Q;0O;07;0I;0H;0I;66;0C;;;;0
360;170I0O0Q0H0H0H0H0I0H0I3C2N2T2V2M2N2M2N2O2M2N0--0I0O0Q1L0I0I0H651P;170I0O0Q0H0H0H0H0I0H0I3C2N2T2V2M2N2M2N2O2M2N0;170I0O0Q0H0H0H0H0I0H0I;J1790000101;J;1790000101;3C2N2T2V2M2N2M2N2O2M2N;—~„†}~}~}~;0I0O0Q1L0I0I0H651P;179X110ü\;0;17;0I;0O;0Q;0H;0H;0H;0H;0I;0H;0I;3C;2N;2T;2V;2M;2N;2M;2N;2O;2M;2N;0I;0O;0Q;1L;0I;0I;0H;65;1P;;;
361;170K120Y0O160H0H0I0H0I3C2P37332T3B2M2N2O2M2N0--0K120Y0O161J0I0I0H631L0;170K120Y0O160H0H0I0H0I3C2P37332T3B2M2N2O2M2N0;170K120Y0O160H0H0I0H0I;J3EA7I00101;J;3EA7I00101;3C2P37332T3B2M2N2O2M2N;—€’Ž„–}~}~;0K120Y0O161J0I0I0H631L0;3EA7IV110úX;0;17;0K;12;0Y;0O;16;0H;0H;0I;0H;0I;3C;2P;37;33;2T;3B;2M;2N;2O;2M;2N;0K;12;0Y;0O;16;1J;0I;0I;0H;63;1L;0
362;180I0P0Q0H0H0H0H0I0H0I3E2O2V2W2N2O2N2O2P2N2O0--0I0P0Q1M0I0H0I651Q;180I0P0Q0H0H0H0H0I0H0I3E2O2V2W2N2O2N2O2P2N2O0;180I0P0Q0H0H0H0H0I0H0I;K1890000101;K;1890000101;3E2O2V2W2N2O2N2O2P2N2O;™†‡~~€~;0I0P0Q1M0I0H0I651Q;189Y101ü];0;18;0I;0P;0Q;0H;0H;0H;0H;0I;0H;0I;3E;2O;2V;2W;2N;2O;2N;2O;2P;2N;2O;0I;0P;0Q;1M;0I;0H;0I;65;1Q;;;
363;180I0Q0P0H0H0H0H0I0H0I3E2O2W2V2N2O2N2O2P2N2O0--0I0Q0P1M0I0H0I651Q;180I0Q0P0H0H0H0H0I0H0I3E2O2W2V2N2O2N2O2P2N2O0;180I0Q0P0H0H0H0H0I0H0I;K1980000101;K;1980000101;3E2O2W2V2N2O2N2O2P2N2O;™‡†~~€~;0I0Q0P1M0I0H0I651Q;198Y101ü];0;18;0I;0Q;0P;0H;0H;0H;0H;0I;0H;0I;3E;2O;2W;2V;2N;2O;2N;2O;2P;2N;2O;0I;0Q;0P;1M;0I;0H;0I;65;1Q;;;
364;180Q0Q0H0H0H0H0H0I0H0I3E2W2X2N2O2N2O2N2O2N2O0--0Q0Q090I0H0I660E0;180Q0Q0H0H0H0H0H0I0H0I3E2W2X2N2O2N2O2N2O2N2O0;180Q0Q0H0H0H0H0H0I0H0I;K9900000101;K;9900000101;3E2W2X2N2O2N2O2N2O2N2O;™‡~~~~;0Q0Q090I0H0I660E0;99(101ý-;0;18;0Q;0Q;0H;0H;0H;0H;0H;0I;0H;0I;3E;2W;2X;2N;2O;2N;2O;2N;2O;2N;2O;0Q;0Q;09;0I;0H;0I;66;0E;;;;0
365;190I0I0Y0H0H0H0H0I0H0I3G2P2Q352O2P2O2P2Q2O2P0--0I0I0Y1N0I0I0H651R;190I0I0Y0H0H0H0H0I0H0I3G2P2Q352O2P2O2P2Q2O2P0;190I0I0Y0H0H0H0H0I0H0I;L11A0000101;L;11A0000101;3G2P2Q352O2P2O2P2Q2O2P;›€€€€;0I0I0Y1N0I0I0H651R;11AZ110ü^;0;19;0I;0I;0Y;0H;0H;0H;0H;0I;0H;0I;3G;2P;2Q;35;2O;2P;2O;2P;2Q;2O;2P;0I;0I;0Y;1N;0I;0I;0H;65;1R;;;
366;190I0Q0Q0H0H0H0H0I0H0I3G2P2X2Y2O2P2O2P2Q2O2P0--0I0Q0Q1N0I0I0H651R;190I0Q0Q0H0H0H0H0I0H0I3G2P2X2Y2O2P2O2P2Q2O2P0;190I0Q0Q0H0H0H0H0I0H0I;L1990000101;L;1990000101;3G2P2X2Y2O2P2O2P2Q2O2P;›€‰€€€;0I0Q0Q1N0I0I0H651R;199Z110ü^;0;19;0I;0Q;0Q;0H;0H;0H;0H;0I;0H;0I;3G;2P;2X;2Y;2O;2P;2O;2P;2Q;2O;2P;0I;0Q;0Q;1N;0I;0I;0H;65;1R;;;
367;1A0I0J0Y0H0H0H0H0I0H0I3I2Q2R362P2Q2P2Q2R2P2Q0--0I0J0Y1O0I0H0I651S;1A0I0J0Y0H0H0H0H0I0H0I3I2Q2R362P2Q2P2Q2R2P2Q0;1A0I0J0Y0H0H0H0H0I0H0I;M12A0000101;M;12A0000101;3I2Q2R362P2Q2P2Q2R2P2Q;ť‚‘€€‚€;0I0J0Y1O0I0H0I651S;12A[101ü_;0;1A;0I;0J;0Y;0H;0H;0H;0H;0I;0H;0I;3I;2Q;2R;36;2P;2Q;2P;2Q;2R;2P;2Q;0I;0J;0Y;1O;0I;0H;0I;65;1S;;;
368;1A0Q0N0M0H0H0H0H0I0H0I3I2Y2V2U2P2Q2P2Q2R2P2Q0--0Q0N0M1O0I0H0I651S;1A0Q0N0M0H0H0H0H0I0H0I3I2Y2V2U2P2Q2P2Q2R2P2Q0;1A0Q0N0M0H0H0H0H0I0H0I;M9650000101;M;9650000101;3I2Y2V2U2P2Q2P2Q2R2P2Q;ť‰†…€€‚€;0Q0N0M1O0I0H0I651S;965[101ü_;0;1A;0Q;0N;0M;0H;0H;0H;0H;0I;0H;0I;3I;2Y;2V;2U;2P;2Q;2P;2Q;2R;2P;2Q;0Q;0N;0M;1O;0I;0H;0I;65;1S;;;
369;1A100I0H0H0H0H0H0I0H0I3I382Q2P2Q2P2Q2P2Q2P2Q0--100I0B0I0H0I660G0;1A100I0H0H0H0H0H0I0H0I3I382Q2P2Q2P2Q2P2Q2P2Q0;1A100I0H0H0H0H0H0I0H0I;MC100000101;M;C100000101;3I382Q2P2Q2P2Q2P2Q2P2Q;ť“€€€€;100I0B0I0H0I660G0;C1*101ý/;0;1A;10;0I;0H;0H;0H;0H;0H;0I;0H;0I;3I;38;2Q;2P;2Q;2P;2Q;2P;2Q;2P;2Q;10;0I;0B;0I;0H;0I;66;0G;;;;0
370;1B0I0I100H0H0H0H0I0H0I3K2R2S392Q2R2Q2R2S2Q2R0--0I0I101P0I0I0H651T;1B0I0I100H0H0H0H0I0H0I3K2R2S392Q2R2Q2R2S2Q2R0;1B0I0I100H0H0H0H0I0H0I;N11C0000101;N;11C0000101;3K2R2S392Q2R2Q2R2S2Q2R;ź‚”‚‚‚;0I0I101P0I0I0H651T;11C\110ü`;0;1B;0I;0I;10;0H;0H;0H;0H;0I;0H;0I;3K;2R;2S;39;2Q;2R;2Q;2R;2S;2Q;2R;0I;0I;10;1P;0I;0I;0H;65;1T;;;
371;1B0I0K0Y0H0H0H0H0I0H0I3K2R2T372Q2R2Q2R2S2Q2R0--0I0K0Y1P0I0I0H651T;1B0I0K0Y0H0H0H0H0I0H0I3K2R2T372Q2R2Q2R2S2Q2R0;1B0I0K0Y0H0H0H0H0I0H0I;N13A0000101;N;13A0000101;3K2R2T372Q2R2Q2R2S2Q2R;ź‚„’‚‚‚;0I0K0Y1P0I0I0H651T;13A\110ü`;0;1B;0I;0K;0Y;0H;0H;0H;0H;0I;0H;0I;3K;2R;2T;37;2Q;2R;2Q;2R;2S;2Q;2R;0I;0K;0Y;1P;0I;0I;0H;65;1T;;;
372;1B0I0Z0J0H0H0H0H0I0H0I3K2R382S2Q2R2Q2R2S2Q2R0--0I0Z0J1P0I0I0H651T;1B0I0Z0J0H0H0H0H0I0H0I3K2R382S2Q2R2Q2R2S2Q2R0;1B0I0Z0J0H0H0H0H0I0H0I;N1B20000101;N;1B20000101;3K2R382S2Q2R2Q2R2S2Q2R;ź‚“‚‚‚;0I0Z0J1P0I0I0H651T;1B2\110ü`;0;1B;0I;0Z;0J;0H;0H;0H;0H;0I;0H;0I;3K;2R;38;2S;2Q;2R;2Q;2R;2S;2Q;2R;0I;0Z;0J;1P;0I;0I;0H;65;1T;;;
373;1B0J0J0Y0H0H0H0H0I0H0I3K2S2T372Q2R2Q2R2S2Q2R0--0J0J0Y1P0I0I0H651T;1B0J0J0Y0H0H0H0H0I0H0I3K2S2T372Q2R2Q2R2S2Q2R0;1B0J0J0Y0H0H0H0H0I0H0I;N22A0000101;N;22A0000101;3K2S2T372Q2R2Q2R2S2Q2R;ź„’‚‚‚;0J0J0Y1P0I0I0H651T;22A\110ü`;0;1B;0J;0J;0Y;0H;0H;0H;0H;0I;0H;0I;3K;2S;2T;37;2Q;2R;2Q;2R;2S;2Q;2R;0J;0J;0Y;1P;0I;0I;0H;65;1T;;;
374;1B0N121A100J0H0H0I0H0I3K2W3B3J392S2Q2R2S2Q2R0--0N121A100J1N0I0I0H631P0;1B0N121A100J0H0H0I0H0I3K2W3B3J392S2Q2R2S2Q2R0;1B0N121A100J0H0H0I0H0I;N6EMC200101;N;6EMC200101;3K2W3B3J392S2Q2R2S2Q2R;ź‡–ž”‚‚;0N121A100J1N0I0I0H631P0;6EMC2Z110ú\;0;1B;0N;12;1A;10;0J;0H;0H;0I;0H;0I;3K;2W;3B;3J;39;2S;2Q;2R;2S;2Q;2R;0N;12;1A;10;0J;1N;0I;0I;0H;63;1P;0
375;1C0I0J100H0H0H0H0I0H0I3M2S2T3A2R2S2R2S2T2R2S0--0I0J101Q0I0H0I651U;1C0I0J100H0H0H0H0I0H0I3M2S2T3A2R2S2R2S2T2R2S0;1C0I0J100H0H0H0H0I0H0I;O12C0000101;O;12C0000101;3M2S2T3A2R2S2R2S2T2R2S;ˇ„•‚‚„‚;0I0J101Q0I0H0I651U;12C]101üa;0;1C;0I;0J;10;0H;0H;0H;0H;0I;0H;0I;3M;2S;2T;3A;2R;2S;2R;2S;2T;2R;2S;0I;0J;10;1Q;0I;0H;0I;65;1U;;;
376;1C0I0K0Z0H0H0H0H0I0H0I3M2S2U392R2S2R2S2T2R2S0--0I0K0Z1Q0I0H0I651U;1C0I0K0Z0H0H0H0H0I0H0I3M2S2U392R2S2R2S2T2R2S0;1C0I0K0Z0H0H0H0H0I0H0I;O13B0000101;O;13B0000101;3M2S2U392R2S2R2S2T2R2S;ˇ…”‚‚„‚;0I0K0Z1Q0I0H0I651U;13B]101üa;0;1C;0I;0K;0Z;0H;0H;0H;0H;0I;0H;0I;3M;2S;2U;39;2R;2S;2R;2S;2T;2R;2S;0I;0K;0Z;1Q;0I;0H;0I;65;1U;;;
377;1C0I0L0Y0H0H0H0H0I0H0I3M2S2V382R2S2R2S2T2R2S0--0I0L0Y1Q0I0H0I651U;1C0I0L0Y0H0H0H0H0I0H0I3M2S2V382R2S2R2S2T2R2S0;1C0I0L0Y0H0H0H0H0I0H0I;O14A0000101;O;14A0000101;3M2S2V382R2S2R2S2T2R2S;ˇ†“‚‚„‚;0I0L0Y1Q0I0H0I651U;14A]101üa;0;1C;0I;0L;0Y;0H;0H;0H;0H;0I;0H;0I;3M;2S;2V;38;2R;2S;2R;2S;2T;2R;2S;0I;0L;0Y;1Q;0I;0H;0I;65;1U;;;
378;1C0I100J0H0H0H0H0I0H0I3M2S3A2T2R2S2R2S2T2R2S0--0I100J1Q0I0H0I651U;1C0I100J0H0H0H0H0I0H0I3M2S3A2T2R2S2R2S2T2R2S0;1C0I100J0H0H0H0H0I0H0I;O1C20000101;O;1C20000101;3M2S3A2T2R2S2R2S2T2R2S;ˇ•„‚‚„‚;0I100J1Q0I0H0I651U;1C2]101üa;0;1C;0I;10;0J;0H;0H;0H;0H;0I;0H;0I;3M;2S;3A;2T;2R;2S;2R;2S;2T;2R;2S;0I;10;0J;1Q;0I;0H;0I;65;1U;;;
379;1C0J0I100H0H0H0H0I0H0I3M2T2S3A2R2S2R2S2T2R2S0--0J0I101Q0I0H0I651U;1C0J0I100H0H0H0H0I0H0I3M2T2S3A2R2S2R2S2T2R2S0;1C0J0I100H0H0H0H0I0H0I;O21C0000101;O;21C0000101;3M2T2S3A2R2S2R2S2T2R2S;ˇ„•‚‚„‚;0J0I101Q0I0H0I651U;21C]101üa;0;1C;0J;0I;10;0H;0H;0H;0H;0I;0H;0I;3M;2T;2S;3A;2R;2S;2R;2S;2T;2R;2S;0J;0I;10;1Q;0I;0H;0I;65;1U;;;
380;1C0J110H0H0H0H0H0I0H0I3M2T3B2R2S2R2S2R2S2R2S0--0J110D0I0H0I660I0;1C0J110H0H0H0H0H0I0H0I3M2T3B2R2S2R2S2R2S2R2S0;1C0J110H0H0H0H0H0I0H0I;O2D00000101;O;2D00000101;3M2T3B2R2S2R2S2R2S2R2S;ˇ„–‚‚‚‚;0J110D0I0H0I660I0;2D,101ý1;0;1C;0J;11;0H;0H;0H;0H;0H;0I;0H;0I;3M;2T;3B;2R;2S;2R;2S;2R;2S;2R;2S;0J;11;0D;0I;0H;0I;66;0I;;;;0
381;1C0K0Z0I0H0H0H0H0I0H0I3M2U392S2R2S2R2S2T2R2S0--0K0Z0I1Q0I0H0I651U;1C0K0Z0I0H0H0H0H0I0H0I3M2U392S2R2S2R2S2T2R2S0;1C0K0Z0I0H0H0H0H0I0H0I;O3B10000101;O;3B10000101;3M2U392S2R2S2R2S2T2R2S;ˇ…”‚‚„‚;0K0Z0I1Q0I0H0I651U;3B1]101üa;0;1C;0K;0Z;0I;0H;0H;0H;0H;0I;0H;0I;3M;2U;39;2S;2R;2S;2R;2S;2T;2R;2S;0K;0Z;0I;1Q;0I;0H;0I;65;1U;;;
382;1D0I0K100H0H0H0H0I0H0I3O2T2V3B2S2T2S2T2U2S2T0--0I0K101R0I0I0H651V;1D0I0K100H0H0H0H0I0H0I3O2T2V3B2S2T2S2T2U2S2T0;1D0I0K100H0H0H0H0I0H0I;P13C0000101;P;13C0000101;3O2T2V3B2S2T2S2T2U2S2T;Ł„†–„„…„;0I0K101R0I0I0H651V;13C^110üb;0;1D;0I;0K;10;0H;0H;0H;0H;0I;0H;0I;3O;2T;2V;3B;2S;2T;2S;2T;2U;2S;2T;0I;0K;10;1R;0I;0I;0H;65;1V;;;
383;1D0I0M0Y0H0H0H0H0I0H0I3O2T2X392S2T2S2T2U2S2T0--0I0M0Y1R0I0I0H651V;1D0I0M0Y0H0H0H0H0I0H0I3O2T2X392S2T2S2T2U2S2T0;1D0I0M0Y0H0H0H0H0I0H0I;P15A0000101;P;15A0000101;3O2T2X392S2T2S2T2U2S2T;Ł„”„„…„;0I0M0Y1R0I0I0H651V;15A^110üb;0;1D;0I;0M;0Y;0H;0H;0H;0H;0I;0H;0I;3O;2T;2X;39;2S;2T;2S;2T;2U;2S;2T;0I;0M;0Y;1R;0I;0I;0H;65;1V;;;
384;1D0I110J0H0H0H0H0I0H0I3O2T3C2U2S2T2S2T2U2S2T0--0I110J1R0I0I0H651V;1D0I110J0H0H0H0H0I0H0I3O2T3C2U2S2T2S2T2U2S2T0;1D0I110J0H0H0H0H0I0H0I;P1D20000101;P;1D20000101;3O2T3C2U2S2T2S2T2U2S2T;Ł„—…„„…„;0I110J1R0I0I0H651V;1D2^110üb;0;1D;0I;11;0J;0H;0H;0H;0H;0I;0H;0I;3O;2T;3C;2U;2S;2T;2S;2T;2U;2S;2T;0I;11;0J;1R;0I;0I;0H;65;1V;;;
386;1D0J120Y0Y130H0H0I0H0I3O2U3D393A3E2S2T2U2S2T0--0J120Y0Y131P0I0I0H631R0;1D0J120Y0Y130H0H0I0H0I3O2U3D393A3E2S2T2U2S2T0;1D0J120Y0Y130H0H0I0H0I;P2EAAF00101;P;2EAAF00101;3O2U3D393A3E2S2T2U2S2T;Ł…”•™„…„;0J120Y0Y131P0I0I0H631R0;2EAAF\110ú^;0;1D;0J;12;0Y;0Y;13;0H;0H;0I;0H;0I;3O;2U;3D;39;3A;3E;2S;2T;2U;2S;2T;0J;12;0Y;0Y;13;1P;0I;0I;0H;63;1R;0
387;1D130I0H0H0H0H0H0I0H0I3O3E2T2S2T2S2T2S2T2S2T0--130I0E0I0I0H660J0;1D130I0H0H0H0H0H0I0H0I3O3E2T2S2T2S2T2S2T2S2T0;1D130I0H0H0H0H0H0I0H0I;PF100000101;P;F100000101;3O3E2T2S2T2S2T2S2T2S2T;Ł™„„„„„;130I0E0I0I0H660J0;F1-110ý2;0;1D;13;0I;0H;0H;0H;0H;0H;0I;0H;0I;3O;3E;2T;2S;2T;2S;2T;2S;2T;2S;2T;13;0I;0E;0I;0I;0H;66;0J;;;;0
388;1E0I0L100H0H0H0H0I0H0I3Q2U2X3C2T2U2T2U2V2T2U0--0I0L101S0I0H0I651W;1E0I0L100H0H0H0H0I0H0I3Q2U2X3C2T2U2T2U2V2T2U0;1E0I0L100H0H0H0H0I0H0I;Q14C0000101;Q;14C0000101;3Q2U2X3C2T2U2T2U2V2T2U;Ą…—„…„…†„…;0I0L101S0I0H0I651W;14C_101üc;0;1E;0I;0L;10;0H;0H;0H;0H;0I;0H;0I;3Q;2U;2X;3C;2T;2U;2T;2U;2V;2T;2U;0I;0L;10;1S;0I;0H;0I;65;1W;;;
389;1E0I0Y0N0H0H0H0H0I0H0I3Q2U3A2Z2T2U2T2U2V2T2U0--0I0Y0N1S0I0H0I651W;1E0I0Y0N0H0H0H0H0I0H0I3Q2U3A2Z2T2U2T2U2V2T2U0;1E0I0Y0N0H0H0H0H0I0H0I;Q1A60000101;Q;1A60000101;3Q2U3A2Z2T2U2T2U2V2T2U;Ą…•Š„…„…†„…;0I0Y0N1S0I0H0I651W;1A6_101üc;0;1E;0I;0Y;0N;0H;0H;0H;0H;0I;0H;0I;3Q;2U;3A;2Z;2T;2U;2T;2U;2V;2T;2U;0I;0Y;0N;1S;0I;0H;0I;65;1W;;;
390;1E0J0M0Y0H0H0H0H0I0H0I3Q2V2Y3A2T2U2T2U2V2T2U0--0J0M0Y1S0I0H0I651W;1E0J0M0Y0H0H0H0H0I0H0I3Q2V2Y3A2T2U2T2U2V2T2U0;1E0J0M0Y0H0H0H0H0I0H0I;Q25A0000101;Q;25A0000101;3Q2V2Y3A2T2U2T2U2V2T2U;Ą†‰•„…„…†„…;0J0M0Y1S0I0H0I651W;25A_101üc;0;1E;0J;0M;0Y;0H;0H;0H;0H;0I;0H;0I;3Q;2V;2Y;3A;2T;2U;2T;2U;2V;2T;2U;0J;0M;0Y;1S;0I;0H;0I;65;1W;;;
391;1E0J130H0H0H0H0H0I0H0I3Q2V3F2T2U2T2U2T2U2T2U0--0J130F0I0H0I660K0;1E0J130H0H0H0H0H0I0H0I3Q2V3F2T2U2T2U2T2U2T2U0;1E0J130H0H0H0H0H0I0H0I;Q2F00000101;Q;2F00000101;3Q2V3F2T2U2T2U2T2U2T2U;Ą†š„…„…„…„…;0J130F0I0H0I660K0;2F.101ý3;0;1E;0J;13;0H;0H;0H;0H;0H;0I;0H;0I;3Q;2V;3F;2T;2U;2T;2U;2T;2U;2T;2U;0J;13;0F;0I;0H;0I;66;0K;;;;0
393;1E110L0H0H0H0H0H0I0H0I3Q3D2X2T2U2T2U2T2U2T2U0--110L0F0I0H0I660K0;1E110L0H0H0H0H0H0I0H0I3Q3D2X2T2U2T2U2T2U2T2U0;1E110L0H0H0H0H0H0I0H0I;QD400000101;Q;D400000101;3Q3D2X2T2U2T2U2T2U2T2U;Ą„…„…„…„…;110L0F0I0H0I660K0;D4.101ý3;0;1E;11;0L;0H;0H;0H;0H;0H;0I;0H;0I;3Q;3D;2X;2T;2U;2T;2U;2T;2U;2T;2U;11;0L;0F;0I;0H;0I;66;0K;;;;0
394;1E120K0H0H0H0H0H0I0H0I3Q3E2W2T2U2T2U2T2U2T2U0--120K0F0I0H0I660K0;1E120K0H0H0H0H0H0I0H0I3Q3E2W2T2U2T2U2T2U2T2U0;1E120K0H0H0H0H0H0I0H0I;QE300000101;Q;E300000101;3Q3E2W2T2U2T2U2T2U2T2U;Ą™‡„…„…„…„…;120K0F0I0H0I660K0;E3.101ý3;0;1E;12;0K;0H;0H;0H;0H;0H;0I;0H;0I;3Q;3E;2W;2T;2U;2T;2U;2T;2U;2T;2U;12;0K;0F;0I;0H;0I;66;0K;;;;0
395;1E140I0H0H0H0H0H0I0H0I3Q3G2U2T2U2T2U2T2U2T2U0--140I0F0I0H0I660K0;1E140I0H0H0H0H0H0I0H0I3Q3G2U2T2U2T2U2T2U2T2U0;1E140I0H0H0H0H0H0I0H0I;QG100000101;Q;G100000101;3Q3G2U2T2U2T2U2T2U2T2U;Ą›…„…„…„…„…;140I0F0I0H0I660K0;G1.101ý3;0;1E;14;0I;0H;0H;0H;0H;0H;0I;0H;0I;3Q;3G;2U;2T;2U;2T;2U;2T;2U;2T;2U;14;0I;0F;0I;0H;0I;66;0K;;;;0
396;1F0I0M100H0H0H0H0I0H0I3S2V2Z3D2U2V2U2V2W2U2V0--0I0M101T0I0I0H651X;1F0I0M100H0H0H0H0I0H0I3S2V2Z3D2U2V2U2V2W2U2V0;1F0I0M100H0H0H0H0I0H0I;R15C0000101;R;15C0000101;3S2V2Z3D2U2V2U2V2W2U2V;§†Š…†…†‡…†;0I0M101T0I0I0H651X;15C`110üd;0;1F;0I;0M;10;0H;0H;0H;0H;0I;0H;0I;3S;2V;2Z;3D;2U;2V;2U;2V;2W;2U;2V;0I;0M;10;1T;0I;0I;0H;65;1X;;;
397;1F0I0O0Y0H0H0H0H0I0H0I3S2V313B2U2V2U2V2W2U2V0--0I0O0Y1T0I0I0H651X;1F0I0O0Y0H0H0H0H0I0H0I3S2V313B2U2V2U2V2W2U2V0;1F0I0O0Y0H0H0H0H0I0H0I;R17A0000101;R;17A0000101;3S2V313B2U2V2U2V2W2U2V;§†Ś–…†…†‡…†;0I0O0Y1T0I0I0H651X;17A`110üd;0;1F;0I;0O;0Y;0H;0H;0H;0H;0I;0H;0I;3S;2V;31;3B;2U;2V;2U;2V;2W;2U;2V;0I;0O;0Y;1T;0I;0I;0H;65;1X;;;
398;1F0I0Y0O0H0H0H0H0I0H0I3S2V3B312U2V2U2V2W2U2V0--0I0Y0O1T0I0I0H651X;1F0I0Y0O0H0H0H0H0I0H0I3S2V3B312U2V2U2V2W2U2V0;1F0I0Y0O0H0H0H0H0I0H0I;R1A70000101;R;1A70000101;3S2V3B312U2V2U2V2W2U2V;§†–Ś…†…†‡…†;0I0Y0O1T0I0I0H651X;1A7`110üd;0;1F;0I;0Y;0O;0H;0H;0H;0H;0I;0H;0I;3S;2V;3B;31;2U;2V;2U;2V;2W;2U;2V;0I;0Y;0O;1T;0I;0I;0H;65;1X;;;
399;1F0J0L100H0H0H0H0I0H0I3S2W2Y3D2U2V2U2V2W2U2V0--0J0L101T0I0I0H651X;1F0J0L100H0H0H0H0I0H0I3S2W2Y3D2U2V2U2V2W2U2V0;1F0J0L100H0H0H0H0I0H0I;R24C0000101;R;24C0000101;3S2W2Y3D2U2V2U2V2W2U2V;§‡‰…†…†‡…†;0J0L101T0I0I0H651X;24C`110üd;0;1F;0J;0L;10;0H;0H;0H;0H;0I;0H;0I;3S;2W;2Y;3D;2U;2V;2U;2V;2W;2U;2V;0J;0L;10;1T;0I;0I;0H;65;1X;;;
401;1F0M121C0I140H0H0I0H0I3S2Z3F3P2V3H2U2V2W2U2V0--0M121C0I141R0I0I0H631T0;1F0M121C0I140H0H0I0H0I3S2Z3F3P2V3H2U2V2W2U2V0;1F0M121C0I140H0H0I0H0I;R5EO1G00101;R;5EO1G00101;3S2Z3F3P2V3H2U2V2W2U2V;§Šš¤†ś…†‡…†;0M121C0I141R0I0I0H631T0;5EO1G^110ú`;0;1F;0M;12;1C;0I;14;0H;0H;0I;0H;0I;3S;2Z;3F;3P;2V;3H;2U;2V;2W;2U;2V;0M;12;1C;0I;14;1R;0I;0I;0H;63;1T;0
402;1F0Y0P0H0H0H0H0H0I0H0I3S3B322U2V2U2V2U2V2U2V0--0Y0P0G0I0I0H660L0;1F0Y0P0H0H0H0H0H0I0H0I3S3B322U2V2U2V2U2V2U2V0;1F0Y0P0H0H0H0H0H0I0H0I;RA800000101;R;A800000101;3S3B322U2V2U2V2U2V2U2V;§–Ť…†…†…†…†;0Y0P0G0I0I0H660L0;A8/110ý4;0;1F;0Y;0P;0H;0H;0H;0H;0H;0I;0H;0I;3S;3B;32;2U;2V;2U;2V;2U;2V;2U;2V;0Y;0P;0G;0I;0I;0H;66;0L;;;;0
403;1F0Z0O0H0H0H0H0H0I0H0I3S3C312U2V2U2V2U2V2U2V0--0Z0O0G0I0I0H660L0;1F0Z0O0H0H0H0H0H0I0H0I3S3C312U2V2U2V2U2V2U2V0;1F0Z0O0H0H0H0H0H0I0H0I;RB700000101;R;B700000101;3S3C312U2V2U2V2U2V2U2V;§—Ś…†…†…†…†;0Z0O0G0I0I0H660L0;B7/110ý4;0;1F;0Z;0O;0H;0H;0H;0H;0H;0I;0H;0I;3S;3C;31;2U;2V;2U;2V;2U;2V;2U;2V;0Z;0O;0G;0I;0I;0H;66;0L;;;;0
404;1F130K0H0H0H0H0H0I0H0I3S3G2X2U2V2U2V2U2V2U2V0--130K0G0I0I0H660L0;1F130K0H0H0H0H0H0I0H0I3S3G2X2U2V2U2V2U2V2U2V0;1F130K0H0H0H0H0H0I0H0I;RF300000101;R;F300000101;3S3G2X2U2V2U2V2U2V2U2V;§›…†…†…†…†;130K0G0I0I0H660L0;F3/110ý4;0;1F;13;0K;0H;0H;0H;0H;0H;0I;0H;0I;3S;3G;2X;2U;2V;2U;2V;2U;2V;2U;2V;13;0K;0G;0I;0I;0H;66;0L;;;;0
405;1F150I0H0H0H0H0H0I0H0I3S3I2V2U2V2U2V2U2V2U2V0--150I0G0I0I0H660L0;1F150I0H0H0H0H0H0I0H0I3S3I2V2U2V2U2V2U2V2U2V0;1F150I0H0H0H0H0H0I0H0I;RH100000101;R;H100000101;3S3I2V2U2V2U2V2U2V2U2V;§ť†…†…†…†…†;150I0G0I0I0H660L0;H1/110ý4;0;1F;15;0I;0H;0H;0H;0H;0H;0I;0H;0I;3S;3I;2V;2U;2V;2U;2V;2U;2V;2U;2V;15;0I;0G;0I;0I;0H;66;0L;;;;0
406;1F1H1M1N1H170H0H0I0H0I3S3U3Z403U3K2U2V2W2U2V0--1H1M1N1H171R0I0I0H631T0;1F1H1M1N1H170H0H0I0H0I3S3U3Z403U3K2U2V2W2U2V0;1F1H1M1N1H170H0H0I0H0I;RTYZTJ00101;R;TYZTJ00101;3S3U3Z403U3K2U2V2W2U2V;§©®Ż©ź…†‡…†;1H1M1N1H171R0I0I0H631T0;TYZTJ^110ú`;0;1F;1H;1M;1N;1H;17;0H;0H;0I;0H;0I;3S;3U;3Z;40;3U;3K;2U;2V;2W;2U;2V;1H;1M;1N;1H;17;1R;0I;0I;0H;63;1T;0
407;1G0I0O0Z0H0H0H0H0I0H0I3U2W323D2V2W2V2W2X2V2W0--0I0O0Z1U0I0H0I651Y;1G0I0O0Z0H0H0H0H0I0H0I3U2W323D2V2W2V2W2X2V2W0;1G0I0O0Z0H0H0H0H0I0H0I;S17B0000101;S;17B0000101;3U2W323D2V2W2V2W2X2V2W;©‡Ť†‡†‡†‡;0I0O0Z1U0I0H0I651Y;17Ba101üe;0;1G;0I;0O;0Z;0H;0H;0H;0H;0I;0H;0I;3U;2W;32;3D;2V;2W;2V;2W;2X;2V;2W;0I;0O;0Z;1U;0I;0H;0I;65;1Y;;;
408;1G0I0Z0O0H0H0H0H0I0H0I3U2W3D322V2W2V2W2X2V2W0--0I0Z0O1U0I0H0I651Y;1G0I0Z0O0H0H0H0H0I0H0I3U2W3D322V2W2V2W2X2V2W0;1G0I0Z0O0H0H0H0H0I0H0I;S1B70000101;S;1B70000101;3U2W3D322V2W2V2W2X2V2W;©‡Ť†‡†‡†‡;0I0Z0O1U0I0H0I651Y;1B7a101üe;0;1G;0I;0Z;0O;0H;0H;0H;0H;0I;0H;0I;3U;2W;3D;32;2V;2W;2V;2W;2X;2V;2W;0I;0Z;0O;1U;0I;0H;0I;65;1Y;;;
409;1G0I110M0H0H0H0H0I0H0I3U2W3F302V2W2V2W2X2V2W0--0I110M1U0I0H0I651Y;1G0I110M0H0H0H0H0I0H0I3U2W3F302V2W2V2W2X2V2W0;1G0I110M0H0H0H0H0I0H0I;S1D50000101;S;1D50000101;3U2W3F302V2W2V2W2X2V2W;©‡š‹†‡†‡†‡;0I110M1U0I0H0I651Y;1D5a101üe;0;1G;0I;11;0M;0H;0H;0H;0H;0I;0H;0I;3U;2W;3F;30;2V;2W;2V;2W;2X;2V;2W;0I;11;0M;1U;0I;0H;0I;65;1Y;;;
410;1G0I120L0H0H0H0H0I0H0I3U2W3G2Z2V2W2V2W2X2V2W0--0I120L1U0I0H0I651Y;1G0I120L0H0H0H0H0I0H0I3U2W3G2Z2V2W2V2W2X2V2W0;1G0I120L0H0H0H0H0I0H0I;S1E40000101;S;1E40000101;3U2W3G2Z2V2W2V2W2X2V2W;©‡›Š†‡†‡†‡;0I120L1U0I0H0I651Y;1E4a101üe;0;1G;0I;12;0L;0H;0H;0H;0H;0I;0H;0I;3U;2W;3G;2Z;2V;2W;2V;2W;2X;2V;2W;0I;12;0L;1U;0I;0H;0I;65;1Y;;;
411;1G0I12120Y130H0H0I0H0I3U2W3G3H3C3H2V2W2X2V2W0--0I12120Y131S0I0H0I631U0;1G0I12120Y130H0H0I0H0I3U2W3G3H3C3H2V2W2X2V2W0;1G0I12120Y130H0H0I0H0I;S1EEAF00101;S;1EEAF00101;3U2W3G3H3C3H2V2W2X2V2W;©‡›ś—ś†‡†‡;0I12120Y131S0I0H0I631U0;1EEAF_101úa;0;1G;0I;12;12;0Y;13;0H;0H;0I;0H;0I;3U;2W;3G;3H;3C;3H;2V;2W;2X;2V;2W;0I;12;12;0Y;13;1S;0I;0H;0I;63;1U;0
412;1G0I121D180I0H0H0I0H0I3U2W3G3R3M2W2V2W2X2V2W0--0I121D180I1S0I0H0I631U0;1G0I121D180I0H0H0I0H0I3U2W3G3R3M2W2V2W2X2V2W0;1G0I121D180I0H0H0I0H0I;S1EPK100101;S;1EPK100101;3U2W3G3R3M2W2V2W2X2V2W;©‡›¦ˇ‡†‡†‡;0I121D180I1S0I0H0I631U0;1EPK1_101úa;0;1G;0I;12;1D;18;0I;0H;0H;0I;0H;0I;3U;2W;3G;3R;3M;2W;2V;2W;2X;2V;2W;0I;12;1D;18;0I;1S;0I;0H;0I;63;1U;0
413;1G0J140I0H0H0H0H0I0H0I3U2X3I2W2V2W2V2W2X2V2W0--0J140I1U0I0H0I651Y;1G0J140I0H0H0H0H0I0H0I3U2X3I2W2V2W2V2W2X2V2W0;1G0J140I0H0H0H0H0I0H0I;S2G10000101;S;2G10000101;3U2X3I2W2V2W2V2W2X2V2W;©ť‡†‡†‡†‡;0J140I1U0I0H0I651Y;2G1a101üe;0;1G;0J;14;0I;0H;0H;0H;0H;0I;0H;0I;3U;2X;3I;2W;2V;2W;2V;2W;2X;2V;2W;0J;14;0I;1U;0I;0H;0I;65;1Y;;;
414;1G110M0I0H0H0H0H0I0H0I3U3F302W2V2W2V2W2X2V2W0--110M0I1U0I0H0I651Y;1G110M0I0H0H0H0H0I0H0I3U3F302W2V2W2V2W2X2V2W0;1G110M0I0H0H0H0H0I0H0I;SD510000101;S;D510000101;3U3F302W2V2W2V2W2X2V2W;©š‹‡†‡†‡†‡;110M0I1U0I0H0I651Y;D51a101üe;0;1G;11;0M;0I;0H;0H;0H;0H;0I;0H;0I;3U;3F;30;2W;2V;2W;2V;2W;2X;2V;2W;11;0M;0I;1U;0I;0H;0I;65;1Y;;;
415;1H0I0O100H0H0H0H0I0H0I3W2X333F2W2X2W2X2Y2W2X0--0I0O101V0I0I0H651Z;1H0I0O100H0H0H0H0I0H0I3W2X333F2W2X2W2X2Y2W2X0;1H0I0O100H0H0H0H0I0H0I;T17C0000101;T;17C0000101;3W2X333F2W2X2W2X2Y2W2X;«Žš‡‡‰‡;0I0O101V0I0I0H651Z;17Cb110üf;0;1H;0I;0O;10;0H;0H;0H;0H;0I;0H;0I;3W;2X;33;3F;2W;2X;2W;2X;2Y;2W;2X;0I;0O;10;1V;0I;0I;0H;65;1Z;;;
416;1H0I0P0Z0H0H0H0H0I0H0I3W2X343E2W2X2W2X2Y2W2X0--0I0P0Z1V0I0I0H651Z;1H0I0P0Z0H0H0H0H0I0H0I3W2X343E2W2X2W2X2Y2W2X0;1H0I0P0Z0H0H0H0H0I0H0I;T18B0000101;T;18B0000101;3W2X343E2W2X2W2X2Y2W2X;«Ź™‡‡‰‡;0I0P0Z1V0I0I0H651Z;18Bb110üf;0;1H;0I;0P;0Z;0H;0H;0H;0H;0I;0H;0I;3W;2X;34;3E;2W;2X;2W;2X;2Y;2W;2X;0I;0P;0Z;1V;0I;0I;0H;65;1Z;;;
417;1H0I0Q0Y0H0H0H0H0I0H0I3W2X353D2W2X2W2X2Y2W2X0--0I0Q0Y1V0I0I0H651Z;1H0I0Q0Y0H0H0H0H0I0H0I3W2X353D2W2X2W2X2Y2W2X0;1H0I0Q0Y0H0H0H0H0I0H0I;T19A0000101;T;19A0000101;3W2X353D2W2X2W2X2Y2W2X;«‡‡‰‡;0I0Q0Y1V0I0I0H651Z;19Ab110üf;0;1H;0I;0Q;0Y;0H;0H;0H;0H;0I;0H;0I;3W;2X;35;3D;2W;2X;2W;2X;2Y;2W;2X;0I;0Q;0Y;1V;0I;0I;0H;65;1Z;;;
418;1H0I0Y0Q0H0H0H0H0I0H0I3W2X3D352W2X2W2X2Y2W2X0--0I0Y0Q1V0I0I0H651Z;1H0I0Y0Q0H0H0H0H0I0H0I3W2X3D352W2X2W2X2Y2W2X0;1H0I0Y0Q0H0H0H0H0I0H0I;T1A90000101;T;1A90000101;3W2X3D352W2X2W2X2Y2W2X;«‡‡‰‡;0I0Y0Q1V0I0I0H651Z;1A9b110üf;0;1H;0I;0Y;0Q;0H;0H;0H;0H;0I;0H;0I;3W;2X;3D;35;2W;2X;2W;2X;2Y;2W;2X;0I;0Y;0Q;1V;0I;0I;0H;65;1Z;;;
419;1H0I0Z0P0H0H0H0H0I0H0I3W2X3E342W2X2W2X2Y2W2X0--0I0Z0P1V0I0I0H651Z;1H0I0Z0P0H0H0H0H0I0H0I3W2X3E342W2X2W2X2Y2W2X0;1H0I0Z0P0H0H0H0H0I0H0I;T1B80000101;T;1B80000101;3W2X3E342W2X2W2X2Y2W2X;«™Ź‡‡‰‡;0I0Z0P1V0I0I0H651Z;1B8b110üf;0;1H;0I;0Z;0P;0H;0H;0H;0H;0I;0H;0I;3W;2X;3E;34;2W;2X;2W;2X;2Y;2W;2X;0I;0Z;0P;1V;0I;0I;0H;65;1Z;;;
420;1H0I100O0H0H0H0H0I0H0I3W2X3F332W2X2W2X2Y2W2X0--0I100O1V0I0I0H651Z;1H0I100O0H0H0H0H0I0H0I3W2X3F332W2X2W2X2Y2W2X0;1H0I100O0H0H0H0H0I0H0I;T1C70000101;T;1C70000101;3W2X3F332W2X2W2X2Y2W2X;«šŽ‡‡‰‡;0I100O1V0I0I0H651Z;1C7b110üf;0;1H;0I;10;0O;0H;0H;0H;0H;0I;0H;0I;3W;2X;3F;33;2W;2X;2W;2X;2Y;2W;2X;0I;10;0O;1V;0I;0I;0H;65;1Z;;;
421;1H0I130L0H0H0H0H0I0H0I3W2X3I302W2X2W2X2Y2W2X0--0I130L1V0I0I0H651Z;1H0I130L0H0H0H0H0I0H0I3W2X3I302W2X2W2X2Y2W2X0;1H0I130L0H0H0H0H0I0H0I;T1F40000101;T;1F40000101;3W2X3I302W2X2W2X2Y2W2X;«ť‹‡‡‰‡;0I130L1V0I0I0H651Z;1F4b110üf;0;1H;0I;13;0L;0H;0H;0H;0H;0I;0H;0I;3W;2X;3I;30;2W;2X;2W;2X;2Y;2W;2X;0I;13;0L;1V;0I;0I;0H;65;1Z;;;
422;1H0J0N100H0H0H0H0I0H0I3W2Y323F2W2X2W2X2Y2W2X0--0J0N101V0I0I0H651Z;1H0J0N100H0H0H0H0I0H0I3W2Y323F2W2X2W2X2Y2W2X0;1H0J0N100H0H0H0H0I0H0I;T26C0000101;T;26C0000101;3W2Y323F2W2X2W2X2Y2W2X;«‰Ťš‡‡‰‡;0J0N101V0I0I0H651Z;26Cb110üf;0;1H;0J;0N;10;0H;0H;0H;0H;0I;0H;0I;3W;2Y;32;3F;2W;2X;2W;2X;2Y;2W;2X;0J;0N;10;1V;0I;0I;0H;65;1Z;;;
423;1H0Y120N0Z120H0H0I0H0I3W3D3H323E3H2W2X2Y2W2X0--0Y120N0Z121T0I0I0H631V0;1H0Y120N0Z120H0H0I0H0I3W3D3H323E3H2W2X2Y2W2X0;1H0Y120N0Z120H0H0I0H0I;TAE6BE00101;T;AE6BE00101;3W3D3H323E3H2W2X2Y2W2X;«śŤ™ś‡‰‡;0Y120N0Z121T0I0I0H631V0;AE6BE`110úb;0;1H;0Y;12;0N;0Z;12;0H;0H;0I;0H;0I;3W;3D;3H;32;3E;3H;2W;2X;2Y;2W;2X;0Y;12;0N;0Z;12;1T;0I;0I;0H;63;1V;0
424;1H100P0H0H0H0H0H0I0H0I3W3F342W2X2W2X2W2X2W2X0--100P0I0I0I0H660N0;1H100P0H0H0H0H0H0I0H0I3W3F342W2X2W2X2W2X2W2X0;1H100P0H0H0H0H0H0I0H0I;TC800000101;T;C800000101;3W3F342W2X2W2X2W2X2W2X;«šŹ‡‡‡‡;100P0I0I0I0H660N0;C81110ý6;0;1H;10;0P;0H;0H;0H;0H;0H;0I;0H;0I;3W;3F;34;2W;2X;2W;2X;2W;2X;2W;2X;10;0P;0I;0I;0I;0H;66;0N;;;;0
425;1H140L0H0H0H0H0H0I0H0I3W3J302W2X2W2X2W2X2W2X0--140L0I0I0I0H660N0;1H140L0H0H0H0H0H0I0H0I3W3J302W2X2W2X2W2X2W2X0;1H140L0H0H0H0H0H0I0H0I;TG400000101;T;G400000101;3W3J302W2X2W2X2W2X2W2X;«ž‹‡‡‡‡;140L0I0I0I0H660N0;G41110ý6;0;1H;14;0L;0H;0H;0H;0H;0H;0I;0H;0I;3W;3J;30;2W;2X;2W;2X;2W;2X;2W;2X;14;0L;0I;0I;0I;0H;66;0N;;;;0
426;1H160J0H0H0H0H0H0I0H0I3W3L2Y2W2X2W2X2W2X2W2X0--160J0I0I0I0H660N0;1H160J0H0H0H0H0H0I0H0I3W3L2Y2W2X2W2X2W2X2W2X0;1H160J0H0H0H0H0H0I0H0I;TI200000101;T;I200000101;3W3L2Y2W2X2W2X2W2X2W2X;« ‰‡‡‡‡;160J0I0I0I0H660N0;I21110ý6;0;1H;16;0J;0H;0H;0H;0H;0H;0I;0H;0I;3W;3L;2Y;2W;2X;2W;2X;2W;2X;2W;2X;16;0J;0I;0I;0I;0H;66;0N;;;;0
427;1I0I0Q0Z0H0H0H0H0I0H0I3Y2Y363F2X2Y2X2Y2Z2X2Y0--0I0Q0Z1W0I0H0I6520;1I0I0Q0Z0H0H0H0H0I0H0I3Y2Y363F2X2Y2X2Y2Z2X2Y0;1I0I0Q0Z0H0H0H0H0I0H0I;U19B0000101;U;19B0000101;3Y2Y363F2X2Y2X2Y2Z2X2Y;­‰‘š‰‰Š‰;0I0Q0Z1W0I0H0I6520;19Bc101üg;0;1I;0I;0Q;0Z;0H;0H;0H;0H;0I;0H;0I;3Y;2Y;36;3F;2X;2Y;2X;2Y;2Z;2X;2Y;0I;0Q;0Z;1W;0I;0H;0I;65;20;;;
428;1I0I0Z0Q0H0H0H0H0I0H0I3Y2Y3F362X2Y2X2Y2Z2X2Y0--0I0Z0Q1W0I0H0I6520;1I0I0Z0Q0H0H0H0H0I0H0I3Y2Y3F362X2Y2X2Y2Z2X2Y0;1I0I0Z0Q0H0H0H0H0I0H0I;U1B90000101;U;1B90000101;3Y2Y3F362X2Y2X2Y2Z2X2Y;­‰š‘‰‰Š‰;0I0Z0Q1W0I0H0I6520;1B9c101üg;0;1I;0I;0Z;0Q;0H;0H;0H;0H;0I;0H;0I;3Y;2Y;3F;36;2X;2Y;2X;2Y;2Z;2X;2Y;0I;0Z;0Q;1W;0I;0H;0I;65;20;;;
429;1I0I120N0H0H0H0H0I0H0I3Y2Y3I332X2Y2X2Y2Z2X2Y0--0I120N1W0I0H0I6520;1I0I120N0H0H0H0H0I0H0I3Y2Y3I332X2Y2X2Y2Z2X2Y0;1I0I120N0H0H0H0H0I0H0I;U1E60000101;U;1E60000101;3Y2Y3I332X2Y2X2Y2Z2X2Y;­‰ťŽ‰‰Š‰;0I120N1W0I0H0I6520;1E6c101üg;0;1I;0I;12;0N;0H;0H;0H;0H;0I;0H;0I;3Y;2Y;3I;33;2X;2Y;2X;2Y;2Z;2X;2Y;0I;12;0N;1W;0I;0H;0I;65;20;;;
430;1I0J110N0H0H0H0H0I0H0I3Y2Z3H332X2Y2X2Y2Z2X2Y0--0J110N1W0I0H0I6520;1I0J110N0H0H0H0H0I0H0I3Y2Z3H332X2Y2X2Y2Z2X2Y0;1I0J110N0H0H0H0H0I0H0I;U2D60000101;U;2D60000101;3Y2Z3H332X2Y2X2Y2Z2X2Y;­ŠśŽ‰‰Š‰;0J110N1W0I0H0I6520;2D6c101üg;0;1I;0J;11;0N;0H;0H;0H;0H;0I;0H;0I;3Y;2Z;3H;33;2X;2Y;2X;2Y;2Z;2X;2Y;0J;11;0N;1W;0I;0H;0I;65;20;;;
431;1I0Z120N0Z120H0H0I0H0I3Y3F3I333F3I2X2Y2Z2X2Y0--0Z120N0Z121U0I0H0I631W0;1I0Z120N0Z120H0H0I0H0I3Y3F3I333F3I2X2Y2Z2X2Y0;1I0Z120N0Z120H0H0I0H0I;UBE6BE00101;U;BE6BE00101;3Y3F3I333F3I2X2Y2Z2X2Y;­šťŽšť‰Š‰;0Z120N0Z121U0I0H0I631W0;BE6BEa101úc;0;1I;0Z;12;0N;0Z;12;0H;0H;0I;0H;0I;3Y;3F;3I;33;3F;3I;2X;2Y;2Z;2X;2Y;0Z;12;0N;0Z;12;1U;0I;0H;0I;63;1W;0
432;1I100Q0H0H0H0H0H0I0H0I3Y3G362X2Y2X2Y2X2Y2X2Y0--100Q0J0I0H0I660O0;1I100Q0H0H0H0H0H0I0H0I3Y3G362X2Y2X2Y2X2Y2X2Y0;1I100Q0H0H0H0H0H0I0H0I;UC900000101;U;C900000101;3Y3G362X2Y2X2Y2X2Y2X2Y;­›‘‰‰‰‰;100Q0J0I0H0I660O0;C92101ý7;0;1I;10;0Q;0H;0H;0H;0H;0H;0I;0H;0I;3Y;3G;36;2X;2Y;2X;2Y;2X;2Y;2X;2Y;10;0Q;0J;0I;0H;0I;66;0O;;;;0
433;1I110P0H0H0H0H0H0I0H0I3Y3H352X2Y2X2Y2X2Y2X2Y0--110P0J0I0H0I660O0;1I110P0H0H0H0H0H0I0H0I3Y3H352X2Y2X2Y2X2Y2X2Y0;1I110P0H0H0H0H0H0I0H0I;UD800000101;U;D800000101;3Y3H352X2Y2X2Y2X2Y2X2Y;­ś‰‰‰‰;110P0J0I0H0I660O0;D82101ý7;0;1I;11;0P;0H;0H;0H;0H;0H;0I;0H;0I;3Y;3H;35;2X;2Y;2X;2Y;2X;2Y;2X;2Y;11;0P;0J;0I;0H;0I;66;0O;;;;0
434;1I150L0H0H0H0H0H0I0H0I3Y3L312X2Y2X2Y2X2Y2X2Y0--150L0J0I0H0I660O0;1I150L0H0H0H0H0H0I0H0I3Y3L312X2Y2X2Y2X2Y2X2Y0;1I150L0H0H0H0H0H0I0H0I;UH400000101;U;H400000101;3Y3L312X2Y2X2Y2X2Y2X2Y;­ Ś‰‰‰‰;150L0J0I0H0I660O0;H42101ý7;0;1I;15;0L;0H;0H;0H;0H;0H;0I;0H;0I;3Y;3L;31;2X;2Y;2X;2Y;2X;2Y;2X;2Y;15;0L;0J;0I;0H;0I;66;0O;;;;0
435;1I1612180L0O0H0H0I0H0I3Y3M3I3O31342X2Y2Z2X2Y0--1612180L0O1U0I0H0I631W0;1I1612180L0O0H0H0I0H0I3Y3M3I3O31342X2Y2Z2X2Y0;1I1612180L0O0H0H0I0H0I;UIEK4700101;U;IEK4700101;3Y3M3I3O31342X2Y2Z2X2Y;­ˇťŁŚŹ‰Š‰;1612180L0O1U0I0H0I631W0;IEK47a101úc;0;1I;16;12;18;0L;0O;0H;0H;0I;0H;0I;3Y;3M;3I;3O;31;34;2X;2Y;2Z;2X;2Y;16;12;18;0L;0O;1U;0I;0H;0I;63;1W;0
436;1J0I0Q100H0H0H0H0I0H0I402Z373H2Y2Z2Y2Z302Y2Z0--0I0Q101X0I0I0H6521;1J0I0Q100H0H0H0H0I0H0I402Z373H2Y2Z2Y2Z302Y2Z0;1J0I0Q100H0H0H0H0I0H0I;V19C0000101;V;19C0000101;402Z373H2Y2Z2Y2Z302Y2Z;ŻŠ’ś‰Š‰Š‹‰Š;0I0Q101X0I0I0H6521;19Cd110üh;0;1J;0I;0Q;10;0H;0H;0H;0H;0I;0H;0I;40;2Z;37;3H;2Y;2Z;2Y;2Z;30;2Y;2Z;0I;0Q;10;1X;0I;0I;0H;65;21;;;
437;1J0I140M0H0H0H0H0I0H0I402Z3L332Y2Z2Y2Z302Y2Z0--0I140M1X0I0I0H6521;1J0I140M0H0H0H0H0I0H0I402Z3L332Y2Z2Y2Z302Y2Z0;1J0I140M0H0H0H0H0I0H0I;V1G50000101;V;1G50000101;402Z3L332Y2Z2Y2Z302Y2Z;ŻŠ Ž‰Š‰Š‹‰Š;0I140M1X0I0I0H6521;1G5d110üh;0;1J;0I;14;0M;0H;0H;0H;0H;0I;0H;0I;40;2Z;3L;33;2Y;2Z;2Y;2Z;30;2Y;2Z;0I;14;0M;1X;0I;0I;0H;65;21;;;
438;1J0I150L0H0H0H0H0I0H0I402Z3M322Y2Z2Y2Z302Y2Z0--0I150L1X0I0I0H6521;1J0I150L0H0H0H0H0I0H0I402Z3M322Y2Z2Y2Z302Y2Z0;1J0I150L0H0H0H0H0I0H0I;V1H40000101;V;1H40000101;402Z3M322Y2Z2Y2Z302Y2Z;ŻŠˇŤ‰Š‰Š‹‰Š;0I150L1X0I0I0H6521;1H4d110üh;0;1J;0I;15;0L;0H;0H;0H;0H;0I;0H;0I;40;2Z;3M;32;2Y;2Z;2Y;2Z;30;2Y;2Z;0I;15;0L;1X;0I;0I;0H;65;21;;;
439;1J0I160K0H0H0H0H0I0H0I402Z3N312Y2Z2Y2Z302Y2Z0--0I160K1X0I0I0H6521;1J0I160K0H0H0H0H0I0H0I402Z3N312Y2Z2Y2Z302Y2Z0;1J0I160K0H0H0H0H0I0H0I;V1I30000101;V;1I30000101;402Z3N312Y2Z2Y2Z302Y2Z;ŻŠ˘Ś‰Š‰Š‹‰Š;0I160K1X0I0I0H6521;1I3d110üh;0;1J;0I;16;0K;0H;0H;0H;0H;0I;0H;0I;40;2Z;3N;31;2Y;2Z;2Y;2Z;30;2Y;2Z;0I;16;0K;1X;0I;0I;0H;65;21;;;
440;1J0J100P0H0H0H0H0I0H0I40303H362Y2Z2Y2Z302Y2Z0--0J100P1X0I0I0H6521;1J0J100P0H0H0H0H0I0H0I40303H362Y2Z2Y2Z302Y2Z0;1J0J100P0H0H0H0H0I0H0I;V2C80000101;V;2C80000101;40303H362Y2Z2Y2Z302Y2Z;Ż‹ś‘‰Š‰Š‹‰Š;0J100P1X0I0I0H6521;2C8d110üh;0;1J;0J;10;0P;0H;0H;0H;0H;0I;0H;0I;40;30;3H;36;2Y;2Z;2Y;2Z;30;2Y;2Z;0J;10;0P;1X;0I;0I;0H;65;21;;;
441;1J0J120N0H0H0H0H0I0H0I40303J342Y2Z2Y2Z302Y2Z0--0J120N1X0I0I0H6521;1J0J120N0H0H0H0H0I0H0I40303J342Y2Z2Y2Z302Y2Z0;1J0J120N0H0H0H0H0I0H0I;V2E60000101;V;2E60000101;40303J342Y2Z2Y2Z302Y2Z;Ż‹žŹ‰Š‰Š‹‰Š;0J120N1X0I0I0H6521;2E6d110üh;0;1J;0J;12;0N;0H;0H;0H;0H;0I;0H;0I;40;30;3J;34;2Y;2Z;2Y;2Z;30;2Y;2Z;0J;12;0N;1X;0I;0I;0H;65;21;;;
442;1J0J12140Z120H0H0I0H0I40303J3L3G3J2Y2Z302Y2Z0--0J12140Z121V0I0I0H631X0;1J0J12140Z120H0H0I0H0I40303J3L3G3J2Y2Z302Y2Z0;1J0J12140Z120H0H0I0H0I;V2EGBE00101;V;2EGBE00101;40303J3L3G3J2Y2Z302Y2Z;Ż‹ž ›ž‰Š‹‰Š;0J12140Z121V0I0I0H631X0;2EGBEb110úd;0;1J;0J;12;14;0Z;12;0H;0H;0I;0H;0I;40;30;3J;3L;3G;3J;2Y;2Z;30;2Y;2Z;0J;12;14;0Z;12;1V;0I;0I;0H;63;1X;0
443;1J0J121I120L0H0H0I0H0I40303J3Z3J322Y2Z302Y2Z0--0J121I120L1V0I0I0H631X0;1J0J121I120L0H0H0I0H0I40303J3Z3J322Y2Z302Y2Z0;1J0J121I120L0H0H0I0H0I;V2EUE400101;V;2EUE400101;40303J3Z3J322Y2Z302Y2Z;Ż‹ž®žŤ‰Š‹‰Š;0J121I120L1V0I0I0H631X0;2EUE4b110úd;0;1J;0J;12;1I;12;0L;0H;0H;0I;0H;0I;40;30;3J;3Z;3J;32;2Y;2Z;30;2Y;2Z;0J;12;1I;12;0L;1V;0I;0I;0H;63;1X;0
444;1J110H0P1C170H0H0I0H0I403I2Y363T3O2Y2Z302Y2Z0--110H0P1C171V0I0I0H631X0;1J110H0P1C170H0H0I0H0I403I2Y363T3O2Y2Z302Y2Z0;1J110H0P1C170H0H0I0H0I;VD08OJ00101;V;D08OJ00101;403I2Y363T3O2Y2Z302Y2Z;Żť‰‘¨Ł‰Š‹‰Š;110H0P1C171V0I0I0H631X0;D08OJb110úd;0;1J;11;0H;0P;1C;17;0H;0H;0I;0H;0I;40;3I;2Y;36;3T;3O;2Y;2Z;30;2Y;2Z;11;0H;0P;1C;17;1V;0I;0I;0H;63;1X;0
445;1J130O0H0H0H0H0H0I0H0I403K352Y2Z2Y2Z2Y2Z2Y2Z0--130O0K0I0I0H660P0;1J130O0H0H0H0H0H0I0H0I403K352Y2Z2Y2Z2Y2Z2Y2Z0;1J130O0H0H0H0H0H0I0H0I;VF700000101;V;F700000101;403K352Y2Z2Y2Z2Y2Z2Y2Z;Żź‰Š‰Š‰Š‰Š;130O0K0I0I0H660P0;F73110ý8;0;1J;13;0O;0H;0H;0H;0H;0H;0I;0H;0I;40;3K;35;2Y;2Z;2Y;2Z;2Y;2Z;2Y;2Z;13;0O;0K;0I;0I;0H;66;0P;;;;0
446;1J160L0H0H0H0H0H0I0H0I403N322Y2Z2Y2Z2Y2Z2Y2Z0--160L0K0I0I0H660P0;1J160L0H0H0H0H0H0I0H0I403N322Y2Z2Y2Z2Y2Z2Y2Z0;1J160L0H0H0H0H0H0I0H0I;VI400000101;V;I400000101;403N322Y2Z2Y2Z2Y2Z2Y2Z;Ż˘Ť‰Š‰Š‰Š‰Š;160L0K0I0I0H660P0;I43110ý8;0;1J;16;0L;0H;0H;0H;0H;0H;0I;0H;0I;40;3N;32;2Y;2Z;2Y;2Z;2Y;2Z;2Y;2Z;16;0L;0K;0I;0I;0H;66;0P;;;;0
447;1J180J0H0H0H0H0H0I0H0I403P302Y2Z2Y2Z2Y2Z2Y2Z0--180J0K0I0I0H660P0;1J180J0H0H0H0H0H0I0H0I403P302Y2Z2Y2Z2Y2Z2Y2Z0;1J180J0H0H0H0H0H0I0H0I;VK200000101;V;K200000101;403P302Y2Z2Y2Z2Y2Z2Y2Z;Ż¤‹‰Š‰Š‰Š‰Š;180J0K0I0I0H660P0;K23110ý8;0;1J;18;0J;0H;0H;0H;0H;0H;0I;0H;0I;40;3P;30;2Y;2Z;2Y;2Z;2Y;2Z;2Y;2Z;18;0J;0K;0I;0I;0H;66;0P;;;;0
448;1K0I121016110H0H0I0H0I42303K3I3O3J2Z30312Z300--0I121016111W0I0H0I631Y0;1K0I121016110H0H0I0H0I42303K3I3O3J2Z30312Z300;1K0I121016110H0H0I0H0I;W1ECID00101;W;1ECID00101;42303K3I3O3J2Z30312Z30;±‹źťŁžŠ‹ŚŠ‹;0I121016111W0I0H0I631Y0;1ECIDc101úe;0;1K;0I;12;10;16;11;0H;0H;0I;0H;0I;42;30;3K;3I;3O;3J;2Z;30;31;2Z;30;0I;12;10;16;11;1W;0I;0H;0I;63;1Y;0
449;1K0I121H140M0H0H0I0H0I42303K3Z3M342Z30312Z300--0I121H140M1W0I0H0I631Y0;1K0I121H140M0H0H0I0H0I42303K3Z3M342Z30312Z300;1K0I121H140M0H0H0I0H0I;W1ETG500101;W;1ETG500101;42303K3Z3M342Z30312Z30;±‹ź®ˇŹŠ‹ŚŠ‹;0I121H140M1W0I0H0I631Y0;1ETG5c101úe;0;1K;0I;12;1H;14;0M;0H;0H;0I;0H;0I;42;30;3K;3Z;3M;34;2Z;30;31;2Z;30;0I;12;1H;14;0M;1W;0I;0H;0I;63;1Y;0
450;1K0L12130Z120H0H0I0H0I42333K3L3H3K2Z30312Z300--0L12130Z121W0I0H0I631Y0;1K0L12130Z120H0H0I0H0I42333K3L3H3K2Z30312Z300;1K0L12130Z120H0H0I0H0I;W4EFBE00101;W;4EFBE00101;42333K3L3H3K2Z30312Z30;±Žź śźŠ‹ŚŠ‹;0L12130Z121W0I0H0I631Y0;4EFBEc101úe;0;1K;0L;12;13;0Z;12;0H;0H;0I;0H;0I;42;33;3K;3L;3H;3K;2Z;30;31;2Z;30;0L;12;13;0Z;12;1W;0I;0H;0I;63;1Y;0
451;1L0H131I140M0H0H0I0H0I44303M413N3530313230310--0H131I140M1X0I0I0H631Z0;1L0H131I140M0H0H0I0H0I44303M413N3530313230310;1L0H131I140M0H0H0I0H0I;X0FUG500101;X;0FUG500101;44303M413N353031323031;ł‹ˇ°˘‹ŚŤ‹Ś;0H131I140M1X0I0I0H631Z0;0FUG5d110úf;0;1L;0H;13;1I;14;0M;0H;0H;0I;0H;0I;44;30;3M;41;3N;35;30;31;32;30;31;0H;13;1I;14;0M;1X;0I;0I;0H;63;1Z;0
452;1L0J121M0H140H0H0I0H0I44323L45303N30313230310--0J121M0H141X0I0I0H631Z0;1L0J121M0H140H0H0I0H0I44323L45303N30313230310;1L0J121M0H140H0H0I0H0I;X2EY0G00101;X;2EY0G00101;44323L45303N3031323031;łŤ ´‹˘‹ŚŤ‹Ś;0J121M0H141X0I0I0H631Z0;2EY0Gd110úf;0;1L;0J;12;1M;0H;14;0H;0H;0I;0H;0I;44;32;3L;45;30;3N;30;31;32;30;31;0J;12;1M;0H;14;1X;0I;0I;0H;63;1Z;0
453;1L0Z0M0K1G170H0H0I0H0I443I35333Z3Q30313230310--0Z0M0K1G171X0I0I0H631Z0;1L0Z0M0K1G170H0H0I0H0I443I35333Z3Q30313230310;1L0Z0M0K1G170H0H0I0H0I;XB53SJ00101;X;B53SJ00101;443I35333Z3Q3031323031;łťŽ®Ą‹ŚŤ‹Ś;0Z0M0K1G171X0I0I0H631Z0;B53SJd110úf;0;1L;0Z;0M;0K;1G;17;0H;0H;0I;0H;0I;44;3I;35;33;3Z;3Q;30;31;32;30;31;0Z;0M;0K;1G;17;1X;0I;0I;0H;63;1Z;0
454;1M0H0O121F170H0H0I0H0I4631383M3Z3R31323331320--0H0O121F171Y0I0H0I63200;1M0H0O121F170H0H0I0H0I4631383M3Z3R31323331320;1M0H0O121F170H0H0I0H0I;Y07ERJ00101;Y;07ERJ00101;4631383M3Z3R3132333132;µŚ“ˇ®¦ŚŤŽŚŤ;0H0O121F171Y0I0H0I63200;07ERJe101úg;0;1M;0H;0O;12;1F;17;0H;0H;0I;0H;0I;46;31;38;3M;3Z;3R;31;32;33;31;32;0H;0O;12;1F;17;1Y;0I;0H;0I;63;20;0
455;1M0I12180Y130H0H0I0H0I46323M3S3I3N31323331320--0I12180Y131Y0I0H0I63200;1M0I12180Y130H0H0I0H0I46323M3S3I3N31323331320;1M0I12180Y130H0H0I0H0I;Y1EKAF00101;Y;1EKAF00101;46323M3S3I3N3132333132;µŤˇ§ť˘ŚŤŽŚŤ;0I12180Y131Y0I0H0I63200;1EKAFe101úg;0;1M;0I;12;18;0Y;13;0H;0H;0I;0H;0I;46;32;3M;3S;3I;3N;31;32;33;31;32;0I;12;18;0Y;13;1Y;0I;0H;0I;63;20;0
456;1M0I170K1D170H0H0I0H0I46323R343X3R31323331320--0I170K1D171Y0I0H0I63200;1M0I170K1D170H0H0I0H0I46323R343X3R31323331320;1M0I170K1D170H0H0I0H0I;Y1J3PJ00101;Y;1J3PJ00101;46323R343X3R3132333132;µŤ¦Ź¬¦ŚŤŽŚŤ;0I170K1D171Y0I0H0I63200;1J3PJe101úg;0;1M;0I;17;0K;1D;17;0H;0H;0I;0H;0I;46;32;3R;34;3X;3R;31;32;33;31;32;0I;17;0K;1D;17;1Y;0I;0H;0I;63;20;0
457;1M0K121016110H0H0I0H0I46343M3K3Q3L31323331320--0K121016111Y0I0H0I63200;1M0K121016110H0H0I0H0I46343M3K3Q3L31323331320;1M0K121016110H0H0I0H0I;Y3ECID00101;Y;3ECID00101;46343M3K3Q3L3132333132;µŹˇźĄ ŚŤŽŚŤ;0K121016111Y0I0H0I63200;3ECIDe101úg;0;1M;0K;12;10;16;11;0H;0H;0I;0H;0I;46;34;3M;3K;3Q;3L;31;32;33;31;32;0K;12;10;16;11;1Y;0I;0H;0I;63;20;0
458;1M0Z120Q1I0K0H0H0I0H0I463J3M3A423431323331320--0Z120Q1I0K1Y0I0H0I63200;1M0Z120Q1I0K0H0H0I0H0I463J3M3A423431323331320;1M0Z120Q1I0K0H0H0I0H0I;YBE9U300101;Y;BE9U300101;463J3M3A42343132333132;µžˇ•±ŹŚŤŽŚŤ;0Z120Q1I0K1Y0I0H0I63200;BE9U3e101úg;0;1M;0Z;12;0Q;1I;0K;0H;0H;0I;0H;0I;46;3J;3M;3A;42;34;31;32;33;31;32;0Z;12;0Q;1I;0K;1Y;0I;0H;0I;63;20;0
459;1O0J0H1G18170H0H0I0H0I4A3533423U3T33343533340--0J0H1G1817200I0H0I63220;1O0J0H1G18170H0H0I0H0I4A3533423U3T33343533340;1O0J0H1G18170H0H0I0H0I;[20SKJ00101;[;20SKJ00101;4A3533423U3T3334353334;ąŽ±©¨ŽŹŽŹ;0J0H1G1817200I0H0I63220;20SKJg101úi;0;1O;0J;0H;1G;18;17;0H;0H;0I;0H;0I;4A;35;33;42;3U;3T;33;34;35;33;34;0J;0H;1G;18;17;20;0I;0H;0I;63;22;0
460;1P0H1C0I1E170H0H0I0H0I4C343Z35413U34353634350--0H1C0I1E17210I0I0H63230;1P0H1C0I1E170H0H0I0H0I4C343Z35413U34353634350;1P0H1C0I1E170H0H0I0H0I;\0O1QJ00101;\;0O1QJ00101;4C343Z35413U3435363435;»Ź®°©Ź‘Ź;0H1C0I1E17210I0I0H63230;0O1QJh110új;0;1P;0H;1C;0I;1E;17;0H;0H;0I;0H;0I;4C;34;3Z;35;41;3U;34;35;36;34;35;0H;1C;0I;1E;17;21;0I;0I;0H;63;23;0
461;1Q0J0H1H19170H0H0I0H0I4E3735453X3V35363735360--0J0H1H1917220I0H0I63240;1Q0J0H1H19170H0H0I0H0I4E3735453X3V35363735360;1Q0J0H1H19170H0H0I0H0I;]20TLJ00101;];20TLJ00101;4E3735453X3V3536373536;˝’´¬Ş‘’‘;0J0H1H1917220I0H0I63240;20TLJi101úk;0;1Q;0J;0H;1H;19;17;0H;0H;0I;0H;0I;4E;37;35;45;3X;3V;35;36;37;35;36;0J;0H;1H;19;17;22;0I;0H;0I;63;24;0
462;1Q0M131I140M0H0H0I0H0I4E3A3R463S3A35363735360--0M131I140M220I0H0I63240;1Q0M131I140M0H0H0I0H0I4E3A3R463S3A35363735360;1Q0M131I140M0H0H0I0H0I;]5FUG500101;];5FUG500101;4E3A3R463S3A3536373536;˝•¦µ§•‘’‘;0M131I140M220I0H0I63240;5FUG5i101úk;0;1Q;0M;13;1I;14;0M;0H;0H;0I;0H;0I;4E;3A;3R;46;3S;3A;35;36;37;35;36;0M;13;1I;14;0M;22;0I;0H;0I;63;24;0
463;1Q0Q120H1K140H0H0I0H0I4E3E3Q35483S35363735360--0Q120H1K14220I0H0I63240;1Q0Q120H1K140H0H0I0H0I4E3E3Q35483S35363735360;1Q0Q120H1K140H0H0I0H0I;]9E0WG00101;];9E0WG00101;4E3E3Q35483S3536373536;˝™Ą·§‘’‘;0Q120H1K14220I0H0I63240;9E0WGi101úk;0;1Q;0Q;12;0H;1K;14;0H;0H;0I;0H;0I;4E;3E;3Q;35;48;3S;35;36;37;35;36;0Q;12;0H;1K;14;22;0I;0H;0I;63;24;0
464;1R0I1C0I1F170H0H0I0H0I4G374137443W36373836370--0I1C0I1F17230I0I0H63250;1R0I1C0I1F170H0H0I0H0I4G374137443W36373836370;1R0I1C0I1F170H0H0I0H0I;^1O1RJ00101;^;1O1RJ00101;4G374137443W3637383637;ż’°’ł«‘’“‘’;0I1C0I1F17230I0I0H63250;1O1RJj110úl;0;1R;0I;1C;0I;1F;17;0H;0H;0I;0H;0I;4G;37;41;37;44;3W;36;37;38;36;37;0I;1C;0I;1F;17;23;0I;0I;0H;63;25;0
465;1R150M0K1G170H0H0I0H0I4G3U3B39453W36373836370--150M0K1G17230I0I0H63250;1R150M0K1G170H0H0I0H0I4G3U3B39453W36373836370;1R150M0K1G170H0H0I0H0I;^H53SJ00101;^;H53SJ00101;4G3U3B39453W3637383637;ż©–”´«‘’“‘’;150M0K1G17230I0I0H63250;H53SJj110úl;0;1R;15;0M;0K;1G;17;0H;0H;0I;0H;0I;4G;3U;3B;39;45;3W;36;37;38;36;37;15;0M;0K;1G;17;23;0I;0I;0H;63;25;0
466;1T0L121215160H0H0I0H0I4K3C3T3U3W3X38393A38390--0L12121516250I0I0H63270;1T0L121215160H0H0I0H0I4K3C3T3U3W3X38393A38390;1T0L121215160H0H0I0H0I;`4EEHI00101;`;4EEHI00101;4K3C3T3U3W3X38393A3839;Ă—¨©«¬“”•“”;0L12121516250I0I0H63270;4EEHIl110ún;0;1T;0L;12;12;15;16;0H;0H;0I;0H;0I;4K;3C;3T;3U;3W;3X;38;39;3A;38;39;0L;12;12;15;16;25;0I;0I;0H;63;27;0
467;1V0K100Y1D170H0H0I0H0I4O3D3T3R46403A3B3C3A3B0--0K100Y1D17270I0I0H63290;1V0K100Y1D170H0H0I0H0I4O3D3T3R46403A3B3C3A3B0;1V0K100Y1D170H0H0I0H0I;b3CAPJ00101;b;3CAPJ00101;4O3D3T3R46403A3B3C3A3B;Ç¨¦µŻ•–—•–;0K100Y1D17270I0I0H63290;3CAPJn110úp;0;1V;0K;10;0Y;1D;17;0H;0H;0I;0H;0I;4O;3D;3T;3R;46;40;3A;3B;3C;3A;3B;0K;10;0Y;1D;17;27;0I;0I;0H;63;29;0
468;1V0P0O141E170H0H0I0H0I4O3I3H3X47403A3B3C3A3B0--0P0O141E17270I0I0H63290;1V0P0O141E170H0H0I0H0I4O3I3H3X47403A3B3C3A3B0;1V0P0O141E170H0H0I0H0I;b87GQJ00101;b;87GQJ00101;4O3I3H3X47403A3B3C3A3B;Çťś¬¶Ż•–—•–;0P0O141E17270I0I0H63290;87GQJn110úp;0;1V;0P;0O;14;1E;17;0H;0H;0I;0H;0I;4O;3I;3H;3X;47;40;3A;3B;3C;3A;3B;0P;0O;14;1E;17;27;0I;0I;0H;63;29;0
469;1V0P100Q1G170H0H0I0H0I4O3I3T3J49403A3B3C3A3B0--0P100Q1G17270I0I0H63290;1V0P100Q1G170H0H0I0H0I4O3I3T3J49403A3B3C3A3B0;1V0P100Q1G170H0H0I0H0I;b8C9SJ00101;b;8C9SJ00101;4O3I3T3J49403A3B3C3A3B;Çť¨ž¸Ż•–—•–;0P100Q1G17270I0I0H63290;8C9SJn110úp;0;1V;0P;10;0Q;1G;17;0H;0H;0I;0H;0I;4O;3I;3T;3J;49;40;3A;3B;3C;3A;3B;0P;10;0Q;1G;17;27;0I;0I;0H;63;29;0
470;1W0I121C1L0M0H0H0I0H0I4Q3C3W464F3G3B3C3D3B3C0--0I121C1L0M280I0H0I632A0;1W0I121C1L0M0H0H0I0H0I4Q3C3W464F3G3B3C3D3B3C0;1W0I121C1L0M0H0H0I0H0I;c1EOX500101;c;1EOX500101;4Q3C3W464F3G3B3C3D3B3C;É—«µľ›–—–—;0I121C1L0M280I0H0I632A0;1EOX5o101úq;0;1W;0I;12;1C;1L;0M;0H;0H;0I;0H;0I;4Q;3C;3W;46;4F;3G;3B;3C;3D;3B;3C;0I;12;1C;1L;0M;28;0I;0H;0I;63;2A;0
471;1W0J0K1L18170H0H0I0H0I4Q3D3E4F42413B3C3D3B3C0--0J0K1L1817280I0H0I632A0;1W0J0K1L18170H0H0I0H0I4Q3D3E4F42413B3C3D3B3C0;1W0J0K1L18170H0H0I0H0I;c23XKJ00101;c;23XKJ00101;4Q3D3E4F42413B3C3D3B3C;É™ľ±°–—–—;0J0K1L1817280I0H0I632A0;23XKJo101úq;0;1W;0J;0K;1L;18;17;0H;0H;0I;0H;0I;4Q;3D;3E;4F;42;41;3B;3C;3D;3B;3C;0J;0K;1L;18;17;28;0I;0H;0I;63;2A;0
472;1W0P110Q1G170H0H0I0H0I4Q3J3V3K4A413B3C3D3B3C0--0P110Q1G17280I0H0I632A0;1W0P110Q1G170H0H0I0H0I4Q3J3V3K4A413B3C3D3B3C0;1W0P110Q1G170H0H0I0H0I;c8D9SJ00101;c;8D9SJ00101;4Q3J3V3K4A413B3C3D3B3C;ÉžŞźą°–—–—;0P110Q1G17280I0H0I632A0;8D9SJo101úq;0;1W;0P;11;0Q;1G;17;0H;0H;0I;0H;0I;4Q;3J;3V;3K;4A;41;3B;3C;3D;3B;3C;0P;11;0Q;1G;17;28;0I;0H;0I;63;2A;0
473;1W0Q0O141E170H0H0I0H0I4Q3K3I3Y48413B3C3D3B3C0--0Q0O141E17280I0H0I632A0;1W0Q0O141E170H0H0I0H0I4Q3K3I3Y48413B3C3D3B3C0;1W0Q0O141E170H0H0I0H0I;c97GQJ00101;c;97GQJ00101;4Q3K3I3Y48413B3C3D3B3C;Éźť­·°–—–—;0Q0O141E17280I0H0I632A0;97GQJo101úq;0;1W;0Q;0O;14;1E;17;0H;0H;0I;0H;0I;4Q;3K;3I;3Y;48;41;3B;3C;3D;3B;3C;0Q;0O;14;1E;17;28;0I;0H;0I;63;2A;0
474;1W110Z0M1A170H0H0I0H0I4Q3V3T3G44413B3C3D3B3C0--110Z0M1A17280I0H0I632A0;1W110Z0M1A170H0H0I0H0I4Q3V3T3G44413B3C3D3B3C0;1W110Z0M1A170H0H0I0H0I;cDB5MJ00101;c;DB5MJ00101;4Q3V3T3G44413B3C3D3B3C;ÉŞ¨›ł°–—–—;110Z0M1A17280I0H0I632A0;DB5MJo101úq;0;1W;11;0Z;0M;1A;17;0H;0H;0I;0H;0I;4Q;3V;3T;3G;44;41;3B;3C;3D;3B;3C;11;0Z;0M;1A;17;28;0I;0H;0I;63;2A;0
475;1Y0K121C1L0M0H0H0I0H0I4U3G3Y484H3I3D3E3F3D3E0--0K121C1L0M2A0I0H0I632C0;1Y0K121C1L0M0H0H0I0H0I4U3G3Y484H3I3D3E3F3D3E0;1Y0K121C1L0M0H0H0I0H0I;e3EOX500101;e;3EOX500101;4U3G3Y484H3I3D3E3F3D3E;Í›­·Ŕť™š™;0K121C1L0M2A0I0H0I632C0;3EOX5q101ús;0;1Y;0K;12;1C;1L;0M;0H;0H;0I;0H;0I;4U;3G;3Y;48;4H;3I;3D;3E;3F;3D;3E;0K;12;1C;1L;0M;2A;0I;0H;0I;63;2C;0
476;1Y0Y120H1K140H0H0I0H0I4U3U3Y3D4G403D3E3F3D3E0--0Y120H1K142A0I0H0I632C0;1Y0Y120H1K140H0H0I0H0I4U3U3Y3D4G403D3E3F3D3E0;1Y0Y120H1K140H0H0I0H0I;eAE0WG00101;e;AE0WG00101;4U3U3Y3D4G403D3E3F3D3E;Í©­żŻ™š™;0Y120H1K142A0I0H0I632C0;AE0WGq101ús;0;1Y;0Y;12;0H;1K;14;0H;0H;0I;0H;0I;4U;3U;3Y;3D;4G;40;3D;3E;3F;3D;3E;0Y;12;0H;1K;14;2A;0I;0H;0I;63;2C;0
477;1Z0K121D1L0M0H0H0I0H0I4W3H3Z4A4I3J3E3F3G3E3F0--0K121D1L0M2B0I0I0H632D0;1Z0K121D1L0M0H0H0I0H0I4W3H3Z4A4I3J3E3F3G3E3F0;1Z0K121D1L0M0H0H0I0H0I;f3EPX500101;f;3EPX500101;4W3H3Z4A4I3J3E3F3G3E3F;Ďś®ąÁž™š›™š;0K121D1L0M2B0I0I0H632D0;3EPX5r110út;0;1Z;0K;12;1D;1L;0M;0H;0H;0I;0H;0I;4W;3H;3Z;4A;4I;3J;3E;3F;3G;3E;3F;0K;12;1D;1L;0M;2B;0I;0I;0H;63;2D;0
478;200L0L1E1G170H0H0I0H0I4Y3J3K4C4E453F3G3H3F3G0--0L0L1E1G172C0I0H0I632E0;200L0L1E1G170H0H0I0H0I4Y3J3K4C4E453F3G3H3F3G0;200L0L1E1G170H0H0I0H0I;g44QSJ00101;g;44QSJ00101;4Y3J3K4C4E453F3G3H3F3G;Ńžź»˝´š›śš›;0L0L1E1G172C0I0H0I632E0;44QSJs101úu;0;20;0L;0L;1E;1G;17;0H;0H;0I;0H;0I;4Y;3J;3K;4C;4E;45;3F;3G;3H;3F;3G;0L;0L;1E;1G;17;2C;0I;0H;0I;63;2E;0
479;200M12121E130H0H0I0H0I4Y3K40414C413F3G3H3F3G0--0M12121E132C0I0H0I632E0;200M12121E130H0H0I0H0I4Y3K40414C413F3G3H3F3G0;200M12121E130H0H0I0H0I;g5EEQF00101;g;5EEQF00101;4Y3K40414C413F3G3H3F3G;ŃźŻ°»°š›śš›;0M12121E132C0I0H0I632E0;5EEQFs101úu;0;20;0M;12;12;1E;13;0H;0H;0I;0H;0I;4Y;3K;40;41;4C;41;3F;3G;3H;3F;3G;0M;12;12;1E;13;2C;0I;0H;0I;63;2E;0
480;2011110K1E170H0H0I0H0I4Y3Z403I4C453F3G3H3F3G0--11110K1E172C0I0H0I632E0;2011110K1E170H0H0I0H0I4Y3Z403I4C453F3G3H3F3G0;2011110K1E170H0H0I0H0I;gDD3QJ00101;g;DD3QJ00101;4Y3Z403I4C453F3G3H3F3G;Ń®Żť»´š›śš›;11110K1E172C0I0H0I632E0;DD3QJs101úu;0;20;11;11;0K;1E;17;0H;0H;0I;0H;0I;4Y;3Z;40;3I;4C;45;3F;3G;3H;3F;3G;11;11;0K;1E;17;2C;0I;0H;0I;63;2E;0
482;210M121D1L0M0H0H0I0H0I503L414C4K3L3G3H3I3G3H0--0M121D1L0M2D0I0I0H632F0;210M121D1L0M0H0H0I0H0I503L414C4K3L3G3H3I3G3H0;210M121D1L0M0H0H0I0H0I;h5EPX500101;h;5EPX500101;503L414C4K3L3G3H3I3G3H;Ó °»Ă ›śť›ś;0M121D1L0M2D0I0I0H632F0;5EPX5t110úv;0;21;0M;12;1D;1L;0M;0H;0H;0I;0H;0I;50;3L;41;4C;4K;3L;3G;3H;3I;3G;3H;0M;12;1D;1L;0M;2D;0I;0I;0H;63;2F;0
483;210Q0M181H170H0H0I0H0I503P3L474G463G3H3I3G3H0--0Q0M181H172D0I0I0H632F0;210Q0M181H170H0H0I0H0I503P3L474G463G3H3I3G3H0;210Q0M181H170H0H0I0H0I;h95KTJ00101;h;95KTJ00101;503P3L474G463G3H3I3G3H;Ó¤ ¶żµ›śť›ś;0Q0M181H172D0I0I0H632F0;95KTJt110úv;0;21;0Q;0M;18;1H;17;0H;0H;0I;0H;0I;50;3P;3L;47;4G;46;3G;3H;3I;3G;3H;0Q;0M;18;1H;17;2D;0I;0I;0H;63;2F;0
484;2110120P1H100H0H0I0H0I503Z413O4G3Z3G3H3I3G3H0--10120P1H102D0I0I0H632F0;2110120P1H100H0H0I0H0I503Z413O4G3Z3G3H3I3G3H0;2110120P1H100H0H0I0H0I;hCE8TC00101;h;CE8TC00101;503Z413O4G3Z3G3H3I3G3H;Ó®°Łż®›śť›ś;10120P1H102D0I0I0H632F0;CE8TCt110úv;0;21;10;12;0P;1H;10;0H;0H;0I;0H;0I;50;3Z;41;3O;4G;3Z;3G;3H;3I;3G;3H;10;12;0P;1H;10;2D;0I;0I;0H;63;2F;0
485;220N121D1L0M0H0H0I0H0I523N424D4L3M3H3I3J3H3I0--0N121D1L0M2E0I0H0I632G0;220N121D1L0M0H0H0I0H0I523N424D4L3M3H3I3J3H3I0;220N121D1L0M0H0H0I0H0I;i6EPX500101;i;6EPX500101;523N424D4L3M3H3I3J3H3I;Ő˘±ĽÄˇśťžśť;0N121D1L0M2E0I0H0I632G0;6EPX5u101úw;0;22;0N;12;1D;1L;0M;0H;0H;0I;0H;0I;52;3N;42;4D;4L;3M;3H;3I;3J;3H;3I;0N;12;1D;1L;0M;2E;0I;0H;0I;63;2G;0
486;221G0M0K1G170H0H0I0H0I524G3M3K4G473H3I3J3H3I0--1G0M0K1G172E0I0H0I632G0;221G0M0K1G170H0H0I0H0I524G3M3K4G473H3I3J3H3I0;221G0M0K1G170H0H0I0H0I;iS53SJ00101;i;S53SJ00101;524G3M3K4G473H3I3J3H3I;Őżˇźż¶śťžśť;1G0M0K1G172E0I0H0I632G0;S53SJu101úw;0;22;1G;0M;0K;1G;17;0H;0H;0I;0H;0I;52;4G;3M;3K;4G;47;3H;3I;3J;3H;3I;1G;0M;0K;1G;17;2E;0I;0H;0I;63;2G;0
487;230J121N1E0O0H0H0I0H0I543K434O4F3P3I3J3K3I3J0--0J121N1E0O2F0I0I0H632H0;230J121N1E0O0H0H0I0H0I543K434O4F3P3I3J3K3I3J0;230J121N1E0O0H0H0I0H0I;j2EZQ700101;j;2EZQ700101;543K434O4F3P3I3J3K3I3J;×ź˛Çľ¤ťžźťž;0J121N1E0O2F0I0I0H632H0;2EZQ7v110úx;0;23;0J;12;1N;1E;0O;0H;0H;0I;0H;0I;54;3K;43;4O;4F;3P;3I;3J;3K;3I;3J;0J;12;1N;1E;0O;2F;0I;0I;0H;63;2H;0
488;230O121D1L0M0H0H0I0H0I543P434E4M3N3I3J3K3I3J0--0O121D1L0M2F0I0I0H632H0;230O121D1L0M0H0H0I0H0I543P434E4M3N3I3J3K3I3J0;230O121D1L0M0H0H0I0H0I;j7EPX500101;j;7EPX500101;543P434E4M3N3I3J3K3I3J;×¤˛˝Ĺ˘ťžźťž;0O121D1L0M2F0I0I0H632H0;7EPX5v110úx;0;23;0O;12;1D;1L;0M;0H;0H;0I;0H;0I;54;3P;43;4E;4M;3N;3I;3J;3K;3I;3J;0O;12;1D;1L;0M;2F;0I;0I;0H;63;2H;0
489;240I1D0Y1B170H0H0I0H0I563K4F404D493J3K3L3J3K0--0I1D0Y1B172G0I0H0I632I0;240I1D0Y1B170H0H0I0H0I563K4F404D493J3K3L3J3K0;240I1D0Y1B170H0H0I0H0I;k1PANJ00101;k;1PANJ00101;563K4F404D493J3K3L3J3K;ŮźľŻĽ¸žź žź;0I1D0Y1B172G0I0H0I632I0;1PANJw101úy;0;24;0I;1D;0Y;1B;17;0H;0H;0I;0H;0I;56;3K;4F;40;4D;49;3J;3K;3L;3J;3K;0I;1D;0Y;1B;17;2G;0I;0H;0I;63;2I;0
490;240Y0O141E170H0H0I0H0I56403Q464G493J3K3L3J3K0--0Y0O141E172G0I0H0I632I0;240Y0O141E170H0H0I0H0I56403Q464G493J3K3L3J3K0;240Y0O141E170H0H0I0H0I;kA7GQJ00101;k;A7GQJ00101;56403Q464G493J3K3L3J3K;ŮŻĄµż¸žź žź;0Y0O141E172G0I0H0I632I0;A7GQJw101úy;0;24;0Y;0O;14;1E;17;0H;0H;0I;0H;0I;56;40;3Q;46;4G;49;3J;3K;3L;3J;3K;0Y;0O;14;1E;17;2G;0I;0H;0I;63;2I;0
491;250H191718170H0H0I0H0I583K4C4A4B4A3K3L3M3K3L0--0H191718172H0I0I0H632J0;250H191718170H0H0I0H0I583K4C4A4B4A3K3L3M3K3L0;250H191718170H0H0I0H0I;l0LJKJ00101;l;0LJKJ00101;583K4C4A4B4A3K3L3M3K3L;Űź»ąşąź ˇź ;0H191718172H0I0I0H632J0;0LJKJx110úz;0;25;0H;19;17;18;17;0H;0H;0I;0H;0I;58;3K;4C;4A;4B;4A;3K;3L;3M;3K;3L;0H;19;17;18;17;2H;0I;0I;0H;63;2J;0
492;250Q121D1L0M0H0H0I0H0I583T454G4O3P3K3L3M3K3L0--0Q121D1L0M2H0I0I0H632J0;250Q121D1L0M0H0H0I0H0I583T454G4O3P3K3L3M3K3L0;250Q121D1L0M0H0H0I0H0I;l9EPX500101;l;9EPX500101;583T454G4O3P3K3L3M3K3L;Ű¨´żÇ¤ź ˇź ;0Q121D1L0M2H0I0I0H632J0;9EPX5x110úz;0;25;0Q;12;1D;1L;0M;0H;0H;0I;0H;0I;58;3T;45;4G;4O;3P;3K;3L;3M;3K;3L;0Q;12;1D;1L;0M;2H;0I;0I;0H;63;2J;0
493;250Y0H1H19170H0H0I0H0I58413K4K4C4A3K3L3M3K3L0--0Y0H1H19172H0I0I0H632J0;250Y0H1H19170H0H0I0H0I58413K4K4C4A3K3L3M3K3L0;250Y0H1H19170H0H0I0H0I;lA0TLJ00101;l;A0TLJ00101;58413K4K4C4A3K3L3M3K3L;Ű°źĂ»ąź ˇź ;0Y0H1H19172H0I0I0H632J0;A0TLJx110úz;0;25;0Y;0H;1H;19;17;0H;0H;0I;0H;0I;58;41;3K;4K;4C;4A;3K;3L;3M;3K;3L;0Y;0H;1H;19;17;2H;0I;0I;0H;63;2J;0
494;250Z0O141E170H0H0I0H0I58423R474H4A3K3L3M3K3L0--0Z0O141E172H0I0I0H632J0;250Z0O141E170H0H0I0H0I58423R474H4A3K3L3M3K3L0;250Z0O141E170H0H0I0H0I;lB7GQJ00101;l;B7GQJ00101;58423R474H4A3K3L3M3K3L;Ű±¦¶Ŕąź ˇź ;0Z0O141E172H0I0I0H632J0;B7GQJx110úz;0;25;0Z;0O;14;1E;17;0H;0H;0I;0H;0I;58;42;3R;47;4H;4A;3K;3L;3M;3K;3L;0Z;0O;14;1E;17;2H;0I;0I;0H;63;2J;0
495;260M121N1J0J0H0H0I0H0I5A3Q464R4N3N3L3M3N3L3M0--0M121N1J0J2I0I0H0I632K0;260M121N1J0J0H0H0I0H0I5A3Q464R4N3N3L3M3N3L3M0;260M121N1J0J0H0H0I0H0I;m5EZV200101;m;5EZV200101;5A3Q464R4N3N3L3M3N3L3M;ÝĄµĘĆ˘ ˇ˘ ˇ;0M121N1J0J2I0I0H0I632K0;5EZV2y101ú{;0;26;0M;12;1N;1J;0J;0H;0H;0I;0H;0I;5A;3Q;46;4R;4N;3N;3L;3M;3N;3L;3M;0M;12;1N;1J;0J;2I;0I;0H;0I;63;2K;0
496;261F0L0N1J170H0H0I0H0I5A4J3P3R4N4B3L3M3N3L3M0--1F0L0N1J172I0I0H0I632K0;261F0L0N1J170H0H0I0H0I5A4J3P3R4N4B3L3M3N3L3M0;261F0L0N1J170H0H0I0H0I;mR46VJ00101;m;R46VJ00101;5A4J3P3R4N4B3L3M3N3L3M;ÝÂ¤¦Ćş ˇ˘ ˇ;1F0L0N1J172I0I0H0I632K0;R46VJy101ú{;0;26;1F;0L;0N;1J;17;0H;0H;0I;0H;0I;5A;4J;3P;3R;4N;4B;3L;3M;3N;3L;3M;1F;0L;0N;1J;17;2I;0I;0H;0I;63;2K;0
497;270L0Z1E19170H0H0I0H0I5C3Q444J4E4C3M3N3O3M3N0--0L0Z1E19172J0I0I0H632L0;270L0Z1E19170H0H0I0H0I5C3Q444J4E4C3M3N3O3M3N0;270L0Z1E19170H0H0I0H0I;n4BQLJ00101;n;4BQLJ00101;5C3Q444J4E4C3M3N3O3M3N;ßĄłÂ˝»ˇ˘Łˇ˘;0L0Z1E19172J0I0I0H632L0;4BQLJz110ú|;0;27;0L;0Z;1E;19;17;0H;0H;0I;0H;0I;5C;3Q;44;4J;4E;4C;3M;3N;3O;3M;3N;0L;0Z;1E;19;17;2J;0I;0I;0H;63;2L;0
498;270O190Z1B170H0H0I0H0I5C3T4E444G4C3M3N3O3M3N0--0O190Z1B172J0I0I0H632L0;270O190Z1B170H0H0I0H0I5C3T4E444G4C3M3N3O3M3N0;270O190Z1B170H0H0I0H0I;n7LBNJ00101;n;7LBNJ00101;5C3T4E444G4C3M3N3O3M3N;ß¨˝łż»ˇ˘Łˇ˘;0O190Z1B172J0I0I0H632L0;7LBNJz110ú|;0;27;0O;19;0Z;1B;17;0H;0H;0I;0H;0I;5C;3T;4E;44;4G;4C;3M;3N;3O;3M;3N;0O;19;0Z;1B;17;2J;0I;0I;0H;63;2L;0
499;270O1J0L1F170H0H0I0H0I5C3T4O3Q4K4C3M3N3O3M3N0--0O1J0L1F172J0I0I0H632L0;270O1J0L1F170H0H0I0H0I5C3T4O3Q4K4C3M3N3O3M3N0;270O1J0L1F170H0H0I0H0I;n7V4RJ00101;n;7V4RJ00101;5C3T4O3Q4K4C3M3N3O3M3N;ß¨ÇĄĂ»ˇ˘Łˇ˘;0O1J0L1F172J0I0I0H632L0;7V4RJz110ú|;0;27;0O;1J;0L;1F;17;0H;0H;0I;0H;0I;5C;3T;4O;3Q;4K;4C;3M;3N;3O;3M;3N;0O;1J;0L;1F;17;2J;0I;0I;0H;63;2L;0
500;2710110Q1G170H0H0I0H0I5C45463V4L4C3M3N3O3M3N0--10110Q1G172J0I0I0H632L0;2710110Q1G170H0H0I0H0I5C45463V4L4C3M3N3O3M3N0;2710110Q1G170H0H0I0H0I;nCD9SJ00101;n;CD9SJ00101;5C45463V4L4C3M3N3O3M3N;ß´µŞÄ»ˇ˘Łˇ˘;10110Q1G172J0I0I0H632L0;CD9SJz110ú|;0;27;10;11;0Q;1G;17;0H;0H;0I;0H;0I;5C;45;46;3V;4L;4C;3M;3N;3O;3M;3N;10;11;0Q;1G;17;2J;0I;0I;0H;63;2L;0
501;280I1B1718170H0H0I0H0I5E3O4H4D4E4D3N3O3P3N3O0--0I1B1718172K0I0H0I632M0;280I1B1718170H0H0I0H0I5E3O4H4D4E4D3N3O3P3N3O0;280I1B1718170H0H0I0H0I;o1NJKJ00101;o;1NJKJ00101;5E3O4H4D4E4D3N3O3P3N3O;áŁŔĽ˝Ľ˘Ł¤˘Ł;0I1B1718172K0I0H0I632M0;1NJKJ{101ú};0;28;0I;1B;17;18;17;0H;0H;0I;0H;0I;5E;3O;4H;4D;4E;4D;3N;3O;3P;3N;3O;0I;1B;17;18;17;2K;0I;0H;0I;63;2M;0
502;2811170M1E170H0H0I0H0I5E474D3S4K4D3N3O3P3N3O0--11170M1E172K0I0H0I632M0;2811170M1E170H0H0I0H0I5E474D3S4K4D3N3O3P3N3O0;2811170M1E170H0H0I0H0I;oDJ5QJ00101;o;DJ5QJ00101;5E474D3S4K4D3N3O3P3N3O;á¶Ľ§ĂĽ˘Ł¤˘Ł;11170M1E172K0I0H0I632M0;DJ5QJ{101ú};0;28;11;17;0M;1E;17;0H;0H;0I;0H;0I;5E;47;4D;3S;4K;4D;3N;3O;3P;3N;3O;11;17;0M;1E;17;2K;0I;0H;0I;63;2M;0
503;2815121I140M0H0H0I0H0I5E4B484O4A3S3N3O3P3N3O0--15121I140M2K0I0H0I632M0;2815121I140M0H0H0I0H0I5E4B484O4A3S3N3O3P3N3O0;2815121I140M0H0H0I0H0I;oHEUG500101;o;HEUG500101;5E4B484O4A3S3N3O3P3N3O;áş·Çą§˘Ł¤˘Ł;15121I140M2K0I0H0I632M0;HEUG5{101ú};0;28;15;12;1I;14;0M;0H;0H;0I;0H;0I;5E;4B;48;4O;4A;3S;3N;3O;3P;3N;3O;15;12;1I;14;0M;2K;0I;0H;0I;63;2M;0
504;290M1E0Y1B170H0H0I0H0I5G3T4L454I4E3O3P3Q3O3P0--0M1E0Y1B172L0I0I0H632N0;290M1E0Y1B170H0H0I0H0I5G3T4L454I4E3O3P3Q3O3P0;290M1E0Y1B170H0H0I0H0I;p5QANJ00101;p;5QANJ00101;5G3T4L454I4E3O3P3Q3O3P;ă¨Ä´Á˝Ł¤ĄŁ¤;0M1E0Y1B172L0I0I0H632N0;5QANJ|110ú~;0;29;0M;1E;0Y;1B;17;0H;0H;0I;0H;0I;5G;3T;4L;45;4I;4E;3O;3P;3Q;3O;3P;0M;1E;0Y;1B;17;2L;0I;0I;0H;63;2N;0
505;2A0H181C19170H0H0I0H0I5I3P4G4K4H4F3P3Q3R3P3Q0--0H181C19172M0I0H0I632O0;2A0H181C19170H0H0I0H0I5I3P4G4K4H4F3P3Q3R3P3Q0;2A0H181C19170H0H0I0H0I;q0KOLJ00101;q;0KOLJ00101;5I3P4G4K4H4F3P3Q3R3P3Q;ĺ¤żĂŔľ¤Ą¦¤Ą;0H181C19172M0I0H0I632O0;0KOLJ}101ú;0;2A;0H;18;1C;19;17;0H;0H;0I;0H;0I;5I;3P;4G;4K;4H;4F;3P;3Q;3R;3P;3Q;0H;18;1C;19;17;2M;0I;0H;0I;63;2O;0
506;2A0O0L1M1F170H0H0I0H0I5I3W3T4U4N4F3P3Q3R3P3Q0--0O0L1M1F172M0I0H0I632O0;2A0O0L1M1F170H0H0I0H0I5I3W3T4U4N4F3P3Q3R3P3Q0;2A0O0L1M1F170H0H0I0H0I;q74YRJ00101;q;74YRJ00101;5I3W3T4U4N4F3P3Q3R3P3Q;ĺ«¨ÍĆľ¤Ą¦¤Ą;0O0L1M1F172M0I0H0I632O0;74YRJ}101ú;0;2A;0O;0L;1M;1F;17;0H;0H;0I;0H;0I;5I;3W;3T;4U;4N;4F;3P;3Q;3R;3P;3Q;0O;0L;1M;1F;17;2M;0I;0H;0I;63;2O;0
507;2A0Q0N1E1J170H0H0I0H0I5I3Y3V4M4R4F3P3Q3R3P3Q0--0Q0N1E1J172M0I0H0I632O0;2A0Q0N1E1J170H0H0I0H0I5I3Y3V4M4R4F3P3Q3R3P3Q0;2A0Q0N1E1J170H0H0I0H0I;q96QVJ00101;q;96QVJ00101;5I3Y3V4M4R4F3P3Q3R3P3Q;ĺ­ŞĹĘľ¤Ą¦¤Ą;0Q0N1E1J172M0I0H0I632O0;96QVJ}101ú;0;2A;0Q;0N;1E;1J;17;0H;0H;0I;0H;0I;5I;3Y;3V;4M;4R;4F;3P;3Q;3R;3P;3Q;0Q;0N;1E;1J;17;2M;0I;0H;0I;63;2O;0
508;2A16110O1F170H0H0I0H0I5I4E493W4N4F3P3Q3R3P3Q0--16110O1F172M0I0H0I632O0;2A16110O1F170H0H0I0H0I5I4E493W4N4F3P3Q3R3P3Q0;2A16110O1F170H0H0I0H0I;qID7RJ00101;q;ID7RJ00101;5I4E493W4N4F3P3Q3R3P3Q;ĺ˝¸«Ćľ¤Ą¦¤Ą;16110O1F172M0I0H0I632O0;ID7RJ}101ú;0;2A;16;11;0O;1F;17;0H;0H;0I;0H;0I;5I;4E;49;3W;4N;4F;3P;3Q;3R;3P;3Q;16;11;0O;1F;17;2M;0I;0H;0I;63;2O;0
509;2A170O141B170H0H0I0H0I5I4F3W4C4J4F3P3Q3R3P3Q0--170O141B172M0I0H0I632O0;2A170O141B170H0H0I0H0I5I4F3W4C4J4F3P3Q3R3P3Q0;2A170O141B170H0H0I0H0I;qJ7GNJ00101;q;J7GNJ00101;5I4F3W4C4J4F3P3Q3R3P3Q;ĺľ«»Âľ¤Ą¦¤Ą;170O141B172M0I0H0I632O0;J7GNJ}101ú;0;2A;17;0O;14;1B;17;0H;0H;0I;0H;0I;5I;4F;3W;4C;4J;4F;3P;3Q;3R;3P;3Q;17;0O;14;1B;17;2M;0I;0H;0I;63;2O;0
510;2A1F0Y0J1E170H0H0I0H0I5I4N463R4M4F3P3Q3R3P3Q0--1F0Y0J1E172M0I0H0I632O0;2A1F0Y0J1E170H0H0I0H0I5I4N463R4M4F3P3Q3R3P3Q0;2A1F0Y0J1E170H0H0I0H0I;qRA2QJ00101;q;RA2QJ00101;5I4N463R4M4F3P3Q3R3P3Q;ĺĆµ¦Ĺľ¤Ą¦¤Ą;1F0Y0J1E172M0I0H0I632O0;RA2QJ}101ú;0;2A;1F;0Y;0J;1E;17;0H;0H;0I;0H;0I;5I;4N;46;3R;4M;4F;3P;3Q;3R;3P;3Q;1F;0Y;0J;1E;17;2M;0I;0H;0I;63;2O;0
511;2A1N0H0N1J170H0H0I0H0I5I4V3P3V4R4F3P3Q3R3P3Q0--1N0H0N1J172M0I0H0I632O0;2A1N0H0N1J170H0H0I0H0I5I4V3P3V4R4F3P3Q3R3P3Q0;2A1N0H0N1J170H0H0I0H0I;qZ06VJ00101;q;Z06VJ00101;5I4V3P3V4R4F3P3Q3R3P3Q;ĺÎ¤ŞĘľ¤Ą¦¤Ą;1N0H0N1J172M0I0H0I632O0;Z06VJ}101ú;0;2A;1N;0H;0N;1J;17;0H;0H;0I;0H;0I;5I;4V;3P;3V;4R;4F;3P;3Q;3R;3P;3Q;1N;0H;0N;1J;17;2M;0I;0H;0I;63;2O;0
512;2B0H1G131B170H0H0I0H0I5K3Q4P4C4K4G3Q3R3S3Q3R0--0H1G131B172N0I0I0H632P0;2B0H1G131B170H0H0I0H0I5K3Q4P4C4K4G3Q3R3S3Q3R0;2B0H1G131B170H0H0I0H0I;r0SFNJ00101;r;0SFNJ00101;5K3Q4P4C4K4G3Q3R3S3Q3R;çĄČ»ĂżĄ¦§Ą¦;0H1G131B172N0I0I0H632P0;0SFNJ~110ú€;0;2B;0H;1G;13;1B;17;0H;0H;0I;0H;0I;5K;3Q;4P;4C;4K;4G;3Q;3R;3S;3Q;3R;0H;1G;13;1B;17;2N;0I;0I;0H;63;2P;0
513;2B14110Q1G170H0H0I0H0I5K4D4A3Z4P4G3Q3R3S3Q3R0--14110Q1G172N0I0I0H632P0;2B14110Q1G170H0H0I0H0I5K4D4A3Z4P4G3Q3R3S3Q3R0;2B14110Q1G170H0H0I0H0I;rGD9SJ00101;r;GD9SJ00101;5K4D4A3Z4P4G3Q3R3S3Q3R;çĽą®ČżĄ¦§Ą¦;14110Q1G172N0I0I0H632P0;GD9SJ~110ú€;0;2B;14;11;0Q;1G;17;0H;0H;0I;0H;0I;5K;4D;4A;3Z;4P;4G;3Q;3R;3S;3Q;3R;14;11;0Q;1G;17;2N;0I;0I;0H;63;2P;0
514;2B1A100P1C170H0H0I0H0I5K4J493Y4L4G3Q3R3S3Q3R0--1A100P1C172N0I0I0H632P0;2B1A100P1C170H0H0I0H0I5K4J493Y4L4G3Q3R3S3Q3R0;2B1A100P1C170H0H0I0H0I;rMC8OJ00101;r;MC8OJ00101;5K4J493Y4L4G3Q3R3S3Q3R;çÂ¸­ÄżĄ¦§Ą¦;1A100P1C172N0I0I0H632P0;MC8OJ~110ú€;0;2B;1A;10;0P;1C;17;0H;0H;0I;0H;0I;5K;4J;49;3Y;4L;4G;3Q;3R;3S;3Q;3R;1A;10;0P;1C;17;2N;0I;0I;0H;63;2P;0
515;2B1C0O1219170H0H0I0H0I5K4L3X4B4I4G3Q3R3S3Q3R0--1C0O1219172N0I0I0H632P0;2B1C0O1219170H0H0I0H0I5K4L3X4B4I4G3Q3R3S3Q3R0;2B1C0O1219170H0H0I0H0I;rO7ELJ00101;r;O7ELJ00101;5K4L3X4B4I4G3Q3R3S3Q3R;çÄ¬şÁżĄ¦§Ą¦;1C0O1219172N0I0I0H632P0;O7ELJ~110ú€;0;2B;1C;0O;12;19;17;0H;0H;0I;0H;0I;5K;4L;3X;4B;4I;4G;3Q;3R;3S;3Q;3R;1C;0O;12;19;17;2N;0I;0I;0H;63;2P;0
516;2B1G0Y0J1E170H0H0I0H0I5K4P473S4N4G3Q3R3S3Q3R0--1G0Y0J1E172N0I0I0H632P0;2B1G0Y0J1E170H0H0I0H0I5K4P473S4N4G3Q3R3S3Q3R0;2B1G0Y0J1E170H0H0I0H0I;rSA2QJ00101;r;SA2QJ00101;5K4P473S4N4G3Q3R3S3Q3R;çČ¶§ĆżĄ¦§Ą¦;1G0Y0J1E172N0I0I0H632P0;SA2QJ~110ú€;0;2B;1G;0Y;0J;1E;17;0H;0H;0I;0H;0I;5K;4P;47;3S;4N;4G;3Q;3R;3S;3Q;3R;1G;0Y;0J;1E;17;2N;0I;0I;0H;63;2P;0
517;2C140L141J170H0H0I0H0I5M4E3V4E4T4H3R3S3T3R3S0--140L141J172O0I0H0I632Q0;2C140L141J170H0H0I0H0I5M4E3V4E4T4H3R3S3T3R3S0;2C140L141J170H0H0I0H0I;sG4GVJ00101;s;G4GVJ00101;5M4E3V4E4T4H3R3S3T3R3S;é˝Ş˝ĚŔ¦§¨¦§;140L141J172O0I0H0I632Q0;G4GVJ101ú;0;2C;14;0L;14;1J;17;0H;0H;0I;0H;0I;5M;4E;3V;4E;4T;4H;3R;3S;3T;3R;3S;14;0L;14;1J;17;2O;0I;0H;0I;63;2Q;0
518;2C1H0Y0J1E170H0H0I0H0I5M4R483T4O4H3R3S3T3R3S0--1H0Y0J1E172O0I0H0I632Q0;2C1H0Y0J1E170H0H0I0H0I5M4R483T4O4H3R3S3T3R3S0;2C1H0Y0J1E170H0H0I0H0I;sTA2QJ00101;s;TA2QJ00101;5M4R483T4O4H3R3S3T3R3S;éĘ·¨ÇŔ¦§¨¦§;1H0Y0J1E172O0I0H0I632Q0;TA2QJ101ú;0;2C;1H;0Y;0J;1E;17;0H;0H;0I;0H;0I;5M;4R;48;3T;4O;4H;3R;3S;3T;3R;3S;1H;0Y;0J;1E;17;2O;0I;0H;0I;63;2Q;0
519;2D0Y121D1L0M0H0H0I0H0I5O494D4O4W3X3S3T3U3S3T0--0Y121D1L0M2P0I0I0H632R0;2D0Y121D1L0M0H0H0I0H0I5O494D4O4W3X3S3T3U3S3T0;2D0Y121D1L0M0H0H0I0H0I;tAEPX500101;t;AEPX500101;5O494D4O4W3X3S3T3U3S3T;ë¸ĽÇĎ¬§¨©§¨;0Y121D1L0M2P0I0I0H632R0;AEPX5€110ú‚;0;2D;0Y;12;1D;1L;0M;0H;0H;0I;0H;0I;5O;49;4D;4O;4W;3X;3S;3T;3U;3S;3T;0Y;12;1D;1L;0M;2P;0I;0I;0H;63;2R;0
520;2D16160M1F170H0H0I0H0I5O4H4I3X4Q4I3S3T3U3S3T0--16160M1F172P0I0I0H632R0;2D16160M1F170H0H0I0H0I5O4H4I3X4Q4I3S3T3U3S3T0;2D16160M1F170H0H0I0H0I;tII5RJ00101;t;II5RJ00101;5O4H4I3X4Q4I3S3T3U3S3T;ëŔÁ¬ÉÁ§¨©§¨;16160M1F172P0I0I0H632R0;II5RJ€110ú‚;0;2D;16;16;0M;1F;17;0H;0H;0I;0H;0I;5O;4H;4I;3X;4Q;4I;3S;3T;3U;3S;3T;16;16;0M;1F;17;2P;0I;0I;0H;63;2R;0
521;2D1D100J1H170H0H0I0H0I5O4O4B3U4S4I3S3T3U3S3T0--1D100J1H172P0I0I0H632R0;2D1D100J1H170H0H0I0H0I5O4O4B3U4S4I3S3T3U3S3T0;2D1D100J1H170H0H0I0H0I;tPC2TJ00101;t;PC2TJ00101;5O4O4B3U4S4I3S3T3U3S3T;ëÇş©ËÁ§¨©§¨;1D100J1H172P0I0I0H632R0;PC2TJ€110ú‚;0;2D;1D;10;0J;1H;17;0H;0H;0I;0H;0I;5O;4O;4B;3U;4S;4I;3S;3T;3U;3S;3T;1D;10;0J;1H;17;2P;0I;0I;0H;63;2R;0
522;2E0I1I131B170H0H0I0H0I5Q3U4U4F4N4J3T3U3V3T3U0--0I1I131B17010I0I0H63030;2E0I1I131B170H0H0I0H0I5Q3U4U4F4N4J3T3U3V3T3U0;2E0I1I131B170H0H0I0H0I;u1UFNJ00101;u;1UFNJ00101;5Q3U4U4F4N4J3T3U3V3T3U;í©ÍľĆÂ¨©Ş¨©;0I1I131B17010I0I0H63030;"1UFNJ 110ú""";0;2E;0I;1I;13;1B;17;0H;0H;0I;0H;0I;5Q;3U;4U;4F;4N;4J;3T;3U;3V;3T;3U;0I;1I;13;1B;17;01;0I;0I;0H;63;03;0
523;2E0L1I111A170H0H0I0H0I5Q3X4U4D4M4J3T3U3V3T3U0--0L1I111A17010I0I0H63030;2E0L1I111A170H0H0I0H0I5Q3X4U4D4M4J3T3U3V3T3U0;2E0L1I111A170H0H0I0H0I;u4UDMJ00101;u;4UDMJ00101;5Q3X4U4D4M4J3T3U3V3T3U;í¬ÍĽĹÂ¨©Ş¨©;0L1I111A17010I0I0H63030;"4UDMJ 110ú""";0;2E;0L;1I;11;1A;17;0H;0H;0I;0H;0I;5Q;3X;4U;4D;4M;4J;3T;3U;3V;3T;3U;0L;1I;11;1A;17;01;0I;0I;0H;63;03;0
524;2E0Z121D1L0M0H0H0I0H0I5Q4B4E4P4X3Y3T3U3V3T3U0--0Z121D1L0M010I0I0H63030;2E0Z121D1L0M0H0H0I0H0I5Q4B4E4P4X3Y3T3U3V3T3U0;2E0Z121D1L0M0H0H0I0H0I;uBEPX500101;u;BEPX500101;5Q4B4E4P4X3Y3T3U3V3T3U;íş˝ČĐ­¨©Ş¨©;0Z121D1L0M010I0I0H63030;"BEPX5 110ú""";0;2E;0Z;12;1D;1L;0M;0H;0H;0I;0H;0I;5Q;4B;4E;4P;4X;3Y;3T;3U;3V;3T;3U;0Z;12;1D;1L;0M;01;0I;0I;0H;63;03;0
525;2E120N181H170H0H0I0H0I5Q4E3Z4K4T4J3T3U3V3T3U0--120N181H17010I0I0H63030;2E120N181H170H0H0I0H0I5Q4E3Z4K4T4J3T3U3V3T3U0;2E120N181H170H0H0I0H0I;uE6KTJ00101;u;E6KTJ00101;5Q4E3Z4K4T4J3T3U3V3T3U;í˝®ĂĚÂ¨©Ş¨©;120N181H17010I0I0H63030;"E6KTJ 110ú""";0;2E;12;0N;18;1H;17;0H;0H;0I;0H;0I;5Q;4E;3Z;4K;4T;4J;3T;3U;3V;3T;3U;12;0N;18;1H;17;01;0I;0I;0H;63;03;0
526;2E130M181H170H0H0I0H0I5Q4F3Y4K4T4J3T3U3V3T3U0--130M181H17010I0I0H63030;2E130M181H170H0H0I0H0I5Q4F3Y4K4T4J3T3U3V3T3U0;2E130M181H170H0H0I0H0I;uF5KTJ00101;u;F5KTJ00101;5Q4F3Y4K4T4J3T3U3V3T3U;íľ­ĂĚÂ¨©Ş¨©;130M181H17010I0I0H63030;"F5KTJ 110ú""";0;2E;13;0M;18;1H;17;0H;0H;0I;0H;0I;5Q;4F;3Y;4K;4T;4J;3T;3U;3V;3T;3U;13;0M;18;1H;17;01;0I;0I;0H;63;03;0
527;2E1B121I140M0H0H0I0H0I5Q4N4E4U4G3Y3T3U3V3T3U0--1B121I140M010I0I0H63030;2E1B121I140M0H0H0I0H0I5Q4N4E4U4G3Y3T3U3V3T3U0;2E1B121I140M0H0H0I0H0I;uNEUG500101;u;NEUG500101;5Q4N4E4U4G3Y3T3U3V3T3U;íĆ˝Íż­¨©Ş¨©;1B121I140M010I0I0H63030;"NEUG5 110ú""";0;2E;1B;12;1I;14;0M;0H;0H;0I;0H;0I;5Q;4N;4E;4U;4G;3Y;3T;3U;3V;3T;3U;1B;12;1I;14;0M;01;0I;0I;0H;63;03;0
528;2E1F0O1219170H0H0I0H0I5Q4R404E4L4J3T3U3V3T3U0--1F0O121917010I0I0H63030;2E1F0O1219170H0H0I0H0I5Q4R404E4L4J3T3U3V3T3U0;2E1F0O1219170H0H0I0H0I;uR7ELJ00101;u;R7ELJ00101;5Q4R404E4L4J3T3U3V3T3U;íĘŻ˝ÄÂ¨©Ş¨©;1F0O121917010I0I0H63030;"R7ELJ 110ú""";0;2E;1F;0O;12;19;17;0H;0H;0I;0H;0I;5Q;4R;40;4E;4L;4J;3T;3U;3V;3T;3U;1F;0O;12;19;17;01;0I;0I;0H;63;03;0
529;2F1F0I111H170H0H0I0H0I5S4S3V4E4U4K3U3V3W3U3V0--1F0I111H17010I0I0H63030;2F1F0I111H170H0H0I0H0I5S4S3V4E4U4K3U3V3W3U3V0;2F1F0I111H170H0H0I0H0I;vR1DTJ00101;v;R1DTJ00101;5S4S3V4E4U4K3U3V3W3U3V;ďËŞ˝ÍĂ©Ş«©Ş;1F0I111H17010I0I0H63030;"R1DTJ 110ú""";0;2F;1F;0I;11;1H;17;0H;0H;0I;0H;0I;5S;4S;3V;4E;4U;4K;3U;3V;3W;3U;3V;1F;0I;11;1H;17;01;0I;0I;0H;63;03;0
530;2G0N121H1B160H0H0I0H0I5U414G4V4P4K3V3W3X3V3W0--0N121H1B16010I0I0H63030;2G0N121H1B160H0H0I0H0I5U414G4V4P4K3V3W3X3V3W0;2G0N121H1B160H0H0I0H0I;w6ETNI00101;w;6ETNI00101;5U414G4V4P4K3V3W3X3V3W;ń°żÎČĂŞ«¬Ş«;0N121H1B16010I0I0H63030;"6ETNI 110ú""";0;2G;0N;12;1H;1B;16;0H;0H;0I;0H;0I;5U;41;4G;4V;4P;4K;3V;3W;3X;3V;3W;0N;12;1H;1B;16;01;0I;0I;0H;63;03;0
531;2G1G0I111H170H0H0I0H0I5U4U3W4F4V4L3V3W3X3V3W0--1G0I111H17010I0I0H63030;2G1G0I111H170H0H0I0H0I5U4U3W4F4V4L3V3W3X3V3W0;2G1G0I111H170H0H0I0H0I;wS1DTJ00101;w;S1DTJ00101;5U4U3W4F4V4L3V3W3X3V3W;ńÍ«ľÎÄŞ«¬Ş«;1G0I111H17010I0I0H63030;"S1DTJ 110ú""";0;2G;1G;0I;11;1H;17;0H;0H;0I;0H;0I;5U;4U;3W;4F;4V;4L;3V;3W;3X;3V;3W;1G;0I;11;1H;17;01;0I;0I;0H;63;03;0
532;2H0Q1C1718170H0H0I0H0I5W454R4M4N4M3W3X3Y3W3X0--0Q1C171817010I0I0H63030;2H0Q1C1718170H0H0I0H0I5W454R4M4N4M3W3X3Y3W3X0;2H0Q1C1718170H0H0I0H0I;x9OJKJ00101;x;9OJKJ00101;5W454R4M4N4M3W3X3Y3W3X;ó´ĘĹĆĹ«¬­«¬;0Q1C171817010I0I0H63030;"9OJKJ 110ú""";0;2H;0Q;1C;17;18;17;0H;0H;0I;0H;0I;5W;45;4R;4M;4N;4M;3W;3X;3Y;3W;3X;0Q;1C;17;18;17;01;0I;0I;0H;63;03;0
533;2H1I0O1219170H0H0I0H0I5W4X434H4O4M3W3X3Y3W3X0--1I0O121917010I0I0H63030;2H1I0O1219170H0H0I0H0I5W4X434H4O4M3W3X3Y3W3X0;2H1I0O1219170H0H0I0H0I;xU7ELJ00101;x;U7ELJ00101;5W4X434H4O4M3W3X3Y3W3X;óĐ˛ŔÇĹ«¬­«¬;1I0O121917010I0I0H63030;"U7ELJ 110ú""";0;2H;1I;0O;12;19;17;0H;0H;0I;0H;0I;5W;4X;43;4H;4O;4M;3W;3X;3Y;3W;3X;1I;0O;12;19;17;01;0I;0I;0H;63;03;0
534;2I0I121L1F150H0H0I0H0I5Y3Y4I514V4L3X3Y3Z3X3Y0--0I121L1F15020I0H0I63040;2I0I121L1F150H0H0I0H0I5Y3Y4I514V4L3X3Y3Z3X3Y0;2I0I121L1F150H0H0I0H0I;y1EXRH00101;y;1EXRH00101;5Y3Y4I514V4L3X3Y3Z3X3Y;ő­ÁÔÎÄ¬­®¬­;0I121L1F15020I0H0I63040;1EXRH!101ú#;0;2I;0I;12;1L;1F;15;0H;0H;0I;0H;0I;5Y;3Y;4I;51;4V;4L;3X;3Y;3Z;3X;3Y;0I;12;1L;1F;15;02;0I;0H;0I;63;04;0
535;2I0Q1L0Q1H170H0H0I0H0I5Y4651464X4N3X3Y3Z3X3Y0--0Q1L0Q1H17020I0H0I63040;2I0Q1L0Q1H170H0H0I0H0I5Y4651464X4N3X3Y3Z3X3Y0;2I0Q1L0Q1H170H0H0I0H0I;y9X9TJ00101;y;9X9TJ00101;5Y4651464X4N3X3Y3Z3X3Y;őµÔµĐĆ¬­®¬­;0Q1L0Q1H17020I0H0I63040;9X9TJ!101ú#;0;2I;0Q;1L;0Q;1H;17;0H;0H;0I;0H;0I;5Y;46;51;46;4X;4N;3X;3Y;3Z;3X;3Y;0Q;1L;0Q;1H;17;02;0I;0H;0I;63;04;0
536;2I1014141E130H0H0I0H0I5Y4G4K4L4U4J3X3Y3Z3X3Y0--1014141E13020I0H0I63040;2I1014141E130H0H0I0H0I5Y4G4K4L4U4J3X3Y3Z3X3Y0;2I1014141E130H0H0I0H0I;yCGGQF00101;y;CGGQF00101;5Y4G4K4L4U4J3X3Y3Z3X3Y;őżĂÄÍÂ¬­®¬­;1014141E13020I0H0I63040;CGGQF!101ú#;0;2I;10;14;14;1E;13;0H;0H;0I;0H;0I;5Y;4G;4K;4L;4U;4J;3X;3Y;3Z;3X;3Y;10;14;14;1E;13;02;0I;0H;0I;63;04;0
537;2I140Z0Y1H170H0H0I0H0I5Y4K4F4E4X4N3X3Y3Z3X3Y0--140Z0Y1H17020I0H0I63040;2I140Z0Y1H170H0H0I0H0I5Y4K4F4E4X4N3X3Y3Z3X3Y0;2I140Z0Y1H170H0H0I0H0I;yGBATJ00101;y;GBATJ00101;5Y4K4F4E4X4N3X3Y3Z3X3Y;őĂľ˝ĐĆ¬­®¬­;140Z0Y1H17020I0H0I63040;GBATJ!101ú#;0;2I;14;0Z;0Y;1H;17;0H;0H;0I;0H;0I;5Y;4K;4F;4E;4X;4N;3X;3Y;3Z;3X;3Y;14;0Z;0Y;1H;17;02;0I;0H;0I;63;04;0
538;2J0M0Z1D1L170H0H0I0H0I60434G4U524O3Y3Z403Y3Z0--0M0Z1D1L17030I0I0H63050;2J0M0Z1D1L170H0H0I0H0I60434G4U524O3Y3Z403Y3Z0;2J0M0Z1D1L170H0H0I0H0I;z5BPXJ00101;z;5BPXJ00101;60434G4U524O3Y3Z403Y3Z;÷˛żÍŐÇ­®Ż­®;0M0Z1D1L17030I0I0H63050;"5BPXJ""110ú$";0;2J;0M;0Z;1D;1L;17;0H;0H;0I;0H;0I;60;43;4G;4U;52;4O;3Y;3Z;40;3Y;3Z;0M;0Z;1D;1L;17;03;0I;0I;0H;63;05;0
539;2J0Y131919170H0H0I0H0I604F4K4Q4R4O3Y3Z403Y3Z0--0Y13191917030I0I0H63050;2J0Y131919170H0H0I0H0I604F4K4Q4R4O3Y3Z403Y3Z0;2J0Y131919170H0H0I0H0I;zAFLLJ00101;z;AFLLJ00101;604F4K4Q4R4O3Y3Z403Y3Z;÷ľĂÉĘÇ­®Ż­®;0Y13191917030I0I0H63050;"AFLLJ""110ú$";0;2J;0Y;13;19;19;17;0H;0H;0I;0H;0I;60;4F;4K;4Q;4R;4O;3Y;3Z;40;3Y;3Z;0Y;13;19;19;17;03;0I;0I;0H;63;05;0
540;2J0Y1C0Y1B170H0H0I0H0I604F4T4F4S4O3Y3Z403Y3Z0--0Y1C0Y1B17030I0I0H63050;2J0Y1C0Y1B170H0H0I0H0I604F4T4F4S4O3Y3Z403Y3Z0;2J0Y1C0Y1B170H0H0I0H0I;zAOANJ00101;z;AOANJ00101;604F4T4F4S4O3Y3Z403Y3Z;÷ľĚľËÇ­®Ż­®;0Y1C0Y1B17030I0I0H63050;"AOANJ""110ú$";0;2J;0Y;1C;0Y;1B;17;0H;0H;0I;0H;0I;60;4F;4T;4F;4S;4O;3Y;3Z;40;3Y;3Z;0Y;1C;0Y;1B;17;03;0I;0I;0H;63;05;0
541;2J1K0O1219170H0H0I0H0I6051454J4Q4O3Y3Z403Y3Z0--1K0O121917030I0I0H63050;2J1K0O1219170H0H0I0H0I6051454J4Q4O3Y3Z403Y3Z0;2J1K0O1219170H0H0I0H0I;zW7ELJ00101;z;W7ELJ00101;6051454J4Q4O3Y3Z403Y3Z;÷Ô´ÂÉÇ­®Ż­®;1K0O121917030I0I0H63050;"W7ELJ""110ú$";0;2J;1K;0O;12;19;17;0H;0H;0I;0H;0I;60;51;45;4J;4Q;4O;3Y;3Z;40;3Y;3Z;1K;0O;12;19;17;03;0I;0I;0H;63;05;0
542;2K0N0Z1D1L170H0H0I0H0I62454H4V534P3Z40413Z400--0N0Z1D1L17040I0H0I63060;2K0N0Z1D1L170H0H0I0H0I62454H4V534P3Z40413Z400;2K0N0Z1D1L170H0H0I0H0I;{6BPXJ00101;{;6BPXJ00101;62454H4V534P3Z40413Z40;ů´ŔÎÖČ®Ż°®Ż;0N0Z1D1L17040I0H0I63060;6BPXJ#101ú%;0;2K;0N;0Z;1D;1L;17;0H;0H;0I;0H;0I;62;45;4H;4V;53;4P;3Z;40;41;3Z;40;0N;0Z;1D;1L;17;04;0I;0H;0I;63;06;0
543;2K0P1J121A170H0H0I0H0I6247514K4S4P3Z40413Z400--0P1J121A17040I0H0I63060;2K0P1J121A170H0H0I0H0I6247514K4S4P3Z40413Z400;2K0P1J121A170H0H0I0H0I;{8VEMJ00101;{;8VEMJ00101;6247514K4S4P3Z40413Z40;ů¶ÔĂËČ®Ż°®Ż;0P1J121A17040I0H0I63060;8VEMJ#101ú%;0;2K;0P;1J;12;1A;17;0H;0H;0I;0H;0I;62;47;51;4K;4S;4P;3Z;40;41;3Z;40;0P;1J;12;1A;17;04;0I;0H;0I;63;06;0
544;2K12180Z1B170H0H0I0H0I624K4Q4H4T4P3Z40413Z400--12180Z1B17040I0H0I63060;2K12180Z1B170H0H0I0H0I624K4Q4H4T4P3Z40413Z400;2K12180Z1B170H0H0I0H0I;{EKBNJ00101;{;EKBNJ00101;624K4Q4H4T4P3Z40413Z40;ůĂÉŔĚČ®Ż°®Ż;12180Z1B17040I0H0I63060;EKBNJ#101ú%;0;2K;12;18;0Z;1B;17;0H;0H;0I;0H;0I;62;4K;4Q;4H;4T;4P;3Z;40;41;3Z;40;12;18;0Z;1B;17;04;0I;0H;0I;63;06;0
545;2K160L1E1F170H0H0I0H0I624O434W4X4P3Z40413Z400--160L1E1F17040I0H0I63060;2K160L1E1F170H0H0I0H0I624O434W4X4P3Z40413Z400;2K160L1E1F170H0H0I0H0I;{I4QRJ00101;{;I4QRJ00101;624O434W4X4P3Z40413Z40;ůÇ˛ĎĐČ®Ż°®Ż;160L1E1F17040I0H0I63060;I4QRJ#101ú%;0;2K;16;0L;1E;1F;17;0H;0H;0I;0H;0I;62;4O;43;4W;4X;4P;3Z;40;41;3Z;40;16;0L;1E;1F;17;04;0I;0H;0I;63;06;0
546;2K1E160M1E170H0H0I0H0I624W4O444W4P3Z40413Z400--1E160M1E17040I0H0I63060;2K1E160M1E170H0H0I0H0I624W4O444W4P3Z40413Z400;2K1E160M1E170H0H0I0H0I;{QI5QJ00101;{;QI5QJ00101;624W4O444W4P3Z40413Z40;ůĎÇłĎČ®Ż°®Ż;1E160M1E17040I0H0I63060;QI5QJ#101ú%;0;2K;1E;16;0M;1E;17;0H;0H;0I;0H;0I;62;4W;4O;44;4W;4P;3Z;40;41;3Z;40;1E;16;0M;1E;17;04;0I;0H;0I;63;06;0
547;2K1L0O1219170H0H0I0H0I6253464K4R4P3Z40413Z400--1L0O121917040I0H0I63060;2K1L0O1219170H0H0I0H0I6253464K4R4P3Z40413Z400;2K1L0O1219170H0H0I0H0I;{X7ELJ00101;{;X7ELJ00101;6253464K4R4P3Z40413Z40;ůÖµĂĘČ®Ż°®Ż;1L0O121917040I0H0I63060;X7ELJ#101ú%;0;2K;1L;0O;12;19;17;0H;0H;0I;0H;0I;62;53;46;4K;4R;4P;3Z;40;41;3Z;40;1L;0O;12;19;17;04;0I;0H;0I;63;06;0
548;2L0I1D1E1C170H0H0I0H0I64414W4X4V4Q40414240410--0I1D1E1C17050I0I0H63070;2L0I1D1E1C170H0H0I0H0I64414W4X4V4Q40414240410;2L0I1D1E1C170H0H0I0H0I;|1PQOJ00101;|;1PQOJ00101;64414W4X4V4Q4041424041;ű°ĎĐÎÉŻ°±Ż°;0I1D1E1C17050I0I0H63070;1PQOJ$110ú&;0;2L;0I;1D;1E;1C;17;0H;0H;0I;0H;0I;64;41;4W;4X;4V;4Q;40;41;42;40;41;0I;1D;1E;1C;17;05;0I;0I;0H;63;07;0
549;2L1E110Q1G170H0H0I0H0I644X4K494Z4Q40414240410--1E110Q1G17050I0I0H63070;2L1E110Q1G170H0H0I0H0I644X4K494Z4Q40414240410;2L1E110Q1G170H0H0I0H0I;|QD9SJ00101;|;QD9SJ00101;644X4K494Z4Q4041424041;űĐĂ¸ŇÉŻ°±Ż°;1E110Q1G17050I0I0H63070;QD9SJ$110ú&;0;2L;1E;11;0Q;1G;17;0H;0H;0I;0H;0I;64;4X;4K;49;4Z;4Q;40;41;42;40;41;1E;11;0Q;1G;17;05;0I;0I;0H;63;07;0
550;2M0I1M181A170H0H0I0H0I6642564S4U4R41424341420--0I1M181A17060I0H0I63080;2M0I1M181A170H0H0I0H0I6642564S4U4R41424341420;2M0I1M181A170H0H0I0H0I;}1YKMJ00101;};1YKMJ00101;6642564S4U4R4142434142;ý±ŮËÍĘ°±˛°±;0I1M181A17060I0H0I63080;1YKMJ%101ú';0;2M;0I;1M;18;1A;17;0H;0H;0I;0H;0I;66;42;56;4S;4U;4R;41;42;43;41;42;0I;1M;18;1A;17;06;0I;0H;0I;63;08;0
551;2M1H0Z0Q1G170H0H0I0H0I66514J4A504R41424341420--1H0Z0Q1G17060I0H0I63080;2M1H0Z0Q1G170H0H0I0H0I66514J4A504R41424341420;2M1H0Z0Q1G170H0H0I0H0I;}TB9SJ00101;};TB9SJ00101;66514J4A504R4142434142;ýÔÂąÓĘ°±˛°±;1H0Z0Q1G17060I0H0I63080;TB9SJ%101ú';0;2M;1H;0Z;0Q;1G;17;0H;0H;0I;0H;0I;66;51;4J;4A;50;4R;41;42;43;41;42;1H;0Z;0Q;1G;17;06;0I;0H;0I;63;08;0
552;2M1J121I140M0H0H0I0H0I66534M524O4641424341420--1J121I140M060I0H0I63080;2M1J121I140M0H0H0I0H0I66534M524O4641424341420;2M1J121I140M0H0H0I0H0I;}VEUG500101;};VEUG500101;66534M524O464142434142;ýÖĹŐÇµ°±˛°±;1J121I140M060I0H0I63080;VEUG5%101ú';0;2M;1J;12;1I;14;0M;0H;0H;0I;0H;0I;66;53;4M;52;4O;46;41;42;43;41;42;1J;12;1I;14;0M;06;0I;0H;0I;63;08;0
553;2N0I181D1K170H0H0I0H0I68434T4Y554S42434442430--0I181D1K17070I0I0H63090;2N0I181D1K170H0H0I0H0I68434T4Y554S42434442430;2N0I181D1K170H0H0I0H0I;~1KPWJ00101;~;1KPWJ00101;68434T4Y554S4243444243;˙˛ĚŃŘË±˛ł±˛;0I181D1K17070I0I0H63090;1KPWJ&110ú(;0;2N;0I;18;1D;1K;17;0H;0H;0I;0H;0I;68;43;4T;4Y;55;4S;42;43;44;42;43;0I;18;1D;1K;17;07;0I;0I;0H;63;09;0
554;2N190Z0Y1H170H0H0I0H0I684U4K4J524S42434442430--190Z0Y1H17070I0I0H63090;2N190Z0Y1H170H0H0I0H0I684U4K4J524S42434442430;2N190Z0Y1H170H0H0I0H0I;~LBATJ00101;~;LBATJ00101;684U4K4J524S4243444243;˙ÍĂÂŐË±˛ł±˛;190Z0Y1H17070I0I0H63090;LBATJ&110ú(;0;2N;19;0Z;0Y;1H;17;0H;0H;0I;0H;0I;68;4U;4K;4J;52;4S;42;43;44;42;43;19;0Z;0Y;1H;17;07;0I;0I;0H;63;09;0
555;2N1B0N1F1A170H0H0I0H0I684W48504V4S42434442430--1B0N1F1A17070I0I0H63090;2N1B0N1F1A170H0H0I0H0I684W48504V4S42434442430;2N1B0N1F1A170H0H0I0H0I;~N6RMJ00101;~;N6RMJ00101;684W48504V4S4243444243;˙Ď·ÓÎË±˛ł±˛;1B0N1F1A17070I0I0H63090;N6RMJ&110ú(;0;2N;1B;0N;1F;1A;17;0H;0H;0I;0H;0I;68;4W;48;50;4V;4S;42;43;44;42;43;1B;0N;1F;1A;17;07;0I;0I;0H;63;09;0
556;2N1H100Q1G170H0H0I0H0I68524L4B514S42434442430--1H100Q1G17070I0I0H63090;2N1H100Q1G170H0H0I0H0I68524L4B514S42434442430;2N1H100Q1G170H0H0I0H0I;~TC9SJ00101;~;TC9SJ00101;68524L4B514S4243444243;˙ŐÄşÔË±˛ł±˛;1H100Q1G17070I0I0H63090;TC9SJ&110ú(;0;2N;1H;10;0Q;1G;17;0H;0H;0I;0H;0I;68;52;4L;4B;51;4S;42;43;44;42;43;1H;10;0Q;1G;17;07;0I;0I;0H;63;09;0
557;2O0J1B1E1G170H0H0I0H0I5F454X50524T43444543440--0J1B1E1G17080I0H0I630A0;2O0J1B1E1G170H0H0I0H0I5F454X50524T43444543440;2O0J1B1E1G170H0H0I0H0I;2NQSJ00101;;2NQSJ00101;5F454X50524T4344454344;â´ĐÓŐĚ˛ł´˛ł;0J1B1E1G17080I0H0I630A0;2NQSJ'101ú);0;2O;0J;1B;1E;1G;17;0H;0H;0I;0H;0I;5F;45;4X;50;52;4T;43;44;45;43;44;0J;1B;1E;1G;17;08;0I;0H;0I;63;0A;0
558;2O0J1N181A170H0H0I0H0I5F45594U4W4T43444543440--0J1N181A17080I0H0I630A0;2O0J1N181A170H0H0I0H0I5F45594U4W4T43444543440;2O0J1N181A170H0H0I0H0I;2ZKMJ00101;;2ZKMJ00101;5F45594U4W4T4344454344;â´ÜÍĎĚ˛ł´˛ł;0J1N181A17080I0H0I630A0;2ZKMJ'101ú);0;2O;0J;1N;18;1A;17;0H;0H;0I;0H;0I;5F;45;59;4U;4W;4T;43;44;45;43;44;0J;1N;18;1A;17;08;0I;0H;0I;63;0A;0
559;2O0M1M101G170H0H0I0H0I5F48584M524T43444543440--0M1M101G17080I0H0I630A0;2O0M1M101G170H0H0I0H0I5F48584M524T43444543440;2O0M1M101G170H0H0I0H0I;5YCSJ00101;;5YCSJ00101;5F48584M524T4344454344;â·ŰĹŐĚ˛ł´˛ł;0M1M101G17080I0H0I630A0;5YCSJ'101ú);0;2O;0M;1M;10;1G;17;0H;0H;0I;0H;0I;5F;48;58;4M;52;4T;43;44;45;43;44;0M;1M;10;1G;17;08;0I;0H;0I;63;0A;0
560;2O1D140P1I170H0H0I0H0I5F4Z4Q4B544T43444543440--1D140P1I17080I0H0I630A0;2O1D140P1I170H0H0I0H0I5F4Z4Q4B544T43444543440;2O1D140P1I170H0H0I0H0I;PG8UJ00101;;PG8UJ00101;5F4Z4Q4B544T4344454344;âŇÉş×Ě˛ł´˛ł;1D140P1I17080I0H0I630A0;PG8UJ'101ú);0;2O;1D;14;0P;1I;17;0H;0H;0I;0H;0I;5F;4Z;4Q;4B;54;4T;43;44;45;43;44;1D;14;0P;1I;17;08;0I;0H;0I;63;0A;0
561;2O1E0J161L170H0H0I0H0I5F50454S574T43444543440--1E0J161L17080I0H0I630A0;2O1E0J161L170H0H0I0H0I5F50454S574T43444543440;2O1E0J161L170H0H0I0H0I;Q2IXJ00101;;Q2IXJ00101;5F50454S574T4344454344;âÓ´ËÚĚ˛ł´˛ł;1E0J161L17080I0H0I630A0;Q2IXJ'101ú);0;2O;1E;0J;16;1L;17;0H;0H;0I;0H;0I;5F;50;45;4S;57;4T;43;44;45;43;44;1E;0J;16;1L;17;08;0I;0H;0I;63;0A;0
562;2O1G1B0O19170H0H0I0H0I5F524X4A4V4T43444543440--1G1B0O1917080I0H0I630A0;2O1G1B0O19170H0H0I0H0I5F524X4A4V4T43444543440;2O1G1B0O19170H0H0I0H0I;SN7LJ00101;;SN7LJ00101;5F524X4A4V4T4344454344;âŐĐąÎĚ˛ł´˛ł;1G1B0O1917080I0H0I630A0;SN7LJ'101ú);0;2O;1G;1B;0O;19;17;0H;0H;0I;0H;0I;5F;52;4X;4A;4V;4T;43;44;45;43;44;1G;1B;0O;19;17;08;0I;0H;0I;63;0A;0
563;2P0H1H1F1C170H0H0I0H0I5H4454524Z4U44454644450--0H1H1F1C17090I0I0H630B0;2P0H1H1F1C170H0H0I0H0I5H4454524Z4U44454644450;2P0H1H1F1C170H0H0I0H0I;€0TROJ00101;€;0TROJ00101;5H4454524Z4U4445464445;äł×ŐŇÍł´µł´;0H1H1F1C17090I0I0H630B0;0TROJ(110ú*;0;2P;0H;1H;1F;1C;17;0H;0H;0I;0H;0I;5H;44;54;52;4Z;4U;44;45;46;44;45;0H;1H;1F;1C;17;09;0I;0I;0H;63;0B;0
564;2P0K181D1K170H0H0I0H0I5H474V50574U44454644450--0K181D1K17090I0I0H630B0;2P0K181D1K170H0H0I0H0I5H474V50574U44454644450;2P0K181D1K170H0H0I0H0I;€3KPWJ00101;€;3KPWJ00101;5H474V50574U4445464445;ä¶ÎÓÚÍł´µł´;0K181D1K17090I0I0H630B0;3KPWJ(110ú*;0;2P;0K;18;1D;1K;17;0H;0H;0I;0H;0I;5H;47;4V;50;57;4U;44;45;46;44;45;0K;18;1D;1K;17;09;0I;0I;0H;63;0B;0
565;2P17180Z1B170H0H0I0H0I5H4U4V4M4Y4U44454644450--17180Z1B17090I0I0H630B0;2P17180Z1B170H0H0I0H0I5H4U4V4M4Y4U44454644450;2P17180Z1B170H0H0I0H0I;€JKBNJ00101;€;JKBNJ00101;5H4U4V4M4Y4U4445464445;äÍÎĹŃÍł´µł´;17180Z1B17090I0I0H630B0;JKBNJ(110ú*;0;2P;17;18;0Z;1B;17;0H;0H;0I;0H;0I;5H;4U;4V;4M;4Y;4U;44;45;46;44;45;17;18;0Z;1B;17;09;0I;0I;0H;63;0B;0
566;2P18160P1M170H0H0I0H0I5H4V4T4C594U44454644450--18160P1M17090I0I0H630B0;2P18160P1M170H0H0I0H0I5H4V4T4C594U44454644450;2P18160P1M170H0H0I0H0I;€KI8YJ00101;€;KI8YJ00101;5H4V4T4C594U4445464445;äÎĚ»ÜÍł´µł´;18160P1M17090I0I0H630B0;KI8YJ(110ú*;0;2P;18;16;0P;1M;17;0H;0H;0I;0H;0I;5H;4V;4T;4C;59;4U;44;45;46;44;45;18;16;0P;1M;17;09;0I;0I;0H;63;0B;0
567;2P1E140P1I170H0H0I0H0I5H514R4C554U44454644450--1E140P1I17090I0I0H630B0;2P1E140P1I170H0H0I0H0I5H514R4C554U44454644450;2P1E140P1I170H0H0I0H0I;€QG8UJ00101;€;QG8UJ00101;5H514R4C554U4445464445;äÔĘ»ŘÍł´µł´;1E140P1I17090I0I0H630B0;QG8UJ(110ú*;0;2P;1E;14;0P;1I;17;0H;0H;0I;0H;0I;5H;51;4R;4C;55;4U;44;45;46;44;45;1E;14;0P;1I;17;09;0I;0I;0H;63;0B;0
568;2P1H0Z1019170H0H0I0H0I5H544M4N4W4U44454644450--1H0Z101917090I0I0H630B0;2P1H0Z1019170H0H0I0H0I5H544M4N4W4U44454644450;2P1H0Z1019170H0H0I0H0I;€TBCLJ00101;€;TBCLJ00101;5H544M4N4W4U4445464445;ä×ĹĆĎÍł´µł´;1H0Z101917090I0I0H630B0;TBCLJ(110ú*;0;2P;1H;0Z;10;19;17;0H;0H;0I;0H;0I;5H;54;4M;4N;4W;4U;44;45;46;44;45;1H;0Z;10;19;17;09;0I;0I;0H;63;0B;0
569;2Q0I1E1E1G170H0H0I0H0I5J465253544V45464745460--0I1E1E1G170A0I0H0I630C0;2Q0I1E1E1G170H0H0I0H0I5J465253544V45464745460;2Q0I1E1E1G170H0H0I0H0I;1QQSJ00101;;1QQSJ00101;5J465253544V4546474546;ćµŐÖ×Î´µ¶´µ;0I1E1E1G170A0I0H0I630C0;1QQSJ)101ú+;0;2Q;0I;1E;1E;1G;17;0H;0H;0I;0H;0I;5J;46;52;53;54;4V;45;46;47;45;46;0I;1E;1E;1G;17;0A;0I;0H;0I;63;0C;0
570;2Q0J1H1E1C170H0H0I0H0I5J475552504V45464745460--0J1H1E1C170A0I0H0I630C0;2Q0J1H1E1C170H0H0I0H0I5J475552504V45464745460;2Q0J1H1E1C170H0H0I0H0I;2TQOJ00101;;2TQOJ00101;5J475552504V4546474546;ć¶ŘŐÓÎ´µ¶´µ;0J1H1E1C170A0I0H0I630C0;2TQOJ)101ú+;0;2Q;0J;1H;1E;1C;17;0H;0H;0I;0H;0I;5J;47;55;52;50;4V;45;46;47;45;46;0J;1H;1E;1C;17;0A;0I;0H;0I;63;0C;0
571;2Q0L1N181A170H0H0I0H0I5J495B4W4Y4V45464745460--0L1N181A170A0I0H0I630C0;2Q0L1N181A170H0H0I0H0I5J495B4W4Y4V45464745460;2Q0L1N181A170H0H0I0H0I;4ZKMJ00101;;4ZKMJ00101;5J495B4W4Y4V4546474546;ć¸ŢĎŃÎ´µ¶´µ;0L1N181A170A0I0H0I630C0;4ZKMJ)101ú+;0;2Q;0L;1N;18;1A;17;0H;0H;0I;0H;0I;5J;49;5B;4W;4Y;4V;45;46;47;45;46;0L;1N;18;1A;17;0A;0I;0H;0I;63;0C;0
572;2Q0O1M111F170H0H0I0H0I5J4C5A4P534V45464745460--0O1M111F170A0I0H0I630C0;2Q0O1M111F170H0H0I0H0I5J4C5A4P534V45464745460;2Q0O1M111F170H0H0I0H0I;7YDRJ00101;;7YDRJ00101;5J4C5A4P534V4546474546;ć»ÝČÖÎ´µ¶´µ;0O1M111F170A0I0H0I630C0;7YDRJ)101ú+;0;2Q;0O;1M;11;1F;17;0H;0H;0I;0H;0I;5J;4C;5A;4P;53;4V;45;46;47;45;46;0O;1M;11;1F;17;0A;0I;0H;0I;63;0C;0
573;2Q19160P1M170H0H0I0H0I5J4X4U4D5A4V45464745460--19160P1M170A0I0H0I630C0;2Q19160P1M170H0H0I0H0I5J4X4U4D5A4V45464745460;2Q19160P1M170H0H0I0H0I;LI8YJ00101;;LI8YJ00101;5J4X4U4D5A4V4546474546;ćĐÍĽÝÎ´µ¶´µ;19160P1M170A0I0H0I630C0;LI8YJ)101ú+;0;2Q;19;16;0P;1M;17;0H;0H;0I;0H;0I;5J;4X;4U;4D;5A;4V;45;46;47;45;46;19;16;0P;1M;17;0A;0I;0H;0I;63;0C;0
574;2Q1F140P1I170H0H0I0H0I5J534S4D564V45464745460--1F140P1I170A0I0H0I630C0;2Q1F140P1I170H0H0I0H0I5J534S4D564V45464745460;2Q1F140P1I170H0H0I0H0I;RG8UJ00101;;RG8UJ00101;5J534S4D564V4546474546;ćÖËĽŮÎ´µ¶´µ;1F140P1I170A0I0H0I630C0;RG8UJ)101ú+;0;2Q;1F;14;0P;1I;17;0H;0H;0I;0H;0I;5J;53;4S;4D;56;4V;45;46;47;45;46;1F;14;0P;1I;17;0A;0I;0H;0I;63;0C;0
575;2Q1L0Q0Y1H170H0H0I0H0I5J594E4M554V45464745460--1L0Q0Y1H170A0I0H0I630C0;2Q1L0Q0Y1H170H0H0I0H0I5J594E4M554V45464745460;2Q1L0Q0Y1H170H0H0I0H0I;X9ATJ00101;;X9ATJ00101;5J594E4M554V4546474546;ćÜ˝ĹŘÎ´µ¶´µ;1L0Q0Y1H170A0I0H0I630C0;X9ATJ)101ú+;0;2Q;1L;0Q;0Y;1H;17;0H;0H;0I;0H;0I;5J;59;4E;4M;55;4V;45;46;47;45;46;1L;0Q;0Y;1H;17;0A;0I;0H;0I;63;0C;0
576;2R0P1M111F170H0H0I0H0I5L4E5B4Q544W46474846470--0P1M111F170B0I0I0H630D0;2R0P1M111F170H0H0I0H0I5L4E5B4Q544W46474846470;2R0P1M111F170H0H0I0H0I;‚8YDRJ00101;‚;8YDRJ00101;5L4E5B4Q544W4647484647;č˝ŢÉ×Ďµ¶·µ¶;0P1M111F170B0I0I0H630D0;8YDRJ*110ú,;0;2R;0P;1M;11;1F;17;0H;0H;0I;0H;0I;5L;4E;5B;4Q;54;4W;46;47;48;46;47;0P;1M;11;1F;17;0B;0I;0I;0H;63;0D;0
577;2R180M1E1J170H0H0I0H0I5L4X4B53584W46474846470--180M1E1J170B0I0I0H630D0;2R180M1E1J170H0H0I0H0I5L4X4B53584W46474846470;2R180M1E1J170H0H0I0H0I;‚K5QVJ00101;‚;K5QVJ00101;5L4X4B53584W4647484647;čĐşÖŰĎµ¶·µ¶;180M1E1J170B0I0I0H630D0;K5QVJ*110ú,;0;2R;18;0M;1E;1J;17;0H;0H;0I;0H;0I;5L;4X;4B;53;58;4W;46;47;48;46;47;18;0M;1E;1J;17;0B;0I;0I;0H;63;0D;0
578;2R1A0N1K1A170H0H0I0H0I5L4Z4C594Z4W46474846470--1A0N1K1A170B0I0I0H630D0;2R1A0N1K1A170H0H0I0H0I5L4Z4C594Z4W46474846470;2R1A0N1K1A170H0H0I0H0I;‚M6WMJ00101;‚;M6WMJ00101;5L4Z4C594Z4W4647484647;čŇ»ÜŇĎµ¶·µ¶;1A0N1K1A170B0I0I0H630D0;M6WMJ*110ú,;0;2R;1A;0N;1K;1A;17;0H;0H;0I;0H;0I;5L;4Z;4C;59;4Z;4W;46;47;48;46;47;1A;0N;1K;1A;17;0B;0I;0I;0H;63;0D;0
579;2R1G140P1I170H0H0I0H0I5L554T4E574W46474846470--1G140P1I170B0I0I0H630D0;2R1G140P1I170H0H0I0H0I5L554T4E574W46474846470;2R1G140P1I170H0H0I0H0I;‚SG8UJ00101;‚;SG8UJ00101;5L554T4E574W4647484647;čŘĚ˝ÚĎµ¶·µ¶;1G140P1I170B0I0I0H630D0;SG8UJ*110ú,;0;2R;1G;14;0P;1I;17;0H;0H;0I;0H;0I;5L;55;4T;4E;57;4W;46;47;48;46;47;1G;14;0P;1I;17;0B;0I;0I;0H;63;0D;0
580;2R1N0N121F170H0H0I0H0I5L5C4C4R544W46474846470--1N0N121F170B0I0I0H630D0;2R1N0N121F170H0H0I0H0I5L5C4C4R544W46474846470;2R1N0N121F170H0H0I0H0I;‚Z6ERJ00101;‚;Z6ERJ00101;5L5C4C4R544W4647484647;čß»Ę×Ďµ¶·µ¶;1N0N121F170B0I0I0H630D0;Z6ERJ*110ú,;0;2R;1N;0N;12;1F;17;0H;0H;0I;0H;0I;5L;5C;4C;4R;54;4W;46;47;48;46;47;1N;0N;12;1F;17;0B;0I;0I;0H;63;0D;0
