SourceRow;WorkerID;Prefix;Prefix_ASCII;Blok2Raw;Blok2Decoded;TailRaw;TailDecoded;TailLen;W01;W02;W03;W04;W05;W06;W07;W08;W09;W10;W01_B36;W02_B36;W03_B36;W04_B36;W05_B36;W06_B36;W07_B36;W08_B36;W09_B36;W10_B36;W01_ASC;W02_ASC;W03_ASC;W04_ASC;W05_ASC;W06_ASC;W07_ASC;W08_ASC;W09_ASC;W10_ASC;P01;P02;P03;P04;P05;P06;P07;P08;P09;P10;P11;P12;P13;P14;P15;P16;P17;P18;P19;P20;P21;P22;P01_B36;P02_B36;P03_B36;P04_B36;P05_B36;P06_B36;P07_B36;P08_B36;P09_B36;P10_B36;P11_B36;P12_B36;P13_B36;P14_B36;P15_B36;P16_B36;P17_B36;P18_B36;P19_B36;P20_B36;P21_B36;P22_B36;P01_DEC;P02_DEC;P03_DEC;P04_DEC;P05_DEC;P06_DEC;P07_DEC;P08_DEC;P09_DEC;P10_DEC;P11_DEC;P12_DEC;P13_DEC;P14_DEC;P15_DEC;P16_DEC;P17_DEC;P18_DEC;P19_DEC;P20_DEC;P21_DEC;P22_DEC;T01;T02;T03;T04;T05;T06;T07;T08;T09;T10;T11;T01_B36;T02_B36;T03_B36;T04_B36;T05_B36;T06_B36;T07_B36;T08_B36;T09_B36;T10_B36;T11_B36;T01_DEC;T02_DEC;T03_DEC;T04_DEC;T05_DEC;T06_DEC;T07_DEC;T08_DEC;T09_DEC;T10_DEC;T11_DEC;BeforeDashTrailingChar;TailTrailingChar
2;19D0000101;;31;0Y1G1O1Z1F1G1F1G1H1F1G;AS[fRSRSTRS;0I0Q111Y0I0H0I6522;19De101üi;18;1;9;D;0;0;0;0;1;0;1;1;9;13;0;0;0;0;1;0;1;49;57;68;48;48;48;48;49;48;49;00;0I;0Q;11;0H;0H;0H;0H;0I;0H;0I;0Y;1G;1O;1Z;1F;1G;1F;1G;1H;1F;1G;0;18;26;37;17;17;17;17;18;17;18;34;52;60;71;51;52;51;52;53;51;52;31;49;57;68;48;48;48;48;49;48;49;65;83;91;102;82;83;82;83;84;82;83;0I;0Q;11;1Y;0I;0H;0I;65;22;;;18;26;37;70;18;17;18;221;74;;;49;57;68;101;49;48;49;252;105;;;0;
3;1D90000101;;31;0Y1G1Z1O1F1G1F1G1H1F1G;ASf[RSRSTRS;0I110Q1Y0I0H0I6522;1D9e101üi;18;1;D;9;0;0;0;0;1;0;1;1;13;9;0;0;0;0;1;0;1;49;68;57;48;48;48;48;49;48;49;00;0I;11;0Q;0H;0H;0H;0H;0I;0H;0I;0Y;1G;1Z;1O;1F;1G;1F;1G;1H;1F;1G;0;18;37;26;17;17;17;17;18;17;18;34;52;71;60;51;52;51;52;53;51;52;31;49;68;57;48;48;48;48;49;48;49;65;83;102;91;82;83;82;83;84;82;83;0I;11;0Q;1Y;0I;0H;0I;65;22;;;18;37;26;70;18;17;18;221;74;;;49;68;57;101;49;48;49;252;105;;;0;
4;1F70000101;;31;0Y1G211M1F1G1F1G1H1F1G;AShYRSRSTRS;0I130O1Y0I0H0I6522;1F7e101üi;18;1;F;7;0;0;0;0;1;0;1;1;15;7;0;0;0;0;1;0;1;49;70;55;48;48;48;48;49;48;49;00;0I;13;0O;0H;0H;0H;0H;0I;0H;0I;0Y;1G;21;1M;1F;1G;1F;1G;1H;1F;1G;0;18;39;24;17;17;17;17;18;17;18;34;52;73;58;51;52;51;52;53;51;52;31;49;70;55;48;48;48;48;49;48;49;65;83;104;89;82;83;82;83;84;82;83;0I;13;0O;1Y;0I;0H;0I;65;22;;;18;39;24;70;18;17;18;221;74;;;49;70;55;101;49;48;49;252;105;;;0;
5;1G60000101;;31;0Y1G221L1F1G1F1G1H1F1G;ASiXRSRSTRS;0I140N1Y0I0H0I6522;1G6e101üi;18;1;G;6;0;0;0;0;1;0;1;1;16;6;0;0;0;0;1;0;1;49;71;54;48;48;48;48;49;48;49;00;0I;14;0N;0H;0H;0H;0H;0I;0H;0I;0Y;1G;22;1L;1F;1G;1F;1G;1H;1F;1G;0;18;40;23;17;17;17;17;18;17;18;34;52;74;57;51;52;51;52;53;51;52;31;49;71;54;48;48;48;48;49;48;49;65;83;105;88;82;83;82;83;84;82;83;0I;14;0N;1Y;0I;0H;0I;65;22;;;18;40;23;70;18;17;18;221;74;;;49;71;54;101;49;48;49;252;105;;;0;
6;2F60000101;;31;0Y1H211L1F1G1F1G1H1F1G;AThXRSRSTRS;0J130N1Y0I0H0I6522;2F6e101üi;18;2;F;6;0;0;0;0;1;0;1;2;15;6;0;0;0;0;1;0;1;50;70;54;48;48;48;48;49;48;49;00;0J;13;0N;0H;0H;0H;0H;0I;0H;0I;0Y;1H;21;1L;1F;1G;1F;1G;1H;1F;1G;0;19;39;23;17;17;17;17;18;17;18;34;53;73;57;51;52;51;52;53;51;52;31;50;70;54;48;48;48;48;49;48;49;65;84;104;88;82;83;82;83;84;82;83;0J;13;0N;1Y;0I;0H;0I;65;22;;;19;39;23;70;18;17;18;221;74;;;50;70;54;101;49;48;49;252;105;;;0;
7;3J10000101;;31;0Y1I251G1F1G1F1G1H1F1G;AUlSRSRSTRS;0K170I1Y0I0H0I6522;3J1e101üi;18;3;J;1;0;0;0;0;1;0;1;3;19;1;0;0;0;0;1;0;1;51;74;49;48;48;48;48;49;48;49;00;0K;17;0I;0H;0H;0H;0H;0I;0H;0I;0Y;1I;25;1G;1F;1G;1F;1G;1H;1F;1G;0;20;43;18;17;17;17;17;18;17;18;34;54;77;52;51;52;51;52;53;51;52;31;51;74;49;48;48;48;48;49;48;49;65;85;108;83;82;83;82;83;84;82;83;0K;17;0I;1Y;0I;0H;0I;65;22;;;20;43;18;70;18;17;18;221;74;;;51;74;49;101;49;48;49;252;105;;;0;
8;4D60000101;;31;0Y1J1Z1L1F1G1F1G1H1F1G;AVfXRSRSTRS;0L110N1Y0I0H0I6522;4D6e101üi;18;4;D;6;0;0;0;0;1;0;1;4;13;6;0;0;0;0;1;0;1;52;68;54;48;48;48;48;49;48;49;00;0L;11;0N;0H;0H;0H;0H;0I;0H;0I;0Y;1J;1Z;1L;1F;1G;1F;1G;1H;1F;1G;0;21;37;23;17;17;17;17;18;17;18;34;55;71;57;51;52;51;52;53;51;52;31;52;68;54;48;48;48;48;49;48;49;65;86;102;88;82;83;82;83;84;82;83;0L;11;0N;1Y;0I;0H;0I;65;22;;;21;37;23;70;18;17;18;221;74;;;52;68;54;101;49;48;49;252;105;;;0;
9;5RROJ00101;;31;0Y1K2D2E2A251F1G1H1F1G;AWtuqlRSTRS;0M1F1F1C170C0I0H0I630E0;5RROJ+101ú-;23;5;R;R;O;J;0;0;1;0;1;5;27;27;24;19;0;0;1;0;1;53;82;82;79;74;48;48;49;48;49;00;0M;1F;1F;1C;17;0H;0H;0I;0H;0I;0Y;1K;2D;2E;2A;25;1F;1G;1H;1F;1G;0;22;51;51;48;43;17;17;18;17;18;34;56;85;86;82;77;51;52;53;51;52;31;53;82;82;79;74;48;48;49;48;49;65;87;116;117;113;108;82;83;84;82;83;0M;1F;1F;1C;17;0C;0I;0H;0I;63;0E;22;51;51;48;43;12;18;17;18;219;14;53;82;82;79;74;43;49;48;49;250;45;0;0
10;F800000101;;31;0Y211N1F1G1F1G1F1G1F1G;AhZRSRSRSRS;130P0L0I0H0I660Q0;F84101ý9;17;F;8;0;0;0;0;0;1;0;1;15;8;0;0;0;0;0;1;0;1;70;56;48;48;48;48;48;49;48;49;00;13;0P;0H;0H;0H;0H;0H;0I;0H;0I;0Y;21;1N;1F;1G;1F;1G;1F;1G;1F;1G;0;39;25;17;17;17;17;17;18;17;18;34;73;59;51;52;51;52;51;52;51;52;31;70;56;48;48;48;48;48;49;48;49;65;104;90;82;83;82;83;82;83;82;83;13;0P;0L;0I;0H;0I;66;0Q;;;;39;25;21;18;17;18;222;26;;;;70;56;52;49;48;49;253;57;;;;0;0
11;G700000101;;31;0Y221M1F1G1F1G1F1G1F1G;AiYRSRSRSRS;140O0L0I0H0I660Q0;G74101ý9;17;G;7;0;0;0;0;0;1;0;1;16;7;0;0;0;0;0;1;0;1;71;55;48;48;48;48;48;49;48;49;00;14;0O;0H;0H;0H;0H;0H;0I;0H;0I;0Y;22;1M;1F;1G;1F;1G;1F;1G;1F;1G;0;40;24;17;17;17;17;17;18;17;18;34;74;58;51;52;51;52;51;52;51;52;31;71;55;48;48;48;48;48;49;48;49;65;105;89;82;83;82;83;82;83;82;83;14;0O;0L;0I;0H;0I;66;0Q;;;;40;24;21;18;17;18;222;26;;;;71;55;52;49;48;49;253;57;;;;0;0
12;M100000101;;31;0Y281G1F1G1F1G1F1G1F1G;AoSRSRSRSRS;1A0I0L0I0H0I660Q0;M14101ý9;17;M;1;0;0;0;0;0;1;0;1;22;1;0;0;0;0;0;1;0;1;77;49;48;48;48;48;48;49;48;49;00;1A;0I;0H;0H;0H;0H;0H;0I;0H;0I;0Y;28;1G;1F;1G;1F;1G;1F;1G;1F;1G;0;46;18;17;17;17;17;17;18;17;18;34;80;52;51;52;51;52;51;52;51;52;31;77;49;48;48;48;48;48;49;48;49;65;111;83;82;83;82;83;82;83;82;83;1A;0I;0L;0I;0H;0I;66;0Q;;;;46;18;21;18;17;18;222;26;;;;77;49;52;49;48;49;253;57;;;;0;0
13;VJ5SJ00101;;31;0Y2H251K2E251F1G1H1F1G;AxlWulRSTRS;1J170M1G170C0I0H0I630E0;VJ5SJ+101ú-;23;V;J;5;S;J;0;0;1;0;1;31;19;5;28;19;0;0;1;0;1;86;74;53;83;74;48;48;49;48;49;00;1J;17;0M;1G;17;0H;0H;0I;0H;0I;0Y;2H;25;1K;2E;25;1F;1G;1H;1F;1G;0;55;43;22;52;43;17;17;18;17;18;34;89;77;56;86;77;51;52;53;51;52;31;86;74;53;83;74;48;48;49;48;49;65;120;108;87;117;108;82;83;84;82;83;1J;17;0M;1G;17;0C;0I;0H;0I;63;0E;55;43;22;52;43;12;18;17;18;219;14;86;74;53;83;74;43;49;48;49;250;45;0;0
14;1E90000101; ;32;101H211P1G1H1G1H1I1G1H;CTh\STSTUST;0I120Q1Z0I0I0H6523;1E9f110üj;18;1;E;9;0;0;0;0;1;0;1;1;14;9;0;0;0;0;1;0;1;49;69;57;48;48;48;48;49;48;49;01;0I;12;0Q;0H;0H;0H;0H;0I;0H;0I;10;1H;21;1P;1G;1H;1G;1H;1I;1G;1H;1;18;38;26;17;17;17;17;18;17;18;36;53;73;61;52;53;52;53;54;52;53;32;49;69;57;48;48;48;48;49;48;49;67;84;104;92;83;84;83;84;85;83;84;0I;12;0Q;1Z;0I;0I;0H;65;23;;;18;38;26;71;18;18;17;221;75;;;49;69;57;102;49;49;48;252;106;;;0;
15;1L20000101; ;32;101H281I1G1H1G1H1I1G1H;CToUSTSTUST;0I190J1Z0I0I0H6523;1L2f110üj;18;1;L;2;0;0;0;0;1;0;1;1;21;2;0;0;0;0;1;0;1;49;76;50;48;48;48;48;49;48;49;01;0I;19;0J;0H;0H;0H;0H;0I;0H;0I;10;1H;28;1I;1G;1H;1G;1H;1I;1G;1H;1;18;45;19;17;17;17;17;18;17;18;36;53;80;54;52;53;52;53;54;52;53;32;49;76;50;48;48;48;48;49;48;49;67;84;111;85;83;84;83;84;85;83;84;0I;19;0J;1Z;0I;0I;0H;65;23;;;18;45;19;71;18;18;17;221;75;;;49;76;50;102;49;49;48;252;106;;;0;
16;2H50000101; ;32;101I241L1G1H1G1H1I1G1H;CUkXSTSTUST;0J150M1Z0I0I0H6523;2H5f110üj;18;2;H;5;0;0;0;0;1;0;1;2;17;5;0;0;0;0;1;0;1;50;72;53;48;48;48;48;49;48;49;01;0J;15;0M;0H;0H;0H;0H;0I;0H;0I;10;1I;24;1L;1G;1H;1G;1H;1I;1G;1H;1;19;41;22;17;17;17;17;18;17;18;36;54;76;57;52;53;52;53;54;52;53;32;50;72;53;48;48;48;48;49;48;49;67;85;107;88;83;84;83;84;85;83;84;0J;15;0M;1Z;0I;0I;0H;65;23;;;19;41;22;71;18;18;17;221;75;;;50;72;53;102;49;49;48;252;106;;;0;
17;38D0000101; ;32;101J1O201G1H1G1H1I1G1H;CV[gSTSTUST;0K0P111Z0I0I0H6523;38Df110üj;18;3;8;D;0;0;0;0;1;0;1;3;8;13;0;0;0;0;1;0;1;51;56;68;48;48;48;48;49;48;49;01;0K;0P;11;0H;0H;0H;0H;0I;0H;0I;10;1J;1O;20;1G;1H;1G;1H;1I;1G;1H;1;20;25;37;17;17;17;17;18;17;18;36;55;60;72;52;53;52;53;54;52;53;32;51;56;68;48;48;48;48;49;48;49;67;86;91;103;83;84;83;84;85;83;84;0K;0P;11;1Z;0I;0I;0H;65;23;;;20;25;37;71;18;18;17;221;75;;;51;56;68;102;49;49;48;252;106;;;0;
18;3F60000101; ;32;101J221M1G1H1G1H1I1G1H;CViYSTSTUST;0K130N1Z0I0I0H6523;3F6f110üj;18;3;F;6;0;0;0;0;1;0;1;3;15;6;0;0;0;0;1;0;1;51;70;54;48;48;48;48;49;48;49;01;0K;13;0N;0H;0H;0H;0H;0I;0H;0I;10;1J;22;1M;1G;1H;1G;1H;1I;1G;1H;1;20;39;23;17;17;17;17;18;17;18;36;55;74;58;52;53;52;53;54;52;53;32;51;70;54;48;48;48;48;49;48;49;67;86;105;89;83;84;83;84;85;83;84;0K;13;0N;1Z;0I;0I;0H;65;23;;;20;39;23;71;18;18;17;221;75;;;51;70;54;102;49;49;48;252;106;;;0;
19;4J10000101; ;32;101K261H1G1H1G1H1I1G1H;CWmTSTSTUST;0L170I1Z0I0I0H6523;4J1f110üj;18;4;J;1;0;0;0;0;1;0;1;4;19;1;0;0;0;0;1;0;1;52;74;49;48;48;48;48;49;48;49;01;0L;17;0I;0H;0H;0H;0H;0I;0H;0I;10;1K;26;1H;1G;1H;1G;1H;1I;1G;1H;1;21;43;18;17;17;17;17;18;17;18;36;56;78;53;52;53;52;53;54;52;53;32;52;74;49;48;48;48;48;49;48;49;67;87;109;84;83;84;83;84;85;83;84;0L;17;0I;1Z;0I;0I;0H;65;23;;;21;43;18;71;18;18;17;221;75;;;52;74;49;102;49;49;48;252;106;;;0;
20;FBPQJ00101; ;32;10221Y2C2D261G1H1I1G1H;CiestmSTUST;130Z1D1E170D0I0I0H630F0;FBPQJ,110ú.;23;F;B;P;Q;J;0;0;1;0;1;15;11;25;26;19;0;0;1;0;1;70;66;80;81;74;48;48;49;48;49;01;13;0Z;1D;1E;17;0H;0H;0I;0H;0I;10;22;1Y;2C;2D;26;1G;1H;1I;1G;1H;1;39;35;49;50;43;17;17;18;17;18;36;74;70;84;85;78;52;53;54;52;53;32;70;66;80;81;74;48;48;49;48;49;67;105;101;115;116;109;83;84;85;83;84;13;0Z;1D;1E;17;0D;0I;0I;0H;63;0F;39;35;49;50;43;13;18;18;17;219;15;70;66;80;81;74;44;49;49;48;250;46;0;0
21;H700000101; ;32;10241N1G1H1G1H1G1H1G1H;CkZSTSTSTST;150O0M0I0I0H660R0;H75110ý:;17;H;7;0;0;0;0;0;1;0;1;17;7;0;0;0;0;0;1;0;1;72;55;48;48;48;48;48;49;48;49;01;15;0O;0H;0H;0H;0H;0H;0I;0H;0I;10;24;1N;1G;1H;1G;1H;1G;1H;1G;1H;1;41;24;17;17;17;17;17;18;17;18;36;76;59;52;53;52;53;52;53;52;53;32;72;55;48;48;48;48;48;49;48;49;67;107;90;83;84;83;84;83;84;83;84;15;0O;0M;0I;0I;0H;66;0R;;;;41;24;22;18;18;17;222;27;;;;72;55;53;49;49;48;253;58;;;;0;0
22;IKJKJ00101; ;32;1025272627261G1H1I1G1H;ClnmnmSTUST;16181718170D0I0I0H630F0;IKJKJ,110ú.;23;I;K;J;K;J;0;0;1;0;1;18;20;19;20;19;0;0;1;0;1;73;75;74;75;74;48;48;49;48;49;01;16;18;17;18;17;0H;0H;0I;0H;0I;10;25;27;26;27;26;1G;1H;1I;1G;1H;1;42;44;43;44;43;17;17;18;17;18;36;77;79;78;79;78;52;53;54;52;53;32;73;75;74;75;74;48;48;49;48;49;67;108;110;109;110;109;83;84;85;83;84;16;18;17;18;17;0D;0I;0I;0H;63;0F;42;44;43;44;43;13;18;18;17;219;15;73;75;74;75;74;44;49;49;48;250;46;0;0
23;N100000101; ;32;102A1H1G1H1G1H1G1H1G1H;CqTSTSTSTST;1B0I0M0I0I0H660R0;N15110ý:;17;N;1;0;0;0;0;0;1;0;1;23;1;0;0;0;0;0;1;0;1;78;49;48;48;48;48;48;49;48;49;01;1B;0I;0H;0H;0H;0H;0H;0I;0H;0I;10;2A;1H;1G;1H;1G;1H;1G;1H;1G;1H;1;47;18;17;17;17;17;17;18;17;18;36;82;53;52;53;52;53;52;53;52;53;32;78;49;48;48;48;48;48;49;48;49;67;113;84;83;84;83;84;83;84;83;84;1B;0I;0M;0I;0I;0H;66;0R;;;;47;18;22;18;18;17;222;27;;;;78;49;53;49;49;48;253;58;;;;0;0
24;U5KTJ00101; ;32;102H1L272G261G1H1I1G1H;CxXnwmSTUST;1I0M181H170D0I0I0H630F0;U5KTJ,110ú.;23;U;5;K;T;J;0;0;1;0;1;30;5;20;29;19;0;0;1;0;1;85;53;75;84;74;48;48;49;48;49;01;1I;0M;18;1H;17;0H;0H;0I;0H;0I;10;2H;1L;27;2G;26;1G;1H;1I;1G;1H;1;54;22;44;53;43;17;17;18;17;18;36;89;57;79;88;78;52;53;54;52;53;32;85;53;75;84;74;48;48;49;48;49;67;120;88;110;119;109;83;84;85;83;84;1I;0M;18;1H;17;0D;0I;0I;0H;63;0F;54;22;44;53;43;13;18;18;17;219;15;85;53;75;84;74;44;49;49;48;250;46;0;0
25;YO0QJ00101; ;32;102L2B1G2D261G1H1I1G1H;C|rStmSTUST;1M1C0H1E170D0I0I0H630F0;YO0QJ,110ú.;23;Y;O;0;Q;J;0;0;1;0;1;34;24;0;26;19;0;0;1;0;1;89;79;48;81;74;48;48;49;48;49;01;1M;1C;0H;1E;17;0H;0H;0I;0H;0I;10;2L;2B;1G;2D;26;1G;1H;1I;1G;1H;1;58;48;17;50;43;17;17;18;17;18;36;93;83;52;85;78;52;53;54;52;53;32;89;79;48;81;74;48;48;49;48;49;67;124;114;83;116;109;83;84;85;83;84;1M;1C;0H;1E;17;0D;0I;0I;0H;63;0F;58;48;17;50;43;13;18;18;17;219;15;89;79;48;81;74;44;49;49;48;250;46;0;0
26;1G80000101;!;33;121I241P1H1I1H1I1J1H1I;EUk\TUTUVTU;0I140P200I0H0I6524;1G8g101ük;18;1;G;8;0;0;0;0;1;0;1;1;16;8;0;0;0;0;1;0;1;49;71;56;48;48;48;48;49;48;49;02;0I;14;0P;0H;0H;0H;0H;0I;0H;0I;12;1I;24;1P;1H;1I;1H;1I;1J;1H;1I;2;18;40;25;17;17;17;17;18;17;18;38;54;76;61;53;54;53;54;55;53;54;33;49;71;56;48;48;48;48;49;48;49;69;85;107;92;84;85;84;85;86;84;85;0I;14;0P;20;0I;0H;0I;65;24;;;18;40;25;72;18;17;18;221;76;;;49;71;56;103;49;48;49;252;107;;;0;
27;1H70000101;!;33;121I251O1H1I1H1I1J1H1I;EUl[TUTUVTU;0I150O200I0H0I6524;1H7g101ük;18;1;H;7;0;0;0;0;1;0;1;1;17;7;0;0;0;0;1;0;1;49;72;55;48;48;48;48;49;48;49;02;0I;15;0O;0H;0H;0H;0H;0I;0H;0I;12;1I;25;1O;1H;1I;1H;1I;1J;1H;1I;2;18;41;24;17;17;17;17;18;17;18;38;54;77;60;53;54;53;54;55;53;54;33;49;72;55;48;48;48;48;49;48;49;69;85;108;91;84;85;84;85;86;84;85;0I;15;0O;20;0I;0H;0I;65;24;;;18;41;24;72;18;17;18;221;76;;;49;72;55;103;49;48;49;252;107;;;0;
28;1L30000101;!;33;121I291K1H1I1H1I1J1H1I;EUpWTUTUVTU;0I190K200I0H0I6524;1L3g101ük;18;1;L;3;0;0;0;0;1;0;1;1;21;3;0;0;0;0;1;0;1;49;76;51;48;48;48;48;49;48;49;02;0I;19;0K;0H;0H;0H;0H;0I;0H;0I;12;1I;29;1K;1H;1I;1H;1I;1J;1H;1I;2;18;45;20;17;17;17;17;18;17;18;38;54;81;56;53;54;53;54;55;53;54;33;49;76;51;48;48;48;48;49;48;49;69;85;112;87;84;85;84;85;86;84;85;0I;19;0K;20;0I;0H;0I;65;24;;;18;45;20;72;18;17;18;221;76;;;49;76;51;103;49;48;49;252;107;;;0;
29;2M10000101;!;33;121J2A1I1H1I1H1I1J1H1I;EVqUTUTUVTU;0J1A0I200I0H0I6524;2M1g101ük;18;2;M;1;0;0;0;0;1;0;1;2;22;1;0;0;0;0;1;0;1;50;77;49;48;48;48;48;49;48;49;02;0J;1A;0I;0H;0H;0H;0H;0I;0H;0I;12;1J;2A;1I;1H;1I;1H;1I;1J;1H;1I;2;19;46;18;17;17;17;17;18;17;18;38;55;82;54;53;54;53;54;55;53;54;33;50;77;49;48;48;48;48;49;48;49;69;86;113;85;84;85;84;85;86;84;85;0J;1A;0I;20;0I;0H;0I;65;24;;;19;46;18;72;18;17;18;221;76;;;50;77;49;103;49;48;49;252;107;;;0;
30;I700000101;!;33;12261O1H1I1H1I1H1I1H1I;Em[TUTUTUTU;160O0N0I0H0I660S0;"I76101ý;";17;I;7;0;0;0;0;0;1;0;1;18;7;0;0;0;0;0;1;0;1;73;55;48;48;48;48;48;49;48;49;02;16;0O;0H;0H;0H;0H;0H;0I;0H;0I;12;26;1O;1H;1I;1H;1I;1H;1I;1H;1I;2;42;24;17;17;17;17;17;18;17;18;38;78;60;53;54;53;54;53;54;53;54;33;73;55;48;48;48;48;48;49;48;49;69;109;91;84;85;84;85;84;85;84;85;16;0O;0N;0I;0H;0I;66;0S;;;;42;24;23;18;17;18;222;28;;;;73;55;54;49;48;49;253;59;;;;0;0
31;KR9TJ00101;!;33;12282F1Q2H271H1I1J1H1I;Eov]xnTUVTU;181F0Q1H170E0I0H0I630G0;KR9TJ-101ú/;23;K;R;9;T;J;0;0;1;0;1;20;27;9;29;19;0;0;1;0;1;75;82;57;84;74;48;48;49;48;49;02;18;1F;0Q;1H;17;0H;0H;0I;0H;0I;12;28;2F;1Q;2H;27;1H;1I;1J;1H;1I;2;44;51;26;53;43;17;17;18;17;18;38;80;87;62;89;79;53;54;55;53;54;33;75;82;57;84;74;48;48;49;48;49;69;111;118;93;120;110;84;85;86;84;85;18;1F;0Q;1H;17;0E;0I;0H;0I;63;0G;44;51;26;53;43;14;18;17;18;219;16;75;82;57;84;74;45;49;48;49;250;47;0;0
32;M300000101;!;33;122A1K1H1I1H1I1H1I1H1I;EqWTUTUTUTU;1A0K0N0I0H0I660S0;"M36101ý;";17;M;3;0;0;0;0;0;1;0;1;22;3;0;0;0;0;0;1;0;1;77;51;48;48;48;48;48;49;48;49;02;1A;0K;0H;0H;0H;0H;0H;0I;0H;0I;12;2A;1K;1H;1I;1H;1I;1H;1I;1H;1I;2;46;20;17;17;17;17;17;18;17;18;38;82;56;53;54;53;54;53;54;53;54;33;77;51;48;48;48;48;48;49;48;49;69;113;87;84;85;84;85;84;85;84;85;1A;0K;0N;0I;0H;0I;66;0S;;;;46;20;23;18;17;18;222;28;;;;77;51;54;49;48;49;253;59;;;;0;0
33;N200000101;!;33;122B1J1H1I1H1I1H1I1H1I;ErVTUTUTUTU;1B0J0N0I0H0I660S0;"N26101ý;";17;N;2;0;0;0;0;0;1;0;1;23;2;0;0;0;0;0;1;0;1;78;50;48;48;48;48;48;49;48;49;02;1B;0J;0H;0H;0H;0H;0H;0I;0H;0I;12;2B;1J;1H;1I;1H;1I;1H;1I;1H;1I;2;47;19;17;17;17;17;17;18;17;18;38;83;55;53;54;53;54;53;54;53;54;33;78;50;48;48;48;48;48;49;48;49;69;114;86;84;85;84;85;84;85;84;85;1B;0J;0N;0I;0H;0I;66;0S;;;;47;19;23;18;17;18;222;28;;;;78;50;54;49;48;49;253;59;;;;0;0
34;1G90000101;"""";34;141J251R1I1J1I1J1K1I1J;GVl^UVUVWUV;0I140Q210I0I0H6525;1G9h110ül;18;1;G;9;0;0;0;0;1;0;1;1;16;9;0;0;0;0;1;0;1;49;71;57;48;48;48;48;49;48;49;03;0I;14;0Q;0H;0H;0H;0H;0I;0H;0I;14;1J;25;1R;1I;1J;1I;1J;1K;1I;1J;3;18;40;26;17;17;17;17;18;17;18;40;55;77;63;54;55;54;55;56;54;55;34;49;71;57;48;48;48;48;49;48;49;71;86;108;94;85;86;85;86;87;85;86;0I;14;0Q;21;0I;0I;0H;65;25;;;18;40;26;73;18;18;17;221;77;;;49;71;57;104;49;49;48;252;108;;;0;
35;1I70000101;"""";34;141J271P1I1J1I1J1K1I1J;GVn\UVUVWUV;0I160O210I0I0H6525;1I7h110ül;18;1;I;7;0;0;0;0;1;0;1;1;18;7;0;0;0;0;1;0;1;49;73;55;48;48;48;48;49;48;49;03;0I;16;0O;0H;0H;0H;0H;0I;0H;0I;14;1J;27;1P;1I;1J;1I;1J;1K;1I;1J;3;18;42;24;17;17;17;17;18;17;18;40;55;79;61;54;55;54;55;56;54;55;34;49;73;55;48;48;48;48;49;48;49;71;86;110;92;85;86;85;86;87;85;86;0I;16;0O;21;0I;0I;0H;65;25;;;18;42;24;73;18;18;17;221;77;;;49;73;55;104;49;49;48;252;108;;;0;
36;2L30000101;"""";34;141K2A1L1I1J1I1J1K1I1J;GWqXUVUVWUV;0J190K210I0I0H6525;2L3h110ül;18;2;L;3;0;0;0;0;1;0;1;2;21;3;0;0;0;0;1;0;1;50;76;51;48;48;48;48;49;48;49;03;0J;19;0K;0H;0H;0H;0H;0I;0H;0I;14;1K;2A;1L;1I;1J;1I;1J;1K;1I;1J;3;19;45;20;17;17;17;17;18;17;18;40;56;82;57;54;55;54;55;56;54;55;34;50;76;51;48;48;48;48;49;48;49;71;87;113;88;85;86;85;86;87;85;86;0J;19;0K;21;0I;0I;0H;65;25;;;19;45;20;73;18;18;17;221;77;;;50;76;51;104;49;49;48;252;108;;;0;
37;CHSMJ00101;"""";34;1421262H2B281I1J1K1I1J;GhmxroUVWUV;10151G1A170F0I0I0H630H0;CHSMJ.110ú0;23;C;H;S;M;J;0;0;1;0;1;12;17;28;22;19;0;0;1;0;1;67;72;83;77;74;48;48;49;48;49;03;10;15;1G;1A;17;0H;0H;0I;0H;0I;14;21;26;2H;2B;28;1I;1J;1K;1I;1J;3;36;41;52;46;43;17;17;18;17;18;40;73;78;89;83;80;54;55;56;54;55;34;67;72;83;77;74;48;48;49;48;49;71;104;109;120;114;111;85;86;87;85;86;10;15;1G;1A;17;0F;0I;0I;0H;63;0H;36;41;52;46;43;15;18;18;17;219;17;67;72;83;77;74;46;49;49;48;250;48;0;0
38;J700000101;"""";34;14281P1I1J1I1J1I1J1I1J;Go\UVUVUVUV;170O0O0I0I0H660T0;J77110ý<;17;J;7;0;0;0;0;0;1;0;1;19;7;0;0;0;0;0;1;0;1;74;55;48;48;48;48;48;49;48;49;03;17;0O;0H;0H;0H;0H;0H;0I;0H;0I;14;28;1P;1I;1J;1I;1J;1I;1J;1I;1J;3;43;24;17;17;17;17;17;18;17;18;40;80;61;54;55;54;55;54;55;54;55;34;74;55;48;48;48;48;48;49;48;49;71;111;92;85;86;85;86;85;86;85;86;17;0O;0O;0I;0I;0H;66;0T;;;;43;24;24;18;18;17;222;29;;;;74;55;55;49;49;48;253;60;;;;0;0
39;O5QVJ00101;"""";34;142D1N2F2K281I1J1K1I1J;GtZv{oUVWUV;1C0M1E1J170F0I0I0H630H0;O5QVJ.110ú0;23;O;5;Q;V;J;0;0;1;0;1;24;5;26;31;19;0;0;1;0;1;79;53;81;86;74;48;48;49;48;49;03;1C;0M;1E;1J;17;0H;0H;0I;0H;0I;14;2D;1N;2F;2K;28;1I;1J;1K;1I;1J;3;48;22;50;55;43;17;17;18;17;18;40;85;59;87;92;80;54;55;56;54;55;34;79;53;81;86;74;48;48;49;48;49;71;116;90;118;123;111;85;86;87;85;86;1C;0M;1E;1J;17;0F;0I;0I;0H;63;0H;48;22;50;55;43;15;18;18;17;219;17;79;53;81;86;74;46;49;49;48;250;48;0;0
40;1I80000101;#;35;161K281R1J1K1J1K1L1J1K;IWo^VWVWXVW;0I160P220I0H0I6526;1I8i101üm;18;1;I;8;0;0;0;0;1;0;1;1;18;8;0;0;0;0;1;0;1;49;73;56;48;48;48;48;49;48;49;04;0I;16;0P;0H;0H;0H;0H;0I;0H;0I;16;1K;28;1R;1J;1K;1J;1K;1L;1J;1K;4;18;42;25;17;17;17;17;18;17;18;42;56;80;63;55;56;55;56;57;55;56;35;49;73;56;48;48;48;48;49;48;49;73;87;111;94;86;87;86;87;88;86;87;0I;16;0P;22;0I;0H;0I;65;26;;;18;42;25;74;18;17;18;221;78;;;49;73;56;105;49;48;49;252;109;;;0;
41;1J70000101;#;35;161K291Q1J1K1J1K1L1J1K;IWp]VWVWXVW;0I170O220I0H0I6526;1J7i101üm;18;1;J;7;0;0;0;0;1;0;1;1;19;7;0;0;0;0;1;0;1;49;74;55;48;48;48;48;49;48;49;04;0I;17;0O;0H;0H;0H;0H;0I;0H;0I;16;1K;29;1Q;1J;1K;1J;1K;1L;1J;1K;4;18;43;24;17;17;17;17;18;17;18;42;56;81;62;55;56;55;56;57;55;56;35;49;74;55;48;48;48;48;49;48;49;73;87;112;93;86;87;86;87;88;86;87;0I;17;0O;22;0I;0H;0I;65;26;;;18;43;24;74;18;17;18;221;78;;;49;74;55;105;49;48;49;252;109;;;0;
42;1K60000101;#;35;161K2A1P1J1K1J1K1L1J1K;IWq\VWVWXVW;0I180N220I0H0I6526;1K6i101üm;18;1;K;6;0;0;0;0;1;0;1;1;20;6;0;0;0;0;1;0;1;49;75;54;48;48;48;48;49;48;49;04;0I;18;0N;0H;0H;0H;0H;0I;0H;0I;16;1K;2A;1P;1J;1K;1J;1K;1L;1J;1K;4;18;44;23;17;17;17;17;18;17;18;42;56;82;61;55;56;55;56;57;55;56;35;49;75;54;48;48;48;48;49;48;49;73;87;113;92;86;87;86;87;88;86;87;0I;18;0N;22;0I;0H;0I;65;26;;;18;44;23;74;18;17;18;221;78;;;49;75;54;105;49;48;49;252;109;;;0;
43;1L50000101;#;35;161K2B1O1J1K1J1K1L1J1K;IWr[VWVWXVW;0I190M220I0H0I6526;1L5i101üm;18;1;L;5;0;0;0;0;1;0;1;1;21;5;0;0;0;0;1;0;1;49;76;53;48;48;48;48;49;48;49;04;0I;19;0M;0H;0H;0H;0H;0I;0H;0I;16;1K;2B;1O;1J;1K;1J;1K;1L;1J;1K;4;18;45;22;17;17;17;17;18;17;18;42;56;83;60;55;56;55;56;57;55;56;35;49;76;53;48;48;48;48;49;48;49;73;87;114;91;86;87;86;87;88;86;87;0I;19;0M;22;0I;0H;0I;65;26;;;18;45;22;74;18;17;18;221;78;;;49;76;53;105;49;48;49;252;109;;;0;
44;1M40000101;#;35;161K2C1N1J1K1J1K1L1J1K;IWsZVWVWXVW;0I1A0L220I0H0I6526;1M4i101üm;18;1;M;4;0;0;0;0;1;0;1;1;22;4;0;0;0;0;1;0;1;49;77;52;48;48;48;48;49;48;49;04;0I;1A;0L;0H;0H;0H;0H;0I;0H;0I;16;1K;2C;1N;1J;1K;1J;1K;1L;1J;1K;4;18;46;21;17;17;17;17;18;17;18;42;56;84;59;55;56;55;56;57;55;56;35;49;77;52;48;48;48;48;49;48;49;73;87;115;90;86;87;86;87;88;86;87;0I;1A;0L;22;0I;0H;0I;65;26;;;18;46;21;74;18;17;18;221;78;;;49;77;52;105;49;48;49;252;109;;;0;
45;3ZSLJ00101;#;35;161M2P2I2B291J1K1L1J1K;IY€yrpVWXVW;0K1N1G19170G0I0H0I630I0;3ZSLJ/101ú1;23;3;Z;S;L;J;0;0;1;0;1;3;35;28;21;19;0;0;1;0;1;51;90;83;76;74;48;48;49;48;49;04;0K;1N;1G;19;17;0H;0H;0I;0H;0I;16;1M;2P;2I;2B;29;1J;1K;1L;1J;1K;4;20;59;52;45;43;17;17;18;17;18;42;58;97;90;83;81;55;56;57;55;56;35;51;90;83;76;74;48;48;49;48;49;73;89;128;121;114;112;86;87;88;86;87;0K;1N;1G;19;17;0G;0I;0H;0I;63;0I;20;59;52;45;43;16;18;17;18;219;18;51;90;83;76;74;47;49;48;49;250;49;0;0
46;5LSXJ00101;#;35;161O2B2I2N291J1K1L1J1K;I[ry~pVWXVW;0M191G1L170G0I0H0I630I0;5LSXJ/101ú1;23;5;L;S;X;J;0;0;1;0;1;5;21;28;33;19;0;0;1;0;1;53;76;83;88;74;48;48;49;48;49;04;0M;19;1G;1L;17;0H;0H;0I;0H;0I;16;1O;2B;2I;2N;29;1J;1K;1L;1J;1K;4;22;45;52;57;43;17;17;18;17;18;42;60;83;90;95;81;55;56;57;55;56;35;53;76;83;88;74;48;48;49;48;49;73;91;114;121;126;112;86;87;88;86;87;0M;19;1G;1L;17;0G;0I;0H;0I;63;0I;22;45;52;57;43;16;18;17;18;219;18;53;76;83;88;74;47;49;48;49;250;49;0;0
47;S5QSJ00101;#;35;162I1O2G2I291J1K1L1J1K;Iy[wypVWXVW;1G0M1E1G170G0I0H0I630I0;S5QSJ/101ú1;23;S;5;Q;S;J;0;0;1;0;1;28;5;26;28;19;0;0;1;0;1;83;53;81;83;74;48;48;49;48;49;04;1G;0M;1E;1G;17;0H;0H;0I;0H;0I;16;2I;1O;2G;2I;29;1J;1K;1L;1J;1K;4;52;22;50;52;43;17;17;18;17;18;42;90;60;88;90;81;55;56;57;55;56;35;83;53;81;83;74;48;48;49;48;49;73;121;91;119;121;112;86;87;88;86;87;1G;0M;1E;1G;17;0G;0I;0H;0I;63;0I;52;22;50;52;43;16;18;17;18;219;18;83;53;81;83;74;47;49;48;49;250;49;0;0
48;W6KTJ00101;#;35;162M1P2A2J291J1K1L1J1K;I}\qzpVWXVW;1K0N181H170G0I0H0I630I0;W6KTJ/101ú1;23;W;6;K;T;J;0;0;1;0;1;32;6;20;29;19;0;0;1;0;1;87;54;75;84;74;48;48;49;48;49;04;1K;0N;18;1H;17;0H;0H;0I;0H;0I;16;2M;1P;2A;2J;29;1J;1K;1L;1J;1K;4;56;23;44;53;43;17;17;18;17;18;42;94;61;82;91;81;55;56;57;55;56;35;87;54;75;84;74;48;48;49;48;49;73;125;92;113;122;112;86;87;88;86;87;1K;0N;18;1H;17;0G;0I;0H;0I;63;0I;56;23;44;53;43;16;18;17;18;219;18;87;54;75;84;74;47;49;48;49;250;49;0;0
49;YBAPJ00101;#;35;162O21202F291J1K1L1J1K;IhgvpVWXVW;1M0Z0Y1D170G0I0H0I630I0;YBAPJ/101ú1;23;Y;B;A;P;J;0;0;1;0;1;34;11;10;25;19;0;0;1;0;1;89;66;65;80;74;48;48;49;48;49;04;1M;0Z;0Y;1D;17;0H;0H;0I;0H;0I;16;2O;21;20;2F;29;1J;1K;1L;1J;1K;4;58;35;34;49;43;17;17;18;17;18;42;96;73;72;87;81;55;56;57;55;56;35;89;66;65;80;74;48;48;49;48;49;73;127;104;103;118;112;86;87;88;86;87;1M;0Z;0Y;1D;17;0G;0I;0H;0I;63;0I;58;35;34;49;43;16;18;17;18;219;18;89;66;65;80;74;47;49;48;49;250;49;0;0
50;1AA0000101;$;36;181L21221K1L1K1L1M1K1L;KXhiWXWXYWX;0I0Y0Y230I0I0H6527;1AAj110ün;18;1;A;A;0;0;0;0;1;0;1;1;10;10;0;0;0;0;1;0;1;49;65;65;48;48;48;48;49;48;49;05;0I;0Y;0Y;0H;0H;0H;0H;0I;0H;0I;18;1L;21;22;1K;1L;1K;1L;1M;1K;1L;5;18;34;34;17;17;17;17;18;17;18;44;57;73;74;56;57;56;57;58;56;57;36;49;65;65;48;48;48;48;49;48;49;75;88;104;105;87;88;87;88;89;87;88;0I;0Y;0Y;23;0I;0I;0H;65;27;;;18;34;34;75;18;18;17;221;79;;;49;65;65;106;49;49;48;252;110;;;0;
51;1I90000101;$;36;181L291T1K1L1K1L1M1K1L;KXp`WXWXYWX;0I160Q230I0I0H6527;1I9j110ün;18;1;I;9;0;0;0;0;1;0;1;1;18;9;0;0;0;0;1;0;1;49;73;57;48;48;48;48;49;48;49;05;0I;16;0Q;0H;0H;0H;0H;0I;0H;0I;18;1L;29;1T;1K;1L;1K;1L;1M;1K;1L;5;18;42;26;17;17;17;17;18;17;18;44;57;81;65;56;57;56;57;58;56;57;36;49;73;57;48;48;48;48;49;48;49;75;88;112;96;87;88;87;88;89;87;88;0I;16;0Q;23;0I;0I;0H;65;27;;;18;42;26;75;18;18;17;221;79;;;49;73;57;106;49;49;48;252;110;;;0;
52;1K70000101;$;36;181L2B1R1K1L1K1L1M1K1L;KXr^WXWXYWX;0I180O230I0I0H6527;1K7j110ün;18;1;K;7;0;0;0;0;1;0;1;1;20;7;0;0;0;0;1;0;1;49;75;55;48;48;48;48;49;48;49;05;0I;18;0O;0H;0H;0H;0H;0I;0H;0I;18;1L;2B;1R;1K;1L;1K;1L;1M;1K;1L;5;18;44;24;17;17;17;17;18;17;18;44;57;83;63;56;57;56;57;58;56;57;36;49;75;55;48;48;48;48;49;48;49;75;88;114;94;87;88;87;88;89;87;88;0I;18;0O;23;0I;0I;0H;65;27;;;18;44;24;75;18;18;17;221;79;;;49;75;55;106;49;49;48;252;110;;;0;
53;1P20000101;$;36;181L2G1M1K1L1K1L1M1K1L;KXwYWXWXYWX;0I1D0J230I0I0H6527;1P2j110ün;18;1;P;2;0;0;0;0;1;0;1;1;25;2;0;0;0;0;1;0;1;49;80;50;48;48;48;48;49;48;49;05;0I;1D;0J;0H;0H;0H;0H;0I;0H;0I;18;1L;2G;1M;1K;1L;1K;1L;1M;1K;1L;5;18;49;19;17;17;17;17;18;17;18;44;57;88;58;56;57;56;57;58;56;57;36;49;80;50;48;48;48;48;49;48;49;75;88;119;89;87;88;87;88;89;87;88;0I;1D;0J;23;0I;0I;0H;65;27;;;18;49;19;75;18;18;17;221;79;;;49;80;50;106;49;49;48;252;110;;;0;
54;2I80000101;$;36;181M291S1K1L1K1L1M1K1L;KYp_WXWXYWX;0J160P230I0I0H6527;2I8j110ün;18;2;I;8;0;0;0;0;1;0;1;2;18;8;0;0;0;0;1;0;1;50;73;56;48;48;48;48;49;48;49;05;0J;16;0P;0H;0H;0H;0H;0I;0H;0I;18;1M;29;1S;1K;1L;1K;1L;1M;1K;1L;5;19;42;25;17;17;17;17;18;17;18;44;58;81;64;56;57;56;57;58;56;57;36;50;73;56;48;48;48;48;49;48;49;75;89;112;95;87;88;87;88;89;87;88;0J;16;0P;23;0I;0I;0H;65;27;;;19;42;25;75;18;18;17;221;79;;;50;73;56;106;49;49;48;252;110;;;0;
55;GUDMJ00101;$;36;18272L242D2A1K1L1M1K1L;Kn|ktqWXYWX;141I111A170H0I0I0H630J0;GUDMJ0110ú2;23;G;U;D;M;J;0;0;1;0;1;16;30;13;22;19;0;0;1;0;1;71;85;68;77;74;48;48;49;48;49;05;14;1I;11;1A;17;0H;0H;0I;0H;0I;18;27;2L;24;2D;2A;1K;1L;1M;1K;1L;5;40;54;37;46;43;17;17;18;17;18;44;79;93;76;85;82;56;57;58;56;57;36;71;85;68;77;74;48;48;49;48;49;75;110;124;107;116;113;87;88;89;87;88;14;1I;11;1A;17;0H;0I;0I;0H;63;0J;40;54;37;46;43;17;18;18;17;219;19;71;85;68;77;74;48;49;49;48;250;50;0;0
56;IFMQJ00101;$;36;1829262D2H2A1K1L1M1K1L;KpmtxqWXYWX;16131A1E170H0I0I0H630J0;IFMQJ0110ú2;23;I;F;M;Q;J;0;0;1;0;1;18;15;22;26;19;0;0;1;0;1;73;70;77;81;74;48;48;49;48;49;05;16;13;1A;1E;17;0H;0H;0I;0H;0I;18;29;26;2D;2H;2A;1K;1L;1M;1K;1L;5;42;39;46;50;43;17;17;18;17;18;44;81;78;85;89;82;56;57;58;56;57;36;73;70;77;81;74;48;48;49;48;49;75;112;109;116;120;113;87;88;89;87;88;16;13;1A;1E;17;0H;0I;0I;0H;63;0J;42;39;46;50;43;17;18;18;17;219;19;73;70;77;81;74;48;49;49;48;250;50;0;0
57;J900000101;$;36;182A1T1K1L1K1L1K1L1K1L;Kq`WXWXWXWX;170Q0Q0I0I0H660V0;J99110ý>;17;J;9;0;0;0;0;0;1;0;1;19;9;0;0;0;0;0;1;0;1;74;57;48;48;48;48;48;49;48;49;05;17;0Q;0H;0H;0H;0H;0H;0I;0H;0I;18;2A;1T;1K;1L;1K;1L;1K;1L;1K;1L;5;43;26;17;17;17;17;17;18;17;18;44;82;65;56;57;56;57;56;57;56;57;36;74;57;48;48;48;48;48;49;48;49;75;113;96;87;88;87;88;87;88;87;88;17;0Q;0Q;0I;0I;0H;66;0V;;;;43;26;26;18;18;17;222;31;;;;74;57;57;49;49;48;253;62;;;;0;0
58;K800000101;$;36;182B1S1K1L1K1L1K1L1K1L;Kr_WXWXWXWX;180P0Q0I0I0H660V0;K89110ý>;17;K;8;0;0;0;0;0;1;0;1;20;8;0;0;0;0;0;1;0;1;75;56;48;48;48;48;48;49;48;49;05;18;0P;0H;0H;0H;0H;0H;0I;0H;0I;18;2B;1S;1K;1L;1K;1L;1K;1L;1K;1L;5;44;25;17;17;17;17;17;18;17;18;44;83;64;56;57;56;57;56;57;56;57;36;75;56;48;48;48;48;48;49;48;49;75;114;95;87;88;87;88;87;88;87;88;18;0P;0Q;0I;0I;0H;66;0V;;;;44;25;26;18;18;17;222;31;;;;75;56;57;49;49;48;253;62;;;;0;0
59;KGLOJ00101;$;36;182B272C2F2A1K1L1M1K1L;KrnsvqWXYWX;1814191C170H0I0I0H630J0;KGLOJ0110ú2;23;K;G;L;O;J;0;0;1;0;1;20;16;21;24;19;0;0;1;0;1;75;71;76;79;74;48;48;49;48;49;05;18;14;19;1C;17;0H;0H;0I;0H;0I;18;2B;27;2C;2F;2A;1K;1L;1M;1K;1L;5;44;40;45;48;43;17;17;18;17;18;44;83;79;84;87;82;56;57;58;56;57;36;75;71;76;79;74;48;48;49;48;49;75;114;110;115;118;113;87;88;89;87;88;18;14;19;1C;17;0H;0I;0I;0H;63;0J;44;40;45;48;43;17;18;18;17;219;19;75;71;76;79;74;48;49;49;48;250;50;0;0
60;L610000101;$;36;182C1Q1L1K1L1K1L1M1K1L;Ks]XWXWXYWX;190N0I230I0I0H6527;L61j110ün;18;L;6;1;0;0;0;0;1;0;1;21;6;1;0;0;0;0;1;0;1;76;54;49;48;48;48;48;49;48;49;05;19;0N;0I;0H;0H;0H;0H;0I;0H;0I;18;2C;1Q;1L;1K;1L;1K;1L;1M;1K;1L;5;45;23;18;17;17;17;17;18;17;18;44;84;62;57;56;57;56;57;58;56;57;36;76;54;49;48;48;48;48;49;48;49;75;115;93;88;87;88;87;88;89;87;88;19;0N;0I;23;0I;0I;0H;65;27;;;45;23;18;75;18;18;17;221;79;;;76;54;49;106;49;49;48;252;110;;;0;
61;L700000101;$;36;182C1R1K1L1K1L1K1L1K1L;Ks^WXWXWXWX;190O0Q0I0I0H660V0;L79110ý>;17;L;7;0;0;0;0;0;1;0;1;21;7;0;0;0;0;0;1;0;1;76;55;48;48;48;48;48;49;48;49;05;19;0O;0H;0H;0H;0H;0H;0I;0H;0I;18;2C;1R;1K;1L;1K;1L;1K;1L;1K;1L;5;45;24;17;17;17;17;17;18;17;18;44;84;63;56;57;56;57;56;57;56;57;36;76;55;48;48;48;48;48;49;48;49;75;115;94;87;88;87;88;87;88;87;88;19;0O;0Q;0I;0I;0H;66;0V;;;;45;24;26;18;18;17;222;31;;;;76;55;57;49;49;48;253;62;;;;0;0
62;SI8YJ00101;$;36;182J291S2P2A1K1L1M1K1L;Kzp_€qWXYWX;1G160P1M170H0I0I0H630J0;SI8YJ0110ú2;23;S;I;8;Y;J;0;0;1;0;1;28;18;8;34;19;0;0;1;0;1;83;73;56;89;74;48;48;49;48;49;05;1G;16;0P;1M;17;0H;0H;0I;0H;0I;18;2J;29;1S;2P;2A;1K;1L;1M;1K;1L;5;52;42;25;58;43;17;17;18;17;18;44;91;81;64;97;82;56;57;58;56;57;36;83;73;56;89;74;48;48;49;48;49;75;122;112;95;128;113;87;88;89;87;88;1G;16;0P;1M;17;0H;0I;0I;0H;63;0J;52;42;25;58;43;17;18;18;17;219;19;83;73;56;89;74;48;49;49;48;250;50;0;0
63;1AB0000101;%;37;1A1M22231L1M1L1M1N1L1M;MYijXYXYZXY;0I0Y0Z240I0H0I6528;1ABk101üo;18;1;A;B;0;0;0;0;1;0;1;1;10;11;0;0;0;0;1;0;1;49;65;66;48;48;48;48;49;48;49;06;0I;0Y;0Z;0H;0H;0H;0H;0I;0H;0I;1A;1M;22;23;1L;1M;1L;1M;1N;1L;1M;6;18;34;35;17;17;17;17;18;17;18;46;58;74;75;57;58;57;58;59;57;58;37;49;65;66;48;48;48;48;49;48;49;77;89;105;106;88;89;88;89;90;88;89;0I;0Y;0Z;24;0I;0H;0I;65;28;;;18;34;35;76;18;17;18;221;80;;;49;65;66;107;49;48;49;252;111;;;0;
64;1BA0000101;%;37;1A1M23221L1M1L1M1N1L1M;MYjiXYXYZXY;0I0Z0Y240I0H0I6528;1BAk101üo;18;1;B;A;0;0;0;0;1;0;1;1;11;10;0;0;0;0;1;0;1;49;66;65;48;48;48;48;49;48;49;06;0I;0Z;0Y;0H;0H;0H;0H;0I;0H;0I;1A;1M;23;22;1L;1M;1L;1M;1N;1L;1M;6;18;35;34;17;17;17;17;18;17;18;46;58;75;74;57;58;57;58;59;57;58;37;49;66;65;48;48;48;48;49;48;49;77;89;106;105;88;89;88;89;90;88;89;0I;0Z;0Y;24;0I;0H;0I;65;28;;;18;35;34;76;18;17;18;221;80;;;49;66;65;107;49;48;49;252;111;;;0;
65;1J90000101;%;37;1A1M2B1U1L1M1L1M1N1L1M;MYraXYXYZXY;0I170Q240I0H0I6528;1J9k101üo;18;1;J;9;0;0;0;0;1;0;1;1;19;9;0;0;0;0;1;0;1;49;74;57;48;48;48;48;49;48;49;06;0I;17;0Q;0H;0H;0H;0H;0I;0H;0I;1A;1M;2B;1U;1L;1M;1L;1M;1N;1L;1M;6;18;43;26;17;17;17;17;18;17;18;46;58;83;66;57;58;57;58;59;57;58;37;49;74;57;48;48;48;48;49;48;49;77;89;114;97;88;89;88;89;90;88;89;0I;17;0Q;24;0I;0H;0I;65;28;;;18;43;26;76;18;17;18;221;80;;;49;74;57;107;49;48;49;252;111;;;0;
66;1K80000101;%;37;1A1M2C1T1L1M1L1M1N1L1M;MYs`XYXYZXY;0I180P240I0H0I6528;1K8k101üo;18;1;K;8;0;0;0;0;1;0;1;1;20;8;0;0;0;0;1;0;1;49;75;56;48;48;48;48;49;48;49;06;0I;18;0P;0H;0H;0H;0H;0I;0H;0I;1A;1M;2C;1T;1L;1M;1L;1M;1N;1L;1M;6;18;44;25;17;17;17;17;18;17;18;46;58;84;65;57;58;57;58;59;57;58;37;49;75;56;48;48;48;48;49;48;49;77;89;115;96;88;89;88;89;90;88;89;0I;18;0P;24;0I;0H;0I;65;28;;;18;44;25;76;18;17;18;221;80;;;49;75;56;107;49;48;49;252;111;;;0;
67;1O40000101;%;37;1A1M2G1P1L1M1L1M1N1L1M;MYw\XYXYZXY;0I1C0L240I0H0I6528;1O4k101üo;18;1;O;4;0;0;0;0;1;0;1;1;24;4;0;0;0;0;1;0;1;49;79;52;48;48;48;48;49;48;49;06;0I;1C;0L;0H;0H;0H;0H;0I;0H;0I;1A;1M;2G;1P;1L;1M;1L;1M;1N;1L;1M;6;18;48;21;17;17;17;17;18;17;18;46;58;88;61;57;58;57;58;59;57;58;37;49;79;52;48;48;48;48;49;48;49;77;89;119;92;88;89;88;89;90;88;89;0I;1C;0L;24;0I;0H;0I;65;28;;;18;48;21;76;18;17;18;221;80;;;49;79;52;107;49;48;49;252;111;;;0;
68;2I90000101;%;37;1A1N2A1U1L1M1L1M1N1L1M;MZqaXYXYZXY;0J160Q240I0H0I6528;2I9k101üo;18;2;I;9;0;0;0;0;1;0;1;2;18;9;0;0;0;0;1;0;1;50;73;57;48;48;48;48;49;48;49;06;0J;16;0Q;0H;0H;0H;0H;0I;0H;0I;1A;1N;2A;1U;1L;1M;1L;1M;1N;1L;1M;6;19;42;26;17;17;17;17;18;17;18;46;59;82;66;57;58;57;58;59;57;58;37;50;73;57;48;48;48;48;49;48;49;77;90;113;97;88;89;88;89;90;88;89;0J;16;0Q;24;0I;0H;0I;65;28;;;19;42;26;76;18;17;18;221;80;;;50;73;57;107;49;48;49;252;111;;;0;
69;2J80000101;%;37;1A1N2B1T1L1M1L1M1N1L1M;MZr`XYXYZXY;0J170P240I0H0I6528;2J8k101üo;18;2;J;8;0;0;0;0;1;0;1;2;19;8;0;0;0;0;1;0;1;50;74;56;48;48;48;48;49;48;49;06;0J;17;0P;0H;0H;0H;0H;0I;0H;0I;1A;1N;2B;1T;1L;1M;1L;1M;1N;1L;1M;6;19;43;25;17;17;17;17;18;17;18;46;59;83;65;57;58;57;58;59;57;58;37;50;74;56;48;48;48;48;49;48;49;77;90;114;96;88;89;88;89;90;88;89;0J;17;0P;24;0I;0H;0I;65;28;;;19;43;25;76;18;17;18;221;80;;;50;74;56;107;49;48;49;252;111;;;0;
70;3L50000101;%;37;1A1O2D1Q1L1M1L1M1N1L1M;M[t]XYXYZXY;0K190M240I0H0I6528;3L5k101üo;18;3;L;5;0;0;0;0;1;0;1;3;21;5;0;0;0;0;1;0;1;51;76;53;48;48;48;48;49;48;49;06;0K;19;0M;0H;0H;0H;0H;0I;0H;0I;1A;1O;2D;1Q;1L;1M;1L;1M;1N;1L;1M;6;20;45;22;17;17;17;17;18;17;18;46;60;85;62;57;58;57;58;59;57;58;37;51;76;53;48;48;48;48;49;48;49;77;91;116;93;88;89;88;89;90;88;89;0K;19;0M;24;0I;0H;0I;65;28;;;20;45;22;76;18;17;18;221;80;;;51;76;53;107;49;48;49;252;111;;;0;
71;L800000101;%;37;1A2D1T1L1M1L1M1L1M1L1M;Mt`XYXYXYXY;190P0R0I0H0I660W0;L8:101ý?;17;L;8;0;0;0;0;0;1;0;1;21;8;0;0;0;0;0;1;0;1;76;56;48;48;48;48;48;49;48;49;06;19;0P;0H;0H;0H;0H;0H;0I;0H;0I;1A;2D;1T;1L;1M;1L;1M;1L;1M;1L;1M;6;45;25;17;17;17;17;17;18;17;18;46;85;65;57;58;57;58;57;58;57;58;37;76;56;48;48;48;48;48;49;48;49;77;116;96;88;89;88;89;88;89;88;89;19;0P;0R;0I;0H;0I;66;0W;;;;45;25;27;18;17;18;222;32;;;;76;56;58;49;48;49;253;63;;;;0;0
72;M700000101;%;37;1A2E1S1L1M1L1M1L1M1L1M;Mu_XYXYXYXY;1A0O0R0I0H0I660W0;M7:101ý?;17;M;7;0;0;0;0;0;1;0;1;22;7;0;0;0;0;0;1;0;1;77;55;48;48;48;48;48;49;48;49;06;1A;0O;0H;0H;0H;0H;0H;0I;0H;0I;1A;2E;1S;1L;1M;1L;1M;1L;1M;1L;1M;6;46;24;17;17;17;17;17;18;17;18;46;86;64;57;58;57;58;57;58;57;58;37;77;55;48;48;48;48;48;49;48;49;77;117;95;88;89;88;89;88;89;88;89;1A;0O;0R;0I;0H;0I;66;0W;;;;46;24;27;18;17;18;222;32;;;;77;55;58;49;48;49;253;63;;;;0;0
73;S100000101;%;37;1A2K1M1L1M1L1M1L1M1L1M;M{YXYXYXYXY;1G0I0R0I0H0I660W0;S1:101ý?;17;S;1;0;0;0;0;0;1;0;1;28;1;0;0;0;0;0;1;0;1;83;49;48;48;48;48;48;49;48;49;06;1G;0I;0H;0H;0H;0H;0H;0I;0H;0I;1A;2K;1M;1L;1M;1L;1M;1L;1M;1L;1M;6;52;18;17;17;17;17;17;18;17;18;46;92;58;57;58;57;58;57;58;57;58;37;83;49;48;48;48;48;48;49;48;49;77;123;89;88;89;88;89;88;89;88;89;1G;0I;0R;0I;0H;0I;66;0W;;;;52;18;27;18;17;18;222;32;;;;83;49;58;49;48;49;253;63;;;;0;0
74;Z5RMJ00101;%;37;1A2R1Q2J2E2B1L1M1N1L1M;M‚]zurXYZXY;1N0M1F1A170I0I0H0I630K0;Z5RMJ1101ú3;23;Z;5;R;M;J;0;0;1;0;1;35;5;27;22;19;0;0;1;0;1;90;53;82;77;74;48;48;49;48;49;06;1N;0M;1F;1A;17;0H;0H;0I;0H;0I;1A;2R;1Q;2J;2E;2B;1L;1M;1N;1L;1M;6;59;22;51;46;43;17;17;18;17;18;46;99;62;91;86;83;57;58;59;57;58;37;90;53;82;77;74;48;48;49;48;49;77;130;93;122;117;114;88;89;90;88;89;1N;0M;1F;1A;17;0I;0I;0H;0I;63;0K;59;22;51;46;43;18;18;17;18;219;20;90;53;82;77;74;49;49;48;49;250;51;0;0
75;1AC0000101;&;38;1C1N23251M1N1M1N1O1M1N;OZjlYZYZ[YZ;0I0Y10250I0I0H6529;1ACl110üp;18;1;A;C;0;0;0;0;1;0;1;1;10;12;0;0;0;0;1;0;1;49;65;67;48;48;48;48;49;48;49;07;0I;0Y;10;0H;0H;0H;0H;0I;0H;0I;1C;1N;23;25;1M;1N;1M;1N;1O;1M;1N;7;18;34;36;17;17;17;17;18;17;18;48;59;75;77;58;59;58;59;60;58;59;38;49;65;67;48;48;48;48;49;48;49;79;90;106;108;89;90;89;90;91;89;90;0I;0Y;10;25;0I;0I;0H;65;29;;;18;34;36;77;18;18;17;221;81;;;49;65;67;108;49;49;48;252;112;;;0;
76;1BB0000101;&;38;1C1N24251M1N1M1N1O1M1N;OZklYZYZ[YZ;0I0Z0Z250I0I0H6529;1BBl110üp;18;1;B;B;0;0;0;0;1;0;1;1;11;11;0;0;0;0;1;0;1;49;66;66;48;48;48;48;49;48;49;07;0I;0Z;0Z;0H;0H;0H;0H;0I;0H;0I;1C;1N;24;25;1M;1N;1M;1N;1O;1M;1N;7;18;35;35;17;17;17;17;18;17;18;48;59;76;77;58;59;58;59;60;58;59;38;49;66;66;48;48;48;48;49;48;49;79;90;107;108;89;90;89;90;91;89;90;0I;0Z;0Z;25;0I;0I;0H;65;29;;;18;35;35;77;18;18;17;221;81;;;49;66;66;108;49;49;48;252;112;;;0;
77;1CA0000101;&;38;1C1N25231M1N1M1N1O1M1N;OZljYZYZ[YZ;0I100Y250I0I0H6529;1CAl110üp;18;1;C;A;0;0;0;0;1;0;1;1;12;10;0;0;0;0;1;0;1;49;67;65;48;48;48;48;49;48;49;07;0I;10;0Y;0H;0H;0H;0H;0I;0H;0I;1C;1N;25;23;1M;1N;1M;1N;1O;1M;1N;7;18;36;34;17;17;17;17;18;17;18;48;59;77;75;58;59;58;59;60;58;59;38;49;67;65;48;48;48;48;49;48;49;79;90;108;106;89;90;89;90;91;89;90;0I;10;0Y;25;0I;0I;0H;65;29;;;18;36;34;77;18;18;17;221;81;;;49;67;65;108;49;49;48;252;112;;;0;
78;1L80000101;&;38;1C1N2E1U1M1N1M1N1O1M1N;OZuaYZYZ[YZ;0I190P250I0I0H6529;1L8l110üp;18;1;L;8;0;0;0;0;1;0;1;1;21;8;0;0;0;0;1;0;1;49;76;56;48;48;48;48;49;48;49;07;0I;19;0P;0H;0H;0H;0H;0I;0H;0I;1C;1N;2E;1U;1M;1N;1M;1N;1O;1M;1N;7;18;45;25;17;17;17;17;18;17;18;48;59;86;66;58;59;58;59;60;58;59;38;49;76;56;48;48;48;48;49;48;49;79;90;117;97;89;90;89;90;91;89;90;0I;19;0P;25;0I;0I;0H;65;29;;;18;45;25;77;18;18;17;221;81;;;49;76;56;108;49;49;48;252;112;;;0;
79;1O50000101;&;38;1C1N2H1R1M1N1M1N1O1M1N;OZx^YZYZ[YZ;0I1C0M250I0I0H6529;1O5l110üp;18;1;O;5;0;0;0;0;1;0;1;1;24;5;0;0;0;0;1;0;1;49;79;53;48;48;48;48;49;48;49;07;0I;1C;0M;0H;0H;0H;0H;0I;0H;0I;1C;1N;2H;1R;1M;1N;1M;1N;1O;1M;1N;7;18;48;22;17;17;17;17;18;17;18;48;59;89;63;58;59;58;59;60;58;59;38;49;79;53;48;48;48;48;49;48;49;79;90;120;94;89;90;89;90;91;89;90;0I;1C;0M;25;0I;0I;0H;65;29;;;18;48;22;77;18;18;17;221;81;;;49;79;53;108;49;49;48;252;112;;;0;
80;3L60000101;&;38;1C1P2E1S1M1N1M1N1O1M1N;O\u_YZYZ[YZ;0K190N250I0I0H6529;3L6l110üp;18;3;L;6;0;0;0;0;1;0;1;3;21;6;0;0;0;0;1;0;1;51;76;54;48;48;48;48;49;48;49;07;0K;19;0N;0H;0H;0H;0H;0I;0H;0I;1C;1P;2E;1S;1M;1N;1M;1N;1O;1M;1N;7;20;45;23;17;17;17;17;18;17;18;48;61;86;64;58;59;58;59;60;58;59;38;51;76;54;48;48;48;48;49;48;49;79;92;117;95;89;90;89;90;91;89;90;0K;19;0N;25;0I;0I;0H;65;29;;;20;45;23;77;18;18;17;221;81;;;51;76;54;108;49;49;48;252;112;;;0;
81;4YPRJ00101;&;38;1C1Q2R2I2K2C1M1N1O1M1N;O]‚y{sYZ[YZ;0L1M1D1F170J0I0I0H630L0;4YPRJ2110ú4;23;4;Y;P;R;J;0;0;1;0;1;4;34;25;27;19;0;0;1;0;1;52;89;80;82;74;48;48;49;48;49;07;0L;1M;1D;1F;17;0H;0H;0I;0H;0I;1C;1Q;2R;2I;2K;2C;1M;1N;1O;1M;1N;7;21;58;49;51;43;17;17;18;17;18;48;62;99;90;92;84;58;59;60;58;59;38;52;89;80;82;74;48;48;49;48;49;79;93;130;121;123;115;89;90;91;89;90;0L;1M;1D;1F;17;0J;0I;0I;0H;63;0L;21;58;49;51;43;19;18;18;17;219;21;52;89;80;82;74;50;49;49;48;250;52;0;0
82;7XNRJ00101;&;38;1C1T2Q2G2K2C1M1N1O1M1N;O`w{sYZ[YZ;0O1L1B1F170J0I0I0H630L0;7XNRJ2110ú4;23;7;X;N;R;J;0;0;1;0;1;7;33;23;27;19;0;0;1;0;1;55;88;78;82;74;48;48;49;48;49;07;0O;1L;1B;1F;17;0H;0H;0I;0H;0I;1C;1T;2Q;2G;2K;2C;1M;1N;1O;1M;1N;7;24;57;47;51;43;17;17;18;17;18;48;65;98;88;92;84;58;59;60;58;59;38;55;88;78;82;74;48;48;49;48;49;79;96;129;119;123;115;89;90;91;89;90;0O;1L;1B;1F;17;0J;0I;0I;0H;63;0L;24;57;47;51;43;19;18;18;17;219;21;55;88;78;82;74;50;49;49;48;250;52;0;0
83;L900000101;&;38;1C2E1V1M1N1M1N1M1N1M1N;OubYZYZYZYZ;190Q0S0I0I0H660X0;"L9;110ý@";17;L;9;0;0;0;0;0;1;0;1;21;9;0;0;0;0;0;1;0;1;76;57;48;48;48;48;48;49;48;49;07;19;0Q;0H;0H;0H;0H;0H;0I;0H;0I;1C;2E;1V;1M;1N;1M;1N;1M;1N;1M;1N;7;45;26;17;17;17;17;17;18;17;18;48;86;67;58;59;58;59;58;59;58;59;38;76;57;48;48;48;48;48;49;48;49;79;117;98;89;90;89;90;89;90;89;90;19;0Q;0S;0I;0I;0H;66;0X;;;;45;26;28;18;18;17;222;33;;;;76;57;59;49;49;48;253;64;;;;0;0
84;MGLOJ00101;&;38;1C2F292E2H2C1M1N1O1M1N;OvpuxsYZ[YZ;1A14191C170J0I0I0H630L0;MGLOJ2110ú4;23;M;G;L;O;J;0;0;1;0;1;22;16;21;24;19;0;0;1;0;1;77;71;76;79;74;48;48;49;48;49;07;1A;14;19;1C;17;0H;0H;0I;0H;0I;1C;2F;29;2E;2H;2C;1M;1N;1O;1M;1N;7;46;40;45;48;43;17;17;18;17;18;48;87;81;86;89;84;58;59;60;58;59;38;77;71;76;79;74;48;48;49;48;49;79;118;112;117;120;115;89;90;91;89;90;1A;14;19;1C;17;0J;0I;0I;0H;63;0L;46;40;45;48;43;19;18;18;17;219;21;77;71;76;79;74;50;49;49;48;250;52;0;0
85;R300000101;&;38;1C2K1P1M1N1M1N1M1N1M1N;O{\YZYZYZYZ;1F0K0S0I0I0H660X0;"R3;110ý@";17;R;3;0;0;0;0;0;1;0;1;27;3;0;0;0;0;0;1;0;1;82;51;48;48;48;48;48;49;48;49;07;1F;0K;0H;0H;0H;0H;0H;0I;0H;0I;1C;2K;1P;1M;1N;1M;1N;1M;1N;1M;1N;7;51;20;17;17;17;17;17;18;17;18;48;92;61;58;59;58;59;58;59;58;59;38;82;51;48;48;48;48;48;49;48;49;79;123;92;89;90;89;90;89;90;89;90;1F;0K;0S;0I;0I;0H;66;0X;;;;51;20;28;18;18;17;222;33;;;;82;51;59;49;49;48;253;64;;;;0;0
86;S200000101;&;38;1C2L1O1M1N1M1N1M1N1M1N;O|[YZYZYZYZ;1G0J0S0I0I0H660X0;"S2;110ý@";17;S;2;0;0;0;0;0;1;0;1;28;2;0;0;0;0;0;1;0;1;83;50;48;48;48;48;48;49;48;49;07;1G;0J;0H;0H;0H;0H;0H;0I;0H;0I;1C;2L;1O;1M;1N;1M;1N;1M;1N;1M;1N;7;52;19;17;17;17;17;17;18;17;18;48;93;60;58;59;58;59;58;59;58;59;38;83;50;48;48;48;48;48;49;48;49;79;124;91;89;90;89;90;89;90;89;90;1G;0J;0S;0I;0I;0H;66;0X;;;;52;19;28;18;18;17;222;33;;;;83;50;59;49;49;48;253;64;;;;0;0
87;T100000101;&;38;1C2M1N1M1N1M1N1M1N1M1N;O}ZYZYZYZYZ;1H0I0S0I0I0H660X0;"T1;110ý@";17;T;1;0;0;0;0;0;1;0;1;29;1;0;0;0;0;0;1;0;1;84;49;48;48;48;48;48;49;48;49;07;1H;0I;0H;0H;0H;0H;0H;0I;0H;0I;1C;2M;1N;1M;1N;1M;1N;1M;1N;1M;1N;7;53;18;17;17;17;17;17;18;17;18;48;94;59;58;59;58;59;58;59;58;59;38;84;49;48;48;48;48;48;49;48;49;79;125;90;89;90;89;90;89;90;89;90;1H;0I;0S;0I;0I;0H;66;0X;;;;53;18;28;18;18;17;222;33;;;;84;49;59;49;49;48;253;64;;;;0;0
88;UI8YJ00101;&;38;1C2N2B1U2R2C1M1N1O1M1N;O~ra‚sYZ[YZ;1I160P1M170J0I0I0H630L0;UI8YJ2110ú4;23;U;I;8;Y;J;0;0;1;0;1;30;18;8;34;19;0;0;1;0;1;85;73;56;89;74;48;48;49;48;49;07;1I;16;0P;1M;17;0H;0H;0I;0H;0I;1C;2N;2B;1U;2R;2C;1M;1N;1O;1M;1N;7;54;42;25;58;43;17;17;18;17;18;48;95;83;66;99;84;58;59;60;58;59;38;85;73;56;89;74;48;48;49;48;49;79;126;114;97;130;115;89;90;91;89;90;1I;16;0P;1M;17;0J;0I;0I;0H;63;0L;54;42;25;58;43;19;18;18;17;219;21;85;73;56;89;74;50;49;49;48;250;52;0;0
89;W7SNJ00101;&;38;1C2P1T2L2G2C1M1N1O1M1N;O€`|wsYZ[YZ;1K0O1G1B170J0I0I0H630L0;W7SNJ2110ú4;23;W;7;S;N;J;0;0;1;0;1;32;7;28;23;19;0;0;1;0;1;87;55;83;78;74;48;48;49;48;49;07;1K;0O;1G;1B;17;0H;0H;0I;0H;0I;1C;2P;1T;2L;2G;2C;1M;1N;1O;1M;1N;7;56;24;52;47;43;17;17;18;17;18;48;97;65;93;88;84;58;59;60;58;59;38;87;55;83;78;74;48;48;49;48;49;79;128;96;124;119;115;89;90;91;89;90;1K;0O;1G;1B;17;0J;0I;0I;0H;63;0L;56;24;52;47;43;19;18;18;17;219;21;87;55;83;78;74;50;49;49;48;250;52;0;0
90;Z6KTJ00101;&;38;1C2S1S2D2M2C1M1N1O1M1N;O_t}sYZ[YZ;1N0N181H170J0I0I0H630L0;Z6KTJ2110ú4;23;Z;6;K;T;J;0;0;1;0;1;35;6;20;29;19;0;0;1;0;1;90;54;75;84;74;48;48;49;48;49;07;1N;0N;18;1H;17;0H;0H;0I;0H;0I;1C;2S;1S;2D;2M;2C;1M;1N;1O;1M;1N;7;59;23;44;53;43;17;17;18;17;18;48;100;64;85;94;84;58;59;60;58;59;38;90;54;75;84;74;48;48;49;48;49;79;131;95;116;125;115;89;90;91;89;90;1N;0N;18;1H;17;0J;0I;0I;0H;63;0L;59;23;44;53;43;19;18;18;17;219;21;90;54;75;84;74;50;49;49;48;250;52;0;0
91;1AD0000101;;;1E1O24271N1O1N1O1P1N1O;Q[knZ[Z[\Z[;0I0Y11260I0H0I652A;1ADm101üq;18;1;A;D;0;0;0;0;1;0;1;1;10;13;0;0;0;0;1;0;1;49;65;68;48;48;48;48;49;48;49;08;0I;0Y;11;0H;0H;0H;0H;0I;0H;0I;1E;1O;24;27;1N;1O;1N;1O;1P;1N;1O;8;18;34;37;17;17;17;17;18;17;18;50;60;76;79;59;60;59;60;61;59;60;39;49;65;68;48;48;48;48;49;48;49;81;91;107;110;90;91;90;91;92;90;91;0I;0Y;11;26;0I;0H;0I;65;2A;;;18;34;37;78;18;17;18;221;82;;;49;65;68;109;49;48;49;252;113;;;0;
92;1BC0000101;;;1E1O25261N1O1N1O1P1N1O;Q[lmZ[Z[\Z[;0I0Z10260I0H0I652A;1BCm101üq;18;1;B;C;0;0;0;0;1;0;1;1;11;12;0;0;0;0;1;0;1;49;66;67;48;48;48;48;49;48;49;08;0I;0Z;10;0H;0H;0H;0H;0I;0H;0I;1E;1O;25;26;1N;1O;1N;1O;1P;1N;1O;8;18;35;36;17;17;17;17;18;17;18;50;60;77;78;59;60;59;60;61;59;60;39;49;66;67;48;48;48;48;49;48;49;81;91;108;109;90;91;90;91;92;90;91;0I;0Z;10;26;0I;0H;0I;65;2A;;;18;35;36;78;18;17;18;221;82;;;49;66;67;109;49;48;49;252;113;;;0;
93;1CB0000101;;;1E1O26251N1O1N1O1P1N1O;Q[mlZ[Z[\Z[;0I100Z260I0H0I652A;1CBm101üq;18;1;C;B;0;0;0;0;1;0;1;1;12;11;0;0;0;0;1;0;1;49;67;66;48;48;48;48;49;48;49;08;0I;10;0Z;0H;0H;0H;0H;0I;0H;0I;1E;1O;26;25;1N;1O;1N;1O;1P;1N;1O;8;18;36;35;17;17;17;17;18;17;18;50;60;78;77;59;60;59;60;61;59;60;39;49;67;66;48;48;48;48;49;48;49;81;91;109;108;90;91;90;91;92;90;91;0I;10;0Z;26;0I;0H;0I;65;2A;;;18;36;35;78;18;17;18;221;82;;;49;67;66;109;49;48;49;252;113;;;0;
94;1DA0000101;;;1E1O27241N1O1N1O1P1N1O;Q[nkZ[Z[\Z[;0I110Y260I0H0I652A;1DAm101üq;18;1;D;A;0;0;0;0;1;0;1;1;13;10;0;0;0;0;1;0;1;49;68;65;48;48;48;48;49;48;49;08;0I;11;0Y;0H;0H;0H;0H;0I;0H;0I;1E;1O;27;24;1N;1O;1N;1O;1P;1N;1O;8;18;37;34;17;17;17;17;18;17;18;50;60;79;76;59;60;59;60;61;59;60;39;49;68;65;48;48;48;48;49;48;49;81;91;110;107;90;91;90;91;92;90;91;0I;11;0Y;26;0I;0H;0I;65;2A;;;18;37;34;78;18;17;18;221;82;;;49;68;65;109;49;48;49;252;113;;;0;
95;1L90000101;;;1E1O2F1W1N1O1N1O1P1N1O;Q[vcZ[Z[\Z[;0I190Q260I0H0I652A;1L9m101üq;18;1;L;9;0;0;0;0;1;0;1;1;21;9;0;0;0;0;1;0;1;49;76;57;48;48;48;48;49;48;49;08;0I;19;0Q;0H;0H;0H;0H;0I;0H;0I;1E;1O;2F;1W;1N;1O;1N;1O;1P;1N;1O;8;18;45;26;17;17;17;17;18;17;18;50;60;87;68;59;60;59;60;61;59;60;39;49;76;57;48;48;48;48;49;48;49;81;91;118;99;90;91;90;91;92;90;91;0I;19;0Q;26;0I;0H;0I;65;2A;;;18;45;26;78;18;17;18;221;82;;;49;76;57;109;49;48;49;252;113;;;0;
96;1N70000101;;;1E1O2H1U1N1O1N1O1P1N1O;Q[xaZ[Z[\Z[;0I1B0O260I0H0I652A;1N7m101üq;18;1;N;7;0;0;0;0;1;0;1;1;23;7;0;0;0;0;1;0;1;49;78;55;48;48;48;48;49;48;49;08;0I;1B;0O;0H;0H;0H;0H;0I;0H;0I;1E;1O;2H;1U;1N;1O;1N;1O;1P;1N;1O;8;18;47;24;17;17;17;17;18;17;18;50;60;89;66;59;60;59;60;61;59;60;39;49;78;55;48;48;48;48;49;48;49;81;91;120;97;90;91;90;91;92;90;91;0I;1B;0O;26;0I;0H;0I;65;2A;;;18;47;24;78;18;17;18;221;82;;;49;78;55;109;49;48;49;252;113;;;0;
97;1S20000101;;;1E1O2M1P1N1O1N1O1P1N1O;Q[}\Z[Z[\Z[;0I1G0J260I0H0I652A;1S2m101üq;18;1;S;2;0;0;0;0;1;0;1;1;28;2;0;0;0;0;1;0;1;49;83;50;48;48;48;48;49;48;49;08;0I;1G;0J;0H;0H;0H;0H;0I;0H;0I;1E;1O;2M;1P;1N;1O;1N;1O;1P;1N;1O;8;18;52;19;17;17;17;17;18;17;18;50;60;94;61;59;60;59;60;61;59;60;39;49;83;50;48;48;48;48;49;48;49;81;91;125;92;90;91;90;91;92;90;91;0I;1G;0J;26;0I;0H;0I;65;2A;;;18;52;19;78;18;17;18;221;82;;;49;83;50;109;49;48;49;252;113;;;0;
98;1T10000101;;;1E1O2N1O1N1O1N1O1P1N1O;Q[~[Z[Z[\Z[;0I1H0I260I0H0I652A;1T1m101üq;18;1;T;1;0;0;0;0;1;0;1;1;29;1;0;0;0;0;1;0;1;49;84;49;48;48;48;48;49;48;49;08;0I;1H;0I;0H;0H;0H;0H;0I;0H;0I;1E;1O;2N;1O;1N;1O;1N;1O;1P;1N;1O;8;18;53;18;17;17;17;17;18;17;18;50;60;95;60;59;60;59;60;61;59;60;39;49;84;49;48;48;48;48;49;48;49;81;91;126;91;90;91;90;91;92;90;91;0I;1H;0I;26;0I;0H;0I;65;2A;;;18;53;18;78;18;17;18;221;82;;;49;84;49;109;49;48;49;252;113;;;0;
99;2T00000101;;;1E1P2N1N1O1N1O1N1O1N1O;Q\~Z[Z[Z[Z[;0J1H0T0I0H0I660Y0;2T<101ýA;17;2;T;0;0;0;0;0;1;0;1;2;29;0;0;0;0;0;1;0;1;50;84;48;48;48;48;48;49;48;49;08;0J;1H;0H;0H;0H;0H;0H;0I;0H;0I;1E;1P;2N;1N;1O;1N;1O;1N;1O;1N;1O;8;19;53;17;17;17;17;17;18;17;18;50;61;95;59;60;59;60;59;60;59;60;39;50;84;48;48;48;48;48;49;48;49;81;92;126;90;91;90;91;90;91;90;91;0J;1H;0T;0I;0H;0I;66;0Y;;;;19;53;29;18;17;18;222;34;;;;50;84;60;49;48;49;253;65;;;;0;0
100;3M60000101;;;1E1Q2G1T1N1O1N1O1P1N1O;Q]w`Z[Z[\Z[;0K1A0N260I0H0I652A;3M6m101üq;18;3;M;6;0;0;0;0;1;0;1;3;22;6;0;0;0;0;1;0;1;51;77;54;48;48;48;48;49;48;49;08;0K;1A;0N;0H;0H;0H;0H;0I;0H;0I;1E;1Q;2G;1T;1N;1O;1N;1O;1P;1N;1O;8;20;46;23;17;17;17;17;18;17;18;50;62;88;65;59;60;59;60;61;59;60;39;51;77;54;48;48;48;48;49;48;49;81;93;119;96;90;91;90;91;92;90;91;0K;1A;0N;26;0I;0H;0I;65;2A;;;20;46;23;78;18;17;18;221;82;;;51;77;54;109;49;48;49;252;113;;;0;
101;BXDRJ00101;;;1E252R272L2D1N1O1P1N1O;Ql‚n|tZ[\Z[;0Z1L111F170K0I0H0I630M0;BXDRJ3101ú5;23;B;X;D;R;J;0;0;1;0;1;11;33;13;27;19;0;0;1;0;1;66;88;68;82;74;48;48;49;48;49;08;0Z;1L;11;1F;17;0H;0H;0I;0H;0I;1E;25;2R;27;2L;2D;1N;1O;1P;1N;1O;8;35;57;37;51;43;17;17;18;17;18;50;77;99;79;93;85;59;60;61;59;60;39;66;88;68;82;74;48;48;49;48;49;81;108;130;110;124;116;90;91;92;90;91;0Z;1L;11;1F;17;0K;0I;0H;0I;63;0M;35;57;37;51;43;20;18;17;18;219;22;66;88;68;82;74;51;49;48;49;250;53;0;0
102;N800000101;;;1E2H1V1N1O1N1O1N1O1N1O;QxbZ[Z[Z[Z[;1B0P0T0I0H0I660Y0;N8<101ýA;17;N;8;0;0;0;0;0;1;0;1;23;8;0;0;0;0;0;1;0;1;78;56;48;48;48;48;48;49;48;49;08;1B;0P;0H;0H;0H;0H;0H;0I;0H;0I;1E;2H;1V;1N;1O;1N;1O;1N;1O;1N;1O;8;47;25;17;17;17;17;17;18;17;18;50;89;67;59;60;59;60;59;60;59;60;39;78;56;48;48;48;48;48;49;48;49;81;120;98;90;91;90;91;90;91;90;91;1B;0P;0T;0I;0H;0I;66;0Y;;;;47;25;29;18;17;18;222;34;;;;78;56;60;49;48;49;253;65;;;;0;0
103;NGLOJ00101;;;1E2H2A2F2I2D1N1O1P1N1O;QxqvytZ[\Z[;1B14191C170K0I0H0I630M0;NGLOJ3101ú5;23;N;G;L;O;J;0;0;1;0;1;23;16;21;24;19;0;0;1;0;1;78;71;76;79;74;48;48;49;48;49;08;1B;14;19;1C;17;0H;0H;0I;0H;0I;1E;2H;2A;2F;2I;2D;1N;1O;1P;1N;1O;8;47;40;45;48;43;17;17;18;17;18;50;89;82;87;90;85;59;60;61;59;60;39;78;71;76;79;74;48;48;49;48;49;81;120;113;118;121;116;90;91;92;90;91;1B;14;19;1C;17;0K;0I;0H;0I;63;0M;47;40;45;48;43;20;18;17;18;219;22;78;71;76;79;74;51;49;48;49;250;53;0;0
104;R3YRJ00101;;;1E2L1Q2S2L2D1N1O1P1N1O;Q|]|tZ[\Z[;1F0K1M1F170K0I0H0I630M0;R3YRJ3101ú5;23;R;3;Y;R;J;0;0;1;0;1;27;3;34;27;19;0;0;1;0;1;82;51;89;82;74;48;48;49;48;49;08;1F;0K;1M;1F;17;0H;0H;0I;0H;0I;1E;2L;1Q;2S;2L;2D;1N;1O;1P;1N;1O;8;51;20;58;51;43;17;17;18;17;18;50;93;62;100;93;85;59;60;61;59;60;39;82;51;89;82;74;48;48;49;48;49;81;124;93;131;124;116;90;91;92;90;91;1F;0K;1M;1F;17;0K;0I;0H;0I;63;0M;51;20;58;51;43;20;18;17;18;219;22;82;51;89;82;74;51;49;48;49;250;53;0;0
105;U100000101;;;1E2O1O1N1O1N1O1N1O1N1O;Q[Z[Z[Z[Z[;1I0I0T0I0H0I660Y0;U1<101ýA;17;U;1;0;0;0;0;0;1;0;1;30;1;0;0;0;0;0;1;0;1;85;49;48;48;48;48;48;49;48;49;08;1I;0I;0H;0H;0H;0H;0H;0I;0H;0I;1E;2O;1O;1N;1O;1N;1O;1N;1O;1N;1O;8;54;18;17;17;17;17;17;18;17;18;50;96;60;59;60;59;60;59;60;59;60;39;85;49;48;48;48;48;48;49;48;49;81;127;91;90;91;90;91;90;91;90;91;1I;0I;0T;0I;0H;0I;66;0Y;;;;54;18;29;18;17;18;222;34;;;;85;49;60;49;48;49;253;65;;;;0;0
106;VI8YJ00101;;;1E2P2C1V2S2D1N1O1P1N1O;Q€sbtZ[\Z[;1J160P1M170K0I0H0I630M0;VI8YJ3101ú5;23;V;I;8;Y;J;0;0;1;0;1;31;18;8;34;19;0;0;1;0;1;86;73;56;89;74;48;48;49;48;49;08;1J;16;0P;1M;17;0H;0H;0I;0H;0I;1E;2P;2C;1V;2S;2D;1N;1O;1P;1N;1O;8;55;42;25;58;43;17;17;18;17;18;50;97;84;67;100;85;59;60;61;59;60;39;86;73;56;89;74;48;48;49;48;49;81;128;115;98;131;116;90;91;92;90;91;1J;16;0P;1M;17;0K;0I;0H;0I;63;0M;55;42;25;58;43;20;18;17;18;219;22;86;73;56;89;74;51;49;48;49;250;53;0;0
107;1BD0000101;(;40;1G1P26281O1P1O1P1Q1O1P;S\mo[\[\][\;0I0Z11270I0I0H652B;1BDn110ür;18;1;B;D;0;0;0;0;1;0;1;1;11;13;0;0;0;0;1;0;1;49;66;68;48;48;48;48;49;48;49;09;0I;0Z;11;0H;0H;0H;0H;0I;0H;0I;1G;1P;26;28;1O;1P;1O;1P;1Q;1O;1P;9;18;35;37;17;17;17;17;18;17;18;52;61;78;80;60;61;60;61;62;60;61;40;49;66;68;48;48;48;48;49;48;49;83;92;109;111;91;92;91;92;93;91;92;0I;0Z;11;27;0I;0I;0H;65;2B;;;18;35;37;79;18;18;17;221;83;;;49;66;68;110;49;49;48;252;114;;;0;
108;1CC0000101;(;40;1G1P27281O1P1O1P1Q1O1P;S\no[\[\][\;0I1010270I0I0H652B;1CCn110ür;18;1;C;C;0;0;0;0;1;0;1;1;12;12;0;0;0;0;1;0;1;49;67;67;48;48;48;48;49;48;49;09;0I;10;10;0H;0H;0H;0H;0I;0H;0I;1G;1P;27;28;1O;1P;1O;1P;1Q;1O;1P;9;18;36;36;17;17;17;17;18;17;18;52;61;79;80;60;61;60;61;62;60;61;40;49;67;67;48;48;48;48;49;48;49;83;92;110;111;91;92;91;92;93;91;92;0I;10;10;27;0I;0I;0H;65;2B;;;18;36;36;79;18;18;17;221;83;;;49;67;67;110;49;49;48;252;114;;;0;
109;1DB0000101;(;40;1G1P28261O1P1O1P1Q1O1P;S\om[\[\][\;0I110Z270I0I0H652B;1DBn110ür;18;1;D;B;0;0;0;0;1;0;1;1;13;11;0;0;0;0;1;0;1;49;68;66;48;48;48;48;49;48;49;09;0I;11;0Z;0H;0H;0H;0H;0I;0H;0I;1G;1P;28;26;1O;1P;1O;1P;1Q;1O;1P;9;18;37;35;17;17;17;17;18;17;18;52;61;80;78;60;61;60;61;62;60;61;40;49;68;66;48;48;48;48;49;48;49;83;92;111;109;91;92;91;92;93;91;92;0I;11;0Z;27;0I;0I;0H;65;2B;;;18;37;35;79;18;18;17;221;83;;;49;68;66;110;49;49;48;252;114;;;0;
110;1EA0000101;(;40;1G1P29251O1P1O1P1Q1O1P;S\pl[\[\][\;0I120Y270I0I0H652B;1EAn110ür;18;1;E;A;0;0;0;0;1;0;1;1;14;10;0;0;0;0;1;0;1;49;69;65;48;48;48;48;49;48;49;09;0I;12;0Y;0H;0H;0H;0H;0I;0H;0I;1G;1P;29;25;1O;1P;1O;1P;1Q;1O;1P;9;18;38;34;17;17;17;17;18;17;18;52;61;81;77;60;61;60;61;62;60;61;40;49;69;65;48;48;48;48;49;48;49;83;92;112;108;91;92;91;92;93;91;92;0I;12;0Y;27;0I;0I;0H;65;2B;;;18;38;34;79;18;18;17;221;83;;;49;69;65;110;49;49;48;252;114;;;0;
111;1O70000101;(;40;1G1P2J1V1O1P1O1P1Q1O1P;S\zb[\[\][\;0I1C0O270I0I0H652B;1O7n110ür;18;1;O;7;0;0;0;0;1;0;1;1;24;7;0;0;0;0;1;0;1;49;79;55;48;48;48;48;49;48;49;09;0I;1C;0O;0H;0H;0H;0H;0I;0H;0I;1G;1P;2J;1V;1O;1P;1O;1P;1Q;1O;1P;9;18;48;24;17;17;17;17;18;17;18;52;61;91;67;60;61;60;61;62;60;61;40;49;79;55;48;48;48;48;49;48;49;83;92;122;98;91;92;91;92;93;91;92;0I;1C;0O;27;0I;0I;0H;65;2B;;;18;48;24;79;18;18;17;221;83;;;49;79;55;110;49;49;48;252;114;;;0;
112;1P60000101;(;40;1G1P2K1U1O1P1O1P1Q1O1P;S\{a[\[\][\;0I1D0N270I0I0H652B;1P6n110ür;18;1;P;6;0;0;0;0;1;0;1;1;25;6;0;0;0;0;1;0;1;49;80;54;48;48;48;48;49;48;49;09;0I;1D;0N;0H;0H;0H;0H;0I;0H;0I;1G;1P;2K;1U;1O;1P;1O;1P;1Q;1O;1P;9;18;49;23;17;17;17;17;18;17;18;52;61;92;66;60;61;60;61;62;60;61;40;49;80;54;48;48;48;48;49;48;49;83;92;123;97;91;92;91;92;93;91;92;0I;1D;0N;27;0I;0I;0H;65;2B;;;18;49;23;79;18;18;17;221;83;;;49;80;54;110;49;49;48;252;114;;;0;
113;1Q50000101;(;40;1G1P2L1T1O1P1O1P1Q1O1P;S\|`[\[\][\;0I1E0M270I0I0H652B;1Q5n110ür;18;1;Q;5;0;0;0;0;1;0;1;1;26;5;0;0;0;0;1;0;1;49;81;53;48;48;48;48;49;48;49;09;0I;1E;0M;0H;0H;0H;0H;0I;0H;0I;1G;1P;2L;1T;1O;1P;1O;1P;1Q;1O;1P;9;18;50;22;17;17;17;17;18;17;18;52;61;93;65;60;61;60;61;62;60;61;40;49;81;53;48;48;48;48;49;48;49;83;92;124;96;91;92;91;92;93;91;92;0I;1E;0M;27;0I;0I;0H;65;2B;;;18;50;22;79;18;18;17;221;83;;;49;81;53;110;49;49;48;252;114;;;0;
114;1S30000101;(;40;1G1P2N1R1O1P1O1P1Q1O1P;S\~^[\[\][\;0I1G0K270I0I0H652B;1S3n110ür;18;1;S;3;0;0;0;0;1;0;1;1;28;3;0;0;0;0;1;0;1;49;83;51;48;48;48;48;49;48;49;09;0I;1G;0K;0H;0H;0H;0H;0I;0H;0I;1G;1P;2N;1R;1O;1P;1O;1P;1Q;1O;1P;9;18;52;20;17;17;17;17;18;17;18;52;61;95;63;60;61;60;61;62;60;61;40;49;83;51;48;48;48;48;49;48;49;83;92;126;94;91;92;91;92;93;91;92;0I;1G;0K;27;0I;0I;0H;65;2B;;;18;52;20;79;18;18;17;221;83;;;49;83;51;110;49;49;48;252;114;;;0;
115;3O50000101;(;40;1G1R2J1T1O1P1O1P1Q1O1P;S^z`[\[\][\;0K1C0M270I0I0H652B;3O5n110ür;18;3;O;5;0;0;0;0;1;0;1;3;24;5;0;0;0;0;1;0;1;51;79;53;48;48;48;48;49;48;49;09;0K;1C;0M;0H;0H;0H;0H;0I;0H;0I;1G;1R;2J;1T;1O;1P;1O;1P;1Q;1O;1P;9;20;48;22;17;17;17;17;18;17;18;52;63;91;65;60;61;60;61;62;60;61;40;51;79;53;48;48;48;48;49;48;49;83;94;122;96;91;92;91;92;93;91;92;0K;1C;0M;27;0I;0I;0H;65;2B;;;20;48;22;79;18;18;17;221;83;;;51;79;53;110;49;49;48;252;114;;;0;
116;6YPRJ00101;(;40;1G1U2T2K2M2E1O1P1Q1O1P;Sa„{}u[\][\;0N1M1D1F170L0I0I0H630N0;6YPRJ4110ú6;23;6;Y;P;R;J;0;0;1;0;1;6;34;25;27;19;0;0;1;0;1;54;89;80;82;74;48;48;49;48;49;09;0N;1M;1D;1F;17;0H;0H;0I;0H;0I;1G;1U;2T;2K;2M;2E;1O;1P;1Q;1O;1P;9;23;58;49;51;43;17;17;18;17;18;52;66;101;92;94;86;60;61;62;60;61;40;54;89;80;82;74;48;48;49;48;49;83;97;132;123;125;117;91;92;93;91;92;0N;1M;1D;1F;17;0L;0I;0I;0H;63;0N;23;58;49;51;43;21;18;18;17;219;23;54;89;80;82;74;52;49;49;48;250;54;0;0
117;8YNRJ00101;(;40;1G1W2T2I2M2E1O1P1Q1O1P;Sc„y}u[\][\;0P1M1B1F170L0I0I0H630N0;8YNRJ4110ú6;23;8;Y;N;R;J;0;0;1;0;1;8;34;23;27;19;0;0;1;0;1;56;89;78;82;74;48;48;49;48;49;09;0P;1M;1B;1F;17;0H;0H;0I;0H;0I;1G;1W;2T;2I;2M;2E;1O;1P;1Q;1O;1P;9;25;58;47;51;43;17;17;18;17;18;52;68;101;90;94;86;60;61;62;60;61;40;56;89;78;82;74;48;48;49;48;49;83;99;132;121;125;117;91;92;93;91;92;0P;1M;1B;1F;17;0L;0I;0I;0H;63;0N;25;58;47;51;43;21;18;18;17;219;23;56;89;78;82;74;52;49;49;48;250;54;0;0
118;CXDRJ00101;(;40;1G272S282M2E1O1P1Q1O1P;Sno}u[\][\;101L111F170L0I0I0H630N0;CXDRJ4110ú6;23;C;X;D;R;J;0;0;1;0;1;12;33;13;27;19;0;0;1;0;1;67;88;68;82;74;48;48;49;48;49;09;10;1L;11;1F;17;0H;0H;0I;0H;0I;1G;27;2S;28;2M;2E;1O;1P;1Q;1O;1P;9;36;57;37;51;43;17;17;18;17;18;52;79;100;80;94;86;60;61;62;60;61;40;67;88;68;82;74;48;48;49;48;49;83;110;131;111;125;117;91;92;93;91;92;10;1L;11;1F;17;0L;0I;0I;0H;63;0N;36;57;37;51;43;21;18;18;17;219;23;67;88;68;82;74;52;49;49;48;250;54;0;0
119;N900000101;(;40;1G2I1X1O1P1O1P1O1P1O1P;Syd[\[\[\[\;1B0Q0U0I0I0H660Z0;N9=110ýB;17;N;9;0;0;0;0;0;1;0;1;23;9;0;0;0;0;0;1;0;1;78;57;48;48;48;48;48;49;48;49;09;1B;0Q;0H;0H;0H;0H;0H;0I;0H;0I;1G;2I;1X;1O;1P;1O;1P;1O;1P;1O;1P;9;47;26;17;17;17;17;17;18;17;18;52;90;69;60;61;60;61;60;61;60;61;40;78;57;48;48;48;48;48;49;48;49;83;121;100;91;92;91;92;91;92;91;92;1B;0Q;0U;0I;0I;0H;66;0Z;;;;47;26;30;18;18;17;222;35;;;;78;57;61;49;49;48;253;66;;;;0;0
120;OGLOJ00101;(;40;1G2J2B2G2J2E1O1P1Q1O1P;Szrwzu[\][\;1C14191C170L0I0I0H630N0;OGLOJ4110ú6;23;O;G;L;O;J;0;0;1;0;1;24;16;21;24;19;0;0;1;0;1;79;71;76;79;74;48;48;49;48;49;09;1C;14;19;1C;17;0H;0H;0I;0H;0I;1G;2J;2B;2G;2J;2E;1O;1P;1Q;1O;1P;9;48;40;45;48;43;17;17;18;17;18;52;91;83;88;91;86;60;61;62;60;61;40;79;71;76;79;74;48;48;49;48;49;83;122;114;119;122;117;91;92;93;91;92;1C;14;19;1C;17;0L;0I;0I;0H;63;0N;48;40;45;48;43;21;18;18;17;219;23;79;71;76;79;74;52;49;49;48;250;54;0;0
121;PDQLJ00101;(;40;1G2K282L2G2E1O1P1Q1O1P;S{o|wu[\][\;1D111E19170L0I0I0H630N0;PDQLJ4110ú6;23;P;D;Q;L;J;0;0;1;0;1;25;13;26;21;19;0;0;1;0;1;80;68;81;76;74;48;48;49;48;49;09;1D;11;1E;19;17;0H;0H;0I;0H;0I;1G;2K;28;2L;2G;2E;1O;1P;1Q;1O;1P;9;49;37;50;45;43;17;17;18;17;18;52;92;80;93;88;86;60;61;62;60;61;40;80;68;81;76;74;48;48;49;48;49;83;123;111;124;119;117;91;92;93;91;92;1D;11;1E;19;17;0L;0I;0I;0H;63;0N;49;37;50;45;43;21;18;18;17;219;23;80;68;81;76;74;52;49;49;48;250;54;0;0
122;S3YRJ00101;(;40;1G2N1R2T2M2E1O1P1Q1O1P;S~^„}u[\][\;1G0K1M1F170L0I0I0H630N0;S3YRJ4110ú6;23;S;3;Y;R;J;0;0;1;0;1;28;3;34;27;19;0;0;1;0;1;83;51;89;82;74;48;48;49;48;49;09;1G;0K;1M;1F;17;0H;0H;0I;0H;0I;1G;2N;1R;2T;2M;2E;1O;1P;1Q;1O;1P;9;52;20;58;51;43;17;17;18;17;18;52;95;63;101;94;86;60;61;62;60;61;40;83;51;89;82;74;48;48;49;48;49;83;126;94;132;125;117;91;92;93;91;92;1G;0K;1M;1F;17;0L;0I;0I;0H;63;0N;52;20;58;51;43;21;18;18;17;219;23;83;51;89;82;74;52;49;49;48;250;54;0;0
123;SFLLJ00101;(;40;1G2N2A2G2H2E1O1P1Q1O1P;S~qwxu[\][\;1G131919170L0I0I0H630N0;SFLLJ4110ú6;23;S;F;L;L;J;0;0;1;0;1;28;15;21;21;19;0;0;1;0;1;83;70;76;76;74;48;48;49;48;49;09;1G;13;19;19;17;0H;0H;0I;0H;0I;1G;2N;2A;2G;2H;2E;1O;1P;1Q;1O;1P;9;52;39;45;45;43;17;17;18;17;18;52;95;82;88;89;86;60;61;62;60;61;40;83;70;76;76;74;48;48;49;48;49;83;126;113;119;120;117;91;92;93;91;92;1G;13;19;19;17;0L;0I;0I;0H;63;0N;52;39;45;45;43;21;18;18;17;219;23;83;70;76;76;74;52;49;49;48;250;54;0;0
124;T300000101;(;40;1G2O1R1O1P1O1P1O1P1O1P;S^[\[\[\[\;1H0K0U0I0I0H660Z0;T3=110ýB;17;T;3;0;0;0;0;0;1;0;1;29;3;0;0;0;0;0;1;0;1;84;51;48;48;48;48;48;49;48;49;09;1H;0K;0H;0H;0H;0H;0H;0I;0H;0I;1G;2O;1R;1O;1P;1O;1P;1O;1P;1O;1P;9;53;20;17;17;17;17;17;18;17;18;52;96;63;60;61;60;61;60;61;60;61;40;84;51;48;48;48;48;48;49;48;49;83;127;94;91;92;91;92;91;92;91;92;1H;0K;0U;0I;0I;0H;66;0Z;;;;53;20;30;18;18;17;222;35;;;;84;51;61;49;49;48;253;66;;;;0;0
125;V100000101;(;40;1G2Q1P1O1P1O1P1O1P1O1P;S\[\[\[\[\;1J0I0U0I0I0H660Z0;V1=110ýB;17;V;1;0;0;0;0;0;1;0;1;31;1;0;0;0;0;0;1;0;1;86;49;48;48;48;48;48;49;48;49;09;1J;0I;0H;0H;0H;0H;0H;0I;0H;0I;1G;2Q;1P;1O;1P;1O;1P;1O;1P;1O;1P;9;55;18;17;17;17;17;17;18;17;18;52;98;61;60;61;60;61;60;61;60;61;40;86;49;48;48;48;48;48;49;48;49;83;129;92;91;92;91;92;91;92;91;92;1J;0I;0U;0I;0I;0H;66;0Z;;;;55;18;30;18;18;17;222;35;;;;86;49;61;49;49;48;253;66;;;;0;0
126;WI8YJ00101;(;40;1G2R2D1W2T2E1O1P1Q1O1P;S‚tc„u[\][\;1K160P1M170L0I0I0H630N0;WI8YJ4110ú6;23;W;I;8;Y;J;0;0;1;0;1;32;18;8;34;19;0;0;1;0;1;87;73;56;89;74;48;48;49;48;49;09;1K;16;0P;1M;17;0H;0H;0I;0H;0I;1G;2R;2D;1W;2T;2E;1O;1P;1Q;1O;1P;9;56;42;25;58;43;17;17;18;17;18;52;99;85;68;101;86;60;61;62;60;61;40;87;73;56;89;74;48;48;49;48;49;83;130;116;99;132;117;91;92;93;91;92;1K;16;0P;1M;17;0L;0I;0I;0H;63;0N;56;42;25;58;43;21;18;18;17;219;23;87;73;56;89;74;52;49;49;48;250;54;0;0
127;1DC0000101;);41;1I1Q29281P1Q1P1Q1R1P1Q;U]po\]\]^\];0I1110280I0H0I652C;1DCo101üs;18;1;D;C;0;0;0;0;1;0;1;1;13;12;0;0;0;0;1;0;1;49;68;67;48;48;48;48;49;48;49;0A;0I;11;10;0H;0H;0H;0H;0I;0H;0I;1I;1Q;29;28;1P;1Q;1P;1Q;1R;1P;1Q;10;18;37;36;17;17;17;17;18;17;18;54;62;81;80;61;62;61;62;63;61;62;41;49;68;67;48;48;48;48;49;48;49;85;93;112;111;92;93;92;93;94;92;93;0I;11;10;28;0I;0H;0I;65;2C;;;18;37;36;80;18;17;18;221;84;;;49;68;67;111;49;48;49;252;115;;;0;
128;1EB0000101;);41;1I1Q2A271P1Q1P1Q1R1P1Q;U]qn\]\]^\];0I120Z280I0H0I652C;1EBo101üs;18;1;E;B;0;0;0;0;1;0;1;1;14;11;0;0;0;0;1;0;1;49;69;66;48;48;48;48;49;48;49;0A;0I;12;0Z;0H;0H;0H;0H;0I;0H;0I;1I;1Q;2A;27;1P;1Q;1P;1Q;1R;1P;1Q;10;18;38;35;17;17;17;17;18;17;18;54;62;82;79;61;62;61;62;63;61;62;41;49;69;66;48;48;48;48;49;48;49;85;93;113;110;92;93;92;93;94;92;93;0I;12;0Z;28;0I;0H;0I;65;2C;;;18;38;35;80;18;17;18;221;84;;;49;69;66;111;49;48;49;252;115;;;0;
129;1FA0000101;);41;1I1Q2B261P1Q1P1Q1R1P1Q;U]rm\]\]^\];0I130Y280I0H0I652C;1FAo101üs;18;1;F;A;0;0;0;0;1;0;1;1;15;10;0;0;0;0;1;0;1;49;70;65;48;48;48;48;49;48;49;0A;0I;13;0Y;0H;0H;0H;0H;0I;0H;0I;1I;1Q;2B;26;1P;1Q;1P;1Q;1R;1P;1Q;10;18;39;34;17;17;17;17;18;17;18;54;62;83;78;61;62;61;62;63;61;62;41;49;70;65;48;48;48;48;49;48;49;85;93;114;109;92;93;92;93;94;92;93;0I;13;0Y;28;0I;0H;0I;65;2C;;;18;39;34;80;18;17;18;221;84;;;49;70;65;111;49;48;49;252;115;;;0;
130;1N90000101;);41;1I1Q2J1Y1P1Q1P1Q1R1P1Q;U]ze\]\]^\];0I1B0Q280I0H0I652C;1N9o101üs;18;1;N;9;0;0;0;0;1;0;1;1;23;9;0;0;0;0;1;0;1;49;78;57;48;48;48;48;49;48;49;0A;0I;1B;0Q;0H;0H;0H;0H;0I;0H;0I;1I;1Q;2J;1Y;1P;1Q;1P;1Q;1R;1P;1Q;10;18;47;26;17;17;17;17;18;17;18;54;62;91;70;61;62;61;62;63;61;62;41;49;78;57;48;48;48;48;49;48;49;85;93;122;101;92;93;92;93;94;92;93;0I;1B;0Q;28;0I;0H;0I;65;2C;;;18;47;26;80;18;17;18;221;84;;;49;78;57;111;49;48;49;252;115;;;0;
131;1P70000101;);41;1I1Q2L1W1P1Q1P1Q1R1P1Q;U]|c\]\]^\];0I1D0O280I0H0I652C;1P7o101üs;18;1;P;7;0;0;0;0;1;0;1;1;25;7;0;0;0;0;1;0;1;49;80;55;48;48;48;48;49;48;49;0A;0I;1D;0O;0H;0H;0H;0H;0I;0H;0I;1I;1Q;2L;1W;1P;1Q;1P;1Q;1R;1P;1Q;10;18;49;24;17;17;17;17;18;17;18;54;62;93;68;61;62;61;62;63;61;62;41;49;80;55;48;48;48;48;49;48;49;85;93;124;99;92;93;92;93;94;92;93;0I;1D;0O;28;0I;0H;0I;65;2C;;;18;49;24;80;18;17;18;221;84;;;49;80;55;111;49;48;49;252;115;;;0;
132;1Q60000101;);41;1I1Q2M1V1P1Q1P1Q1R1P1Q;U]}b\]\]^\];0I1E0N280I0H0I652C;1Q6o101üs;18;1;Q;6;0;0;0;0;1;0;1;1;26;6;0;0;0;0;1;0;1;49;81;54;48;48;48;48;49;48;49;0A;0I;1E;0N;0H;0H;0H;0H;0I;0H;0I;1I;1Q;2M;1V;1P;1Q;1P;1Q;1R;1P;1Q;10;18;50;23;17;17;17;17;18;17;18;54;62;94;67;61;62;61;62;63;61;62;41;49;81;54;48;48;48;48;49;48;49;85;93;125;98;92;93;92;93;94;92;93;0I;1E;0N;28;0I;0H;0I;65;2C;;;18;50;23;80;18;17;18;221;84;;;49;81;54;111;49;48;49;252;115;;;0;
133;1R50000101;);41;1I1Q2N1U1P1Q1P1Q1R1P1Q;U]~a\]\]^\];0I1F0M280I0H0I652C;1R5o101üs;18;1;R;5;0;0;0;0;1;0;1;1;27;5;0;0;0;0;1;0;1;49;82;53;48;48;48;48;49;48;49;0A;0I;1F;0M;0H;0H;0H;0H;0I;0H;0I;1I;1Q;2N;1U;1P;1Q;1P;1Q;1R;1P;1Q;10;18;51;22;17;17;17;17;18;17;18;54;62;95;66;61;62;61;62;63;61;62;41;49;82;53;48;48;48;48;49;48;49;85;93;126;97;92;93;92;93;94;92;93;0I;1F;0M;28;0I;0H;0I;65;2C;;;18;51;22;80;18;17;18;221;84;;;49;82;53;111;49;48;49;252;115;;;0;
134;1U20000101;);41;1I1Q2Q1R1P1Q1P1Q1R1P1Q;U]^\]\]^\];0I1I0J280I0H0I652C;1U2o101üs;18;1;U;2;0;0;0;0;1;0;1;1;30;2;0;0;0;0;1;0;1;49;85;50;48;48;48;48;49;48;49;0A;0I;1I;0J;0H;0H;0H;0H;0I;0H;0I;1I;1Q;2Q;1R;1P;1Q;1P;1Q;1R;1P;1Q;10;18;54;19;17;17;17;17;18;17;18;54;62;98;63;61;62;61;62;63;61;62;41;49;85;50;48;48;48;48;49;48;49;85;93;129;94;92;93;92;93;94;92;93;0I;1I;0J;28;0I;0H;0I;65;2C;;;18;54;19;80;18;17;18;221;84;;;49;85;50;111;49;48;49;252;115;;;0;
135;1W00000101;);41;1I1Q2S1P1Q1P1Q1P1Q1P1Q;U]\]\]\]\];0I1K0V0I0H0I66100;1W>101ýC;17;1;W;0;0;0;0;0;1;0;1;1;32;0;0;0;0;0;1;0;1;49;87;48;48;48;48;48;49;48;49;0A;0I;1K;0H;0H;0H;0H;0H;0I;0H;0I;1I;1Q;2S;1P;1Q;1P;1Q;1P;1Q;1P;1Q;10;18;56;17;17;17;17;17;18;17;18;54;62;100;61;62;61;62;61;62;61;62;41;49;87;48;48;48;48;48;49;48;49;85;93;131;92;93;92;93;92;93;92;93;0I;1K;0V;0I;0H;0I;66;10;;;;18;56;31;18;17;18;222;36;;;;49;87;62;49;48;49;253;67;;;;0;0
136;2BD0000101;);41;1I1R27291P1Q1P1Q1R1P1Q;U^np\]\]^\];0J0Z11280I0H0I652C;2BDo101üs;18;2;B;D;0;0;0;0;1;0;1;2;11;13;0;0;0;0;1;0;1;50;66;68;48;48;48;48;49;48;49;0A;0J;0Z;11;0H;0H;0H;0H;0I;0H;0I;1I;1R;27;29;1P;1Q;1P;1Q;1R;1P;1Q;10;19;35;37;17;17;17;17;18;17;18;54;63;79;81;61;62;61;62;63;61;62;41;50;66;68;48;48;48;48;49;48;49;85;94;110;112;92;93;92;93;94;92;93;0J;0Z;11;28;0I;0H;0I;65;2C;;;19;35;37;80;18;17;18;221;84;;;50;66;68;111;49;48;49;252;115;;;0;
137;2N80000101;);41;1I1R2J1X1P1Q1P1Q1R1P1Q;U^zd\]\]^\];0J1B0P280I0H0I652C;2N8o101üs;18;2;N;8;0;0;0;0;1;0;1;2;23;8;0;0;0;0;1;0;1;50;78;56;48;48;48;48;49;48;49;0A;0J;1B;0P;0H;0H;0H;0H;0I;0H;0I;1I;1R;2J;1X;1P;1Q;1P;1Q;1R;1P;1Q;10;19;47;25;17;17;17;17;18;17;18;54;63;91;69;61;62;61;62;63;61;62;41;50;78;56;48;48;48;48;49;48;49;85;94;122;100;92;93;92;93;94;92;93;0J;1B;0P;28;0I;0H;0I;65;2C;;;19;47;25;80;18;17;18;221;84;;;50;78;56;111;49;48;49;252;115;;;0;
138;2P60000101;);41;1I1R2L1V1P1Q1P1Q1R1P1Q;U^|b\]\]^\];0J1D0N280I0H0I652C;2P6o101üs;18;2;P;6;0;0;0;0;1;0;1;2;25;6;0;0;0;0;1;0;1;50;80;54;48;48;48;48;49;48;49;0A;0J;1D;0N;0H;0H;0H;0H;0I;0H;0I;1I;1R;2L;1V;1P;1Q;1P;1Q;1R;1P;1Q;10;19;49;23;17;17;17;17;18;17;18;54;63;93;67;61;62;61;62;63;61;62;41;50;80;54;48;48;48;48;49;48;49;85;94;124;98;92;93;92;93;94;92;93;0J;1D;0N;28;0I;0H;0I;65;2C;;;19;49;23;80;18;17;18;221;84;;;50;80;54;111;49;48;49;252;115;;;0;
139;2T20000101;);41;1I1R2P1R1P1Q1P1Q1R1P1Q;U^€^\]\]^\];0J1H0J280I0H0I652C;2T2o101üs;18;2;T;2;0;0;0;0;1;0;1;2;29;2;0;0;0;0;1;0;1;50;84;50;48;48;48;48;49;48;49;0A;0J;1H;0J;0H;0H;0H;0H;0I;0H;0I;1I;1R;2P;1R;1P;1Q;1P;1Q;1R;1P;1Q;10;19;53;19;17;17;17;17;18;17;18;54;63;97;63;61;62;61;62;63;61;62;41;50;84;50;48;48;48;48;49;48;49;85;94;128;94;92;93;92;93;94;92;93;0J;1H;0J;28;0I;0H;0I;65;2C;;;19;53;19;80;18;17;18;221;84;;;50;84;50;111;49;48;49;252;115;;;0;
140;4S10000101;);41;1I1T2O1Q1P1Q1P1Q1R1P1Q;U`]\]\]^\];0L1G0I280I0H0I652C;4S1o101üs;18;4;S;1;0;0;0;0;1;0;1;4;28;1;0;0;0;0;1;0;1;52;83;49;48;48;48;48;49;48;49;0A;0L;1G;0I;0H;0H;0H;0H;0I;0H;0I;1I;1T;2O;1Q;1P;1Q;1P;1Q;1R;1P;1Q;10;21;52;18;17;17;17;17;18;17;18;54;65;96;62;61;62;61;62;63;61;62;41;52;83;49;48;48;48;48;49;48;49;85;96;127;93;92;93;92;93;94;92;93;0L;1G;0I;28;0I;0H;0I;65;2C;;;21;52;18;80;18;17;18;221;84;;;52;83;49;111;49;48;49;252;115;;;0;
141;6L60000101;);41;1I1V2H1V1P1Q1P1Q1R1P1Q;Ubxb\]\]^\];0N190N280I0H0I652C;6L6o101üs;18;6;L;6;0;0;0;0;1;0;1;6;21;6;0;0;0;0;1;0;1;54;76;54;48;48;48;48;49;48;49;0A;0N;19;0N;0H;0H;0H;0H;0I;0H;0I;1I;1V;2H;1V;1P;1Q;1P;1Q;1R;1P;1Q;10;23;45;23;17;17;17;17;18;17;18;54;67;89;67;61;62;61;62;63;61;62;41;54;76;54;48;48;48;48;49;48;49;85;98;120;98;92;93;92;93;94;92;93;0N;19;0N;28;0I;0H;0I;65;2C;;;23;45;23;80;18;17;18;221;84;;;54;76;54;111;49;48;49;252;115;;;0;
142;6UOXJ00101;);41;1I1V2Q2K2T2F1P1Q1R1P1Q;Ub{„v\]^\];0N1I1C1L170M0I0H0I630O0;6UOXJ5101ú7;23;6;U;O;X;J;0;0;1;0;1;6;30;24;33;19;0;0;1;0;1;54;85;79;88;74;48;48;49;48;49;0A;0N;1I;1C;1L;17;0H;0H;0I;0H;0I;1I;1V;2Q;2K;2T;2F;1P;1Q;1R;1P;1Q;10;23;54;48;57;43;17;17;18;17;18;54;67;98;92;101;87;61;62;63;61;62;41;54;85;79;88;74;48;48;49;48;49;85;98;129;123;132;118;92;93;94;92;93;0N;1I;1C;1L;17;0M;0I;0H;0I;63;0O;23;54;48;57;43;22;18;17;18;219;24;54;85;79;88;74;53;49;48;49;250;55;0;0
143;9UQSJ00101;);41;1I1Y2Q2M2O2F1P1Q1R1P1Q;Ue}v\]^\];0Q1I1E1G170M0I0H0I630O0;9UQSJ5101ú7;23;9;U;Q;S;J;0;0;1;0;1;9;30;26;28;19;0;0;1;0;1;57;85;81;83;74;48;48;49;48;49;0A;0Q;1I;1E;1G;17;0H;0H;0I;0H;0I;1I;1Y;2Q;2M;2O;2F;1P;1Q;1R;1P;1Q;10;26;54;50;52;43;17;17;18;17;18;54;70;98;94;96;87;61;62;63;61;62;41;57;85;81;83;74;48;48;49;48;49;85;101;129;125;127;118;92;93;94;92;93;0Q;1I;1E;1G;17;0M;0I;0H;0I;63;0O;26;54;50;52;43;22;18;17;18;219;24;57;85;81;83;74;53;49;48;49;250;55;0;0
144;IWEMJ00101;);41;1I2E2S2A2I2F1P1Q1R1P1Q;Uuqyv\]^\];161K121A170M0I0H0I630O0;IWEMJ5101ú7;23;I;W;E;M;J;0;0;1;0;1;18;32;14;22;19;0;0;1;0;1;73;87;69;77;74;48;48;49;48;49;0A;16;1K;12;1A;17;0H;0H;0I;0H;0I;1I;2E;2S;2A;2I;2F;1P;1Q;1R;1P;1Q;10;42;56;38;46;43;17;17;18;17;18;54;86;100;82;90;87;61;62;63;61;62;41;73;87;69;77;74;48;48;49;48;49;85;117;131;113;121;118;92;93;94;92;93;16;1K;12;1A;17;0M;0I;0H;0I;63;0O;42;56;38;46;43;22;18;17;18;219;24;73;87;69;77;74;53;49;48;49;250;55;0;0
145;LHEYJ00101;);41;1I2H2D2A2U2F1P1Q1R1P1Q;Uxtq…v\]^\];1915121M170M0I0H0I630O0;LHEYJ5101ú7;23;L;H;E;Y;J;0;0;1;0;1;21;17;14;34;19;0;0;1;0;1;76;72;69;89;74;48;48;49;48;49;0A;19;15;12;1M;17;0H;0H;0I;0H;0I;1I;2H;2D;2A;2U;2F;1P;1Q;1R;1P;1Q;10;45;41;38;58;43;17;17;18;17;18;54;89;85;82;102;87;61;62;63;61;62;41;76;72;69;89;74;48;48;49;48;49;85;120;116;113;133;118;92;93;94;92;93;19;15;12;1M;17;0M;0I;0H;0I;63;0O;45;41;38;58;43;22;18;17;18;219;24;76;72;69;89;74;53;49;48;49;250;55;0;0
146;OBPQJ00101;);41;1I2K272L2M2F1P1Q1R1P1Q;U{n|}v\]^\];1C0Z1D1E170M0I0H0I630O0;OBPQJ5101ú7;23;O;B;P;Q;J;0;0;1;0;1;24;11;25;26;19;0;0;1;0;1;79;66;80;81;74;48;48;49;48;49;0A;1C;0Z;1D;1E;17;0H;0H;0I;0H;0I;1I;2K;27;2L;2M;2F;1P;1Q;1R;1P;1Q;10;48;35;49;50;43;17;17;18;17;18;54;92;79;93;94;87;61;62;63;61;62;41;79;66;80;81;74;48;48;49;48;49;85;123;110;124;125;118;92;93;94;92;93;1C;0Z;1D;1E;17;0M;0I;0H;0I;63;0O;48;35;49;50;43;22;18;17;18;219;24;79;66;80;81;74;53;49;48;49;250;55;0;0
147;T3YRJ00101;);41;1I2P1S2U2N2F1P1Q1R1P1Q;U€_…~v\]^\];1H0K1M1F170M0I0H0I630O0;T3YRJ5101ú7;23;T;3;Y;R;J;0;0;1;0;1;29;3;34;27;19;0;0;1;0;1;84;51;89;82;74;48;48;49;48;49;0A;1H;0K;1M;1F;17;0H;0H;0I;0H;0I;1I;2P;1S;2U;2N;2F;1P;1Q;1R;1P;1Q;10;53;20;58;51;43;17;17;18;17;18;54;97;64;102;95;87;61;62;63;61;62;41;84;51;89;82;74;48;48;49;48;49;85;128;95;133;126;118;92;93;94;92;93;1H;0K;1M;1F;17;0M;0I;0H;0I;63;0O;53;20;58;51;43;22;18;17;18;219;24;84;51;89;82;74;53;49;48;49;250;55;0;0
148;V200000101;);41;1I2R1R1P1Q1P1Q1P1Q1P1Q;U‚^\]\]\]\];1J0J0V0I0H0I66100;V2>101ýC;17;V;2;0;0;0;0;0;1;0;1;31;2;0;0;0;0;0;1;0;1;86;50;48;48;48;48;48;49;48;49;0A;1J;0J;0H;0H;0H;0H;0H;0I;0H;0I;1I;2R;1R;1P;1Q;1P;1Q;1P;1Q;1P;1Q;10;55;19;17;17;17;17;17;18;17;18;54;99;63;61;62;61;62;61;62;61;62;41;86;50;48;48;48;48;48;49;48;49;85;130;94;92;93;92;93;92;93;92;93;1J;0J;0V;0I;0H;0I;66;10;;;;55;19;31;18;17;18;222;36;;;;86;50;62;49;48;49;253;67;;;;0;0
149;1DD0000101;*;42;1K1R2A2B1Q1R1Q1R1S1Q1R;W^qr]^]^_]^;0I1111290I0I0H652D;1DDp110üt;18;1;D;D;0;0;0;0;1;0;1;1;13;13;0;0;0;0;1;0;1;49;68;68;48;48;48;48;49;48;49;0B;0I;11;11;0H;0H;0H;0H;0I;0H;0I;1K;1R;2A;2B;1Q;1R;1Q;1R;1S;1Q;1R;11;18;37;37;17;17;17;17;18;17;18;56;63;82;83;62;63;62;63;64;62;63;42;49;68;68;48;48;48;48;49;48;49;87;94;113;114;93;94;93;94;95;93;94;0I;11;11;29;0I;0I;0H;65;2D;;;18;37;37;81;18;18;17;221;85;;;49;68;68;112;49;49;48;252;116;;;0;
150;1EC0000101;*;42;1K1R2B291Q1R1Q1R1S1Q1R;W^rp]^]^_]^;0I1210290I0I0H652D;1ECp110üt;18;1;E;C;0;0;0;0;1;0;1;1;14;12;0;0;0;0;1;0;1;49;69;67;48;48;48;48;49;48;49;0B;0I;12;10;0H;0H;0H;0H;0I;0H;0I;1K;1R;2B;29;1Q;1R;1Q;1R;1S;1Q;1R;11;18;38;36;17;17;17;17;18;17;18;56;63;83;81;62;63;62;63;64;62;63;42;49;69;67;48;48;48;48;49;48;49;87;94;114;112;93;94;93;94;95;93;94;0I;12;10;29;0I;0I;0H;65;2D;;;18;38;36;81;18;18;17;221;85;;;49;69;67;112;49;49;48;252;116;;;0;
151;1GA0000101;*;42;1K1R2D271Q1R1Q1R1S1Q1R;W^tn]^]^_]^;0I140Y290I0I0H652D;1GAp110üt;18;1;G;A;0;0;0;0;1;0;1;1;16;10;0;0;0;0;1;0;1;49;71;65;48;48;48;48;49;48;49;0B;0I;14;0Y;0H;0H;0H;0H;0I;0H;0I;1K;1R;2D;27;1Q;1R;1Q;1R;1S;1Q;1R;11;18;40;34;17;17;17;17;18;17;18;56;63;85;79;62;63;62;63;64;62;63;42;49;71;65;48;48;48;48;49;48;49;87;94;116;110;93;94;93;94;95;93;94;0I;14;0Y;29;0I;0I;0H;65;2D;;;18;40;34;81;18;18;17;221;85;;;49;71;65;112;49;49;48;252;116;;;0;
152;1O90000101;*;42;1K1R2L1Z1Q1R1Q1R1S1Q1R;W^|f]^]^_]^;0I1C0Q290I0I0H652D;1O9p110üt;18;1;O;9;0;0;0;0;1;0;1;1;24;9;0;0;0;0;1;0;1;49;79;57;48;48;48;48;49;48;49;0B;0I;1C;0Q;0H;0H;0H;0H;0I;0H;0I;1K;1R;2L;1Z;1Q;1R;1Q;1R;1S;1Q;1R;11;18;48;26;17;17;17;17;18;17;18;56;63;93;71;62;63;62;63;64;62;63;42;49;79;57;48;48;48;48;49;48;49;87;94;124;102;93;94;93;94;95;93;94;0I;1C;0Q;29;0I;0I;0H;65;2D;;;18;48;26;81;18;18;17;221;85;;;49;79;57;112;49;49;48;252;116;;;0;
153;1P80000101;*;42;1K1R2M1Y1Q1R1Q1R1S1Q1R;W^}e]^]^_]^;0I1D0P290I0I0H652D;1P8p110üt;18;1;P;8;0;0;0;0;1;0;1;1;25;8;0;0;0;0;1;0;1;49;80;56;48;48;48;48;49;48;49;0B;0I;1D;0P;0H;0H;0H;0H;0I;0H;0I;1K;1R;2M;1Y;1Q;1R;1Q;1R;1S;1Q;1R;11;18;49;25;17;17;17;17;18;17;18;56;63;94;70;62;63;62;63;64;62;63;42;49;80;56;48;48;48;48;49;48;49;87;94;125;101;93;94;93;94;95;93;94;0I;1D;0P;29;0I;0I;0H;65;2D;;;18;49;25;81;18;18;17;221;85;;;49;80;56;112;49;49;48;252;116;;;0;
154;1Q70000101;*;42;1K1R2N1X1Q1R1Q1R1S1Q1R;W^~d]^]^_]^;0I1E0O290I0I0H652D;1Q7p110üt;18;1;Q;7;0;0;0;0;1;0;1;1;26;7;0;0;0;0;1;0;1;49;81;55;48;48;48;48;49;48;49;0B;0I;1E;0O;0H;0H;0H;0H;0I;0H;0I;1K;1R;2N;1X;1Q;1R;1Q;1R;1S;1Q;1R;11;18;50;24;17;17;17;17;18;17;18;56;63;95;69;62;63;62;63;64;62;63;42;49;81;55;48;48;48;48;49;48;49;87;94;126;100;93;94;93;94;95;93;94;0I;1E;0O;29;0I;0I;0H;65;2D;;;18;50;24;81;18;18;17;221;85;;;49;81;55;112;49;49;48;252;116;;;0;
155;1R60000101;*;42;1K1R2O1W1Q1R1Q1R1S1Q1R;W^c]^]^_]^;0I1F0N290I0I0H652D;1R6p110üt;18;1;R;6;0;0;0;0;1;0;1;1;27;6;0;0;0;0;1;0;1;49;82;54;48;48;48;48;49;48;49;0B;0I;1F;0N;0H;0H;0H;0H;0I;0H;0I;1K;1R;2O;1W;1Q;1R;1Q;1R;1S;1Q;1R;11;18;51;23;17;17;17;17;18;17;18;56;63;96;68;62;63;62;63;64;62;63;42;49;82;54;48;48;48;48;49;48;49;87;94;127;99;93;94;93;94;95;93;94;0I;1F;0N;29;0I;0I;0H;65;2D;;;18;51;23;81;18;18;17;221;85;;;49;82;54;112;49;49;48;252;116;;;0;
156;1S50000101;*;42;1K1R2P1V1Q1R1Q1R1S1Q1R;W^€b]^]^_]^;0I1G0M290I0I0H652D;1S5p110üt;18;1;S;5;0;0;0;0;1;0;1;1;28;5;0;0;0;0;1;0;1;49;83;53;48;48;48;48;49;48;49;0B;0I;1G;0M;0H;0H;0H;0H;0I;0H;0I;1K;1R;2P;1V;1Q;1R;1Q;1R;1S;1Q;1R;11;18;52;22;17;17;17;17;18;17;18;56;63;97;67;62;63;62;63;64;62;63;42;49;83;53;48;48;48;48;49;48;49;87;94;128;98;93;94;93;94;95;93;94;0I;1G;0M;29;0I;0I;0H;65;2D;;;18;52;22;81;18;18;17;221;85;;;49;83;53;112;49;49;48;252;116;;;0;
157;1U30000101;*;42;1K1R2R1T1Q1R1Q1R1S1Q1R;W^‚`]^]^_]^;0I1I0K290I0I0H652D;1U3p110üt;18;1;U;3;0;0;0;0;1;0;1;1;30;3;0;0;0;0;1;0;1;49;85;51;48;48;48;48;49;48;49;0B;0I;1I;0K;0H;0H;0H;0H;0I;0H;0I;1K;1R;2R;1T;1Q;1R;1Q;1R;1S;1Q;1R;11;18;54;20;17;17;17;17;18;17;18;56;63;99;65;62;63;62;63;64;62;63;42;49;85;51;48;48;48;48;49;48;49;87;94;130;96;93;94;93;94;95;93;94;0I;1I;0K;29;0I;0I;0H;65;2D;;;18;54;20;81;18;18;17;221;85;;;49;85;51;112;49;49;48;252;116;;;0;
158;2FA0000101;*;42;1K1S2C271Q1R1Q1R1S1Q1R;W_sn]^]^_]^;0J130Y290I0I0H652D;2FAp110üt;18;2;F;A;0;0;0;0;1;0;1;2;15;10;0;0;0;0;1;0;1;50;70;65;48;48;48;48;49;48;49;0B;0J;13;0Y;0H;0H;0H;0H;0I;0H;0I;1K;1S;2C;27;1Q;1R;1Q;1R;1S;1Q;1R;11;19;39;34;17;17;17;17;18;17;18;56;64;84;79;62;63;62;63;64;62;63;42;50;70;65;48;48;48;48;49;48;49;87;95;115;110;93;94;93;94;95;93;94;0J;13;0Y;29;0I;0I;0H;65;2D;;;19;39;34;81;18;18;17;221;85;;;50;70;65;112;49;49;48;252;116;;;0;
159;2P70000101;*;42;1K1S2M1X1Q1R1Q1R1S1Q1R;W_}d]^]^_]^;0J1D0O290I0I0H652D;2P7p110üt;18;2;P;7;0;0;0;0;1;0;1;2;25;7;0;0;0;0;1;0;1;50;80;55;48;48;48;48;49;48;49;0B;0J;1D;0O;0H;0H;0H;0H;0I;0H;0I;1K;1S;2M;1X;1Q;1R;1Q;1R;1S;1Q;1R;11;19;49;24;17;17;17;17;18;17;18;56;64;94;69;62;63;62;63;64;62;63;42;50;80;55;48;48;48;48;49;48;49;87;95;125;100;93;94;93;94;95;93;94;0J;1D;0O;29;0I;0I;0H;65;2D;;;19;49;24;81;18;18;17;221;85;;;50;80;55;112;49;49;48;252;116;;;0;
160;2V10000101;*;42;1K1S2S1R1Q1R1Q1R1S1Q1R;W_^]^]^_]^;0J1J0I290I0I0H652D;2V1p110üt;18;2;V;1;0;0;0;0;1;0;1;2;31;1;0;0;0;0;1;0;1;50;86;49;48;48;48;48;49;48;49;0B;0J;1J;0I;0H;0H;0H;0H;0I;0H;0I;1K;1S;2S;1R;1Q;1R;1Q;1R;1S;1Q;1R;11;19;55;18;17;17;17;17;18;17;18;56;64;100;63;62;63;62;63;64;62;63;42;50;86;49;48;48;48;48;49;48;49;87;95;131;94;93;94;93;94;95;93;94;0J;1J;0I;29;0I;0I;0H;65;2D;;;19;55;18;81;18;18;17;221;85;;;50;86;49;112;49;49;48;252;116;;;0;
161;5S10000101;*;42;1K1V2P1R1Q1R1Q1R1S1Q1R;Wb€^]^]^_]^;0M1G0I290I0I0H652D;5S1p110üt;18;5;S;1;0;0;0;0;1;0;1;5;28;1;0;0;0;0;1;0;1;53;83;49;48;48;48;48;49;48;49;0B;0M;1G;0I;0H;0H;0H;0H;0I;0H;0I;1K;1V;2P;1R;1Q;1R;1Q;1R;1S;1Q;1R;11;22;52;18;17;17;17;17;18;17;18;56;67;97;63;62;63;62;63;64;62;63;42;53;83;49;48;48;48;48;49;48;49;87;98;128;94;93;94;93;94;95;93;94;0M;1G;0I;29;0I;0I;0H;65;2D;;;22;52;18;81;18;18;17;221;85;;;53;83;49;112;49;49;48;252;116;;;0;
162;U3YRJ00101;*;42;1K2R1T2V2O2G1Q1R1S1Q1R;W‚`†w]^_]^;1I0K1M1F170N0I0I0H630P0;U3YRJ6110ú8;23;U;3;Y;R;J;0;0;1;0;1;30;3;34;27;19;0;0;1;0;1;85;51;89;82;74;48;48;49;48;49;0B;1I;0K;1M;1F;17;0H;0H;0I;0H;0I;1K;2R;1T;2V;2O;2G;1Q;1R;1S;1Q;1R;11;54;20;58;51;43;17;17;18;17;18;56;99;65;103;96;88;62;63;64;62;63;42;85;51;89;82;74;48;48;49;48;49;87;130;96;134;127;119;93;94;95;93;94;1I;0K;1M;1F;17;0N;0I;0I;0H;63;0P;54;20;58;51;43;23;18;18;17;219;25;85;51;89;82;74;54;49;49;48;250;56;0;0
163;U400000101;*;42;1K2R1U1Q1R1Q1R1Q1R1Q1R;W‚a]^]^]^]^;1I0L0W0I0I0H66110;U4?110ýD;17;U;4;0;0;0;0;0;1;0;1;30;4;0;0;0;0;0;1;0;1;85;52;48;48;48;48;48;49;48;49;0B;1I;0L;0H;0H;0H;0H;0H;0I;0H;0I;1K;2R;1U;1Q;1R;1Q;1R;1Q;1R;1Q;1R;11;54;21;17;17;17;17;17;18;17;18;56;99;66;62;63;62;63;62;63;62;63;42;85;52;48;48;48;48;48;49;48;49;87;130;97;93;94;93;94;93;94;93;94;1I;0L;0W;0I;0I;0H;66;11;;;;54;21;32;18;18;17;222;37;;;;85;52;63;49;49;48;253;68;;;;0;0
164;VBLOJ00101;*;42;1K2S282I2L2G1Q1R1S1Q1R;Woy|w]^_]^;1J0Z191C170N0I0I0H630P0;VBLOJ6110ú8;23;V;B;L;O;J;0;0;1;0;1;31;11;21;24;19;0;0;1;0;1;86;66;76;79;74;48;48;49;48;49;0B;1J;0Z;19;1C;17;0H;0H;0I;0H;0I;1K;2S;28;2I;2L;2G;1Q;1R;1S;1Q;1R;11;55;35;45;48;43;17;17;18;17;18;56;100;80;90;93;88;62;63;64;62;63;42;86;66;76;79;74;48;48;49;48;49;87;131;111;121;124;119;93;94;95;93;94;1J;0Z;19;1C;17;0N;0I;0I;0H;63;0P;55;35;45;48;43;23;18;18;17;219;25;86;66;76;79;74;54;49;49;48;250;56;0;0
165;W200000101;*;42;1K2T1S1Q1R1Q1R1Q1R1Q1R;W„_]^]^]^]^;1K0J0W0I0I0H66110;W2?110ýD;17;W;2;0;0;0;0;0;1;0;1;32;2;0;0;0;0;0;1;0;1;87;50;48;48;48;48;48;49;48;49;0B;1K;0J;0H;0H;0H;0H;0H;0I;0H;0I;1K;2T;1S;1Q;1R;1Q;1R;1Q;1R;1Q;1R;11;56;19;17;17;17;17;17;18;17;18;56;101;64;62;63;62;63;62;63;62;63;42;87;50;48;48;48;48;48;49;48;49;87;132;95;93;94;93;94;93;94;93;94;1K;0J;0W;0I;0I;0H;66;11;;;;56;19;32;18;18;17;222;37;;;;87;50;63;49;49;48;253;68;;;;0;0
166;1HA0000101;+;43;1M1S2F281R1S1R1S1T1R1S;Y_vo^_^_`^_;0I150Y2A0I0H0I652E;1HAq101üu;18;1;H;A;0;0;0;0;1;0;1;1;17;10;0;0;0;0;1;0;1;49;72;65;48;48;48;48;49;48;49;0C;0I;15;0Y;0H;0H;0H;0H;0I;0H;0I;1M;1S;2F;28;1R;1S;1R;1S;1T;1R;1S;12;18;41;34;17;17;17;17;18;17;18;58;64;87;80;63;64;63;64;65;63;64;43;49;72;65;48;48;48;48;49;48;49;89;95;118;111;94;95;94;95;96;94;95;0I;15;0Y;2A;0I;0H;0I;65;2E;;;18;41;34;82;18;17;18;221;86;;;49;72;65;113;49;48;49;252;117;;;0;
167;1P90000101;+;43;1M1S2N201R1S1R1S1T1R1S;Y_~g^_^_`^_;0I1D0Q2A0I0H0I652E;1P9q101üu;18;1;P;9;0;0;0;0;1;0;1;1;25;9;0;0;0;0;1;0;1;49;80;57;48;48;48;48;49;48;49;0C;0I;1D;0Q;0H;0H;0H;0H;0I;0H;0I;1M;1S;2N;20;1R;1S;1R;1S;1T;1R;1S;12;18;49;26;17;17;17;17;18;17;18;58;64;95;72;63;64;63;64;65;63;64;43;49;80;57;48;48;48;48;49;48;49;89;95;126;103;94;95;94;95;96;94;95;0I;1D;0Q;2A;0I;0H;0I;65;2E;;;18;49;26;82;18;17;18;221;86;;;49;80;57;113;49;48;49;252;117;;;0;
168;1T50000101;+;43;1M1S2R1W1R1S1R1S1T1R1S;Y_‚c^_^_`^_;0I1H0M2A0I0H0I652E;1T5q101üu;18;1;T;5;0;0;0;0;1;0;1;1;29;5;0;0;0;0;1;0;1;49;84;53;48;48;48;48;49;48;49;0C;0I;1H;0M;0H;0H;0H;0H;0I;0H;0I;1M;1S;2R;1W;1R;1S;1R;1S;1T;1R;1S;12;18;53;22;17;17;17;17;18;17;18;58;64;99;68;63;64;63;64;65;63;64;43;49;84;53;48;48;48;48;49;48;49;89;95;130;99;94;95;94;95;96;94;95;0I;1H;0M;2A;0I;0H;0I;65;2E;;;18;53;22;82;18;17;18;221;86;;;49;84;53;113;49;48;49;252;117;;;0;
169;1U40000101;+;43;1M1S2S1V1R1S1R1S1T1R1S;Y_b^_^_`^_;0I1I0L2A0I0H0I652E;1U4q101üu;18;1;U;4;0;0;0;0;1;0;1;1;30;4;0;0;0;0;1;0;1;49;85;52;48;48;48;48;49;48;49;0C;0I;1I;0L;0H;0H;0H;0H;0I;0H;0I;1M;1S;2S;1V;1R;1S;1R;1S;1T;1R;1S;12;18;54;21;17;17;17;17;18;17;18;58;64;100;67;63;64;63;64;65;63;64;43;49;85;52;48;48;48;48;49;48;49;89;95;131;98;94;95;94;95;96;94;95;0I;1I;0L;2A;0I;0H;0I;65;2E;;;18;54;21;82;18;17;18;221;86;;;49;85;52;113;49;48;49;252;117;;;0;
170;2O90000101;+;43;1M1T2M201R1S1R1S1T1R1S;Y`}g^_^_`^_;0J1C0Q2A0I0H0I652E;2O9q101üu;18;2;O;9;0;0;0;0;1;0;1;2;24;9;0;0;0;0;1;0;1;50;79;57;48;48;48;48;49;48;49;0C;0J;1C;0Q;0H;0H;0H;0H;0I;0H;0I;1M;1T;2M;20;1R;1S;1R;1S;1T;1R;1S;12;19;48;26;17;17;17;17;18;17;18;58;65;94;72;63;64;63;64;65;63;64;43;50;79;57;48;48;48;48;49;48;49;89;96;125;103;94;95;94;95;96;94;95;0J;1C;0Q;2A;0I;0H;0I;65;2E;;;19;48;26;82;18;17;18;221;86;;;50;79;57;113;49;48;49;252;117;;;0;
171;2P80000101;+;43;1M1T2N1Z1R1S1R1S1T1R1S;Y`~f^_^_`^_;0J1D0P2A0I0H0I652E;2P8q101üu;18;2;P;8;0;0;0;0;1;0;1;2;25;8;0;0;0;0;1;0;1;50;80;56;48;48;48;48;49;48;49;0C;0J;1D;0P;0H;0H;0H;0H;0I;0H;0I;1M;1T;2N;1Z;1R;1S;1R;1S;1T;1R;1S;12;19;49;25;17;17;17;17;18;17;18;58;65;95;71;63;64;63;64;65;63;64;43;50;80;56;48;48;48;48;49;48;49;89;96;126;102;94;95;94;95;96;94;95;0J;1D;0P;2A;0I;0H;0I;65;2E;;;19;49;25;82;18;17;18;221;86;;;50;80;56;113;49;48;49;252;117;;;0;
172;2S50000101;+;43;1M1T2Q1W1R1S1R1S1T1R1S;Y`c^_^_`^_;0J1G0M2A0I0H0I652E;2S5q101üu;18;2;S;5;0;0;0;0;1;0;1;2;28;5;0;0;0;0;1;0;1;50;83;53;48;48;48;48;49;48;49;0C;0J;1G;0M;0H;0H;0H;0H;0I;0H;0I;1M;1T;2Q;1W;1R;1S;1R;1S;1T;1R;1S;12;19;52;22;17;17;17;17;18;17;18;58;65;98;68;63;64;63;64;65;63;64;43;50;83;53;48;48;48;48;49;48;49;89;96;129;99;94;95;94;95;96;94;95;0J;1G;0M;2A;0I;0H;0I;65;2E;;;19;52;22;82;18;17;18;221;86;;;50;83;53;113;49;48;49;252;117;;;0;
173;3P70000101;+;43;1M1U2N1Y1R1S1R1S1T1R1S;Ya~e^_^_`^_;0K1D0O2A0I0H0I652E;3P7q101üu;18;3;P;7;0;0;0;0;1;0;1;3;25;7;0;0;0;0;1;0;1;51;80;55;48;48;48;48;49;48;49;0C;0K;1D;0O;0H;0H;0H;0H;0I;0H;0I;1M;1U;2N;1Y;1R;1S;1R;1S;1T;1R;1S;12;20;49;24;17;17;17;17;18;17;18;58;66;95;70;63;64;63;64;65;63;64;43;51;80;55;48;48;48;48;49;48;49;89;97;126;101;94;95;94;95;96;94;95;0K;1D;0O;2A;0I;0H;0I;65;2E;;;20;49;24;82;18;17;18;221;86;;;51;80;55;113;49;48;49;252;117;;;0;
174;3V10000101;+;43;1M1U2T1S1R1S1R1S1T1R1S;Ya„_^_^_`^_;0K1J0I2A0I0H0I652E;3V1q101üu;18;3;V;1;0;0;0;0;1;0;1;3;31;1;0;0;0;0;1;0;1;51;86;49;48;48;48;48;49;48;49;0C;0K;1J;0I;0H;0H;0H;0H;0I;0H;0I;1M;1U;2T;1S;1R;1S;1R;1S;1T;1R;1S;12;20;55;18;17;17;17;17;18;17;18;58;66;101;64;63;64;63;64;65;63;64;43;51;86;49;48;48;48;48;49;48;49;89;97;132;95;94;95;94;95;96;94;95;0K;1J;0I;2A;0I;0H;0I;65;2E;;;20;55;18;82;18;17;18;221;86;;;51;86;49;113;49;48;49;252;117;;;0;
175;EXCTJ00101;+;43;1M2C2V2A2R2H1R1S1T1R1S;Ys†q‚x^_`^_;121L101H170O0I0H0I630Q0;EXCTJ7101ú9;23;E;X;C;T;J;0;0;1;0;1;14;33;12;29;19;0;0;1;0;1;69;88;67;84;74;48;48;49;48;49;0C;12;1L;10;1H;17;0H;0H;0I;0H;0I;1M;2C;2V;2A;2R;2H;1R;1S;1T;1R;1S;12;38;57;36;53;43;17;17;18;17;18;58;84;103;82;99;89;63;64;65;63;64;43;69;88;67;84;74;48;48;49;48;49;89;115;134;113;130;120;94;95;96;94;95;12;1L;10;1H;17;0O;0I;0H;0I;63;0Q;38;57;36;53;43;24;18;17;18;219;26;69;88;67;84;74;55;49;48;49;250;57;0;0
176;VAONJ00101;+;43;1M2T282M2L2H1R1S1T1R1S;Y„o}|x^_`^_;1J0Y1C1B170O0I0H0I630Q0;VAONJ7101ú9;23;V;A;O;N;J;0;0;1;0;1;31;10;24;23;19;0;0;1;0;1;86;65;79;78;74;48;48;49;48;49;0C;1J;0Y;1C;1B;17;0H;0H;0I;0H;0I;1M;2T;28;2M;2L;2H;1R;1S;1T;1R;1S;12;55;34;48;47;43;17;17;18;17;18;58;101;80;94;93;89;63;64;65;63;64;43;86;65;79;78;74;48;48;49;48;49;89;132;111;125;124;120;94;95;96;94;95;1J;0Y;1C;1B;17;0O;0I;0H;0I;63;0Q;55;34;48;47;43;24;18;17;18;219;26;86;65;79;78;74;55;49;48;49;250;57;0;0
177;X200000101;+;43;1M2V1T1R1S1R1S1R1S1R1S;Y†`^_^_^_^_;1L0J0X0I0H0I66120;X2@101ýE;17;X;2;0;0;0;0;0;1;0;1;33;2;0;0;0;0;0;1;0;1;88;50;48;48;48;48;48;49;48;49;0C;1L;0J;0H;0H;0H;0H;0H;0I;0H;0I;1M;2V;1T;1R;1S;1R;1S;1R;1S;1R;1S;12;57;19;17;17;17;17;17;18;17;18;58;103;65;63;64;63;64;63;64;63;64;43;88;50;48;48;48;48;48;49;48;49;89;134;96;94;95;94;95;94;95;94;95;1L;0J;0X;0I;0H;0I;66;12;;;;57;19;33;18;17;18;222;38;;;;88;50;64;49;48;49;253;69;;;;0;0
178;1GC0000101;,;44;1O1T2F2B1S1T1S1T1U1S1T;[`vr_`_`a_`;0I14102B0I0I0H652F;1GCr110üv;18;1;G;C;0;0;0;0;1;0;1;1;16;12;0;0;0;0;1;0;1;49;71;67;48;48;48;48;49;48;49;0D;0I;14;10;0H;0H;0H;0H;0I;0H;0I;1O;1T;2F;2B;1S;1T;1S;1T;1U;1S;1T;13;18;40;36;17;17;17;17;18;17;18;60;65;87;83;64;65;64;65;66;64;65;44;49;71;67;48;48;48;48;49;48;49;91;96;118;114;95;96;95;96;97;95;96;0I;14;10;2B;0I;0I;0H;65;2F;;;18;40;36;83;18;18;17;221;87;;;49;71;67;114;49;49;48;252;118;;;0;
179;1Y10000101;,;44;1O1T2X1T1S1T1S1T1U1S1T;[``_`_`a_`;0I1M0I2B0I0I0H652F;1Y1r110üv;18;1;Y;1;0;0;0;0;1;0;1;1;34;1;0;0;0;0;1;0;1;49;89;49;48;48;48;48;49;48;49;0D;0I;1M;0I;0H;0H;0H;0H;0I;0H;0I;1O;1T;2X;1T;1S;1T;1S;1T;1U;1S;1T;13;18;58;18;17;17;17;17;18;17;18;60;65;105;65;64;65;64;65;66;64;65;44;49;89;49;48;48;48;48;49;48;49;91;96;136;96;95;96;95;96;97;95;96;0I;1M;0I;2B;0I;0I;0H;65;2F;;;18;58;18;83;18;18;17;221;87;;;49;89;49;114;49;49;48;252;118;;;0;
180;2P90000101;,;44;1O1U2O211S1T1S1T1U1S1T;[ah_`_`a_`;0J1D0Q2B0I0I0H652F;2P9r110üv;18;2;P;9;0;0;0;0;1;0;1;2;25;9;0;0;0;0;1;0;1;50;80;57;48;48;48;48;49;48;49;0D;0J;1D;0Q;0H;0H;0H;0H;0I;0H;0I;1O;1U;2O;21;1S;1T;1S;1T;1U;1S;1T;13;19;49;26;17;17;17;17;18;17;18;60;66;96;73;64;65;64;65;66;64;65;44;50;80;57;48;48;48;48;49;48;49;91;97;127;104;95;96;95;96;97;95;96;0J;1D;0Q;2B;0I;0I;0H;65;2F;;;19;49;26;83;18;18;17;221;87;;;50;80;57;114;49;49;48;252;118;;;0;
181;S9WRJ00101;,;44;1O2R212V2Q2I1S1T1U1S1T;[‚h†y_`a_`;1G0Q1K1F170P0I0I0H630R0;S9WRJ8110ú:;23;S;9;W;R;J;0;0;1;0;1;28;9;32;27;19;0;0;1;0;1;83;57;87;82;74;48;48;49;48;49;0D;1G;0Q;1K;1F;17;0H;0H;0I;0H;0I;1O;2R;21;2V;2Q;2I;1S;1T;1U;1S;1T;13;52;26;56;51;43;17;17;18;17;18;60;99;73;103;98;90;64;65;66;64;65;44;83;57;87;82;74;48;48;49;48;49;91;130;104;134;129;121;95;96;97;95;96;1G;0Q;1K;1F;17;0P;0I;0I;0H;63;0R;52;26;56;51;43;25;18;18;17;219;27;83;57;87;82;74;56;49;49;48;250;58;0;0
182;Y200000101;,;44;1O2X1U1S1T1S1T1S1T1S1T;[a_`_`_`_`;1M0J0Y0I0I0H66130;Y2A110ýF;17;Y;2;0;0;0;0;0;1;0;1;34;2;0;0;0;0;0;1;0;1;89;50;48;48;48;48;48;49;48;49;0D;1M;0J;0H;0H;0H;0H;0H;0I;0H;0I;1O;2X;1U;1S;1T;1S;1T;1S;1T;1S;1T;13;58;19;17;17;17;17;17;18;17;18;60;105;66;64;65;64;65;64;65;64;65;44;89;50;48;48;48;48;48;49;48;49;91;136;97;95;96;95;96;95;96;95;96;1M;0J;0Y;0I;0I;0H;66;13;;;;58;19;34;18;18;17;222;39;;;;89;50;65;49;49;48;253;70;;;;0;0
183;1S80000101;-;45;1Q1U2S211T1U1T1U1V1T1U;]ah`a`ab`a;0I1G0P2C0I0H0I652G;1S8s101üw;18;1;S;8;0;0;0;0;1;0;1;1;28;8;0;0;0;0;1;0;1;49;83;56;48;48;48;48;49;48;49;0E;0I;1G;0P;0H;0H;0H;0H;0I;0H;0I;1Q;1U;2S;21;1T;1U;1T;1U;1V;1T;1U;14;18;52;25;17;17;17;17;18;17;18;62;66;100;73;65;66;65;66;67;65;66;45;49;83;56;48;48;48;48;49;48;49;93;97;131;104;96;97;96;97;98;96;97;0I;1G;0P;2C;0I;0H;0I;65;2G;;;18;52;25;84;18;17;18;221;88;;;49;83;56;115;49;48;49;252;119;;;0;
184;1T70000101;-;45;1Q1U2T201T1U1T1U1V1T1U;]a„g`a`ab`a;0I1H0O2C0I0H0I652G;1T7s101üw;18;1;T;7;0;0;0;0;1;0;1;1;29;7;0;0;0;0;1;0;1;49;84;55;48;48;48;48;49;48;49;0E;0I;1H;0O;0H;0H;0H;0H;0I;0H;0I;1Q;1U;2T;20;1T;1U;1T;1U;1V;1T;1U;14;18;53;24;17;17;17;17;18;17;18;62;66;101;72;65;66;65;66;67;65;66;45;49;84;55;48;48;48;48;49;48;49;93;97;132;103;96;97;96;97;98;96;97;0I;1H;0O;2C;0I;0H;0I;65;2G;;;18;53;24;84;18;17;18;221;88;;;49;84;55;115;49;48;49;252;119;;;0;
185;1X30000101;-;45;1Q1U2X1W1T1U1T1U1V1T1U;]ac`a`ab`a;0I1L0K2C0I0H0I652G;1X3s101üw;18;1;X;3;0;0;0;0;1;0;1;1;33;3;0;0;0;0;1;0;1;49;88;51;48;48;48;48;49;48;49;0E;0I;1L;0K;0H;0H;0H;0H;0I;0H;0I;1Q;1U;2X;1W;1T;1U;1T;1U;1V;1T;1U;14;18;57;20;17;17;17;17;18;17;18;62;66;105;68;65;66;65;66;67;65;66;45;49;88;51;48;48;48;48;49;48;49;93;97;136;99;96;97;96;97;98;96;97;0I;1L;0K;2C;0I;0H;0I;65;2G;;;18;57;20;84;18;17;18;221;88;;;49;88;51;115;49;48;49;252;119;;;0;
186;1Y20000101;-;45;1Q1U2Y1V1T1U1T1U1V1T1U;]a‰b`a`ab`a;0I1M0J2C0I0H0I652G;1Y2s101üw;18;1;Y;2;0;0;0;0;1;0;1;1;34;2;0;0;0;0;1;0;1;49;89;50;48;48;48;48;49;48;49;0E;0I;1M;0J;0H;0H;0H;0H;0I;0H;0I;1Q;1U;2Y;1V;1T;1U;1T;1U;1V;1T;1U;14;18;58;19;17;17;17;17;18;17;18;62;66;106;67;65;66;65;66;67;65;66;45;49;89;50;48;48;48;48;49;48;49;93;97;137;98;96;97;96;97;98;96;97;0I;1M;0J;2C;0I;0H;0I;65;2G;;;18;58;19;84;18;17;18;221;88;;;49;89;50;115;49;48;49;252;119;;;0;
187;2GC0000101;-;45;1Q1V2G2C1T1U1T1U1V1T1U;]bws`a`ab`a;0J14102C0I0H0I652G;2GCs101üw;18;2;G;C;0;0;0;0;1;0;1;2;16;12;0;0;0;0;1;0;1;50;71;67;48;48;48;48;49;48;49;0E;0J;14;10;0H;0H;0H;0H;0I;0H;0I;1Q;1V;2G;2C;1T;1U;1T;1U;1V;1T;1U;14;19;40;36;17;17;17;17;18;17;18;62;67;88;84;65;66;65;66;67;65;66;45;50;71;67;48;48;48;48;49;48;49;93;98;119;115;96;97;96;97;98;96;97;0J;14;10;2C;0I;0H;0I;65;2G;;;19;40;36;84;18;17;18;221;88;;;50;71;67;115;49;48;49;252;119;;;0;
188;2R80000101;-;45;1Q1V2R211T1U1T1U1V1T1U;]b‚h`a`ab`a;0J1F0P2C0I0H0I652G;2R8s101üw;18;2;R;8;0;0;0;0;1;0;1;2;27;8;0;0;0;0;1;0;1;50;82;56;48;48;48;48;49;48;49;0E;0J;1F;0P;0H;0H;0H;0H;0I;0H;0I;1Q;1V;2R;21;1T;1U;1T;1U;1V;1T;1U;14;19;51;25;17;17;17;17;18;17;18;62;67;99;73;65;66;65;66;67;65;66;45;50;82;56;48;48;48;48;49;48;49;93;98;130;104;96;97;96;97;98;96;97;0J;1F;0P;2C;0I;0H;0I;65;2G;;;19;51;25;84;18;17;18;221;88;;;50;82;56;115;49;48;49;252;119;;;0;
189;ONIPJ00101;-;45;1Q2O2N2I2P2J1T1U1V1T1U;]~y€z`ab`a;1C1B161D170Q0I0H0I630S0;"ONIPJ9101ú;";23;O;N;I;P;J;0;0;1;0;1;24;23;18;25;19;0;0;1;0;1;79;78;73;80;74;48;48;49;48;49;0E;1C;1B;16;1D;17;0H;0H;0I;0H;0I;1Q;2O;2N;2I;2P;2J;1T;1U;1V;1T;1U;14;48;47;42;49;43;17;17;18;17;18;62;96;95;90;97;91;65;66;67;65;66;45;79;78;73;80;74;48;48;49;48;49;93;127;126;121;128;122;96;97;98;96;97;1C;1B;16;1D;17;0Q;0I;0H;0I;63;0S;48;47;42;49;43;26;18;17;18;219;28;79;78;73;80;74;57;49;48;49;250;59;0;0
190;Z200000101;-;45;1Q2Z1V1T1U1T1U1T1U1T1U;]Šb`a`a`a`a;1N0J0Z0I0H0I66140;Z2B101ýG;17;Z;2;0;0;0;0;0;1;0;1;35;2;0;0;0;0;0;1;0;1;90;50;48;48;48;48;48;49;48;49;0E;1N;0J;0H;0H;0H;0H;0H;0I;0H;0I;1Q;2Z;1V;1T;1U;1T;1U;1T;1U;1T;1U;14;59;19;17;17;17;17;17;18;17;18;62;107;67;65;66;65;66;65;66;65;66;45;90;50;48;48;48;48;48;49;48;49;93;138;98;96;97;96;97;96;97;96;97;1N;0J;0Z;0I;0H;0I;66;14;;;;59;19;35;18;17;18;222;40;;;;90;50;66;49;48;49;253;71;;;;0;0
191;1T80000101;.;46;1S1V2U221U1V1U1V1W1U1V;_b…iababcab;0I1H0P2D0I0I0H652H;1T8t110üx;18;1;T;8;0;0;0;0;1;0;1;1;29;8;0;0;0;0;1;0;1;49;84;56;48;48;48;48;49;48;49;0F;0I;1H;0P;0H;0H;0H;0H;0I;0H;0I;1S;1V;2U;22;1U;1V;1U;1V;1W;1U;1V;15;18;53;25;17;17;17;17;18;17;18;64;67;102;74;66;67;66;67;68;66;67;46;49;84;56;48;48;48;48;49;48;49;95;98;133;105;97;98;97;98;99;97;98;0I;1H;0P;2D;0I;0I;0H;65;2H;;;18;53;25;85;18;18;17;221;89;;;49;84;56;116;49;49;48;252;120;;;0;
192;1U70000101;.;46;1S1V2V211U1V1U1V1W1U1V;_b†hababcab;0I1I0O2D0I0I0H652H;1U7t110üx;18;1;U;7;0;0;0;0;1;0;1;1;30;7;0;0;0;0;1;0;1;49;85;55;48;48;48;48;49;48;49;0F;0I;1I;0O;0H;0H;0H;0H;0I;0H;0I;1S;1V;2V;21;1U;1V;1U;1V;1W;1U;1V;15;18;54;24;17;17;17;17;18;17;18;64;67;103;73;66;67;66;67;68;66;67;46;49;85;55;48;48;48;48;49;48;49;95;98;134;104;97;98;97;98;99;97;98;0I;1I;0O;2D;0I;0I;0H;65;2H;;;18;54;24;85;18;18;17;221;89;;;49;85;55;116;49;49;48;252;120;;;0;
193;1X40000101;.;46;1S1V2Y1Y1U1V1U1V1W1U1V;_b‰eababcab;0I1L0L2D0I0I0H652H;1X4t110üx;18;1;X;4;0;0;0;0;1;0;1;1;33;4;0;0;0;0;1;0;1;49;88;52;48;48;48;48;49;48;49;0F;0I;1L;0L;0H;0H;0H;0H;0I;0H;0I;1S;1V;2Y;1Y;1U;1V;1U;1V;1W;1U;1V;15;18;57;21;17;17;17;17;18;17;18;64;67;106;70;66;67;66;67;68;66;67;46;49;88;52;48;48;48;48;49;48;49;95;98;137;101;97;98;97;98;99;97;98;0I;1L;0L;2D;0I;0I;0H;65;2H;;;18;57;21;85;18;18;17;221;89;;;49;88;52;116;49;49;48;252;120;;;0;
194;2JA0000101;.;46;1S1W2K2B1U1V1U1V1W1U1V;_c{rababcab;0J170Y2D0I0I0H652H;2JAt110üx;18;2;J;A;0;0;0;0;1;0;1;2;19;10;0;0;0;0;1;0;1;50;74;65;48;48;48;48;49;48;49;0F;0J;17;0Y;0H;0H;0H;0H;0I;0H;0I;1S;1W;2K;2B;1U;1V;1U;1V;1W;1U;1V;15;19;43;34;17;17;17;17;18;17;18;64;68;92;83;66;67;66;67;68;66;67;46;50;74;65;48;48;48;48;49;48;49;95;99;123;114;97;98;97;98;99;97;98;0J;17;0Y;2D;0I;0I;0H;65;2H;;;19;43;34;85;18;18;17;221;89;;;50;74;65;116;49;49;48;252;120;;;0;
195;3R80000101;.;46;1S1X2S221U1V1U1V1W1U1V;_diababcab;0K1F0P2D0I0I0H652H;3R8t110üx;18;3;R;8;0;0;0;0;1;0;1;3;27;8;0;0;0;0;1;0;1;51;82;56;48;48;48;48;49;48;49;0F;0K;1F;0P;0H;0H;0H;0H;0I;0H;0I;1S;1X;2S;22;1U;1V;1U;1V;1W;1U;1V;15;20;51;25;17;17;17;17;18;17;18;64;69;100;74;66;67;66;67;68;66;67;46;51;82;56;48;48;48;48;49;48;49;95;100;131;105;97;98;97;98;99;97;98;0K;1F;0P;2D;0I;0I;0H;65;2H;;;20;51;25;85;18;18;17;221;89;;;51;82;56;116;49;49;48;252;120;;;0;
196;6V10000101;.;46;1S202W1V1U1V1U1V1W1U1V;_g‡bababcab;0N1J0I2D0I0I0H652H;6V1t110üx;18;6;V;1;0;0;0;0;1;0;1;6;31;1;0;0;0;0;1;0;1;54;86;49;48;48;48;48;49;48;49;0F;0N;1J;0I;0H;0H;0H;0H;0I;0H;0I;1S;20;2W;1V;1U;1V;1U;1V;1W;1U;1V;15;23;55;18;17;17;17;17;18;17;18;64;72;104;67;66;67;66;67;68;66;67;46;54;86;49;48;48;48;48;49;48;49;95;103;135;98;97;98;97;98;99;97;98;0N;1J;0I;2D;0I;0I;0H;65;2H;;;23;55;18;85;18;18;17;221;89;;;54;86;49;116;49;49;48;252;120;;;0;
197;QUDMJ00101;.;46;1S2R2V2E2N2K1U1V1W1U1V;_‚†u~{abcab;1E1I111A170R0I0I0H630T0;QUDMJ:110ú<;23;Q;U;D;M;J;0;0;1;0;1;26;30;13;22;19;0;0;1;0;1;81;85;68;77;74;48;48;49;48;49;0F;1E;1I;11;1A;17;0H;0H;0I;0H;0I;1S;2R;2V;2E;2N;2K;1U;1V;1W;1U;1V;15;50;54;37;46;43;17;17;18;17;18;64;99;103;86;95;92;66;67;68;66;67;46;81;85;68;77;74;48;48;49;48;49;95;130;134;117;126;123;97;98;99;97;98;1E;1I;11;1A;17;0R;0I;0I;0H;63;0T;50;54;37;46;43;27;18;18;17;219;29;81;85;68;77;74;58;49;49;48;250;60;0;0
198;Z300000101;.;46;1S301X1U1V1U1V1U1V1U1V;_‹dabababab;1N0K100I0I0H66150;Z3C110ýH;17;Z;3;0;0;0;0;0;1;0;1;35;3;0;0;0;0;0;1;0;1;90;51;48;48;48;48;48;49;48;49;0F;1N;0K;0H;0H;0H;0H;0H;0I;0H;0I;1S;30;1X;1U;1V;1U;1V;1U;1V;1U;1V;15;59;20;17;17;17;17;17;18;17;18;64;108;69;66;67;66;67;66;67;66;67;46;90;51;48;48;48;48;48;49;48;49;95;139;100;97;98;97;98;97;98;97;98;1N;0K;10;0I;0I;0H;66;15;;;;59;20;36;18;18;17;222;41;;;;90;51;67;49;49;48;253;72;;;;0;0
199;1JC0000101;/;47;1U1W2L2E1V1W1V1W1X1V1W;ac|ubcbcdbc;0I17102E0I0H0I652I;1JCu101üy;18;1;J;C;0;0;0;0;1;0;1;1;19;12;0;0;0;0;1;0;1;49;74;67;48;48;48;48;49;48;49;0G;0I;17;10;0H;0H;0H;0H;0I;0H;0I;1U;1W;2L;2E;1V;1W;1V;1W;1X;1V;1W;16;18;43;36;17;17;17;17;18;17;18;66;68;93;86;67;68;67;68;69;67;68;47;49;74;67;48;48;48;48;49;48;49;97;99;124;117;98;99;98;99;100;98;99;0I;17;10;2E;0I;0H;0I;65;2I;;;18;43;36;86;18;17;18;221;90;;;49;74;67;117;49;48;49;252;121;;;0;
200;1LA0000101;/;47;1U1W2N2C1V1W1V1W1X1V1W;ac~sbcbcdbc;0I190Y2E0I0H0I652I;1LAu101üy;18;1;L;A;0;0;0;0;1;0;1;1;21;10;0;0;0;0;1;0;1;49;76;65;48;48;48;48;49;48;49;0G;0I;19;0Y;0H;0H;0H;0H;0I;0H;0I;1U;1W;2N;2C;1V;1W;1V;1W;1X;1V;1W;16;18;45;34;17;17;17;17;18;17;18;66;68;95;84;67;68;67;68;69;67;68;47;49;76;65;48;48;48;48;49;48;49;97;99;126;115;98;99;98;99;100;98;99;0I;19;0Y;2E;0I;0H;0I;65;2I;;;18;45;34;86;18;17;18;221;90;;;49;76;65;117;49;48;49;252;121;;;0;
201;1U80000101;/;47;1U1W2W231V1W1V1W1X1V1W;ac‡jbcbcdbc;0I1I0P2E0I0H0I652I;1U8u101üy;18;1;U;8;0;0;0;0;1;0;1;1;30;8;0;0;0;0;1;0;1;49;85;56;48;48;48;48;49;48;49;0G;0I;1I;0P;0H;0H;0H;0H;0I;0H;0I;1U;1W;2W;23;1V;1W;1V;1W;1X;1V;1W;16;18;54;25;17;17;17;17;18;17;18;66;68;104;75;67;68;67;68;69;67;68;47;49;85;56;48;48;48;48;49;48;49;97;99;135;106;98;99;98;99;100;98;99;0I;1I;0P;2E;0I;0H;0I;65;2I;;;18;54;25;86;18;17;18;221;90;;;49;85;56;117;49;48;49;252;121;;;0;
202;1V70000101;/;47;1U1W2X221V1W1V1W1X1V1W;acibcbcdbc;0I1J0O2E0I0H0I652I;1V7u101üy;18;1;V;7;0;0;0;0;1;0;1;1;31;7;0;0;0;0;1;0;1;49;86;55;48;48;48;48;49;48;49;0G;0I;1J;0O;0H;0H;0H;0H;0I;0H;0I;1U;1W;2X;22;1V;1W;1V;1W;1X;1V;1W;16;18;55;24;17;17;17;17;18;17;18;66;68;105;74;67;68;67;68;69;67;68;47;49;86;55;48;48;48;48;49;48;49;97;99;136;105;98;99;98;99;100;98;99;0I;1J;0O;2E;0I;0H;0I;65;2I;;;18;55;24;86;18;17;18;221;90;;;49;86;55;117;49;48;49;252;121;;;0;
203;5X10000101;/;47;1U202Z1W1V1W1V1W1X1V1W;agŠcbcbcdbc;0M1L0I2E0I0H0I652I;5X1u101üy;18;5;X;1;0;0;0;0;1;0;1;5;33;1;0;0;0;0;1;0;1;53;88;49;48;48;48;48;49;48;49;0G;0M;1L;0I;0H;0H;0H;0H;0I;0H;0I;1U;20;2Z;1W;1V;1W;1V;1W;1X;1V;1W;16;22;57;18;17;17;17;17;18;17;18;66;72;107;68;67;68;67;68;69;67;68;47;53;88;49;48;48;48;48;49;48;49;97;103;138;99;98;99;98;99;100;98;99;0M;1L;0I;2E;0I;0H;0I;65;2I;;;22;57;18;86;18;17;18;221;90;;;53;88;49;117;49;48;49;252;121;;;0;
204;NQFSJ00101;/;47;1U2P2S2H2U2L1V1W1X1V1W;a€x…|bcdbc;1B1E131G170S0I0H0I630U0;"NQFSJ;101ú=";23;N;Q;F;S;J;0;0;1;0;1;23;26;15;28;19;0;0;1;0;1;78;81;70;83;74;48;48;49;48;49;0G;1B;1E;13;1G;17;0H;0H;0I;0H;0I;1U;2P;2S;2H;2U;2L;1V;1W;1X;1V;1W;16;47;50;39;52;43;17;17;18;17;18;66;97;100;89;102;93;67;68;69;67;68;47;78;81;70;83;74;48;48;49;48;49;97;128;131;120;133;124;98;99;100;98;99;1B;1E;13;1G;17;0S;0I;0H;0I;63;0U;47;50;39;52;43;28;18;17;18;219;30;78;81;70;83;74;59;49;48;49;250;61;0;0
205;PHSMJ00101;/;47;1U2R2J2U2O2L1V1W1X1V1W;a‚z…|bcdbc;1D151G1A170S0I0H0I630U0;"PHSMJ;101ú=";23;P;H;S;M;J;0;0;1;0;1;25;17;28;22;19;0;0;1;0;1;80;72;83;77;74;48;48;49;48;49;0G;1D;15;1G;1A;17;0H;0H;0I;0H;0I;1U;2R;2J;2U;2O;2L;1V;1W;1X;1V;1W;16;49;41;52;46;43;17;17;18;17;18;66;99;91;102;96;93;67;68;69;67;68;47;80;72;83;77;74;48;48;49;48;49;97;130;122;133;127;124;98;99;100;98;99;1D;15;1G;1A;17;0S;0I;0H;0I;63;0U;49;41;52;46;43;28;18;17;18;219;30;80;72;83;77;74;59;49;48;49;250;61;0;0
206;VY3VJ00101;/;47;1U2X301Y2X2L1V1W1X1V1W;a‹e|bcdbc;1J1M0K1J170S0I0H0I630U0;"VY3VJ;101ú=";23;V;Y;3;V;J;0;0;1;0;1;31;34;3;31;19;0;0;1;0;1;86;89;51;86;74;48;48;49;48;49;0G;1J;1M;0K;1J;17;0H;0H;0I;0H;0I;1U;2X;30;1Y;2X;2L;1V;1W;1X;1V;1W;16;55;58;20;55;43;17;17;18;17;18;66;105;108;70;105;93;67;68;69;67;68;47;86;89;51;86;74;48;48;49;48;49;97;136;139;101;136;124;98;99;100;98;99;1J;1M;0K;1J;17;0S;0I;0H;0I;63;0U;55;58;20;55;43;28;18;17;18;219;30;86;89;51;86;74;59;49;48;49;250;61;0;0
207;Z3YRJ00101;/;47;1U311Y302T2L1V1W1X1V1W;aŚe‹„|bcdbc;1N0K1M1F170S0I0H0I630U0;"Z3YRJ;101ú=";23;Z;3;Y;R;J;0;0;1;0;1;35;3;34;27;19;0;0;1;0;1;90;51;89;82;74;48;48;49;48;49;0G;1N;0K;1M;1F;17;0H;0H;0I;0H;0I;1U;31;1Y;30;2T;2L;1V;1W;1X;1V;1W;16;59;20;58;51;43;17;17;18;17;18;66;109;70;108;101;93;67;68;69;67;68;47;90;51;89;82;74;48;48;49;48;49;97;140;101;139;132;124;98;99;100;98;99;1N;0K;1M;1F;17;0S;0I;0H;0I;63;0U;59;20;58;51;43;28;18;17;18;219;30;90;51;89;82;74;59;49;48;49;250;61;0;0
208;1KC0000101;0;48;1W1X2N2F1W1X1W1X1Y1W1X;cd~vcdcdecd;0I18102F0I0I0H652J;1KCv110üz;18;1;K;C;0;0;0;0;1;0;1;1;20;12;0;0;0;0;1;0;1;49;75;67;48;48;48;48;49;48;49;0H;0I;18;10;0H;0H;0H;0H;0I;0H;0I;1W;1X;2N;2F;1W;1X;1W;1X;1Y;1W;1X;17;18;44;36;17;17;17;17;18;17;18;68;69;95;87;68;69;68;69;70;68;69;48;49;75;67;48;48;48;48;49;48;49;99;100;126;118;99;100;99;100;101;99;100;0I;18;10;2F;0I;0I;0H;65;2J;;;18;44;36;87;18;18;17;221;91;;;49;75;67;118;49;49;48;252;122;;;0;
209;1MA0000101;0;48;1W1X2P2D1W1X1W1X1Y1W1X;cd€tcdcdecd;0I1A0Y2F0I0I0H652J;1MAv110üz;18;1;M;A;0;0;0;0;1;0;1;1;22;10;0;0;0;0;1;0;1;49;77;65;48;48;48;48;49;48;49;0H;0I;1A;0Y;0H;0H;0H;0H;0I;0H;0I;1W;1X;2P;2D;1W;1X;1W;1X;1Y;1W;1X;17;18;46;34;17;17;17;17;18;17;18;68;69;97;85;68;69;68;69;70;68;69;48;49;77;65;48;48;48;48;49;48;49;99;100;128;116;99;100;99;100;101;99;100;0I;1A;0Y;2F;0I;0I;0H;65;2J;;;18;46;34;87;18;18;17;221;91;;;49;77;65;118;49;49;48;252;122;;;0;
210;1V80000101;0;48;1W1X2Y241W1X1W1X1Y1W1X;cd‰kcdcdecd;0I1J0P2F0I0I0H652J;1V8v110üz;18;1;V;8;0;0;0;0;1;0;1;1;31;8;0;0;0;0;1;0;1;49;86;56;48;48;48;48;49;48;49;0H;0I;1J;0P;0H;0H;0H;0H;0I;0H;0I;1W;1X;2Y;24;1W;1X;1W;1X;1Y;1W;1X;17;18;55;25;17;17;17;17;18;17;18;68;69;106;76;68;69;68;69;70;68;69;48;49;86;56;48;48;48;48;49;48;49;99;100;137;107;99;100;99;100;101;99;100;0I;1J;0P;2F;0I;0I;0H;65;2J;;;18;55;25;87;18;18;17;221;91;;;49;86;56;118;49;49;48;252;122;;;0;
211;1X60000101;0;48;1W1X30221W1X1W1X1Y1W1X;cd‹icdcdecd;0I1L0N2F0I0I0H652J;1X6v110üz;18;1;X;6;0;0;0;0;1;0;1;1;33;6;0;0;0;0;1;0;1;49;88;54;48;48;48;48;49;48;49;0H;0I;1L;0N;0H;0H;0H;0H;0I;0H;0I;1W;1X;30;22;1W;1X;1W;1X;1Y;1W;1X;17;18;57;23;17;17;17;17;18;17;18;68;69;108;74;68;69;68;69;70;68;69;48;49;88;54;48;48;48;48;49;48;49;99;100;139;105;99;100;99;100;101;99;100;0I;1L;0N;2F;0I;0I;0H;65;2J;;;18;57;23;87;18;18;17;221;91;;;49;88;54;118;49;49;48;252;122;;;0;
212;1Y50000101;0;48;1W1X31211W1X1W1X1Y1W1X;cdŚhcdcdecd;0I1M0M2F0I0I0H652J;1Y5v110üz;18;1;Y;5;0;0;0;0;1;0;1;1;34;5;0;0;0;0;1;0;1;49;89;53;48;48;48;48;49;48;49;0H;0I;1M;0M;0H;0H;0H;0H;0I;0H;0I;1W;1X;31;21;1W;1X;1W;1X;1Y;1W;1X;17;18;58;22;17;17;17;17;18;17;18;68;69;109;73;68;69;68;69;70;68;69;48;49;89;53;48;48;48;48;49;48;49;99;100;140;104;99;100;99;100;101;99;100;0I;1M;0M;2F;0I;0I;0H;65;2J;;;18;58;22;87;18;18;17;221;91;;;49;89;53;118;49;49;48;252;122;;;0;
213;1Z40000101;0;48;1W1X32201W1X1W1X1Y1W1X;cdŤgcdcdecd;0I1N0L2F0I0I0H652J;1Z4v110üz;18;1;Z;4;0;0;0;0;1;0;1;1;35;4;0;0;0;0;1;0;1;49;90;52;48;48;48;48;49;48;49;0H;0I;1N;0L;0H;0H;0H;0H;0I;0H;0I;1W;1X;32;20;1W;1X;1W;1X;1Y;1W;1X;17;18;59;21;17;17;17;17;18;17;18;68;69;110;72;68;69;68;69;70;68;69;48;49;90;52;48;48;48;48;49;48;49;99;100;141;103;99;100;99;100;101;99;100;0I;1N;0L;2F;0I;0I;0H;65;2J;;;18;59;21;87;18;18;17;221;91;;;49;90;52;118;49;49;48;252;122;;;0;
214;2LA0000101;0;48;1W1Y2O2D1W1X1W1X1Y1W1X;cetcdcdecd;0J190Y2F0I0I0H652J;2LAv110üz;18;2;L;A;0;0;0;0;1;0;1;2;21;10;0;0;0;0;1;0;1;50;76;65;48;48;48;48;49;48;49;0H;0J;19;0Y;0H;0H;0H;0H;0I;0H;0I;1W;1Y;2O;2D;1W;1X;1W;1X;1Y;1W;1X;17;19;45;34;17;17;17;17;18;17;18;68;70;96;85;68;69;68;69;70;68;69;48;50;76;65;48;48;48;48;49;48;49;99;101;127;116;99;100;99;100;101;99;100;0J;19;0Y;2F;0I;0I;0H;65;2J;;;19;45;34;87;18;18;17;221;91;;;50;76;65;118;49;49;48;252;122;;;0;
215;7W10000101;0;48;1W232Z1X1W1X1W1X1Y1W1X;cjŠdcdcdecd;0O1K0I2F0I0I0H652J;7W1v110üz;18;7;W;1;0;0;0;0;1;0;1;7;32;1;0;0;0;0;1;0;1;55;87;49;48;48;48;48;49;48;49;0H;0O;1K;0I;0H;0H;0H;0H;0I;0H;0I;1W;23;2Z;1X;1W;1X;1W;1X;1Y;1W;1X;17;24;56;18;17;17;17;17;18;17;18;68;75;107;69;68;69;68;69;70;68;69;48;55;87;49;48;48;48;48;49;48;49;99;106;138;100;99;100;99;100;101;99;100;0O;1K;0I;2F;0I;0I;0H;65;2J;;;24;56;18;87;18;18;17;221;91;;;55;87;49;118;49;49;48;252;122;;;0;
216;NFUPJ00101;0;48;1W2Q2I2X2S2M1W1X1Y1W1X;cy}cdecd;1B131I1D170T0I0I0H630V0;NFUPJ<110ú>;23;N;F;U;P;J;0;0;1;0;1;23;15;30;25;19;0;0;1;0;1;78;70;85;80;74;48;48;49;48;49;0H;1B;13;1I;1D;17;0H;0H;0I;0H;0I;1W;2Q;2I;2X;2S;2M;1W;1X;1Y;1W;1X;17;47;39;54;49;43;17;17;18;17;18;68;98;90;105;100;94;68;69;70;68;69;48;78;70;85;80;74;48;48;49;48;49;99;129;121;136;131;125;99;100;101;99;100;1B;13;1I;1D;17;0T;0I;0I;0H;63;0V;47;39;54;49;43;29;18;18;17;219;31;78;70;85;80;74;60;49;49;48;250;62;0;0
217;OPJPJ00101;0;48;1W2R2S2M2S2M1W1X1Y1W1X;c‚}}cdecd;1C1D171D170T0I0I0H630V0;OPJPJ<110ú>;23;O;P;J;P;J;0;0;1;0;1;24;25;19;25;19;0;0;1;0;1;79;80;74;80;74;48;48;49;48;49;0H;1C;1D;17;1D;17;0H;0H;0I;0H;0I;1W;2R;2S;2M;2S;2M;1W;1X;1Y;1W;1X;17;48;49;43;49;43;17;17;18;17;18;68;99;100;94;100;94;68;69;70;68;69;48;79;80;74;80;74;48;48;49;48;49;99;130;131;125;131;125;99;100;101;99;100;1C;1D;17;1D;17;0T;0I;0I;0H;63;0V;48;49;43;49;43;29;18;18;17;219;31;79;80;74;80;74;60;49;49;48;250;62;0;0
218;OQFSJ00101;0;48;1W2R2T2I2V2M1W1X1Y1W1X;c‚„y†}cdecd;1C1E131G170T0I0I0H630V0;OQFSJ<110ú>;23;O;Q;F;S;J;0;0;1;0;1;24;26;15;28;19;0;0;1;0;1;79;81;70;83;74;48;48;49;48;49;0H;1C;1E;13;1G;17;0H;0H;0I;0H;0I;1W;2R;2T;2I;2V;2M;1W;1X;1Y;1W;1X;17;48;50;39;52;43;17;17;18;17;18;68;99;101;90;103;94;68;69;70;68;69;48;79;81;70;83;74;48;48;49;48;49;99;130;132;121;134;125;99;100;101;99;100;1C;1E;13;1G;17;0T;0I;0I;0H;63;0V;48;50;39;52;43;29;18;18;17;219;31;79;81;70;83;74;60;49;49;48;250;62;0;0
219;QTFNJ00101;0;48;1W2T2W2I2Q2M1W1X1Y1W1X;c„‡y}cdecd;1E1H131B170T0I0I0H630V0;QTFNJ<110ú>;23;Q;T;F;N;J;0;0;1;0;1;26;29;15;23;19;0;0;1;0;1;81;84;70;78;74;48;48;49;48;49;0H;1E;1H;13;1B;17;0H;0H;0I;0H;0I;1W;2T;2W;2I;2Q;2M;1W;1X;1Y;1W;1X;17;50;53;39;47;43;17;17;18;17;18;68;101;104;90;98;94;68;69;70;68;69;48;81;84;70;78;74;48;48;49;48;49;99;132;135;121;129;125;99;100;101;99;100;1E;1H;13;1B;17;0T;0I;0I;0H;63;0V;50;53;39;47;43;29;18;18;17;219;31;81;84;70;78;74;60;49;49;48;250;62;0;0
220;V900000101;0;48;1W2Y251W1X1W1X1W1X1W1X;c‰lcdcdcdcd;1J0Q120I0I0H66170;V9E110ýJ;17;V;9;0;0;0;0;0;1;0;1;31;9;0;0;0;0;0;1;0;1;86;57;48;48;48;48;48;49;48;49;0H;1J;0Q;0H;0H;0H;0H;0H;0I;0H;0I;1W;2Y;25;1W;1X;1W;1X;1W;1X;1W;1X;17;55;26;17;17;17;17;17;18;17;18;68;106;77;68;69;68;69;68;69;68;69;48;86;57;48;48;48;48;48;49;48;49;99;137;108;99;100;99;100;99;100;99;100;1J;0Q;12;0I;0I;0H;66;17;;;;55;26;38;18;18;17;222;43;;;;86;57;69;49;49;48;253;74;;;;0;0
221;1LC0000101;1;49;1Y1Z2P2G1X1Y1X1Y1Z1X1Y;ef€wdedefde;0I19102G0I0H0I652K;1LCw101ü{;18;1;L;C;0;0;0;0;1;0;1;1;21;12;0;0;0;0;1;0;1;49;76;67;48;48;48;48;49;48;49;0I;0I;19;10;0H;0H;0H;0H;0I;0H;0I;1Y;1Z;2P;2G;1X;1Y;1X;1Y;1Z;1X;1Y;18;18;45;36;17;17;17;17;18;17;18;70;71;97;88;69;70;69;70;71;69;70;49;49;76;67;48;48;48;48;49;48;49;101;102;128;119;100;101;100;101;102;100;101;0I;19;10;2G;0I;0H;0I;65;2K;;;18;45;36;88;18;17;18;221;92;;;49;76;67;119;49;48;49;252;123;;;0;
222;1MB0000101;1;49;1Y1Z2Q2F1X1Y1X1Y1Z1X1Y;efvdedefde;0I1A0Z2G0I0H0I652K;1MBw101ü{;18;1;M;B;0;0;0;0;1;0;1;1;22;11;0;0;0;0;1;0;1;49;77;66;48;48;48;48;49;48;49;0I;0I;1A;0Z;0H;0H;0H;0H;0I;0H;0I;1Y;1Z;2Q;2F;1X;1Y;1X;1Y;1Z;1X;1Y;18;18;46;35;17;17;17;17;18;17;18;70;71;98;87;69;70;69;70;71;69;70;49;49;77;66;48;48;48;48;49;48;49;101;102;129;118;100;101;100;101;102;100;101;0I;1A;0Z;2G;0I;0H;0I;65;2K;;;18;46;35;88;18;17;18;221;92;;;49;77;66;119;49;48;49;252;123;;;0;
223;1W80000101;1;49;1Y1Z30251X1Y1X1Y1Z1X1Y;ef‹ldedefde;0I1K0P2G0I0H0I652K;1W8w101ü{;18;1;W;8;0;0;0;0;1;0;1;1;32;8;0;0;0;0;1;0;1;49;87;56;48;48;48;48;49;48;49;0I;0I;1K;0P;0H;0H;0H;0H;0I;0H;0I;1Y;1Z;30;25;1X;1Y;1X;1Y;1Z;1X;1Y;18;18;56;25;17;17;17;17;18;17;18;70;71;108;77;69;70;69;70;71;69;70;49;49;87;56;48;48;48;48;49;48;49;101;102;139;108;100;101;100;101;102;100;101;0I;1K;0P;2G;0I;0H;0I;65;2K;;;18;56;25;88;18;17;18;221;92;;;49;87;56;119;49;48;49;252;123;;;0;
224;2Z40000101;1;49;1Y1Z33211X1Y1X1Y1Z1X1Y;efŽhdedefde;0J1N0L2G0I0H0I652K;2Z4w101ü{;18;2;Z;4;0;0;0;0;1;0;1;2;35;4;0;0;0;0;1;0;1;50;90;52;48;48;48;48;49;48;49;0I;0J;1N;0L;0H;0H;0H;0H;0I;0H;0I;1Y;1Z;33;21;1X;1Y;1X;1Y;1Z;1X;1Y;18;19;59;21;17;17;17;17;18;17;18;70;71;111;73;69;70;69;70;71;69;70;49;50;90;52;48;48;48;48;49;48;49;101;102;142;104;100;101;100;101;102;100;101;0J;1N;0L;2G;0I;0H;0I;65;2K;;;19;59;21;88;18;17;18;221;92;;;50;90;52;119;49;48;49;252;123;;;0;
225;DRQSJ00101;1;49;1Y2H2V2U2W2N1X1Y1Z1X1Y;ex†…‡~defde;111F1E1G170U0I0H0I630W0;DRQSJ=101ú?;23;D;R;Q;S;J;0;0;1;0;1;13;27;26;28;19;0;0;1;0;1;68;82;81;83;74;48;48;49;48;49;0I;11;1F;1E;1G;17;0H;0H;0I;0H;0I;1Y;2H;2V;2U;2W;2N;1X;1Y;1Z;1X;1Y;18;37;51;50;52;43;17;17;18;17;18;70;89;103;102;104;95;69;70;71;69;70;49;68;82;81;83;74;48;48;49;48;49;101;120;134;133;135;126;100;101;102;100;101;11;1F;1E;1G;17;0U;0I;0H;0I;63;0W;37;51;50;52;43;30;18;17;18;219;32;68;82;81;83;74;61;49;48;49;250;63;0;0
226;W900000101;1;49;1Y30261X1Y1X1Y1X1Y1X1Y;e‹mdededede;1K0Q130I0H0I66180;W9F101ýK;17;W;9;0;0;0;0;0;1;0;1;32;9;0;0;0;0;0;1;0;1;87;57;48;48;48;48;48;49;48;49;0I;1K;0Q;0H;0H;0H;0H;0H;0I;0H;0I;1Y;30;26;1X;1Y;1X;1Y;1X;1Y;1X;1Y;18;56;26;17;17;17;17;17;18;17;18;70;108;78;69;70;69;70;69;70;69;70;49;87;57;48;48;48;48;48;49;48;49;101;139;109;100;101;100;101;100;101;100;101;1K;0Q;13;0I;0H;0I;66;18;;;;56;26;39;18;17;18;222;44;;;;87;57;70;49;48;49;253;75;;;;0;0
227;1MC0000101;2;50;201Z2R2H1Y1Z1Y1Z201Y1Z;gf‚xefefgef;0I1A102H0I0I0H652L;1MCx110ü|;18;1;M;C;0;0;0;0;1;0;1;1;22;12;0;0;0;0;1;0;1;49;77;67;48;48;48;48;49;48;49;0J;0I;1A;10;0H;0H;0H;0H;0I;0H;0I;20;1Z;2R;2H;1Y;1Z;1Y;1Z;20;1Y;1Z;19;18;46;36;17;17;17;17;18;17;18;72;71;99;89;70;71;70;71;72;70;71;50;49;77;67;48;48;48;48;49;48;49;103;102;130;120;101;102;101;102;103;101;102;0I;1A;10;2H;0I;0I;0H;65;2L;;;18;46;36;89;18;18;17;221;93;;;49;77;67;120;49;49;48;252;124;;;0;
228;1NB0000101;2;50;201Z2S2G1Y1Z1Y1Z201Y1Z;gfwefefgef;0I1B0Z2H0I0I0H652L;1NBx110ü|;18;1;N;B;0;0;0;0;1;0;1;1;23;11;0;0;0;0;1;0;1;49;78;66;48;48;48;48;49;48;49;0J;0I;1B;0Z;0H;0H;0H;0H;0I;0H;0I;20;1Z;2S;2G;1Y;1Z;1Y;1Z;20;1Y;1Z;19;18;47;35;17;17;17;17;18;17;18;72;71;100;88;70;71;70;71;72;70;71;50;49;78;66;48;48;48;48;49;48;49;103;102;131;119;101;102;101;102;103;101;102;0I;1B;0Z;2H;0I;0I;0H;65;2L;;;18;47;35;89;18;18;17;221;93;;;49;78;66;120;49;49;48;252;124;;;0;
229;1W90000101;2;50;201Z31271Y1Z1Y1Z201Y1Z;gfŚnefefgef;0I1K0Q2H0I0I0H652L;1W9x110ü|;18;1;W;9;0;0;0;0;1;0;1;1;32;9;0;0;0;0;1;0;1;49;87;57;48;48;48;48;49;48;49;0J;0I;1K;0Q;0H;0H;0H;0H;0I;0H;0I;20;1Z;31;27;1Y;1Z;1Y;1Z;20;1Y;1Z;19;18;56;26;17;17;17;17;18;17;18;72;71;109;79;70;71;70;71;72;70;71;50;49;87;57;48;48;48;48;49;48;49;103;102;140;110;101;102;101;102;103;101;102;0I;1K;0Q;2H;0I;0I;0H;65;2L;;;18;56;26;89;18;18;17;221;93;;;49;87;57;120;49;49;48;252;124;;;0;
230;1X80000101;2;50;201Z32261Y1Z1Y1Z201Y1Z;gfŤmefefgef;0I1L0P2H0I0I0H652L;1X8x110ü|;18;1;X;8;0;0;0;0;1;0;1;1;33;8;0;0;0;0;1;0;1;49;88;56;48;48;48;48;49;48;49;0J;0I;1L;0P;0H;0H;0H;0H;0I;0H;0I;20;1Z;32;26;1Y;1Z;1Y;1Z;20;1Y;1Z;19;18;57;25;17;17;17;17;18;17;18;72;71;110;78;70;71;70;71;72;70;71;50;49;88;56;48;48;48;48;49;48;49;103;102;141;109;101;102;101;102;103;101;102;0I;1L;0P;2H;0I;0I;0H;65;2L;;;18;57;25;89;18;18;17;221;93;;;49;88;56;120;49;49;48;252;124;;;0;
231;2W80000101;2;50;202131261Y1Z1Y1Z201Y1Z;ghŚmefefgef;0J1K0P2H0I0I0H652L;2W8x110ü|;18;2;W;8;0;0;0;0;1;0;1;2;32;8;0;0;0;0;1;0;1;50;87;56;48;48;48;48;49;48;49;0J;0J;1K;0P;0H;0H;0H;0H;0I;0H;0I;20;21;31;26;1Y;1Z;1Y;1Z;20;1Y;1Z;19;19;56;25;17;17;17;17;18;17;18;72;73;109;78;70;71;70;71;72;70;71;50;50;87;56;48;48;48;48;49;48;49;103;104;140;109;101;102;101;102;103;101;102;0J;1K;0P;2H;0I;0I;0H;65;2L;;;19;56;25;89;18;18;17;221;93;;;50;87;56;120;49;49;48;252;124;;;0;
232;4U80000101;2;50;20222Z261Y1Z1Y1Z201Y1Z;giŠmefefgef;0L1I0P2H0I0I0H652L;4U8x110ü|;18;4;U;8;0;0;0;0;1;0;1;4;30;8;0;0;0;0;1;0;1;52;85;56;48;48;48;48;49;48;49;0J;0L;1I;0P;0H;0H;0H;0H;0I;0H;0I;20;22;2Z;26;1Y;1Z;1Y;1Z;20;1Y;1Z;19;21;54;25;17;17;17;17;18;17;18;72;74;107;78;70;71;70;71;72;70;71;50;52;85;56;48;48;48;48;49;48;49;103;105;138;109;101;102;101;102;103;101;102;0L;1I;0P;2H;0I;0I;0H;65;2L;;;21;54;25;89;18;18;17;221;93;;;52;85;56;120;49;49;48;252;124;;;0;
233;KXKMJ00101;2;50;202P322P2R2O1Y1Z201Y1Z;g€Ť€‚efgef;181L181A170V0I0I0H630X0;KXKMJ>110ú@;23;K;X;K;M;J;0;0;1;0;1;20;33;20;22;19;0;0;1;0;1;75;88;75;77;74;48;48;49;48;49;0J;18;1L;18;1A;17;0H;0H;0I;0H;0I;20;2P;32;2P;2R;2O;1Y;1Z;20;1Y;1Z;19;44;57;44;46;43;17;17;18;17;18;72;97;110;97;99;96;70;71;72;70;71;50;75;88;75;77;74;48;48;49;48;49;103;128;141;128;130;127;101;102;103;101;102;18;1L;18;1A;17;0V;0I;0I;0H;63;0X;44;57;44;46;43;31;18;18;17;219;33;75;88;75;77;74;62;49;49;48;250;64;0;0
234;PQKOJ00101;2;50;202U2V2P2T2O1Y1Z201Y1Z;g…†€„efgef;1D1E181C170V0I0I0H630X0;PQKOJ>110ú@;23;P;Q;K;O;J;0;0;1;0;1;25;26;20;24;19;0;0;1;0;1;80;81;75;79;74;48;48;49;48;49;0J;1D;1E;18;1C;17;0H;0H;0I;0H;0I;20;2U;2V;2P;2T;2O;1Y;1Z;20;1Y;1Z;19;49;50;44;48;43;17;17;18;17;18;72;102;103;97;101;96;70;71;72;70;71;50;80;81;75;79;74;48;48;49;48;49;103;133;134;128;132;127;101;102;103;101;102;1D;1E;18;1C;17;0V;0I;0I;0H;63;0X;49;50;44;48;43;31;18;18;17;219;33;80;81;75;79;74;62;49;49;48;250;64;0;0
235;ZQBNJ00101;2;50;20342V2G2S2O1Y1Z201Y1Z;gŹ†wefgef;1N1E0Z1B170V0I0I0H630X0;ZQBNJ>110ú@;23;Z;Q;B;N;J;0;0;1;0;1;35;26;11;23;19;0;0;1;0;1;90;81;66;78;74;48;48;49;48;49;0J;1N;1E;0Z;1B;17;0H;0H;0I;0H;0I;20;34;2V;2G;2S;2O;1Y;1Z;20;1Y;1Z;19;59;50;35;47;43;17;17;18;17;18;72;112;103;88;100;96;70;71;72;70;71;50;90;81;66;78;74;48;48;49;48;49;103;143;134;119;131;127;101;102;103;101;102;1N;1E;0Z;1B;17;0V;0I;0I;0H;63;0X;59;50;35;47;43;31;18;18;17;219;33;90;81;66;78;74;62;49;49;48;250;64;0;0
236;1NC0000101;3;51;22202T2I1Z201Z20211Z20;ig„yfgfghfg;0I1B102I0I0H0I652M;1NCy101ü};18;1;N;C;0;0;0;0;1;0;1;1;23;12;0;0;0;0;1;0;1;49;78;67;48;48;48;48;49;48;49;0K;0I;1B;10;0H;0H;0H;0H;0I;0H;0I;22;20;2T;2I;1Z;20;1Z;20;21;1Z;20;20;18;47;36;17;17;17;17;18;17;18;74;72;101;90;71;72;71;72;73;71;72;51;49;78;67;48;48;48;48;49;48;49;105;103;132;121;102;103;102;103;104;102;103;0I;1B;10;2I;0I;0H;0I;65;2M;;;18;47;36;90;18;17;18;221;94;;;49;78;67;121;49;48;49;252;125;;;0;
237;1OB0000101;3;51;22202U2H1Z201Z20211Z20;ig…xfgfghfg;0I1C0Z2I0I0H0I652M;1OBy101ü};18;1;O;B;0;0;0;0;1;0;1;1;24;11;0;0;0;0;1;0;1;49;79;66;48;48;48;48;49;48;49;0K;0I;1C;0Z;0H;0H;0H;0H;0I;0H;0I;22;20;2U;2H;1Z;20;1Z;20;21;1Z;20;20;18;48;35;17;17;17;17;18;17;18;74;72;102;89;71;72;71;72;73;71;72;51;49;79;66;48;48;48;48;49;48;49;105;103;133;120;102;103;102;103;104;102;103;0I;1C;0Z;2I;0I;0H;0I;65;2M;;;18;48;35;90;18;17;18;221;94;;;49;79;66;121;49;48;49;252;125;;;0;
238;1PA0000101;3;51;22202V2G1Z201Z20211Z20;ig†wfgfghfg;0I1D0Y2I0I0H0I652M;1PAy101ü};18;1;P;A;0;0;0;0;1;0;1;1;25;10;0;0;0;0;1;0;1;49;80;65;48;48;48;48;49;48;49;0K;0I;1D;0Y;0H;0H;0H;0H;0I;0H;0I;22;20;2V;2G;1Z;20;1Z;20;21;1Z;20;20;18;49;34;17;17;17;17;18;17;18;74;72;103;88;71;72;71;72;73;71;72;51;49;80;65;48;48;48;48;49;48;49;105;103;134;119;102;103;102;103;104;102;103;0I;1D;0Y;2I;0I;0H;0I;65;2M;;;18;49;34;90;18;17;18;221;94;;;49;80;65;121;49;48;49;252;125;;;0;
239;1X90000101;3;51;222033281Z201Z20211Z20;igŽofgfghfg;0I1L0Q2I0I0H0I652M;1X9y101ü};18;1;X;9;0;0;0;0;1;0;1;1;33;9;0;0;0;0;1;0;1;49;88;57;48;48;48;48;49;48;49;0K;0I;1L;0Q;0H;0H;0H;0H;0I;0H;0I;22;20;33;28;1Z;20;1Z;20;21;1Z;20;20;18;57;26;17;17;17;17;18;17;18;74;72;111;80;71;72;71;72;73;71;72;51;49;88;57;48;48;48;48;49;48;49;105;103;142;111;102;103;102;103;104;102;103;0I;1L;0Q;2I;0I;0H;0I;65;2M;;;18;57;26;90;18;17;18;221;94;;;49;88;57;121;49;48;49;252;125;;;0;
240;1Y80000101;3;51;222034271Z201Z20211Z20;igŹnfgfghfg;0I1M0P2I0I0H0I652M;1Y8y101ü};18;1;Y;8;0;0;0;0;1;0;1;1;34;8;0;0;0;0;1;0;1;49;89;56;48;48;48;48;49;48;49;0K;0I;1M;0P;0H;0H;0H;0H;0I;0H;0I;22;20;34;27;1Z;20;1Z;20;21;1Z;20;20;18;58;25;17;17;17;17;18;17;18;74;72;112;79;71;72;71;72;73;71;72;51;49;89;56;48;48;48;48;49;48;49;105;103;143;110;102;103;102;103;104;102;103;0I;1M;0P;2I;0I;0H;0I;65;2M;;;18;58;25;90;18;17;18;221;94;;;49;89;56;121;49;48;49;252;125;;;0;
241;2NB0000101;3;51;22212T2H1Z201Z20211Z20;ih„xfgfghfg;0J1B0Z2I0I0H0I652M;2NBy101ü};18;2;N;B;0;0;0;0;1;0;1;2;23;11;0;0;0;0;1;0;1;50;78;66;48;48;48;48;49;48;49;0K;0J;1B;0Z;0H;0H;0H;0H;0I;0H;0I;22;21;2T;2H;1Z;20;1Z;20;21;1Z;20;20;19;47;35;17;17;17;17;18;17;18;74;73;101;89;71;72;71;72;73;71;72;51;50;78;66;48;48;48;48;49;48;49;105;104;132;120;102;103;102;103;104;102;103;0J;1B;0Z;2I;0I;0H;0I;65;2M;;;19;47;35;90;18;17;18;221;94;;;50;78;66;121;49;48;49;252;125;;;0;
242;2Z60000101;3;51;222135251Z201Z20211Z20;ihlfgfghfg;0J1N0N2I0I0H0I652M;2Z6y101ü};18;2;Z;6;0;0;0;0;1;0;1;2;35;6;0;0;0;0;1;0;1;50;90;54;48;48;48;48;49;48;49;0K;0J;1N;0N;0H;0H;0H;0H;0I;0H;0I;22;21;35;25;1Z;20;1Z;20;21;1Z;20;20;19;59;23;17;17;17;17;18;17;18;74;73;113;77;71;72;71;72;73;71;72;51;50;90;54;48;48;48;48;49;48;49;105;104;144;108;102;103;102;103;104;102;103;0J;1N;0N;2I;0I;0H;0I;65;2M;;;19;59;23;90;18;17;18;221;94;;;50;90;54;121;49;48;49;252;125;;;0;
243;3W80000101;3;51;222332271Z201Z20211Z20;ijŤnfgfghfg;0K1K0P2I0I0H0I652M;3W8y101ü};18;3;W;8;0;0;0;0;1;0;1;3;32;8;0;0;0;0;1;0;1;51;87;56;48;48;48;48;49;48;49;0K;0K;1K;0P;0H;0H;0H;0H;0I;0H;0I;22;23;32;27;1Z;20;1Z;20;21;1Z;20;20;20;56;25;17;17;17;17;18;17;18;74;75;110;79;71;72;71;72;73;71;72;51;51;87;56;48;48;48;48;49;48;49;105;106;141;110;102;103;102;103;104;102;103;0K;1K;0P;2I;0I;0H;0I;65;2M;;;20;56;25;90;18;17;18;221;94;;;51;87;56;121;49;48;49;252;125;;;0;
244;5U80000101;3;51;222430271Z201Z20211Z20;ik‹nfgfghfg;0M1I0P2I0I0H0I652M;5U8y101ü};18;5;U;8;0;0;0;0;1;0;1;5;30;8;0;0;0;0;1;0;1;53;85;56;48;48;48;48;49;48;49;0K;0M;1I;0P;0H;0H;0H;0H;0I;0H;0I;22;24;30;27;1Z;20;1Z;20;21;1Z;20;20;22;54;25;17;17;17;17;18;17;18;74;76;108;79;71;72;71;72;73;71;72;51;53;85;56;48;48;48;48;49;48;49;105;107;139;110;102;103;102;103;104;102;103;0M;1I;0P;2I;0I;0H;0I;65;2M;;;22;54;25;90;18;17;18;221;94;;;53;85;56;121;49;48;49;252;125;;;0;
245;CUQSJ00101;3;51;222I302W2Y2P1Z20211Z20;iy‹‡‰€fghfg;101I1E1G170W0I0H0I630Y0;CUQSJ?101úA;23;C;U;Q;S;J;0;0;1;0;1;12;30;26;28;19;0;0;1;0;1;67;85;81;83;74;48;48;49;48;49;0K;10;1I;1E;1G;17;0H;0H;0I;0H;0I;22;2I;30;2W;2Y;2P;1Z;20;21;1Z;20;20;36;54;50;52;43;17;17;18;17;18;74;90;108;104;106;97;71;72;73;71;72;51;67;85;81;83;74;48;48;49;48;49;105;121;139;135;137;128;102;103;104;102;103;10;1I;1E;1G;17;0W;0I;0H;0I;63;0Y;36;54;50;52;43;32;18;17;18;219;34;67;85;81;83;74;63;49;48;49;250;65;0;0
246;1QA0000101;4;52;24212X2H20212021222021;khxghghigh;0I1E0Y2J0I0I0H652N;1QAz110ü~;18;1;Q;A;0;0;0;0;1;0;1;1;26;10;0;0;0;0;1;0;1;49;81;65;48;48;48;48;49;48;49;0L;0I;1E;0Y;0H;0H;0H;0H;0I;0H;0I;24;21;2X;2H;20;21;20;21;22;20;21;21;18;50;34;17;17;17;17;18;17;18;76;73;105;89;72;73;72;73;74;72;73;52;49;81;65;48;48;48;48;49;48;49;107;104;136;120;103;104;103;104;105;103;104;0I;1E;0Y;2J;0I;0I;0H;65;2N;;;18;50;34;91;18;18;17;221;95;;;49;81;65;122;49;49;48;252;126;;;0;
247;1Y90000101;4;52;2421352920212021222021;khpghghigh;0I1M0Q2J0I0I0H652N;1Y9z110ü~;18;1;Y;9;0;0;0;0;1;0;1;1;34;9;0;0;0;0;1;0;1;49;89;57;48;48;48;48;49;48;49;0L;0I;1M;0Q;0H;0H;0H;0H;0I;0H;0I;24;21;35;29;20;21;20;21;22;20;21;21;18;58;26;17;17;17;17;18;17;18;76;73;113;81;72;73;72;73;74;72;73;52;49;89;57;48;48;48;48;49;48;49;107;104;144;112;103;104;103;104;105;103;104;0I;1M;0Q;2J;0I;0I;0H;65;2N;;;18;58;26;91;18;18;17;221;95;;;49;89;57;122;49;49;48;252;126;;;0;
248;2Y80000101;4;52;2422352820212021222021;kioghghigh;0J1M0P2J0I0I0H652N;2Y8z110ü~;18;2;Y;8;0;0;0;0;1;0;1;2;34;8;0;0;0;0;1;0;1;50;89;56;48;48;48;48;49;48;49;0L;0J;1M;0P;0H;0H;0H;0H;0I;0H;0I;24;22;35;28;20;21;20;21;22;20;21;21;19;58;25;17;17;17;17;18;17;18;76;74;113;80;72;73;72;73;74;72;73;52;50;89;56;48;48;48;48;49;48;49;107;105;144;111;103;104;103;104;105;103;104;0J;1M;0P;2J;0I;0I;0H;65;2N;;;19;58;25;91;18;18;17;221;95;;;50;89;56;122;49;49;48;252;126;;;0;
249;4W80000101;4;52;2425332820212021222021;klŽoghghigh;0L1K0P2J0I0I0H652N;4W8z110ü~;18;4;W;8;0;0;0;0;1;0;1;4;32;8;0;0;0;0;1;0;1;52;87;56;48;48;48;48;49;48;49;0L;0L;1K;0P;0H;0H;0H;0H;0I;0H;0I;24;25;33;28;20;21;20;21;22;20;21;21;21;56;25;17;17;17;17;18;17;18;76;77;111;80;72;73;72;73;74;72;73;52;52;87;56;48;48;48;48;49;48;49;107;108;142;111;103;104;103;104;105;103;104;0L;1K;0P;2J;0I;0I;0H;65;2N;;;21;56;25;91;18;18;17;221;95;;;52;87;56;122;49;49;48;252;126;;;0;
250;6U80000101;4;52;2426312820212021222021;kmŚoghghigh;0N1I0P2J0I0I0H652N;6U8z110ü~;18;6;U;8;0;0;0;0;1;0;1;6;30;8;0;0;0;0;1;0;1;54;85;56;48;48;48;48;49;48;49;0L;0N;1I;0P;0H;0H;0H;0H;0I;0H;0I;24;26;31;28;20;21;20;21;22;20;21;21;23;54;25;17;17;17;17;18;17;18;76;78;109;80;72;73;72;73;74;72;73;52;54;85;56;48;48;48;48;49;48;49;107;109;140;111;103;104;103;104;105;103;104;0N;1I;0P;2J;0I;0I;0H;65;2N;;;23;54;25;91;18;18;17;221;95;;;54;85;56;122;49;49;48;252;126;;;0;
251;AUOXJ00101;4;52;242H312V342Q2021222021;kxŚ†Źghigh;0Y1I1C1L170X0I0I0H630Z0;AUOXJ@110úB;23;A;U;O;X;J;0;0;1;0;1;10;30;24;33;19;0;0;1;0;1;65;85;79;88;74;48;48;49;48;49;0L;0Y;1I;1C;1L;17;0H;0H;0I;0H;0I;24;2H;31;2V;34;2Q;20;21;22;20;21;21;34;54;48;57;43;17;17;18;17;18;76;89;109;103;112;98;72;73;74;72;73;52;65;85;79;88;74;48;48;49;48;49;107;120;140;134;143;129;103;104;105;103;104;0Y;1I;1C;1L;17;0X;0I;0I;0H;63;0Z;34;54;48;57;43;33;18;18;17;219;35;65;85;79;88;74;64;49;49;48;250;66;0;0
252;BYPRJ00101;4;52;242I352W2Y2Q2021222021;ky‡‰ghigh;0Z1M1D1F170X0I0I0H630Z0;BYPRJ@110úB;23;B;Y;P;R;J;0;0;1;0;1;11;34;25;27;19;0;0;1;0;1;66;89;80;82;74;48;48;49;48;49;0L;0Z;1M;1D;1F;17;0H;0H;0I;0H;0I;24;2I;35;2W;2Y;2Q;20;21;22;20;21;21;35;58;49;51;43;17;17;18;17;18;76;90;113;104;106;98;72;73;74;72;73;52;66;89;80;82;74;48;48;49;48;49;107;121;144;135;137;129;103;104;105;103;104;0Z;1M;1D;1F;17;0X;0I;0I;0H;63;0Z;35;58;49;51;43;33;18;18;17;219;35;66;89;80;82;74;64;49;49;48;250;66;0;0
253;1RA0000101;5;53;26222Z2I21222122232122;miŠyhihijhi;0I1F0Y2K0I0H0I652O;1RA{101ü;18;1;R;A;0;0;0;0;1;0;1;1;27;10;0;0;0;0;1;0;1;49;82;65;48;48;48;48;49;48;49;0M;0I;1F;0Y;0H;0H;0H;0H;0I;0H;0I;26;22;2Z;2I;21;22;21;22;23;21;22;22;18;51;34;17;17;17;17;18;17;18;78;74;107;90;73;74;73;74;75;73;74;53;49;82;65;48;48;48;48;49;48;49;109;105;138;121;104;105;104;105;106;104;105;0I;1F;0Y;2K;0I;0H;0I;65;2O;;;18;51;34;92;18;17;18;221;96;;;49;82;65;123;49;48;49;252;127;;;0;
254;3Y80000101;5;53;2624362921222122232122;mk‘phihijhi;0K1M0P2K0I0H0I652O;3Y8{101ü;18;3;Y;8;0;0;0;0;1;0;1;3;34;8;0;0;0;0;1;0;1;51;89;56;48;48;48;48;49;48;49;0M;0K;1M;0P;0H;0H;0H;0H;0I;0H;0I;26;24;36;29;21;22;21;22;23;21;22;22;20;58;25;17;17;17;17;18;17;18;78;76;114;81;73;74;73;74;75;73;74;53;51;89;56;48;48;48;48;49;48;49;109;107;145;112;104;105;104;105;106;104;105;0K;1M;0P;2K;0I;0H;0I;65;2O;;;20;58;25;92;18;17;18;221;96;;;51;89;56;123;49;48;49;252;127;;;0;
255;5W80000101;5;53;2627342921222122232122;mnŹphihijhi;0M1K0P2K0I0H0I652O;5W8{101ü;18;5;W;8;0;0;0;0;1;0;1;5;32;8;0;0;0;0;1;0;1;53;87;56;48;48;48;48;49;48;49;0M;0M;1K;0P;0H;0H;0H;0H;0I;0H;0I;26;27;34;29;21;22;21;22;23;21;22;22;22;56;25;17;17;17;17;18;17;18;78;79;112;81;73;74;73;74;75;73;74;53;53;87;56;48;48;48;48;49;48;49;109;110;143;112;104;105;104;105;106;104;105;0M;1K;0P;2K;0I;0H;0I;65;2O;;;22;56;25;92;18;17;18;221;96;;;53;87;56;123;49;48;49;252;127;;;0;
256;AR10000101;5;53;262I2Z2221222122232122;myŠihihijhi;0Y1F0I2K0I0H0I652O;AR1{101ü;18;A;R;1;0;0;0;0;1;0;1;10;27;1;0;0;0;0;1;0;1;65;82;49;48;48;48;48;49;48;49;0M;0Y;1F;0I;0H;0H;0H;0H;0I;0H;0I;26;2I;2Z;22;21;22;21;22;23;21;22;22;34;51;18;17;17;17;17;18;17;18;78;90;107;74;73;74;73;74;75;73;74;53;65;82;49;48;48;48;48;49;48;49;109;121;138;105;104;105;104;105;106;104;105;0Y;1F;0I;2K;0I;0H;0I;65;2O;;;34;51;18;92;18;17;18;221;96;;;65;82;49;123;49;48;49;252;127;;;0;
257;CE55200101;5;53;262K2M2627232122232122;m{}mnjhijhi;10120M0M0J0Y0I0H0I63100;CE552A101úC;23;C;E;5;5;2;0;0;1;0;1;12;14;5;5;2;0;0;1;0;1;67;69;53;53;50;48;48;49;48;49;0M;10;12;0M;0M;0J;0H;0H;0I;0H;0I;26;2K;2M;26;27;23;21;22;23;21;22;22;36;38;22;22;19;17;17;18;17;18;78;92;94;78;79;75;73;74;75;73;74;53;67;69;53;53;50;48;48;49;48;49;109;123;125;109;110;106;104;105;106;104;105;10;12;0M;0M;0J;0Y;0I;0H;0I;63;10;36;38;22;22;19;34;18;17;18;219;36;67;69;53;53;50;65;49;48;49;250;67;0;0
258;GQYMJ00101;5;53;262O2Y362U2R2122232122;m‰‘…‚hijhi;141E1M1A170Y0I0H0I63100;GQYMJA101úC;23;G;Q;Y;M;J;0;0;1;0;1;16;26;34;22;19;0;0;1;0;1;71;81;89;77;74;48;48;49;48;49;0M;14;1E;1M;1A;17;0H;0H;0I;0H;0I;26;2O;2Y;36;2U;2R;21;22;23;21;22;22;40;50;58;46;43;17;17;18;17;18;78;96;106;114;102;99;73;74;75;73;74;53;71;81;89;77;74;48;48;49;48;49;109;127;137;145;133;130;104;105;106;104;105;14;1E;1M;1A;17;0Y;0I;0H;0I;63;10;40;50;58;46;43;34;18;17;18;219;36;71;81;89;77;74;65;49;48;49;250;67;0;0
259;TQFSJ00101;5;53;26312Y2N302R2122232122;mŚ‰~‹‚hijhi;1H1E131G170Y0I0H0I63100;TQFSJA101úC;23;T;Q;F;S;J;0;0;1;0;1;29;26;15;28;19;0;0;1;0;1;84;81;70;83;74;48;48;49;48;49;0M;1H;1E;13;1G;17;0H;0H;0I;0H;0I;26;31;2Y;2N;30;2R;21;22;23;21;22;22;53;50;39;52;43;17;17;18;17;18;78;109;106;95;108;99;73;74;75;73;74;53;84;81;70;83;74;48;48;49;48;49;109;140;137;126;139;130;104;105;106;104;105;1H;1E;13;1G;17;0Y;0I;0H;0I;63;10;53;50;39;52;43;34;18;17;18;219;36;84;81;70;83;74;65;49;48;49;250;67;0;0
260;WFKVJ00101;5;53;26342N2S332R2122232122;mŹ~Ž‚hijhi;1K13181J170Y0I0H0I63100;WFKVJA101úC;23;W;F;K;V;J;0;0;1;0;1;32;15;20;31;19;0;0;1;0;1;87;70;75;86;74;48;48;49;48;49;0M;1K;13;18;1J;17;0H;0H;0I;0H;0I;26;34;2N;2S;33;2R;21;22;23;21;22;22;56;39;44;55;43;17;17;18;17;18;78;112;95;100;111;99;73;74;75;73;74;53;87;70;75;86;74;48;48;49;48;49;109;143;126;131;142;130;104;105;106;104;105;1K;13;18;1J;17;0Y;0I;0H;0I;63;10;56;39;44;55;43;34;18;17;18;219;36;87;70;75;86;74;65;49;48;49;250;67;0;0
261;ZEPOJ00101;5;53;26372M2X2W2R2122232122;m’}‡‚hijhi;1N121D1C170Y0I0H0I63100;ZEPOJA101úC;23;Z;E;P;O;J;0;0;1;0;1;35;14;25;24;19;0;0;1;0;1;90;69;80;79;74;48;48;49;48;49;0M;1N;12;1D;1C;17;0H;0H;0I;0H;0I;26;37;2M;2X;2W;2R;21;22;23;21;22;22;59;38;49;48;43;17;17;18;17;18;78;115;94;105;104;99;73;74;75;73;74;53;90;69;80;79;74;48;48;49;48;49;109;146;125;136;135;130;104;105;106;104;105;1N;12;1D;1C;17;0Y;0I;0H;0I;63;10;59;38;49;48;43;34;18;17;18;219;36;90;69;80;79;74;65;49;48;49;250;67;0;0
262;6W80000101;6;54;2829352A22232223242223;opqijijkij;0N1K0P2L0I0I0H652P;6W8|110ü€;18;6;W;8;0;0;0;0;1;0;1;6;32;8;0;0;0;0;1;0;1;54;87;56;48;48;48;48;49;48;49;0N;0N;1K;0P;0H;0H;0H;0H;0I;0H;0I;28;29;35;2A;22;23;22;23;24;22;23;23;23;56;25;17;17;17;17;18;17;18;80;81;113;82;74;75;74;75;76;74;75;54;54;87;56;48;48;48;48;49;48;49;111;112;144;113;105;106;105;106;107;105;106;0N;1K;0P;2L;0I;0I;0H;65;2P;;;23;56;25;93;18;18;17;221;97;;;54;87;56;124;49;49;48;252;128;;;0;
263;1TA0000101;7;55;2A24332K23242324252324;qkŽ{jkjkljk;0I1H0Y2M0I0H0I652Q;1TA}101ü;18;1;T;A;0;0;0;0;1;0;1;1;29;10;0;0;0;0;1;0;1;49;84;65;48;48;48;48;49;48;49;0O;0I;1H;0Y;0H;0H;0H;0H;0I;0H;0I;2A;24;33;2K;23;24;23;24;25;23;24;24;18;53;34;17;17;17;17;18;17;18;82;76;111;92;75;76;75;76;77;75;76;55;49;84;65;48;48;48;48;49;48;49;113;107;142;123;106;107;106;107;108;106;107;0I;1H;0Y;2M;0I;0H;0I;65;2Q;;;18;53;34;94;18;17;18;221;98;;;49;84;65;125;49;48;49;252;129;;;0;
264;3E04J00101;7;55;2A262O23272T2324252324;qmjn„jkljk;0K120H0L17100I0H0I63120;3E04JC101úE;23;3;E;0;4;J;0;0;1;0;1;3;14;0;4;19;0;0;1;0;1;51;69;48;52;74;48;48;49;48;49;0O;0K;12;0H;0L;17;0H;0H;0I;0H;0I;2A;26;2O;23;27;2T;23;24;25;23;24;24;20;38;17;21;43;17;17;18;17;18;82;78;96;75;79;101;75;76;77;75;76;55;51;69;48;52;74;48;48;49;48;49;113;109;127;106;110;132;106;107;108;106;107;0K;12;0H;0L;17;10;0I;0H;0I;63;12;20;38;17;21;43;36;18;17;18;219;38;51;69;48;52;74;67;49;48;49;250;69;0;0
265;7E0C700101;7;55;2A2B2O232M2A2324252324;qrj}qjkljk;0O120H100O100I0H0I63120;7E0C7C101úE;23;7;E;0;C;7;0;0;1;0;1;7;14;0;12;7;0;0;1;0;1;55;69;48;67;55;48;48;49;48;49;0O;0O;12;0H;10;0O;0H;0H;0I;0H;0I;2A;2B;2O;23;2M;2A;23;24;25;23;24;24;24;38;17;36;24;17;17;18;17;18;82;83;96;75;94;82;75;76;77;75;76;55;55;69;48;67;55;48;48;49;48;49;113;114;127;106;125;113;106;107;108;106;107;0O;12;0H;10;0O;10;0I;0H;0I;63;12;24;38;17;36;24;36;18;17;18;219;38;55;69;48;67;55;67;49;48;49;250;69;0;0
266;7W80000101;7;55;2A2B362B23242324252324;qr‘rjkjkljk;0O1K0P2M0I0H0I652Q;7W8}101ü;18;7;W;8;0;0;0;0;1;0;1;7;32;8;0;0;0;0;1;0;1;55;87;56;48;48;48;48;49;48;49;0O;0O;1K;0P;0H;0H;0H;0H;0I;0H;0I;2A;2B;36;2B;23;24;23;24;25;23;24;24;24;56;25;17;17;17;17;18;17;18;82;83;114;83;75;76;75;76;77;75;76;55;55;87;56;48;48;48;48;49;48;49;113;114;145;114;106;107;106;107;108;106;107;0O;1K;0P;2M;0I;0H;0I;65;2Q;;;24;56;25;94;18;17;18;221;98;;;55;87;56;125;49;48;49;252;129;;;0;
267;DUOXJ00101;7;55;2A2N342Y372T2324252324;q~Ź‰’„jkljk;111I1C1L17100I0H0I63120;DUOXJC101úE;23;D;U;O;X;J;0;0;1;0;1;13;30;24;33;19;0;0;1;0;1;68;85;79;88;74;48;48;49;48;49;0O;11;1I;1C;1L;17;0H;0H;0I;0H;0I;2A;2N;34;2Y;37;2T;23;24;25;23;24;24;37;54;48;57;43;17;17;18;17;18;82;95;112;106;115;101;75;76;77;75;76;55;68;85;79;88;74;48;48;49;48;49;113;126;143;137;146;132;106;107;108;106;107;11;1I;1C;1L;17;10;0I;0H;0I;63;12;37;54;48;57;43;36;18;17;18;219;38;68;85;79;88;74;67;49;48;49;250;69;0;0
268;2EG0900101;8;56;2C262P2R242D2425262425;sm€‚ktklmkl;0J12140H0Q110I0I0H63130;2EG09D110úF;23;2;E;G;0;9;0;0;1;0;1;2;14;16;0;9;0;0;1;0;1;50;69;71;48;57;48;48;49;48;49;0P;0J;12;14;0H;0Q;0H;0H;0I;0H;0I;2C;26;2P;2R;24;2D;24;25;26;24;25;25;19;38;40;17;26;17;17;18;17;18;84;78;97;99;76;85;76;77;78;76;77;56;50;69;71;48;57;48;48;49;48;49;115;109;128;130;107;116;107;108;109;107;108;0J;12;14;0H;0Q;11;0I;0I;0H;63;13;19;38;40;17;26;37;18;18;17;219;39;50;69;71;48;57;68;49;49;48;250;70;0;0
269;8W80000101;8;56;2C2D372C24252425262425;st’sklklmkl;0P1K0P2N0I0I0H652R;8W8~110ü‚;18;8;W;8;0;0;0;0;1;0;1;8;32;8;0;0;0;0;1;0;1;56;87;56;48;48;48;48;49;48;49;0P;0P;1K;0P;0H;0H;0H;0H;0I;0H;0I;2C;2D;37;2C;24;25;24;25;26;24;25;25;25;56;25;17;17;17;17;18;17;18;84;85;115;84;76;77;76;77;78;76;77;56;56;87;56;48;48;48;48;49;48;49;115;116;146;115;107;108;107;108;109;107;108;0P;1K;0P;2N;0I;0I;0H;65;2R;;;25;56;25;95;18;18;17;221;99;;;56;87;56;126;49;49;48;252;130;;;0;
270;1UB0000101;9;57;2E26362N25262526272526;um‘~lmlmnlm;0I1I0Z010I0I0H6505;1UB 110ü$;18;1;U;B;0;0;0;0;1;0;1;1;30;11;0;0;0;0;1;0;1;49;85;66;48;48;48;48;49;48;49;0Q;0I;1I;0Z;0H;0H;0H;0H;0I;0H;0I;2E;26;36;2N;25;26;25;26;27;25;26;26;18;54;35;17;17;17;17;18;17;18;86;78;114;95;77;78;77;78;79;77;78;57;49;85;66;48;48;48;48;49;48;49;117;109;145;126;108;109;108;109;110;108;109;0I;1I;0Z;01;0I;0I;0H;65;05;;;18;54;35;1;18;18;17;221;5;;;49;85;66;32;49;49;48;252;36;;;0;
271;9W80000101;9;57;2E2F382D25262526272526;uv“tlmlmnlm;0Q1K0P010I0I0H6505;9W8 110ü$;18;9;W;8;0;0;0;0;1;0;1;9;32;8;0;0;0;0;1;0;1;57;87;56;48;48;48;48;49;48;49;0Q;0Q;1K;0P;0H;0H;0H;0H;0I;0H;0I;2E;2F;38;2D;25;26;25;26;27;25;26;26;26;56;25;17;17;17;17;18;17;18;86;87;116;85;77;78;77;78;79;77;78;57;57;87;56;48;48;48;48;49;48;49;117;118;147;116;108;109;108;109;110;108;109;0Q;1K;0P;01;0I;0I;0H;65;05;;;26;56;25;1;18;18;17;221;5;;;57;87;56;32;49;49;48;252;36;;;0;
272;GQ00000101;9;57;2E2S322526252625262526;uŤlmlmlmlm;141E1B0I0H0I661G0;GQN101ýS;17;G;Q;0;0;0;0;0;1;0;1;16;26;0;0;0;0;0;1;0;1;71;81;48;48;48;48;48;49;48;49;0Q;14;1E;0H;0H;0H;0H;0H;0I;0H;0I;2E;2S;32;25;26;25;26;25;26;25;26;26;40;50;17;17;17;17;17;18;17;18;86;100;110;77;78;77;78;77;78;77;78;57;71;81;48;48;48;48;48;49;48;49;117;131;141;108;109;108;109;108;109;108;109;14;1E;1B;0I;0H;0I;66;1G;;;;40;50;47;18;17;18;222;52;;;;71;81;78;49;48;49;253;83;;;;0;0
273;IZSLJ00101;9;57;2E2U3B342X2V2526272526;u…–Ź†lmnlm;161N1G1917120I0H0I63140;IZSLJE101úG;23;I;Z;S;L;J;0;0;1;0;1;18;35;28;21;19;0;0;1;0;1;73;90;83;76;74;48;48;49;48;49;0Q;16;1N;1G;19;17;0H;0H;0I;0H;0I;2E;2U;3B;34;2X;2V;25;26;27;25;26;26;42;59;52;45;43;17;17;18;17;18;86;102;119;112;105;103;77;78;79;77;78;57;73;90;83;76;74;48;48;49;48;49;117;133;150;143;136;134;108;109;110;108;109;16;1N;1G;19;17;12;0I;0H;0I;63;14;42;59;52;45;43;38;18;17;18;219;40;73;90;83;76;74;69;49;48;49;250;71;0;0
274;JYSLJ00101;9;57;2E2V3A342X2V2526272526;u†•Ź†lmnlm;171M1G1917120I0H0I63140;JYSLJE101úG;23;J;Y;S;L;J;0;0;1;0;1;19;34;28;21;19;0;0;1;0;1;74;89;83;76;74;48;48;49;48;49;0Q;17;1M;1G;19;17;0H;0H;0I;0H;0I;2E;2V;3A;34;2X;2V;25;26;27;25;26;26;43;58;52;45;43;17;17;18;17;18;86;103;118;112;105;103;77;78;79;77;78;57;74;89;83;76;74;48;48;49;48;49;117;134;149;143;136;134;108;109;110;108;109;17;1M;1G;19;17;12;0I;0H;0I;63;14;43;58;52;45;43;38;18;17;18;219;40;74;89;83;76;74;69;49;48;49;250;71;0;0
275;1VB0000101;:;58;2G27382O26272627282627;wn“mnmnomn;0I1J0Z010I0I0H6505;1VB 110ü$;18;1;V;B;0;0;0;0;1;0;1;1;31;11;0;0;0;0;1;0;1;49;86;66;48;48;48;48;49;48;49;0R;0I;1J;0Z;0H;0H;0H;0H;0I;0H;0I;2G;27;38;2O;26;27;26;27;28;26;27;27;18;55;35;17;17;17;17;18;17;18;88;79;116;96;78;79;78;79;80;78;79;58;49;86;66;48;48;48;48;49;48;49;119;110;147;127;109;110;109;110;111;109;110;0I;1J;0Z;01;0I;0I;0H;65;05;;;18;55;35;1;18;18;17;221;5;;;49;86;66;32;49;49;48;252;36;;;0;
276;AW10000101;:;58;2G2N392726272627282627;w~”nmnmnomn;0Y1K0I010I0I0H6505;AW1 110ü$;18;A;W;1;0;0;0;0;1;0;1;10;32;1;0;0;0;0;1;0;1;65;87;49;48;48;48;48;49;48;49;0R;0Y;1K;0I;0H;0H;0H;0H;0I;0H;0I;2G;2N;39;27;26;27;26;27;28;26;27;27;34;56;18;17;17;17;17;18;17;18;88;95;117;79;78;79;78;79;80;78;79;58;65;87;49;48;48;48;48;49;48;49;119;126;148;110;109;110;109;110;111;109;110;0Y;1K;0I;01;0I;0I;0H;65;05;;;34;56;18;1;18;18;17;221;5;;;65;87;49;32;49;49;48;252;36;;;0;
277;KTQSJ00101;:;58;2G2X3633352W2627282627;w‘Ž‡mnomn;181H1E1G17130I0I0H63150;KTQSJF110úH;23;K;T;Q;S;J;0;0;1;0;1;20;29;26;28;19;0;0;1;0;1;75;84;81;83;74;48;48;49;48;49;0R;18;1H;1E;1G;17;0H;0H;0I;0H;0I;2G;2X;36;33;35;2W;26;27;28;26;27;27;44;53;50;52;43;17;17;18;17;18;88;105;114;111;113;104;78;79;80;78;79;58;75;84;81;83;74;48;48;49;48;49;119;136;145;142;144;135;109;110;111;109;110;18;1H;1E;1G;17;13;0I;0I;0H;63;15;44;53;50;52;43;39;18;18;17;219;41;75;84;81;83;74;70;49;49;48;250;72;0;0
278;1WB0000101;";";59;2I283A2P27282728292728;yo•€nonopno;0I1K0Z010I0I0H6505;1WB 110ü$;18;1;W;B;0;0;0;0;1;0;1;1;32;11;0;0;0;0;1;0;1;49;87;66;48;48;48;48;49;48;49;0S;0I;1K;0Z;0H;0H;0H;0H;0I;0H;0I;2I;28;3A;2P;27;28;27;28;29;27;28;28;18;56;35;17;17;17;17;18;17;18;90;80;118;97;79;80;79;80;81;79;80;59;49;87;66;48;48;48;48;49;48;49;121;111;149;128;110;111;110;111;112;110;111;0I;1K;0Z;01;0I;0I;0H;65;05;;;18;56;35;1;18;18;17;221;5;;;49;87;66;32;49;49;48;252;36;;;0;
279;2000000101;";";59;2I29272827282728292728;ypnononopno;0J180I0H0I671E0;2K101ţQ;15;2;0;0;0;0;0;0;1;0;1;2;0;0;0;0;0;0;1;0;1;50;48;48;48;48;48;48;49;48;49;0S;0J;0H;0H;0H;0H;0H;0H;0I;0H;0I;2I;29;27;28;27;28;27;28;29;27;28;28;19;17;17;17;17;17;17;18;17;18;90;81;79;80;79;80;79;80;81;79;80;59;50;48;48;48;48;48;48;49;48;49;121;112;110;111;110;111;110;111;112;110;111;0J;18;0I;0H;0I;67;1E;;;;;19;44;18;17;18;223;50;;;;;50;75;49;48;49;254;81;;;;;0;0
280;3VA0000101;";";59;2I2A392O27282728292728;yq”nonopno;0K1J0Y010I0I0H6505;3VA 110ü$;18;3;V;A;0;0;0;0;1;0;1;3;31;10;0;0;0;0;1;0;1;51;86;65;48;48;48;48;49;48;49;0S;0K;1J;0Y;0H;0H;0H;0H;0I;0H;0I;2I;2A;39;2O;27;28;27;28;29;27;28;28;20;55;34;17;17;17;17;18;17;18;90;82;117;96;79;80;79;80;81;79;80;59;51;86;65;48;48;48;48;49;48;49;121;113;148;127;110;111;110;111;112;110;111;0K;1J;0Y;01;0I;0I;0H;65;05;;;20;55;34;1;18;18;17;221;5;;;51;86;65;32;49;49;48;252;36;;;0;
281;TXHPJ00101;";";59;2I373B2V332X2728292728;y’–†Žnopno;1H1L151D17140I0H0I63160;TXHPJG101úI;23;T;X;H;P;J;0;0;1;0;1;29;33;17;25;19;0;0;1;0;1;84;88;72;80;74;48;48;49;48;49;0S;1H;1L;15;1D;17;0H;0H;0I;0H;0I;2I;37;3B;2V;33;2X;27;28;29;27;28;28;53;57;41;49;43;17;17;18;17;18;90;115;119;103;111;105;79;80;81;79;80;59;84;88;72;80;74;48;48;49;48;49;121;146;150;134;142;136;110;111;112;110;111;1H;1L;15;1D;17;14;0I;0H;0I;63;16;53;57;41;49;43;40;18;17;18;219;42;84;88;72;80;74;71;49;48;49;250;73;0;0
282;1200000101;<;60;2K292A2829282928292829;{pqopopopop;0I0J2M0I0I0H662R0;12}110ý‚;17;1;2;0;0;0;0;0;1;0;1;1;2;0;0;0;0;0;1;0;1;49;50;48;48;48;48;48;49;48;49;0T;0I;0J;0H;0H;0H;0H;0H;0I;0H;0I;2K;29;2A;28;29;28;29;28;29;28;29;29;18;19;17;17;17;17;17;18;17;18;92;81;82;80;81;80;81;80;81;80;81;60;49;50;48;48;48;48;48;49;48;49;123;112;113;111;112;111;112;111;112;111;112;0I;0J;2M;0I;0I;0H;66;2R;;;;18;19;94;18;18;17;222;99;;;;49;50;125;49;49;48;253;130;;;;0;0
283;1WC0000101;<;60;2K293B2R282928292A2829;{p–‚opopqop;0I1K10010I0I0H6505;1WC 110ü$;18;1;W;C;0;0;0;0;1;0;1;1;32;12;0;0;0;0;1;0;1;49;87;67;48;48;48;48;49;48;49;0T;0I;1K;10;0H;0H;0H;0H;0I;0H;0I;2K;29;3B;2R;28;29;28;29;2A;28;29;29;18;56;36;17;17;17;17;18;17;18;92;81;119;99;80;81;80;81;82;80;81;60;49;87;67;48;48;48;48;49;48;49;123;112;150;130;111;112;111;112;113;111;112;0I;1K;10;01;0I;0I;0H;65;05;;;18;56;36;1;18;18;17;221;5;;;49;87;67;32;49;49;48;252;36;;;0;
284;2010000101;<;60;2K2A2829282928292A2829;{qopopopqop;0J0H0I170I0I0H651B;201J110üN;18;2;0;1;0;0;0;0;1;0;1;2;0;1;0;0;0;0;1;0;1;50;48;49;48;48;48;48;49;48;49;0T;0J;0H;0I;0H;0H;0H;0H;0I;0H;0I;2K;2A;28;29;28;29;28;29;2A;28;29;29;19;17;18;17;17;17;17;18;17;18;92;82;80;81;80;81;80;81;82;80;81;60;50;48;49;48;48;48;48;49;48;49;123;113;111;112;111;112;111;112;113;111;112;0J;0H;0I;17;0I;0I;0H;65;1B;;;19;17;18;43;18;18;17;221;47;;;50;48;49;74;49;49;48;252;78;;;0;
285;3WA0000101;<;60;2K2B3B2P282928292A2829;{r–€opopqop;0K1K0Y010I0I0H6505;3WA 110ü$;18;3;W;A;0;0;0;0;1;0;1;3;32;10;0;0;0;0;1;0;1;51;87;65;48;48;48;48;49;48;49;0T;0K;1K;0Y;0H;0H;0H;0H;0I;0H;0I;2K;2B;3B;2P;28;29;28;29;2A;28;29;29;20;56;34;17;17;17;17;18;17;18;92;83;119;97;80;81;80;81;82;80;81;60;51;87;65;48;48;48;48;49;48;49;123;114;150;128;111;112;111;112;113;111;112;0K;1K;0Y;01;0I;0I;0H;65;05;;;20;56;34;1;18;18;17;221;5;;;51;87;65;32;49;49;48;252;36;;;0;
286;5UA0000101;<;60;2K2D392P282928292A2829;{t”€opopqop;0M1I0Y010I0I0H6505;5UA 110ü$;18;5;U;A;0;0;0;0;1;0;1;5;30;10;0;0;0;0;1;0;1;53;85;65;48;48;48;48;49;48;49;0T;0M;1I;0Y;0H;0H;0H;0H;0I;0H;0I;2K;2D;39;2P;28;29;28;29;2A;28;29;29;22;54;34;17;17;17;17;18;17;18;92;85;117;97;80;81;80;81;82;80;81;60;53;85;65;48;48;48;48;49;48;49;123;116;148;128;111;112;111;112;113;111;112;0M;1I;0Y;01;0I;0I;0H;65;05;;;22;54;34;1;18;18;17;221;5;;;53;85;65;32;49;49;48;252;36;;;0;
287;UXKMJ00101;<;60;2K393C2Z312Y28292A2829;{”—ŠŚ‰opqop;1I1L181A17150I0I0H63170;UXKMJH110úJ;23;U;X;K;M;J;0;0;1;0;1;30;33;20;22;19;0;0;1;0;1;85;88;75;77;74;48;48;49;48;49;0T;1I;1L;18;1A;17;0H;0H;0I;0H;0I;2K;39;3C;2Z;31;2Y;28;29;2A;28;29;29;54;57;44;46;43;17;17;18;17;18;92;117;120;107;109;106;80;81;82;80;81;60;85;88;75;77;74;48;48;49;48;49;123;148;151;138;140;137;111;112;113;111;112;1I;1L;18;1A;17;15;0I;0I;0H;63;17;54;57;44;46;43;41;18;18;17;219;43;85;88;75;77;74;72;49;49;48;250;74;0;0
288;1300000101;=;61;2M2A2C292A292A292A292A;}qspqpqpqpq;0I0K010I0H0I66060;13 101ý%;17;1;3;0;0;0;0;0;1;0;1;1;3;0;0;0;0;0;1;0;1;49;51;48;48;48;48;48;49;48;49;0U;0I;0K;0H;0H;0H;0H;0H;0I;0H;0I;2M;2A;2C;29;2A;29;2A;29;2A;29;2A;30;18;20;17;17;17;17;17;18;17;18;94;82;84;81;82;81;82;81;82;81;82;61;49;51;48;48;48;48;48;49;48;49;125;113;115;112;113;112;113;112;113;112;113;0I;0K;01;0I;0H;0I;66;06;;;;18;20;1;18;17;18;222;6;;;;49;51;32;49;48;49;253;37;;;;0;0
289;1XC0000101;=;61;2M2A3D2S292A292A2B292A;}qpqpqrpq;0I1L10010I0I0H6505;1XC 110ü$;18;1;X;C;0;0;0;0;1;0;1;1;33;12;0;0;0;0;1;0;1;49;88;67;48;48;48;48;49;48;49;0U;0I;1L;10;0H;0H;0H;0H;0I;0H;0I;2M;2A;3D;2S;29;2A;29;2A;2B;29;2A;30;18;57;36;17;17;17;17;18;17;18;94;82;121;100;81;82;81;82;83;81;82;61;49;88;67;48;48;48;48;49;48;49;125;113;152;131;112;113;112;113;114;112;113;0I;1L;10;01;0I;0I;0H;65;05;;;18;57;36;1;18;18;17;221;5;;;49;88;67;32;49;49;48;252;36;;;0;
290;1YB0000101;=;61;2M2A3E2R292A292A2B292A;}q™‚pqpqrpq;0I1M0Z010I0I0H6505;1YB 110ü$;18;1;Y;B;0;0;0;0;1;0;1;1;34;11;0;0;0;0;1;0;1;49;89;66;48;48;48;48;49;48;49;0U;0I;1M;0Z;0H;0H;0H;0H;0I;0H;0I;2M;2A;3E;2R;29;2A;29;2A;2B;29;2A;30;18;58;35;17;17;17;17;18;17;18;94;82;122;99;81;82;81;82;83;81;82;61;49;89;66;48;48;48;48;49;48;49;125;113;153;130;112;113;112;113;114;112;113;0I;1M;0Z;01;0I;0I;0H;65;05;;;18;58;35;1;18;18;17;221;5;;;49;89;66;32;49;49;48;252;36;;;0;
291;1ZA0000101;=;61;2M2A3F2Q292A292A2B292A;}qšpqpqrpq;0I1N0Y010I0I0H6505;1ZA 110ü$;18;1;Z;A;0;0;0;0;1;0;1;1;35;10;0;0;0;0;1;0;1;49;90;65;48;48;48;48;49;48;49;0U;0I;1N;0Y;0H;0H;0H;0H;0I;0H;0I;2M;2A;3F;2Q;29;2A;29;2A;2B;29;2A;30;18;59;34;17;17;17;17;18;17;18;94;82;123;98;81;82;81;82;83;81;82;61;49;90;65;48;48;48;48;49;48;49;125;113;154;129;112;113;112;113;114;112;113;0I;1N;0Y;01;0I;0I;0H;65;05;;;18;59;34;1;18;18;17;221;5;;;49;90;65;32;49;49;48;252;36;;;0;
292;2200000101;=;61;2M2B2C292A292A292A292A;}rspqpqpqpq;0J0J010I0H0I66060;22 101ý%;17;2;2;0;0;0;0;0;1;0;1;2;2;0;0;0;0;0;1;0;1;50;50;48;48;48;48;48;49;48;49;0U;0J;0J;0H;0H;0H;0H;0H;0I;0H;0I;2M;2B;2C;29;2A;29;2A;29;2A;29;2A;30;19;19;17;17;17;17;17;18;17;18;94;83;84;81;82;81;82;81;82;81;82;61;50;50;48;48;48;48;48;49;48;49;125;114;115;112;113;112;113;112;113;112;113;0J;0J;01;0I;0H;0I;66;06;;;;19;19;1;18;17;18;222;6;;;;50;50;32;49;48;49;253;37;;;;0;0
293;2XB0000101;=;61;2M2B3D2R292A292A2B292A;}r‚pqpqrpq;0J1L0Z010I0I0H6505;2XB 110ü$;18;2;X;B;0;0;0;0;1;0;1;2;33;11;0;0;0;0;1;0;1;50;88;66;48;48;48;48;49;48;49;0U;0J;1L;0Z;0H;0H;0H;0H;0I;0H;0I;2M;2B;3D;2R;29;2A;29;2A;2B;29;2A;30;19;57;35;17;17;17;17;18;17;18;94;83;121;99;81;82;81;82;83;81;82;61;50;88;66;48;48;48;48;49;48;49;125;114;152;130;112;113;112;113;114;112;113;0J;1L;0Z;01;0I;0I;0H;65;05;;;19;57;35;1;18;18;17;221;5;;;50;88;66;32;49;49;48;252;36;;;0;
294;2YA0000101;=;61;2M2B3E2Q292A292A2B292A;}r™pqpqrpq;0J1M0Y010I0I0H6505;2YA 110ü$;18;2;Y;A;0;0;0;0;1;0;1;2;34;10;0;0;0;0;1;0;1;50;89;65;48;48;48;48;49;48;49;0U;0J;1M;0Y;0H;0H;0H;0H;0I;0H;0I;2M;2B;3E;2Q;29;2A;29;2A;2B;29;2A;30;19;58;34;17;17;17;17;18;17;18;94;83;122;98;81;82;81;82;83;81;82;61;50;89;65;48;48;48;48;49;48;49;125;114;153;129;112;113;112;113;114;112;113;0J;1M;0Y;01;0I;0I;0H;65;05;;;19;58;34;1;18;18;17;221;5;;;50;89;65;32;49;49;48;252;36;;;0;
295;NTQSJ00101;=;61;2M333936382Z292A2B292A;}Ž”‘“Špqrpq;1B1H1E1G17160I0H0I63180;NTQSJI101úK;23;N;T;Q;S;J;0;0;1;0;1;23;29;26;28;19;0;0;1;0;1;78;84;81;83;74;48;48;49;48;49;0U;1B;1H;1E;1G;17;0H;0H;0I;0H;0I;2M;33;39;36;38;2Z;29;2A;2B;29;2A;30;47;53;50;52;43;17;17;18;17;18;94;111;117;114;116;107;81;82;83;81;82;61;78;84;81;83;74;48;48;49;48;49;125;142;148;145;147;138;112;113;114;112;113;1B;1H;1E;1G;17;16;0I;0H;0I;63;18;47;53;50;52;43;42;18;17;18;219;44;78;84;81;83;74;73;49;48;49;250;75;0;0
296;1400000101;>;62;2O2B2E2A2B2A2B2A2B2A2B;ruqrqrqrqr;0I0L010I0H0I66060;14 101ý%;17;1;4;0;0;0;0;0;1;0;1;1;4;0;0;0;0;0;1;0;1;49;52;48;48;48;48;48;49;48;49;0V;0I;0L;0H;0H;0H;0H;0H;0I;0H;0I;2O;2B;2E;2A;2B;2A;2B;2A;2B;2A;2B;31;18;21;17;17;17;17;17;18;17;18;96;83;86;82;83;82;83;82;83;82;83;62;49;52;48;48;48;48;48;49;48;49;127;114;117;113;114;113;114;113;114;113;114;0I;0L;01;0I;0H;0I;66;06;;;;18;21;1;18;17;18;222;6;;;;49;52;32;49;48;49;253;37;;;;0;0
297;1ZB0000101;>;62;2O2B3G2S2A2B2A2B2C2A2B;r›qrqrsqr;0I1N0Z010I0I0H6505;1ZB 110ü$;18;1;Z;B;0;0;0;0;1;0;1;1;35;11;0;0;0;0;1;0;1;49;90;66;48;48;48;48;49;48;49;0V;0I;1N;0Z;0H;0H;0H;0H;0I;0H;0I;2O;2B;3G;2S;2A;2B;2A;2B;2C;2A;2B;31;18;59;35;17;17;17;17;18;17;18;96;83;124;100;82;83;82;83;84;82;83;62;49;90;66;48;48;48;48;49;48;49;127;114;155;131;113;114;113;114;115;113;114;0I;1N;0Z;01;0I;0I;0H;65;05;;;18;59;35;1;18;18;17;221;5;;;49;90;66;32;49;49;48;252;36;;;0;
298;3200000101;>;62;2O2D2C2A2B2A2B2A2B2A2B;tsqrqrqrqr;0K0J010I0H0I66060;32 101ý%;17;3;2;0;0;0;0;0;1;0;1;3;2;0;0;0;0;0;1;0;1;51;50;48;48;48;48;48;49;48;49;0V;0K;0J;0H;0H;0H;0H;0H;0I;0H;0I;2O;2D;2C;2A;2B;2A;2B;2A;2B;2A;2B;31;20;19;17;17;17;17;17;18;17;18;96;85;84;82;83;82;83;82;83;82;83;62;51;50;48;48;48;48;48;49;48;49;127;116;115;113;114;113;114;113;114;113;114;0K;0J;01;0I;0H;0I;66;06;;;;20;19;1;18;17;18;222;6;;;;51;50;32;49;48;49;253;37;;;;0;0
299;1050000101;?;63;2Q2C2B2G2B2C2B2C2D2B2C;srwrsrstrs;0I0H0M1A0I0H0I651E;105M101üQ;18;1;0;5;0;0;0;0;1;0;1;1;0;5;0;0;0;0;1;0;1;49;48;53;48;48;48;48;49;48;49;0W;0I;0H;0M;0H;0H;0H;0H;0I;0H;0I;2Q;2C;2B;2G;2B;2C;2B;2C;2D;2B;2C;32;18;17;22;17;17;17;17;18;17;18;98;84;83;88;83;84;83;84;85;83;84;63;49;48;53;48;48;48;48;49;48;49;129;115;114;119;114;115;114;115;116;114;115;0I;0H;0M;1A;0I;0H;0I;65;1E;;;18;17;22;46;18;17;18;221;50;;;49;48;53;77;49;48;49;252;81;;;0;
300;1E1AF00101;?;63;2Q2C2W2C2S2X2B2C2D2B2C;s‡srstrs;0I120I0Y13180I0H0I631A0;1E1AFK101úM;23;1;E;1;A;F;0;0;1;0;1;1;14;1;10;15;0;0;1;0;1;49;69;49;65;70;48;48;49;48;49;0W;0I;12;0I;0Y;13;0H;0H;0I;0H;0I;2Q;2C;2W;2C;2S;2X;2B;2C;2D;2B;2C;32;18;38;18;34;39;17;17;18;17;18;98;84;104;84;100;105;83;84;85;83;84;63;49;69;49;65;70;48;48;49;48;49;129;115;135;115;131;136;114;115;116;114;115;0I;12;0I;0Y;13;18;0I;0H;0I;63;1A;18;38;18;34;39;44;18;17;18;219;46;49;69;49;65;70;75;49;48;49;250;77;0;0
301;2400000101;?;63;2Q2D2F2B2C2B2C2B2C2B2C;tvrsrsrsrs;0J0L010I0H0I66060;24 101ý%;17;2;4;0;0;0;0;0;1;0;1;2;4;0;0;0;0;0;1;0;1;50;52;48;48;48;48;48;49;48;49;0W;0J;0L;0H;0H;0H;0H;0H;0I;0H;0I;2Q;2D;2F;2B;2C;2B;2C;2B;2C;2B;2C;32;19;21;17;17;17;17;17;18;17;18;98;85;87;83;84;83;84;83;84;83;84;63;50;52;48;48;48;48;48;49;48;49;129;116;118;114;115;114;115;114;115;114;115;0J;0L;01;0I;0H;0I;66;06;;;;19;21;1;18;17;18;222;6;;;;50;52;32;49;48;49;253;37;;;;0;0
302;IWTTJ00101;?;63;2Q303E3B3C312B2C2D2B2C;‹™–—Śrstrs;161K1H1H17180I0H0I631A0;IWTTJK101úM;23;I;W;T;T;J;0;0;1;0;1;18;32;29;29;19;0;0;1;0;1;73;87;84;84;74;48;48;49;48;49;0W;16;1K;1H;1H;17;0H;0H;0I;0H;0I;2Q;30;3E;3B;3C;31;2B;2C;2D;2B;2C;32;42;56;53;53;43;17;17;18;17;18;98;108;122;119;120;109;83;84;85;83;84;63;73;87;84;84;74;48;48;49;48;49;129;139;153;150;151;140;114;115;116;114;115;16;1K;1H;1H;17;18;0I;0H;0I;63;1A;42;56;53;53;43;44;18;17;18;219;46;73;87;84;84;74;75;49;48;49;250;77;0;0
303;XXKMJ00101;?;63;2Q3F3G3234312B2C2D2B2C;š›ŤŹŚrstrs;1L1L181A17180I0H0I631A0;XXKMJK101úM;23;X;X;K;M;J;0;0;1;0;1;33;33;20;22;19;0;0;1;0;1;88;88;75;77;74;48;48;49;48;49;0W;1L;1L;18;1A;17;0H;0H;0I;0H;0I;2Q;3F;3G;32;34;31;2B;2C;2D;2B;2C;32;57;57;44;46;43;17;17;18;17;18;98;123;124;110;112;109;83;84;85;83;84;63;88;88;75;77;74;48;48;49;48;49;129;154;155;141;143;140;114;115;116;114;115;1L;1L;18;1A;17;18;0I;0H;0I;63;1A;57;57;44;46;43;44;18;17;18;219;46;88;88;75;77;74;75;49;48;49;250;77;0;0
304;1600000101;@;64;2S2D2I2C2D2C2D2C2D2C2D;tystststst;0I0N010I0H0I66060;16 101ý%;17;1;6;0;0;0;0;0;1;0;1;1;6;0;0;0;0;0;1;0;1;49;54;48;48;48;48;48;49;48;49;0X;0I;0N;0H;0H;0H;0H;0H;0I;0H;0I;2S;2D;2I;2C;2D;2C;2D;2C;2D;2C;2D;33;18;23;17;17;17;17;17;18;17;18;100;85;90;84;85;84;85;84;85;84;85;64;49;54;48;48;48;48;48;49;48;49;131;116;121;115;116;115;116;115;116;115;116;0I;0N;01;0I;0H;0I;66;06;;;;18;23;1;18;17;18;222;6;;;;49;54;32;49;48;49;253;37;;;;0;0
305;2050000101;@;64;2S2E2C2H2C2D2C2D2E2C2D;usxststust;0J0H0M1B0I0I0H651F;205N110üR;18;2;0;5;0;0;0;0;1;0;1;2;0;5;0;0;0;0;1;0;1;50;48;53;48;48;48;48;49;48;49;0X;0J;0H;0M;0H;0H;0H;0H;0I;0H;0I;2S;2E;2C;2H;2C;2D;2C;2D;2E;2C;2D;33;19;17;22;17;17;17;17;18;17;18;100;86;84;89;84;85;84;85;86;84;85;64;50;48;53;48;48;48;48;49;48;49;131;117;115;120;115;116;115;116;117;115;116;0J;0H;0M;1B;0I;0I;0H;65;1F;;;19;17;22;47;18;18;17;221;51;;;50;48;53;78;49;49;48;252;82;;;0;
306;3400000101;@;64;2S2F2G2C2D2C2D2C2D2C2D;vwstststst;0K0L010I0H0I66060;34 101ý%;17;3;4;0;0;0;0;0;1;0;1;3;4;0;0;0;0;0;1;0;1;51;52;48;48;48;48;48;49;48;49;0X;0K;0L;0H;0H;0H;0H;0H;0I;0H;0I;2S;2F;2G;2C;2D;2C;2D;2C;2D;2C;2D;33;20;21;17;17;17;17;17;18;17;18;100;87;88;84;85;84;85;84;85;84;85;64;51;52;48;48;48;48;48;49;48;49;131;118;119;115;116;115;116;115;116;115;116;0K;0L;01;0I;0H;0I;66;06;;;;20;21;1;18;17;18;222;6;;;;51;52;32;49;48;49;253;37;;;;0;0
307;4400000101;A;65;2U2H2I2D2E2D2E2D2E2D2E;…xytutututu;0L0L010I0H0I66060;44 101ý%;17;4;4;0;0;0;0;0;1;0;1;4;4;0;0;0;0;0;1;0;1;52;52;48;48;48;48;48;49;48;49;0Y;0L;0L;0H;0H;0H;0H;0H;0I;0H;0I;2U;2H;2I;2D;2E;2D;2E;2D;2E;2D;2E;34;21;21;17;17;17;17;17;18;17;18;102;89;90;85;86;85;86;85;86;85;86;65;52;52;48;48;48;48;48;49;48;49;133;120;121;116;117;116;117;116;117;116;117;0L;0L;01;0I;0H;0I;66;06;;;;21;21;1;18;17;18;222;6;;;;52;52;32;49;48;49;253;37;;;;0;0
308;1260000101;B;66;2W2F2G2K2E2F2E2F2G2E2F;‡vw{uvuvwuv;0I0J0N1D0I0I0H651H;126P110üT;18;1;2;6;0;0;0;0;1;0;1;1;2;6;0;0;0;0;1;0;1;49;50;54;48;48;48;48;49;48;49;0Z;0I;0J;0N;0H;0H;0H;0H;0I;0H;0I;2W;2F;2G;2K;2E;2F;2E;2F;2G;2E;2F;35;18;19;23;17;17;17;17;18;17;18;104;87;88;92;86;87;86;87;88;86;87;66;49;50;54;48;48;48;48;49;48;49;135;118;119;123;117;118;117;118;119;117;118;0I;0J;0N;1D;0I;0I;0H;65;1H;;;18;19;23;49;18;18;17;221;53;;;49;50;54;80;49;49;48;252;84;;;0;
309;1530000101;B;66;2W2F2J2H2E2F2E2F2G2E2F;‡vzxuvuvwuv;0I0M0K1D0I0I0H651H;153P110üT;18;1;5;3;0;0;0;0;1;0;1;1;5;3;0;0;0;0;1;0;1;49;53;51;48;48;48;48;49;48;49;0Z;0I;0M;0K;0H;0H;0H;0H;0I;0H;0I;2W;2F;2J;2H;2E;2F;2E;2F;2G;2E;2F;35;18;22;20;17;17;17;17;18;17;18;104;87;91;89;86;87;86;87;88;86;87;66;49;53;51;48;48;48;48;49;48;49;135;118;122;120;117;118;117;118;119;117;118;0I;0M;0K;1D;0I;0I;0H;65;1H;;;18;22;20;49;18;18;17;221;53;;;49;53;51;80;49;49;48;252;84;;;0;
310;2700000101;B;66;2W2G2L2E2F2E2F2E2F2E2F;‡w|uvuvuvuv;0J0O010I0H0I66060;27 101ý%;17;2;7;0;0;0;0;0;1;0;1;2;7;0;0;0;0;0;1;0;1;50;55;48;48;48;48;48;49;48;49;0Z;0J;0O;0H;0H;0H;0H;0H;0I;0H;0I;2W;2G;2L;2E;2F;2E;2F;2E;2F;2E;2F;35;19;24;17;17;17;17;17;18;17;18;104;88;93;86;87;86;87;86;87;86;87;66;50;55;48;48;48;48;48;49;48;49;135;119;124;117;118;117;118;117;118;117;118;0J;0O;01;0I;0H;0I;66;06;;;;19;24;1;18;17;18;222;6;;;;50;55;32;49;48;49;253;37;;;;0;0
311;3510000101;B;66;2W2H2J2F2E2F2E2F2G2E2F;‡xzvuvuvwuv;0K0M0I1D0I0I0H651H;351P110üT;18;3;5;1;0;0;0;0;1;0;1;3;5;1;0;0;0;0;1;0;1;51;53;49;48;48;48;48;49;48;49;0Z;0K;0M;0I;0H;0H;0H;0H;0I;0H;0I;2W;2H;2J;2F;2E;2F;2E;2F;2G;2E;2F;35;20;22;18;17;17;17;17;18;17;18;104;89;91;87;86;87;86;87;88;86;87;66;51;53;49;48;48;48;48;49;48;49;135;120;122;118;117;118;117;118;119;117;118;0K;0M;0I;1D;0I;0I;0H;65;1H;;;20;22;18;49;18;18;17;221;53;;;51;53;49;80;49;49;48;252;84;;;0;
312;7200000101;B;66;2W2L2G2E2F2E2F2E2F2E2F;‡|wuvuvuvuv;0O0J010I0H0I66060;72 101ý%;17;7;2;0;0;0;0;0;1;0;1;7;2;0;0;0;0;0;1;0;1;55;50;48;48;48;48;48;49;48;49;0Z;0O;0J;0H;0H;0H;0H;0H;0I;0H;0I;2W;2L;2G;2E;2F;2E;2F;2E;2F;2E;2F;35;24;19;17;17;17;17;17;18;17;18;104;93;88;86;87;86;87;86;87;86;87;66;55;50;48;48;48;48;48;49;48;49;135;124;119;117;118;117;118;117;118;117;118;0O;0J;01;0I;0H;0I;66;06;;;;24;19;1;18;17;18;222;6;;;;55;50;32;49;48;49;253;37;;;;0;0
313;8010000101;B;66;2W2M2E2F2E2F2E2F2G2E2F;‡}uvuvuvwuv;0P0H0I1D0I0I0H651H;801P110üT;18;8;0;1;0;0;0;0;1;0;1;8;0;1;0;0;0;0;1;0;1;56;48;49;48;48;48;48;49;48;49;0Z;0P;0H;0I;0H;0H;0H;0H;0I;0H;0I;2W;2M;2E;2F;2E;2F;2E;2F;2G;2E;2F;35;25;17;18;17;17;17;17;18;17;18;104;94;86;87;86;87;86;87;88;86;87;66;56;48;49;48;48;48;48;49;48;49;135;125;117;118;117;118;117;118;119;117;118;0P;0H;0I;1D;0I;0I;0H;65;1H;;;25;17;18;49;18;18;17;221;53;;;56;48;49;80;49;49;48;252;84;;;0;
314;ZMQSJ00101;B;66;2W3K373B3D342E2F2G2E2F;‡ź’–Źuvwuv;1N1A1E1G171B0I0I0H631D0;ZMQSJN110úP;23;Z;M;Q;S;J;0;0;1;0;1;35;22;26;28;19;0;0;1;0;1;90;77;81;83;74;48;48;49;48;49;0Z;1N;1A;1E;1G;17;0H;0H;0I;0H;0I;2W;3K;37;3B;3D;34;2E;2F;2G;2E;2F;35;59;46;50;52;43;17;17;18;17;18;104;128;115;119;121;112;86;87;88;86;87;66;90;77;81;83;74;48;48;49;48;49;135;159;146;150;152;143;117;118;119;117;118;1N;1A;1E;1G;17;1B;0I;0I;0H;63;1D;59;46;50;52;43;47;18;18;17;219;49;90;77;81;83;74;78;49;49;48;250;80;0;0
315;1090000101;C;67;2Y2G2F2O2F2G2F2G2H2F2G;‰wvvwvwxvw;0I0H0Q1E0I0H0I651I;109Q101üU;18;1;0;9;0;0;0;0;1;0;1;1;0;9;0;0;0;0;1;0;1;49;48;57;48;48;48;48;49;48;49;10;0I;0H;0Q;0H;0H;0H;0H;0I;0H;0I;2Y;2G;2F;2O;2F;2G;2F;2G;2H;2F;2G;36;18;17;26;17;17;17;17;18;17;18;106;88;87;96;87;88;87;88;89;87;88;67;49;48;57;48;48;48;48;49;48;49;137;119;118;127;118;119;118;119;120;118;119;0I;0H;0Q;1E;0I;0H;0I;65;1I;;;18;17;26;50;18;17;18;221;54;;;49;48;57;81;49;48;49;252;85;;;0;
316;1270000101;C;67;2Y2G2H2M2F2G2F2G2H2F2G;‰wx}vwvwxvw;0I0J0O1E0I0H0I651I;127Q101üU;18;1;2;7;0;0;0;0;1;0;1;1;2;7;0;0;0;0;1;0;1;49;50;55;48;48;48;48;49;48;49;10;0I;0J;0O;0H;0H;0H;0H;0I;0H;0I;2Y;2G;2H;2M;2F;2G;2F;2G;2H;2F;2G;36;18;19;24;17;17;17;17;18;17;18;106;88;89;94;87;88;87;88;89;87;88;67;49;50;55;48;48;48;48;49;48;49;137;119;120;125;118;119;118;119;120;118;119;0I;0J;0O;1E;0I;0H;0I;65;1I;;;18;19;24;50;18;17;18;221;54;;;49;50;55;81;49;48;49;252;85;;;0;
317;1900000101;C;67;2Y2G2O2F2G2F2G2F2G2F2G;‰wvwvwvwvw;0I0Q010I0H0I66060;19 101ý%;17;1;9;0;0;0;0;0;1;0;1;1;9;0;0;0;0;0;1;0;1;49;57;48;48;48;48;48;49;48;49;10;0I;0Q;0H;0H;0H;0H;0H;0I;0H;0I;2Y;2G;2O;2F;2G;2F;2G;2F;2G;2F;2G;36;18;26;17;17;17;17;17;18;17;18;106;88;96;87;88;87;88;87;88;87;88;67;49;57;48;48;48;48;48;49;48;49;137;119;127;118;119;118;119;118;119;118;119;0I;0Q;01;0I;0H;0I;66;06;;;;18;26;1;18;17;18;222;6;;;;49;57;32;49;48;49;253;37;;;;0;0
318;2170000101;C;67;2Y2H2G2M2F2G2F2G2H2F2G;‰xw}vwvwxvw;0J0I0O1E0I0H0I651I;217Q101üU;18;2;1;7;0;0;0;0;1;0;1;2;1;7;0;0;0;0;1;0;1;50;49;55;48;48;48;48;49;48;49;10;0J;0I;0O;0H;0H;0H;0H;0I;0H;0I;2Y;2H;2G;2M;2F;2G;2F;2G;2H;2F;2G;36;19;18;24;17;17;17;17;18;17;18;106;89;88;94;87;88;87;88;89;87;88;67;50;49;55;48;48;48;48;49;48;49;137;120;119;125;118;119;118;119;120;118;119;0J;0I;0O;1E;0I;0H;0I;65;1I;;;19;18;24;50;18;17;18;221;54;;;50;49;55;81;49;48;49;252;85;;;0;
319;2350000101;C;67;2Y2H2I2K2F2G2F2G2H2F2G;‰xy{vwvwxvw;0J0K0M1E0I0H0I651I;235Q101üU;18;2;3;5;0;0;0;0;1;0;1;2;3;5;0;0;0;0;1;0;1;50;51;53;48;48;48;48;49;48;49;10;0J;0K;0M;0H;0H;0H;0H;0I;0H;0I;2Y;2H;2I;2K;2F;2G;2F;2G;2H;2F;2G;36;19;20;22;17;17;17;17;18;17;18;106;89;90;92;87;88;87;88;89;87;88;67;50;51;53;48;48;48;48;49;48;49;137;120;121;123;118;119;118;119;120;118;119;0J;0K;0M;1E;0I;0H;0I;65;1I;;;19;20;22;50;18;17;18;221;54;;;50;51;53;81;49;48;49;252;85;;;0;
320;8200000101;C;67;2Y2N2H2F2G2F2G2F2G2F2G;‰~xvwvwvwvw;0P0J010I0H0I66060;82 101ý%;17;8;2;0;0;0;0;0;1;0;1;8;2;0;0;0;0;0;1;0;1;56;50;48;48;48;48;48;49;48;49;10;0P;0J;0H;0H;0H;0H;0H;0I;0H;0I;2Y;2N;2H;2F;2G;2F;2G;2F;2G;2F;2G;36;25;19;17;17;17;17;17;18;17;18;106;95;89;87;88;87;88;87;88;87;88;67;56;50;48;48;48;48;48;49;48;49;137;126;120;118;119;118;119;118;119;118;119;0P;0J;01;0I;0H;0I;66;06;;;;25;19;1;18;17;18;222;6;;;;56;50;32;49;48;49;253;37;;;;0;0
321;9100000101;C;67;2Y2O2G2F2G2F2G2F2G2F2G;‰wvwvwvwvw;0Q0I010I0H0I66060;91 101ý%;17;9;1;0;0;0;0;0;1;0;1;9;1;0;0;0;0;0;1;0;1;57;49;48;48;48;48;48;49;48;49;10;0Q;0I;0H;0H;0H;0H;0H;0I;0H;0I;2Y;2O;2G;2F;2G;2F;2G;2F;2G;2F;2G;36;26;18;17;17;17;17;17;18;17;18;106;96;88;87;88;87;88;87;88;87;88;67;57;49;48;48;48;48;48;49;48;49;137;127;119;118;119;118;119;118;119;118;119;0Q;0I;01;0I;0H;0I;66;06;;;;26;18;1;18;17;18;222;6;;;;57;49;32;49;48;49;253;37;;;;0;0
322;1370000101;D;68;302H2J2N2G2H2G2H2I2G2H;‹xz~wxwxywx;0I0K0O1F0I0I0H651J;137R110üV;18;1;3;7;0;0;0;0;1;0;1;1;3;7;0;0;0;0;1;0;1;49;51;55;48;48;48;48;49;48;49;11;0I;0K;0O;0H;0H;0H;0H;0I;0H;0I;30;2H;2J;2N;2G;2H;2G;2H;2I;2G;2H;37;18;20;24;17;17;17;17;18;17;18;108;89;91;95;88;89;88;89;90;88;89;68;49;51;55;48;48;48;48;49;48;49;139;120;122;126;119;120;119;120;121;119;120;0I;0K;0O;1F;0I;0I;0H;65;1J;;;18;20;24;51;18;18;17;221;55;;;49;51;55;82;49;49;48;252;86;;;0;
323;3800000101;D;68;302J2O2G2H2G2H2G2H2G2H;‹zwxwxwxwx;0K0P020I0I0H66070;38!110ý&;17;3;8;0;0;0;0;0;1;0;1;3;8;0;0;0;0;0;1;0;1;51;56;48;48;48;48;48;49;48;49;11;0K;0P;0H;0H;0H;0H;0H;0I;0H;0I;30;2J;2O;2G;2H;2G;2H;2G;2H;2G;2H;37;20;25;17;17;17;17;17;18;17;18;108;91;96;88;89;88;89;88;89;88;89;68;51;56;48;48;48;48;48;49;48;49;139;122;127;119;120;119;120;119;120;119;120;0K;0P;02;0I;0I;0H;66;07;;;;20;25;2;18;18;17;222;7;;;;51;56;33;49;49;48;253;38;;;;0;0
324;7400000101;D;68;302N2K2G2H2G2H2G2H2G2H;‹~{wxwxwxwx;0O0L020I0I0H66070;74!110ý&;17;7;4;0;0;0;0;0;1;0;1;7;4;0;0;0;0;0;1;0;1;55;52;48;48;48;48;48;49;48;49;11;0O;0L;0H;0H;0H;0H;0H;0I;0H;0I;30;2N;2K;2G;2H;2G;2H;2G;2H;2G;2H;37;24;21;17;17;17;17;17;18;17;18;108;95;92;88;89;88;89;88;89;88;89;68;55;52;48;48;48;48;48;49;48;49;139;126;123;119;120;119;120;119;120;119;120;0O;0L;02;0I;0I;0H;66;07;;;;24;21;2;18;18;17;222;7;;;;55;52;33;49;49;48;253;38;;;;0;0
325;1470000101;E;69;322I2L2O2H2I2H2I2J2H2I;Ťy|xyxyzxy;0I0L0O1G0I0H0I651K;147S101üW;18;1;4;7;0;0;0;0;1;0;1;1;4;7;0;0;0;0;1;0;1;49;52;55;48;48;48;48;49;48;49;12;0I;0L;0O;0H;0H;0H;0H;0I;0H;0I;32;2I;2L;2O;2H;2I;2H;2I;2J;2H;2I;38;18;21;24;17;17;17;17;18;17;18;110;90;93;96;89;90;89;90;91;89;90;69;49;52;55;48;48;48;48;49;48;49;141;121;124;127;120;121;120;121;122;120;121;0I;0L;0O;1G;0I;0H;0I;65;1K;;;18;21;24;52;18;17;18;221;56;;;49;52;55;83;49;48;49;252;87;;;0;
326;1560000101;E;69;322I2M2N2H2I2H2I2J2H2I;Ťy}~xyxyzxy;0I0M0N1G0I0H0I651K;156S101üW;18;1;5;6;0;0;0;0;1;0;1;1;5;6;0;0;0;0;1;0;1;49;53;54;48;48;48;48;49;48;49;12;0I;0M;0N;0H;0H;0H;0H;0I;0H;0I;32;2I;2M;2N;2H;2I;2H;2I;2J;2H;2I;38;18;22;23;17;17;17;17;18;17;18;110;90;94;95;89;90;89;90;91;89;90;69;49;53;54;48;48;48;48;49;48;49;141;121;125;126;120;121;120;121;122;120;121;0I;0M;0N;1G;0I;0H;0I;65;1K;;;18;22;23;52;18;17;18;221;56;;;49;53;54;83;49;48;49;252;87;;;0;
327;1830000101;E;69;322I2P2K2H2I2H2I2J2H2I;Ťy€{xyxyzxy;0I0P0K1G0I0H0I651K;183S101üW;18;1;8;3;0;0;0;0;1;0;1;1;8;3;0;0;0;0;1;0;1;49;56;51;48;48;48;48;49;48;49;12;0I;0P;0K;0H;0H;0H;0H;0I;0H;0I;32;2I;2P;2K;2H;2I;2H;2I;2J;2H;2I;38;18;25;20;17;17;17;17;18;17;18;110;90;97;92;89;90;89;90;91;89;90;69;49;56;51;48;48;48;48;49;48;49;141;121;128;123;120;121;120;121;122;120;121;0I;0P;0K;1G;0I;0H;0I;65;1K;;;18;25;20;52;18;17;18;221;56;;;49;56;51;83;49;48;49;252;87;;;0;
328;1920000101;E;69;322I2Q2J2H2I2H2I2J2H2I;Ťyzxyxyzxy;0I0Q0J1G0I0H0I651K;192S101üW;18;1;9;2;0;0;0;0;1;0;1;1;9;2;0;0;0;0;1;0;1;49;57;50;48;48;48;48;49;48;49;12;0I;0Q;0J;0H;0H;0H;0H;0I;0H;0I;32;2I;2Q;2J;2H;2I;2H;2I;2J;2H;2I;38;18;26;19;17;17;17;17;18;17;18;110;90;98;91;89;90;89;90;91;89;90;69;49;57;50;48;48;48;48;49;48;49;141;121;129;122;120;121;120;121;122;120;121;0I;0Q;0J;1G;0I;0H;0I;65;1K;;;18;26;19;52;18;17;18;221;56;;;49;57;50;83;49;48;49;252;87;;;0;
329;2EF0G00101;E;69;322J32332H342H2I2J2H2I;ŤzŤŽxŹxyzxy;0J12130H141E0I0H0I631G0;2EF0GQ101úS;23;2;E;F;0;G;0;0;1;0;1;2;14;15;0;16;0;0;1;0;1;50;69;70;48;71;48;48;49;48;49;12;0J;12;13;0H;14;0H;0H;0I;0H;0I;32;2J;32;33;2H;34;2H;2I;2J;2H;2I;38;19;38;39;17;40;17;17;18;17;18;110;91;110;111;89;112;89;90;91;89;90;69;50;69;70;48;71;48;48;49;48;49;141;122;141;142;120;143;120;121;122;120;121;0J;12;13;0H;14;1E;0I;0H;0I;63;1G;19;38;39;17;40;50;18;17;18;219;52;50;69;70;48;71;81;49;48;49;250;83;0;0
330;3900000101;E;69;322K2Q2H2I2H2I2H2I2H2I;Ť{xyxyxyxy;0K0Q030I0H0I66080;"39""101ý'";17;3;9;0;0;0;0;0;1;0;1;3;9;0;0;0;0;0;1;0;1;51;57;48;48;48;48;48;49;48;49;12;0K;0Q;0H;0H;0H;0H;0H;0I;0H;0I;32;2K;2Q;2H;2I;2H;2I;2H;2I;2H;2I;38;20;26;17;17;17;17;17;18;17;18;110;92;98;89;90;89;90;89;90;89;90;69;51;57;48;48;48;48;48;49;48;49;141;123;129;120;121;120;121;120;121;120;121;0K;0Q;03;0I;0H;0I;66;08;;;;20;26;3;18;17;18;222;8;;;;51;57;34;49;48;49;253;39;;;;0;0
331;4170000101;E;69;322L2I2O2H2I2H2I2J2H2I;Ť|yxyxyzxy;0L0I0O1G0I0H0I651K;417S101üW;18;4;1;7;0;0;0;0;1;0;1;4;1;7;0;0;0;0;1;0;1;52;49;55;48;48;48;48;49;48;49;12;0L;0I;0O;0H;0H;0H;0H;0I;0H;0I;32;2L;2I;2O;2H;2I;2H;2I;2J;2H;2I;38;21;18;24;17;17;17;17;18;17;18;110;93;90;96;89;90;89;90;91;89;90;69;52;49;55;48;48;48;48;49;48;49;141;124;121;127;120;121;120;121;122;120;121;0L;0I;0O;1G;0I;0H;0I;65;1K;;;21;18;24;52;18;17;18;221;56;;;52;49;55;83;49;48;49;252;87;;;0;
332;4350000101;E;69;322L2K2M2H2I2H2I2J2H2I;Ť|{}xyxyzxy;0L0K0M1G0I0H0I651K;435S101üW;18;4;3;5;0;0;0;0;1;0;1;4;3;5;0;0;0;0;1;0;1;52;51;53;48;48;48;48;49;48;49;12;0L;0K;0M;0H;0H;0H;0H;0I;0H;0I;32;2L;2K;2M;2H;2I;2H;2I;2J;2H;2I;38;21;20;22;17;17;17;17;18;17;18;110;93;92;94;89;90;89;90;91;89;90;69;52;51;53;48;48;48;48;49;48;49;141;124;123;125;120;121;120;121;122;120;121;0L;0K;0M;1G;0I;0H;0I;65;1K;;;21;20;22;52;18;17;18;221;56;;;52;51;53;83;49;48;49;252;87;;;0;
333;4E7P400101;E;69;322L322O3D2L2H2I2J2H2I;Ť|Ť|xyzxy;0L120O1D0L1E0I0H0I631G0;4E7P4Q101úS;23;4;E;7;P;4;0;0;1;0;1;4;14;7;25;4;0;0;1;0;1;52;69;55;80;52;48;48;49;48;49;12;0L;12;0O;1D;0L;0H;0H;0I;0H;0I;32;2L;32;2O;3D;2L;2H;2I;2J;2H;2I;38;21;38;24;49;21;17;17;18;17;18;110;93;110;96;121;93;89;90;91;89;90;69;52;69;55;80;52;48;48;49;48;49;141;124;141;127;152;124;120;121;122;120;121;0L;12;0O;1D;0L;1E;0I;0H;0I;63;1G;21;38;24;49;21;50;18;17;18;219;52;52;69;55;80;52;81;49;48;49;250;83;0;0
334;1390000101;F;70;342J2L2R2I2J2I2J2K2I2J;Źz|‚yzyz{yz;0I0K0Q1H0I0I0H651L;139T110üX;18;1;3;9;0;0;0;0;1;0;1;1;3;9;0;0;0;0;1;0;1;49;51;57;48;48;48;48;49;48;49;13;0I;0K;0Q;0H;0H;0H;0H;0I;0H;0I;34;2J;2L;2R;2I;2J;2I;2J;2K;2I;2J;39;18;20;26;17;17;17;17;18;17;18;112;91;93;99;90;91;90;91;92;90;91;70;49;51;57;48;48;48;48;49;48;49;143;122;124;130;121;122;121;122;123;121;122;0I;0K;0Q;1H;0I;0I;0H;65;1L;;;18;20;26;53;18;18;17;221;57;;;49;51;57;84;49;49;48;252;88;;;0;
335;1480000101;F;70;342J2M2Q2I2J2I2J2K2I2J;Źz}yzyz{yz;0I0L0P1H0I0I0H651L;148T110üX;18;1;4;8;0;0;0;0;1;0;1;1;4;8;0;0;0;0;1;0;1;49;52;56;48;48;48;48;49;48;49;13;0I;0L;0P;0H;0H;0H;0H;0I;0H;0I;34;2J;2M;2Q;2I;2J;2I;2J;2K;2I;2J;39;18;21;25;17;17;17;17;18;17;18;112;91;94;98;90;91;90;91;92;90;91;70;49;52;56;48;48;48;48;49;48;49;143;122;125;129;121;122;121;122;123;121;122;0I;0L;0P;1H;0I;0I;0H;65;1L;;;18;21;25;53;18;18;17;221;57;;;49;52;56;84;49;49;48;252;88;;;0;
336;1570000101;F;70;342J2N2P2I2J2I2J2K2I2J;Źz~€yzyz{yz;0I0M0O1H0I0I0H651L;157T110üX;18;1;5;7;0;0;0;0;1;0;1;1;5;7;0;0;0;0;1;0;1;49;53;55;48;48;48;48;49;48;49;13;0I;0M;0O;0H;0H;0H;0H;0I;0H;0I;34;2J;2N;2P;2I;2J;2I;2J;2K;2I;2J;39;18;22;24;17;17;17;17;18;17;18;112;91;95;97;90;91;90;91;92;90;91;70;49;53;55;48;48;48;48;49;48;49;143;122;126;128;121;122;121;122;123;121;122;0I;0M;0O;1H;0I;0I;0H;65;1L;;;18;22;24;53;18;18;17;221;57;;;49;53;55;84;49;49;48;252;88;;;0;
337;1660000101;F;70;342J2O2P2I2J2I2J2K2I2J;Źz€yzyz{yz;0I0N0N1H0I0I0H651L;166T110üX;18;1;6;6;0;0;0;0;1;0;1;1;6;6;0;0;0;0;1;0;1;49;54;54;48;48;48;48;49;48;49;13;0I;0N;0N;0H;0H;0H;0H;0I;0H;0I;34;2J;2O;2P;2I;2J;2I;2J;2K;2I;2J;39;18;23;23;17;17;17;17;18;17;18;112;91;96;97;90;91;90;91;92;90;91;70;49;54;54;48;48;48;48;49;48;49;143;122;127;128;121;122;121;122;123;121;122;0I;0N;0N;1H;0I;0I;0H;65;1L;;;18;23;23;53;18;18;17;221;57;;;49;54;54;84;49;49;48;252;88;;;0;
338;1750000101;F;70;342J2P2N2I2J2I2J2K2I2J;Źz€~yzyz{yz;0I0O0M1H0I0I0H651L;175T110üX;18;1;7;5;0;0;0;0;1;0;1;1;7;5;0;0;0;0;1;0;1;49;55;53;48;48;48;48;49;48;49;13;0I;0O;0M;0H;0H;0H;0H;0I;0H;0I;34;2J;2P;2N;2I;2J;2I;2J;2K;2I;2J;39;18;24;22;17;17;17;17;18;17;18;112;91;97;95;90;91;90;91;92;90;91;70;49;55;53;48;48;48;48;49;48;49;143;122;128;126;121;122;121;122;123;121;122;0I;0O;0M;1H;0I;0I;0H;65;1L;;;18;24;22;53;18;18;17;221;57;;;49;55;53;84;49;49;48;252;88;;;0;
339;1EB5H00101;F;70;342J33302N362I2J2K2I2J;ŹzŽ‹~‘yz{yz;0I120Z0M151F0I0I0H631H0;1EB5HR110úT;23;1;E;B;5;H;0;0;1;0;1;1;14;11;5;17;0;0;1;0;1;49;69;66;53;72;48;48;49;48;49;13;0I;12;0Z;0M;15;0H;0H;0I;0H;0I;34;2J;33;30;2N;36;2I;2J;2K;2I;2J;39;18;38;35;22;41;17;17;18;17;18;112;91;111;108;95;114;90;91;92;90;91;70;49;69;66;53;72;48;48;49;48;49;143;122;142;139;126;145;121;122;123;121;122;0I;12;0Z;0M;15;1F;0I;0I;0H;63;1H;18;38;35;22;41;51;18;18;17;219;53;49;69;66;53;72;82;49;49;48;250;84;0;0
340;2470000101;F;70;342K2M2P2I2J2I2J2K2I2J;Ź{}€yzyz{yz;0J0L0O1H0I0I0H651L;247T110üX;18;2;4;7;0;0;0;0;1;0;1;2;4;7;0;0;0;0;1;0;1;50;52;55;48;48;48;48;49;48;49;13;0J;0L;0O;0H;0H;0H;0H;0I;0H;0I;34;2K;2M;2P;2I;2J;2I;2J;2K;2I;2J;39;19;21;24;17;17;17;17;18;17;18;112;92;94;97;90;91;90;91;92;90;91;70;50;52;55;48;48;48;48;49;48;49;143;123;125;128;121;122;121;122;123;121;122;0J;0L;0O;1H;0I;0I;0H;65;1L;;;19;21;24;53;18;18;17;221;57;;;50;52;55;84;49;49;48;252;88;;;0;
341;2560000101;F;70;342K2N2O2I2J2I2J2K2I2J;Ź{~yzyz{yz;0J0M0N1H0I0I0H651L;256T110üX;18;2;5;6;0;0;0;0;1;0;1;2;5;6;0;0;0;0;1;0;1;50;53;54;48;48;48;48;49;48;49;13;0J;0M;0N;0H;0H;0H;0H;0I;0H;0I;34;2K;2N;2O;2I;2J;2I;2J;2K;2I;2J;39;19;22;23;17;17;17;17;18;17;18;112;92;95;96;90;91;90;91;92;90;91;70;50;53;54;48;48;48;48;49;48;49;143;123;126;127;121;122;121;122;123;121;122;0J;0M;0N;1H;0I;0I;0H;65;1L;;;19;22;23;53;18;18;17;221;57;;;50;53;54;84;49;49;48;252;88;;;0;
342;4900000101;F;70;342M2R2I2J2I2J2I2J2I2J;Ź}‚yzyzyzyz;0L0Q040I0I0H66090;49#110ý(;17;4;9;0;0;0;0;0;1;0;1;4;9;0;0;0;0;0;1;0;1;52;57;48;48;48;48;48;49;48;49;13;0L;0Q;0H;0H;0H;0H;0H;0I;0H;0I;34;2M;2R;2I;2J;2I;2J;2I;2J;2I;2J;39;21;26;17;17;17;17;17;18;17;18;112;94;99;90;91;90;91;90;91;90;91;70;52;57;48;48;48;48;48;49;48;49;143;125;130;121;122;121;122;121;122;121;122;0L;0Q;04;0I;0I;0H;66;09;;;;21;26;4;18;18;17;222;9;;;;52;57;35;49;49;48;253;40;;;;0;0
343;6700000101;F;70;342O2P2I2J2I2J2I2J2I2J;Ź€yzyzyzyz;0N0O040I0I0H66090;67#110ý(;17;6;7;0;0;0;0;0;1;0;1;6;7;0;0;0;0;0;1;0;1;54;55;48;48;48;48;48;49;48;49;13;0N;0O;0H;0H;0H;0H;0H;0I;0H;0I;34;2O;2P;2I;2J;2I;2J;2I;2J;2I;2J;39;23;24;17;17;17;17;17;18;17;18;112;96;97;90;91;90;91;90;91;90;91;70;54;55;48;48;48;48;48;49;48;49;143;127;128;121;122;121;122;121;122;121;122;0N;0O;04;0I;0I;0H;66;09;;;;23;24;4;18;18;17;222;9;;;;54;55;35;49;49;48;253;40;;;;0;0
344;8410000101;F;70;342Q2M2J2I2J2I2J2K2I2J;Ź}zyzyz{yz;0P0L0I1H0I0I0H651L;841T110üX;18;8;4;1;0;0;0;0;1;0;1;8;4;1;0;0;0;0;1;0;1;56;52;49;48;48;48;48;49;48;49;13;0P;0L;0I;0H;0H;0H;0H;0I;0H;0I;34;2Q;2M;2J;2I;2J;2I;2J;2K;2I;2J;39;25;21;18;17;17;17;17;18;17;18;112;98;94;91;90;91;90;91;92;90;91;70;56;52;49;48;48;48;48;49;48;49;143;129;125;122;121;122;121;122;123;121;122;0P;0L;0I;1H;0I;0I;0H;65;1L;;;25;21;18;53;18;18;17;221;57;;;56;52;49;84;49;49;48;252;88;;;0;
345;1490000101;G;71;362K2N2S2J2K2J2K2L2J2K;‘{~z{z{|z{;0I0L0Q1I0I0H0I651M;149U101üY;18;1;4;9;0;0;0;0;1;0;1;1;4;9;0;0;0;0;1;0;1;49;52;57;48;48;48;48;49;48;49;14;0I;0L;0Q;0H;0H;0H;0H;0I;0H;0I;36;2K;2N;2S;2J;2K;2J;2K;2L;2J;2K;40;18;21;26;17;17;17;17;18;17;18;114;92;95;100;91;92;91;92;93;91;92;71;49;52;57;48;48;48;48;49;48;49;145;123;126;131;122;123;122;123;124;122;123;0I;0L;0Q;1I;0I;0H;0I;65;1M;;;18;21;26;54;18;17;18;221;58;;;49;52;57;85;49;48;49;252;89;;;0;
346;1580000101;G;71;362K2O2R2J2K2J2K2L2J2K;‘{‚z{z{|z{;0I0M0P1I0I0H0I651M;158U101üY;18;1;5;8;0;0;0;0;1;0;1;1;5;8;0;0;0;0;1;0;1;49;53;56;48;48;48;48;49;48;49;14;0I;0M;0P;0H;0H;0H;0H;0I;0H;0I;36;2K;2O;2R;2J;2K;2J;2K;2L;2J;2K;40;18;22;25;17;17;17;17;18;17;18;114;92;96;99;91;92;91;92;93;91;92;71;49;53;56;48;48;48;48;49;48;49;145;123;127;130;122;123;122;123;124;122;123;0I;0M;0P;1I;0I;0H;0I;65;1M;;;18;22;25;54;18;17;18;221;58;;;49;53;56;85;49;48;49;252;89;;;0;
347;1670000101;G;71;362K2P2Q2J2K2J2K2L2J2K;‘{€z{z{|z{;0I0N0O1I0I0H0I651M;167U101üY;18;1;6;7;0;0;0;0;1;0;1;1;6;7;0;0;0;0;1;0;1;49;54;55;48;48;48;48;49;48;49;14;0I;0N;0O;0H;0H;0H;0H;0I;0H;0I;36;2K;2P;2Q;2J;2K;2J;2K;2L;2J;2K;40;18;23;24;17;17;17;17;18;17;18;114;92;97;98;91;92;91;92;93;91;92;71;49;54;55;48;48;48;48;49;48;49;145;123;128;129;122;123;122;123;124;122;123;0I;0N;0O;1I;0I;0H;0I;65;1M;;;18;23;24;54;18;17;18;221;58;;;49;54;55;85;49;48;49;252;89;;;0;
348;1EB4J00101;G;71;362K34312N392J2K2L2J2K;‘{ŹŚ~”z{|z{;0I120Z0L171G0I0H0I631I0;1EB4JS101úU;23;1;E;B;4;J;0;0;1;0;1;1;14;11;4;19;0;0;1;0;1;49;69;66;52;74;48;48;49;48;49;14;0I;12;0Z;0L;17;0H;0H;0I;0H;0I;36;2K;34;31;2N;39;2J;2K;2L;2J;2K;40;18;38;35;21;43;17;17;18;17;18;114;92;112;109;95;117;91;92;93;91;92;71;49;69;66;52;74;48;48;49;48;49;145;123;143;140;126;148;122;123;124;122;123;0I;12;0Z;0L;17;1G;0I;0H;0I;63;1I;18;38;35;21;43;52;18;17;18;219;54;49;69;66;52;74;83;49;48;49;250;85;0;0
349;5900000101;G;71;362O2S2J2K2J2K2J2K2J2K;‘z{z{z{z{;0M0Q050I0H0I660A0;59$101ý);17;5;9;0;0;0;0;0;1;0;1;5;9;0;0;0;0;0;1;0;1;53;57;48;48;48;48;48;49;48;49;14;0M;0Q;0H;0H;0H;0H;0H;0I;0H;0I;36;2O;2S;2J;2K;2J;2K;2J;2K;2J;2K;40;22;26;17;17;17;17;17;18;17;18;114;96;100;91;92;91;92;91;92;91;92;71;53;57;48;48;48;48;48;49;48;49;145;127;131;122;123;122;123;122;123;122;123;0M;0Q;05;0I;0H;0I;66;0A;;;;22;26;5;18;17;18;222;10;;;;53;57;36;49;48;49;253;41;;;;0;0
350;7700000101;G;71;362Q2R2J2K2J2K2J2K2J2K;‘‚z{z{z{z{;0O0O050I0H0I660A0;77$101ý);17;7;7;0;0;0;0;0;1;0;1;7;7;0;0;0;0;0;1;0;1;55;55;48;48;48;48;48;49;48;49;14;0O;0O;0H;0H;0H;0H;0H;0I;0H;0I;36;2Q;2R;2J;2K;2J;2K;2J;2K;2J;2K;40;24;24;17;17;17;17;17;18;17;18;114;98;99;91;92;91;92;91;92;91;92;71;55;55;48;48;48;48;48;49;48;49;145;129;130;122;123;122;123;122;123;122;123;0O;0O;05;0I;0H;0I;66;0A;;;;24;24;5;18;17;18;222;10;;;;55;55;36;49;48;49;253;41;;;;0;0
351;9410000101;G;71;362S2N2K2J2K2J2K2L2J2K;‘~{z{z{|z{;0Q0L0I1I0I0H0I651M;941U101üY;18;9;4;1;0;0;0;0;1;0;1;9;4;1;0;0;0;0;1;0;1;57;52;49;48;48;48;48;49;48;49;14;0Q;0L;0I;0H;0H;0H;0H;0I;0H;0I;36;2S;2N;2K;2J;2K;2J;2K;2L;2J;2K;40;26;21;18;17;17;17;17;18;17;18;114;100;95;92;91;92;91;92;93;91;92;71;57;52;49;48;48;48;48;49;48;49;145;131;126;123;122;123;122;123;124;122;123;0Q;0L;0I;1I;0I;0H;0I;65;1M;;;26;21;18;54;18;17;18;221;58;;;57;52;49;85;49;48;49;252;89;;;0;
352;1680000101;H;72;382L2Q2S2K2L2K2L2M2K2L;“|{|{|}{|;0I0N0P1J0I0I0H651N;168V110üZ;18;1;6;8;0;0;0;0;1;0;1;1;6;8;0;0;0;0;1;0;1;49;54;56;48;48;48;48;49;48;49;15;0I;0N;0P;0H;0H;0H;0H;0I;0H;0I;38;2L;2Q;2S;2K;2L;2K;2L;2M;2K;2L;41;18;23;25;17;17;17;17;18;17;18;116;93;98;100;92;93;92;93;94;92;93;72;49;54;56;48;48;48;48;49;48;49;147;124;129;131;123;124;123;124;125;123;124;0I;0N;0P;1J;0I;0I;0H;65;1N;;;18;23;25;55;18;18;17;221;59;;;49;54;56;86;49;49;48;252;90;;;0;
353;1770000101;H;72;382L2R2S2K2L2K2L2M2K2L;“|‚{|{|}{|;0I0O0O1J0I0I0H651N;177V110üZ;18;1;7;7;0;0;0;0;1;0;1;1;7;7;0;0;0;0;1;0;1;49;55;55;48;48;48;48;49;48;49;15;0I;0O;0O;0H;0H;0H;0H;0I;0H;0I;38;2L;2R;2S;2K;2L;2K;2L;2M;2K;2L;41;18;24;24;17;17;17;17;18;17;18;116;93;99;100;92;93;92;93;94;92;93;72;49;55;55;48;48;48;48;49;48;49;147;124;130;131;123;124;123;124;125;123;124;0I;0O;0O;1J;0I;0I;0H;65;1N;;;18;24;24;55;18;18;17;221;59;;;49;55;55;86;49;49;48;252;90;;;0;
354;3750000101;H;72;382N2R2P2K2L2K2L2M2K2L;“~‚€{|{|}{|;0K0O0M1J0I0I0H651N;375V110üZ;18;3;7;5;0;0;0;0;1;0;1;3;7;5;0;0;0;0;1;0;1;51;55;53;48;48;48;48;49;48;49;15;0K;0O;0M;0H;0H;0H;0H;0I;0H;0I;38;2N;2R;2P;2K;2L;2K;2L;2M;2K;2L;41;20;24;22;17;17;17;17;18;17;18;116;95;99;97;92;93;92;93;94;92;93;72;51;55;53;48;48;48;48;49;48;49;147;126;130;128;123;124;123;124;125;123;124;0K;0O;0M;1J;0I;0I;0H;65;1N;;;20;24;22;55;18;18;17;221;59;;;51;55;53;86;49;49;48;252;90;;;0;
355;UPZRJ00101;H;72;383L3G3Q3I3A2K2L2M2K2L;“ ›Ąť•{|}{|;1I1D1N1F171H0I0I0H631J0;UPZRJT110úV;23;U;P;Z;R;J;0;0;1;0;1;30;25;35;27;19;0;0;1;0;1;85;80;90;82;74;48;48;49;48;49;15;1I;1D;1N;1F;17;0H;0H;0I;0H;0I;38;3L;3G;3Q;3I;3A;2K;2L;2M;2K;2L;41;54;49;59;51;43;17;17;18;17;18;116;129;124;134;126;118;92;93;94;92;93;72;85;80;90;82;74;48;48;49;48;49;147;160;155;165;157;149;123;124;125;123;124;1I;1D;1N;1F;17;1H;0I;0I;0H;63;1J;54;49;59;51;43;53;18;18;17;219;55;85;80;90;82;74;84;49;49;48;250;86;0;0
356;1870000101;I;73;3A2M2T2S2L2M2L2M2N2L2M;•}„|}|}~|};0I0P0O1K0I0H0I651O;187W101ü[;18;1;8;7;0;0;0;0;1;0;1;1;8;7;0;0;0;0;1;0;1;49;56;55;48;48;48;48;49;48;49;16;0I;0P;0O;0H;0H;0H;0H;0I;0H;0I;3A;2M;2T;2S;2L;2M;2L;2M;2N;2L;2M;42;18;25;24;17;17;17;17;18;17;18;118;94;101;100;93;94;93;94;95;93;94;73;49;56;55;48;48;48;48;49;48;49;149;125;132;131;124;125;124;125;126;124;125;0I;0P;0O;1K;0I;0H;0I;65;1O;;;18;25;24;56;18;17;18;221;60;;;49;56;55;87;49;48;49;252;91;;;0;
357;1960000101;I;73;3A2M2U2R2L2M2L2M2N2L2M;•}…‚|}|}~|};0I0Q0N1K0I0H0I651O;196W101ü[;18;1;9;6;0;0;0;0;1;0;1;1;9;6;0;0;0;0;1;0;1;49;57;54;48;48;48;48;49;48;49;16;0I;0Q;0N;0H;0H;0H;0H;0I;0H;0I;3A;2M;2U;2R;2L;2M;2L;2M;2N;2L;2M;42;18;26;23;17;17;17;17;18;17;18;118;94;102;99;93;94;93;94;95;93;94;73;49;57;54;48;48;48;48;49;48;49;149;125;133;130;124;125;124;125;126;124;125;0I;0Q;0N;1K;0I;0H;0I;65;1O;;;18;26;23;56;18;17;18;221;60;;;49;57;54;87;49;48;49;252;91;;;0;
358;8800000101;I;73;3A2T2U2L2M2L2M2L2M2L2M;•„…|}|}|}|};0P0P070I0H0I660C0;88&101ý+;17;8;8;0;0;0;0;0;1;0;1;8;8;0;0;0;0;0;1;0;1;56;56;48;48;48;48;48;49;48;49;16;0P;0P;0H;0H;0H;0H;0H;0I;0H;0I;3A;2T;2U;2L;2M;2L;2M;2L;2M;2L;2M;42;25;25;17;17;17;17;17;18;17;18;118;101;102;93;94;93;94;93;94;93;94;73;56;56;48;48;48;48;48;49;48;49;149;132;133;124;125;124;125;124;125;124;125;0P;0P;07;0I;0H;0I;66;0C;;;;25;25;7;18;17;18;222;12;;;;56;56;38;49;48;49;253;43;;;;0;0
359;9700000101;I;73;3A2U2S2L2M2L2M2L2M2L2M;•…|}|}|}|};0Q0O070I0H0I660C0;97&101ý+;17;9;7;0;0;0;0;0;1;0;1;9;7;0;0;0;0;0;1;0;1;57;55;48;48;48;48;48;49;48;49;16;0Q;0O;0H;0H;0H;0H;0H;0I;0H;0I;3A;2U;2S;2L;2M;2L;2M;2L;2M;2L;2M;42;26;24;17;17;17;17;17;18;17;18;118;102;100;93;94;93;94;93;94;93;94;73;57;55;48;48;48;48;48;49;48;49;149;133;131;124;125;124;125;124;125;124;125;0Q;0O;07;0I;0H;0I;66;0C;;;;26;24;7;18;17;18;222;12;;;;57;55;38;49;48;49;253;43;;;;0;0
360;1790000101;J;74;3C2N2T2V2M2N2M2N2O2M2N;—~„†}~}~}~;0I0O0Q1L0I0I0H651P;179X110ü\;18;1;7;9;0;0;0;0;1;0;1;1;7;9;0;0;0;0;1;0;1;49;55;57;48;48;48;48;49;48;49;17;0I;0O;0Q;0H;0H;0H;0H;0I;0H;0I;3C;2N;2T;2V;2M;2N;2M;2N;2O;2M;2N;43;18;24;26;17;17;17;17;18;17;18;120;95;101;103;94;95;94;95;96;94;95;74;49;55;57;48;48;48;48;49;48;49;151;126;132;134;125;126;125;126;127;125;126;0I;0O;0Q;1L;0I;0I;0H;65;1P;;;18;24;26;57;18;18;17;221;61;;;49;55;57;88;49;49;48;252;92;;;0;
361;3EA7I00101;J;74;3C2P37332T3B2M2N2O2M2N;—€’Ž„–}~}~;0K120Y0O161J0I0I0H631L0;3EA7IV110úX;23;3;E;A;7;I;0;0;1;0;1;3;14;10;7;18;0;0;1;0;1;51;69;65;55;73;48;48;49;48;49;17;0K;12;0Y;0O;16;0H;0H;0I;0H;0I;3C;2P;37;33;2T;3B;2M;2N;2O;2M;2N;43;20;38;34;24;42;17;17;18;17;18;120;97;115;111;101;119;94;95;96;94;95;74;51;69;65;55;73;48;48;49;48;49;151;128;146;142;132;150;125;126;127;125;126;0K;12;0Y;0O;16;1J;0I;0I;0H;63;1L;20;38;34;24;42;55;18;18;17;219;57;51;69;65;55;73;86;49;49;48;250;88;0;0
362;1890000101;K;75;3E2O2V2W2N2O2N2O2P2N2O;™†‡~~€~;0I0P0Q1M0I0H0I651Q;189Y101ü];18;1;8;9;0;0;0;0;1;0;1;1;8;9;0;0;0;0;1;0;1;49;56;57;48;48;48;48;49;48;49;18;0I;0P;0Q;0H;0H;0H;0H;0I;0H;0I;3E;2O;2V;2W;2N;2O;2N;2O;2P;2N;2O;44;18;25;26;17;17;17;17;18;17;18;122;96;103;104;95;96;95;96;97;95;96;75;49;56;57;48;48;48;48;49;48;49;153;127;134;135;126;127;126;127;128;126;127;0I;0P;0Q;1M;0I;0H;0I;65;1Q;;;18;25;26;58;18;17;18;221;62;;;49;56;57;89;49;48;49;252;93;;;0;
363;1980000101;K;75;3E2O2W2V2N2O2N2O2P2N2O;™‡†~~€~;0I0Q0P1M0I0H0I651Q;198Y101ü];18;1;9;8;0;0;0;0;1;0;1;1;9;8;0;0;0;0;1;0;1;49;57;56;48;48;48;48;49;48;49;18;0I;0Q;0P;0H;0H;0H;0H;0I;0H;0I;3E;2O;2W;2V;2N;2O;2N;2O;2P;2N;2O;44;18;26;25;17;17;17;17;18;17;18;122;96;104;103;95;96;95;96;97;95;96;75;49;57;56;48;48;48;48;49;48;49;153;127;135;134;126;127;126;127;128;126;127;0I;0Q;0P;1M;0I;0H;0I;65;1Q;;;18;26;25;58;18;17;18;221;62;;;49;57;56;89;49;48;49;252;93;;;0;
364;9900000101;K;75;3E2W2X2N2O2N2O2N2O2N2O;™‡~~~~;0Q0Q090I0H0I660E0;99(101ý-;17;9;9;0;0;0;0;0;1;0;1;9;9;0;0;0;0;0;1;0;1;57;57;48;48;48;48;48;49;48;49;18;0Q;0Q;0H;0H;0H;0H;0H;0I;0H;0I;3E;2W;2X;2N;2O;2N;2O;2N;2O;2N;2O;44;26;26;17;17;17;17;17;18;17;18;122;104;105;95;96;95;96;95;96;95;96;75;57;57;48;48;48;48;48;49;48;49;153;135;136;126;127;126;127;126;127;126;127;0Q;0Q;09;0I;0H;0I;66;0E;;;;26;26;9;18;17;18;222;14;;;;57;57;40;49;48;49;253;45;;;;0;0
365;11A0000101;L;76;3G2P2Q352O2P2O2P2Q2O2P;›€€€€;0I0I0Y1N0I0I0H651R;11AZ110ü^;18;1;1;A;0;0;0;0;1;0;1;1;1;10;0;0;0;0;1;0;1;49;49;65;48;48;48;48;49;48;49;19;0I;0I;0Y;0H;0H;0H;0H;0I;0H;0I;3G;2P;2Q;35;2O;2P;2O;2P;2Q;2O;2P;45;18;18;34;17;17;17;17;18;17;18;124;97;98;113;96;97;96;97;98;96;97;76;49;49;65;48;48;48;48;49;48;49;155;128;129;144;127;128;127;128;129;127;128;0I;0I;0Y;1N;0I;0I;0H;65;1R;;;18;18;34;59;18;18;17;221;63;;;49;49;65;90;49;49;48;252;94;;;0;
366;1990000101;L;76;3G2P2X2Y2O2P2O2P2Q2O2P;›€‰€€€;0I0Q0Q1N0I0I0H651R;199Z110ü^;18;1;9;9;0;0;0;0;1;0;1;1;9;9;0;0;0;0;1;0;1;49;57;57;48;48;48;48;49;48;49;19;0I;0Q;0Q;0H;0H;0H;0H;0I;0H;0I;3G;2P;2X;2Y;2O;2P;2O;2P;2Q;2O;2P;45;18;26;26;17;17;17;17;18;17;18;124;97;105;106;96;97;96;97;98;96;97;76;49;57;57;48;48;48;48;49;48;49;155;128;136;137;127;128;127;128;129;127;128;0I;0Q;0Q;1N;0I;0I;0H;65;1R;;;18;26;26;59;18;18;17;221;63;;;49;57;57;90;49;49;48;252;94;;;0;
367;12A0000101;M;77;3I2Q2R362P2Q2P2Q2R2P2Q;ť‚‘€€‚€;0I0J0Y1O0I0H0I651S;12A[101ü_;18;1;2;A;0;0;0;0;1;0;1;1;2;10;0;0;0;0;1;0;1;49;50;65;48;48;48;48;49;48;49;1A;0I;0J;0Y;0H;0H;0H;0H;0I;0H;0I;3I;2Q;2R;36;2P;2Q;2P;2Q;2R;2P;2Q;46;18;19;34;17;17;17;17;18;17;18;126;98;99;114;97;98;97;98;99;97;98;77;49;50;65;48;48;48;48;49;48;49;157;129;130;145;128;129;128;129;130;128;129;0I;0J;0Y;1O;0I;0H;0I;65;1S;;;18;19;34;60;18;17;18;221;64;;;49;50;65;91;49;48;49;252;95;;;0;
368;9650000101;M;77;3I2Y2V2U2P2Q2P2Q2R2P2Q;ť‰†…€€‚€;0Q0N0M1O0I0H0I651S;965[101ü_;18;9;6;5;0;0;0;0;1;0;1;9;6;5;0;0;0;0;1;0;1;57;54;53;48;48;48;48;49;48;49;1A;0Q;0N;0M;0H;0H;0H;0H;0I;0H;0I;3I;2Y;2V;2U;2P;2Q;2P;2Q;2R;2P;2Q;46;26;23;22;17;17;17;17;18;17;18;126;106;103;102;97;98;97;98;99;97;98;77;57;54;53;48;48;48;48;49;48;49;157;137;134;133;128;129;128;129;130;128;129;0Q;0N;0M;1O;0I;0H;0I;65;1S;;;26;23;22;60;18;17;18;221;64;;;57;54;53;91;49;48;49;252;95;;;0;
369;C100000101;M;77;3I382Q2P2Q2P2Q2P2Q2P2Q;ť“€€€€;100I0B0I0H0I660G0;C1*101ý/;17;C;1;0;0;0;0;0;1;0;1;12;1;0;0;0;0;0;1;0;1;67;49;48;48;48;48;48;49;48;49;1A;10;0I;0H;0H;0H;0H;0H;0I;0H;0I;3I;38;2Q;2P;2Q;2P;2Q;2P;2Q;2P;2Q;46;36;18;17;17;17;17;17;18;17;18;126;116;98;97;98;97;98;97;98;97;98;77;67;49;48;48;48;48;48;49;48;49;157;147;129;128;129;128;129;128;129;128;129;10;0I;0B;0I;0H;0I;66;0G;;;;36;18;11;18;17;18;222;16;;;;67;49;42;49;48;49;253;47;;;;0;0
370;11C0000101;N;78;3K2R2S392Q2R2Q2R2S2Q2R;ź‚”‚‚‚;0I0I101P0I0I0H651T;11C\110ü`;18;1;1;C;0;0;0;0;1;0;1;1;1;12;0;0;0;0;1;0;1;49;49;67;48;48;48;48;49;48;49;1B;0I;0I;10;0H;0H;0H;0H;0I;0H;0I;3K;2R;2S;39;2Q;2R;2Q;2R;2S;2Q;2R;47;18;18;36;17;17;17;17;18;17;18;128;99;100;117;98;99;98;99;100;98;99;78;49;49;67;48;48;48;48;49;48;49;159;130;131;148;129;130;129;130;131;129;130;0I;0I;10;1P;0I;0I;0H;65;1T;;;18;18;36;61;18;18;17;221;65;;;49;49;67;92;49;49;48;252;96;;;0;
371;13A0000101;N;78;3K2R2T372Q2R2Q2R2S2Q2R;ź‚„’‚‚‚;0I0K0Y1P0I0I0H651T;13A\110ü`;18;1;3;A;0;0;0;0;1;0;1;1;3;10;0;0;0;0;1;0;1;49;51;65;48;48;48;48;49;48;49;1B;0I;0K;0Y;0H;0H;0H;0H;0I;0H;0I;3K;2R;2T;37;2Q;2R;2Q;2R;2S;2Q;2R;47;18;20;34;17;17;17;17;18;17;18;128;99;101;115;98;99;98;99;100;98;99;78;49;51;65;48;48;48;48;49;48;49;159;130;132;146;129;130;129;130;131;129;130;0I;0K;0Y;1P;0I;0I;0H;65;1T;;;18;20;34;61;18;18;17;221;65;;;49;51;65;92;49;49;48;252;96;;;0;
372;1B20000101;N;78;3K2R382S2Q2R2Q2R2S2Q2R;ź‚“‚‚‚;0I0Z0J1P0I0I0H651T;1B2\110ü`;18;1;B;2;0;0;0;0;1;0;1;1;11;2;0;0;0;0;1;0;1;49;66;50;48;48;48;48;49;48;49;1B;0I;0Z;0J;0H;0H;0H;0H;0I;0H;0I;3K;2R;38;2S;2Q;2R;2Q;2R;2S;2Q;2R;47;18;35;19;17;17;17;17;18;17;18;128;99;116;100;98;99;98;99;100;98;99;78;49;66;50;48;48;48;48;49;48;49;159;130;147;131;129;130;129;130;131;129;130;0I;0Z;0J;1P;0I;0I;0H;65;1T;;;18;35;19;61;18;18;17;221;65;;;49;66;50;92;49;49;48;252;96;;;0;
373;22A0000101;N;78;3K2S2T372Q2R2Q2R2S2Q2R;ź„’‚‚‚;0J0J0Y1P0I0I0H651T;22A\110ü`;18;2;2;A;0;0;0;0;1;0;1;2;2;10;0;0;0;0;1;0;1;50;50;65;48;48;48;48;49;48;49;1B;0J;0J;0Y;0H;0H;0H;0H;0I;0H;0I;3K;2S;2T;37;2Q;2R;2Q;2R;2S;2Q;2R;47;19;19;34;17;17;17;17;18;17;18;128;100;101;115;98;99;98;99;100;98;99;78;50;50;65;48;48;48;48;49;48;49;159;131;132;146;129;130;129;130;131;129;130;0J;0J;0Y;1P;0I;0I;0H;65;1T;;;19;19;34;61;18;18;17;221;65;;;50;50;65;92;49;49;48;252;96;;;0;
374;6EMC200101;N;78;3K2W3B3J392S2Q2R2S2Q2R;ź‡–ž”‚‚;0N121A100J1N0I0I0H631P0;6EMC2Z110ú\;23;6;E;M;C;2;0;0;1;0;1;6;14;22;12;2;0;0;1;0;1;54;69;77;67;50;48;48;49;48;49;1B;0N;12;1A;10;0J;0H;0H;0I;0H;0I;3K;2W;3B;3J;39;2S;2Q;2R;2S;2Q;2R;47;23;38;46;36;19;17;17;18;17;18;128;104;119;127;117;100;98;99;100;98;99;78;54;69;77;67;50;48;48;49;48;49;159;135;150;158;148;131;129;130;131;129;130;0N;12;1A;10;0J;1N;0I;0I;0H;63;1P;23;38;46;36;19;59;18;18;17;219;61;54;69;77;67;50;90;49;49;48;250;92;0;0
375;12C0000101;O;79;3M2S2T3A2R2S2R2S2T2R2S;ˇ„•‚‚„‚;0I0J101Q0I0H0I651U;12C]101üa;18;1;2;C;0;0;0;0;1;0;1;1;2;12;0;0;0;0;1;0;1;49;50;67;48;48;48;48;49;48;49;1C;0I;0J;10;0H;0H;0H;0H;0I;0H;0I;3M;2S;2T;3A;2R;2S;2R;2S;2T;2R;2S;48;18;19;36;17;17;17;17;18;17;18;130;100;101;118;99;100;99;100;101;99;100;79;49;50;67;48;48;48;48;49;48;49;161;131;132;149;130;131;130;131;132;130;131;0I;0J;10;1Q;0I;0H;0I;65;1U;;;18;19;36;62;18;17;18;221;66;;;49;50;67;93;49;48;49;252;97;;;0;
376;13B0000101;O;79;3M2S2U392R2S2R2S2T2R2S;ˇ…”‚‚„‚;0I0K0Z1Q0I0H0I651U;13B]101üa;18;1;3;B;0;0;0;0;1;0;1;1;3;11;0;0;0;0;1;0;1;49;51;66;48;48;48;48;49;48;49;1C;0I;0K;0Z;0H;0H;0H;0H;0I;0H;0I;3M;2S;2U;39;2R;2S;2R;2S;2T;2R;2S;48;18;20;35;17;17;17;17;18;17;18;130;100;102;117;99;100;99;100;101;99;100;79;49;51;66;48;48;48;48;49;48;49;161;131;133;148;130;131;130;131;132;130;131;0I;0K;0Z;1Q;0I;0H;0I;65;1U;;;18;20;35;62;18;17;18;221;66;;;49;51;66;93;49;48;49;252;97;;;0;
377;14A0000101;O;79;3M2S2V382R2S2R2S2T2R2S;ˇ†“‚‚„‚;0I0L0Y1Q0I0H0I651U;14A]101üa;18;1;4;A;0;0;0;0;1;0;1;1;4;10;0;0;0;0;1;0;1;49;52;65;48;48;48;48;49;48;49;1C;0I;0L;0Y;0H;0H;0H;0H;0I;0H;0I;3M;2S;2V;38;2R;2S;2R;2S;2T;2R;2S;48;18;21;34;17;17;17;17;18;17;18;130;100;103;116;99;100;99;100;101;99;100;79;49;52;65;48;48;48;48;49;48;49;161;131;134;147;130;131;130;131;132;130;131;0I;0L;0Y;1Q;0I;0H;0I;65;1U;;;18;21;34;62;18;17;18;221;66;;;49;52;65;93;49;48;49;252;97;;;0;
378;1C20000101;O;79;3M2S3A2T2R2S2R2S2T2R2S;ˇ•„‚‚„‚;0I100J1Q0I0H0I651U;1C2]101üa;18;1;C;2;0;0;0;0;1;0;1;1;12;2;0;0;0;0;1;0;1;49;67;50;48;48;48;48;49;48;49;1C;0I;10;0J;0H;0H;0H;0H;0I;0H;0I;3M;2S;3A;2T;2R;2S;2R;2S;2T;2R;2S;48;18;36;19;17;17;17;17;18;17;18;130;100;118;101;99;100;99;100;101;99;100;79;49;67;50;48;48;48;48;49;48;49;161;131;149;132;130;131;130;131;132;130;131;0I;10;0J;1Q;0I;0H;0I;65;1U;;;18;36;19;62;18;17;18;221;66;;;49;67;50;93;49;48;49;252;97;;;0;
379;21C0000101;O;79;3M2T2S3A2R2S2R2S2T2R2S;ˇ„•‚‚„‚;0J0I101Q0I0H0I651U;21C]101üa;18;2;1;C;0;0;0;0;1;0;1;2;1;12;0;0;0;0;1;0;1;50;49;67;48;48;48;48;49;48;49;1C;0J;0I;10;0H;0H;0H;0H;0I;0H;0I;3M;2T;2S;3A;2R;2S;2R;2S;2T;2R;2S;48;19;18;36;17;17;17;17;18;17;18;130;101;100;118;99;100;99;100;101;99;100;79;50;49;67;48;48;48;48;49;48;49;161;132;131;149;130;131;130;131;132;130;131;0J;0I;10;1Q;0I;0H;0I;65;1U;;;19;18;36;62;18;17;18;221;66;;;50;49;67;93;49;48;49;252;97;;;0;
380;2D00000101;O;79;3M2T3B2R2S2R2S2R2S2R2S;ˇ„–‚‚‚‚;0J110D0I0H0I660I0;2D,101ý1;17;2;D;0;0;0;0;0;1;0;1;2;13;0;0;0;0;0;1;0;1;50;68;48;48;48;48;48;49;48;49;1C;0J;11;0H;0H;0H;0H;0H;0I;0H;0I;3M;2T;3B;2R;2S;2R;2S;2R;2S;2R;2S;48;19;37;17;17;17;17;17;18;17;18;130;101;119;99;100;99;100;99;100;99;100;79;50;68;48;48;48;48;48;49;48;49;161;132;150;130;131;130;131;130;131;130;131;0J;11;0D;0I;0H;0I;66;0I;;;;19;37;13;18;17;18;222;18;;;;50;68;44;49;48;49;253;49;;;;0;0
381;3B10000101;O;79;3M2U392S2R2S2R2S2T2R2S;ˇ…”‚‚„‚;0K0Z0I1Q0I0H0I651U;3B1]101üa;18;3;B;1;0;0;0;0;1;0;1;3;11;1;0;0;0;0;1;0;1;51;66;49;48;48;48;48;49;48;49;1C;0K;0Z;0I;0H;0H;0H;0H;0I;0H;0I;3M;2U;39;2S;2R;2S;2R;2S;2T;2R;2S;48;20;35;18;17;17;17;17;18;17;18;130;102;117;100;99;100;99;100;101;99;100;79;51;66;49;48;48;48;48;49;48;49;161;133;148;131;130;131;130;131;132;130;131;0K;0Z;0I;1Q;0I;0H;0I;65;1U;;;20;35;18;62;18;17;18;221;66;;;51;66;49;93;49;48;49;252;97;;;0;
382;13C0000101;P;80;3O2T2V3B2S2T2S2T2U2S2T;Ł„†–„„…„;0I0K101R0I0I0H651V;13C^110üb;18;1;3;C;0;0;0;0;1;0;1;1;3;12;0;0;0;0;1;0;1;49;51;67;48;48;48;48;49;48;49;1D;0I;0K;10;0H;0H;0H;0H;0I;0H;0I;3O;2T;2V;3B;2S;2T;2S;2T;2U;2S;2T;49;18;20;36;17;17;17;17;18;17;18;132;101;103;119;100;101;100;101;102;100;101;80;49;51;67;48;48;48;48;49;48;49;163;132;134;150;131;132;131;132;133;131;132;0I;0K;10;1R;0I;0I;0H;65;1V;;;18;20;36;63;18;18;17;221;67;;;49;51;67;94;49;49;48;252;98;;;0;
383;15A0000101;P;80;3O2T2X392S2T2S2T2U2S2T;Ł„”„„…„;0I0M0Y1R0I0I0H651V;15A^110üb;18;1;5;A;0;0;0;0;1;0;1;1;5;10;0;0;0;0;1;0;1;49;53;65;48;48;48;48;49;48;49;1D;0I;0M;0Y;0H;0H;0H;0H;0I;0H;0I;3O;2T;2X;39;2S;2T;2S;2T;2U;2S;2T;49;18;22;34;17;17;17;17;18;17;18;132;101;105;117;100;101;100;101;102;100;101;80;49;53;65;48;48;48;48;49;48;49;163;132;136;148;131;132;131;132;133;131;132;0I;0M;0Y;1R;0I;0I;0H;65;1V;;;18;22;34;63;18;18;17;221;67;;;49;53;65;94;49;49;48;252;98;;;0;
384;1D20000101;P;80;3O2T3C2U2S2T2S2T2U2S2T;Ł„—…„„…„;0I110J1R0I0I0H651V;1D2^110üb;18;1;D;2;0;0;0;0;1;0;1;1;13;2;0;0;0;0;1;0;1;49;68;50;48;48;48;48;49;48;49;1D;0I;11;0J;0H;0H;0H;0H;0I;0H;0I;3O;2T;3C;2U;2S;2T;2S;2T;2U;2S;2T;49;18;37;19;17;17;17;17;18;17;18;132;101;120;102;100;101;100;101;102;100;101;80;49;68;50;48;48;48;48;49;48;49;163;132;151;133;131;132;131;132;133;131;132;0I;11;0J;1R;0I;0I;0H;65;1V;;;18;37;19;63;18;18;17;221;67;;;49;68;50;94;49;49;48;252;98;;;0;
386;2EAAF00101;P;80;3O2U3D393A3E2S2T2U2S2T;Ł…”•™„…„;0J120Y0Y131P0I0I0H631R0;2EAAF\110ú^;23;2;E;A;A;F;0;0;1;0;1;2;14;10;10;15;0;0;1;0;1;50;69;65;65;70;48;48;49;48;49;1D;0J;12;0Y;0Y;13;0H;0H;0I;0H;0I;3O;2U;3D;39;3A;3E;2S;2T;2U;2S;2T;49;19;38;34;34;39;17;17;18;17;18;132;102;121;117;118;122;100;101;102;100;101;80;50;69;65;65;70;48;48;49;48;49;163;133;152;148;149;153;131;132;133;131;132;0J;12;0Y;0Y;13;1P;0I;0I;0H;63;1R;19;38;34;34;39;61;18;18;17;219;63;50;69;65;65;70;92;49;49;48;250;94;0;0
387;F100000101;P;80;3O3E2T2S2T2S2T2S2T2S2T;Ł™„„„„„;130I0E0I0I0H660J0;F1-110ý2;17;F;1;0;0;0;0;0;1;0;1;15;1;0;0;0;0;0;1;0;1;70;49;48;48;48;48;48;49;48;49;1D;13;0I;0H;0H;0H;0H;0H;0I;0H;0I;3O;3E;2T;2S;2T;2S;2T;2S;2T;2S;2T;49;39;18;17;17;17;17;17;18;17;18;132;122;101;100;101;100;101;100;101;100;101;80;70;49;48;48;48;48;48;49;48;49;163;153;132;131;132;131;132;131;132;131;132;13;0I;0E;0I;0I;0H;66;0J;;;;39;18;14;18;18;17;222;19;;;;70;49;45;49;49;48;253;50;;;;0;0
388;14C0000101;Q;81;3Q2U2X3C2T2U2T2U2V2T2U;Ą…—„…„…†„…;0I0L101S0I0H0I651W;14C_101üc;18;1;4;C;0;0;0;0;1;0;1;1;4;12;0;0;0;0;1;0;1;49;52;67;48;48;48;48;49;48;49;1E;0I;0L;10;0H;0H;0H;0H;0I;0H;0I;3Q;2U;2X;3C;2T;2U;2T;2U;2V;2T;2U;50;18;21;36;17;17;17;17;18;17;18;134;102;105;120;101;102;101;102;103;101;102;81;49;52;67;48;48;48;48;49;48;49;165;133;136;151;132;133;132;133;134;132;133;0I;0L;10;1S;0I;0H;0I;65;1W;;;18;21;36;64;18;17;18;221;68;;;49;52;67;95;49;48;49;252;99;;;0;
389;1A60000101;Q;81;3Q2U3A2Z2T2U2T2U2V2T2U;Ą…•Š„…„…†„…;0I0Y0N1S0I0H0I651W;1A6_101üc;18;1;A;6;0;0;0;0;1;0;1;1;10;6;0;0;0;0;1;0;1;49;65;54;48;48;48;48;49;48;49;1E;0I;0Y;0N;0H;0H;0H;0H;0I;0H;0I;3Q;2U;3A;2Z;2T;2U;2T;2U;2V;2T;2U;50;18;34;23;17;17;17;17;18;17;18;134;102;118;107;101;102;101;102;103;101;102;81;49;65;54;48;48;48;48;49;48;49;165;133;149;138;132;133;132;133;134;132;133;0I;0Y;0N;1S;0I;0H;0I;65;1W;;;18;34;23;64;18;17;18;221;68;;;49;65;54;95;49;48;49;252;99;;;0;
390;25A0000101;Q;81;3Q2V2Y3A2T2U2T2U2V2T2U;Ą†‰•„…„…†„…;0J0M0Y1S0I0H0I651W;25A_101üc;18;2;5;A;0;0;0;0;1;0;1;2;5;10;0;0;0;0;1;0;1;50;53;65;48;48;48;48;49;48;49;1E;0J;0M;0Y;0H;0H;0H;0H;0I;0H;0I;3Q;2V;2Y;3A;2T;2U;2T;2U;2V;2T;2U;50;19;22;34;17;17;17;17;18;17;18;134;103;106;118;101;102;101;102;103;101;102;81;50;53;65;48;48;48;48;49;48;49;165;134;137;149;132;133;132;133;134;132;133;0J;0M;0Y;1S;0I;0H;0I;65;1W;;;19;22;34;64;18;17;18;221;68;;;50;53;65;95;49;48;49;252;99;;;0;
391;2F00000101;Q;81;3Q2V3F2T2U2T2U2T2U2T2U;Ą†š„…„…„…„…;0J130F0I0H0I660K0;2F.101ý3;17;2;F;0;0;0;0;0;1;0;1;2;15;0;0;0;0;0;1;0;1;50;70;48;48;48;48;48;49;48;49;1E;0J;13;0H;0H;0H;0H;0H;0I;0H;0I;3Q;2V;3F;2T;2U;2T;2U;2T;2U;2T;2U;50;19;39;17;17;17;17;17;18;17;18;134;103;123;101;102;101;102;101;102;101;102;81;50;70;48;48;48;48;48;49;48;49;165;134;154;132;133;132;133;132;133;132;133;0J;13;0F;0I;0H;0I;66;0K;;;;19;39;15;18;17;18;222;20;;;;50;70;46;49;48;49;253;51;;;;0;0
393;D400000101;Q;81;3Q3D2X2T2U2T2U2T2U2T2U;Ą„…„…„…„…;110L0F0I0H0I660K0;D4.101ý3;17;D;4;0;0;0;0;0;1;0;1;13;4;0;0;0;0;0;1;0;1;68;52;48;48;48;48;48;49;48;49;1E;11;0L;0H;0H;0H;0H;0H;0I;0H;0I;3Q;3D;2X;2T;2U;2T;2U;2T;2U;2T;2U;50;37;21;17;17;17;17;17;18;17;18;134;121;105;101;102;101;102;101;102;101;102;81;68;52;48;48;48;48;48;49;48;49;165;152;136;132;133;132;133;132;133;132;133;11;0L;0F;0I;0H;0I;66;0K;;;;37;21;15;18;17;18;222;20;;;;68;52;46;49;48;49;253;51;;;;0;0
394;E300000101;Q;81;3Q3E2W2T2U2T2U2T2U2T2U;Ą™‡„…„…„…„…;120K0F0I0H0I660K0;E3.101ý3;17;E;3;0;0;0;0;0;1;0;1;14;3;0;0;0;0;0;1;0;1;69;51;48;48;48;48;48;49;48;49;1E;12;0K;0H;0H;0H;0H;0H;0I;0H;0I;3Q;3E;2W;2T;2U;2T;2U;2T;2U;2T;2U;50;38;20;17;17;17;17;17;18;17;18;134;122;104;101;102;101;102;101;102;101;102;81;69;51;48;48;48;48;48;49;48;49;165;153;135;132;133;132;133;132;133;132;133;12;0K;0F;0I;0H;0I;66;0K;;;;38;20;15;18;17;18;222;20;;;;69;51;46;49;48;49;253;51;;;;0;0
395;G100000101;Q;81;3Q3G2U2T2U2T2U2T2U2T2U;Ą›…„…„…„…„…;140I0F0I0H0I660K0;G1.101ý3;17;G;1;0;0;0;0;0;1;0;1;16;1;0;0;0;0;0;1;0;1;71;49;48;48;48;48;48;49;48;49;1E;14;0I;0H;0H;0H;0H;0H;0I;0H;0I;3Q;3G;2U;2T;2U;2T;2U;2T;2U;2T;2U;50;40;18;17;17;17;17;17;18;17;18;134;124;102;101;102;101;102;101;102;101;102;81;71;49;48;48;48;48;48;49;48;49;165;155;133;132;133;132;133;132;133;132;133;14;0I;0F;0I;0H;0I;66;0K;;;;40;18;15;18;17;18;222;20;;;;71;49;46;49;48;49;253;51;;;;0;0
396;15C0000101;R;82;3S2V2Z3D2U2V2U2V2W2U2V;§†Š…†…†‡…†;0I0M101T0I0I0H651X;15C`110üd;18;1;5;C;0;0;0;0;1;0;1;1;5;12;0;0;0;0;1;0;1;49;53;67;48;48;48;48;49;48;49;1F;0I;0M;10;0H;0H;0H;0H;0I;0H;0I;3S;2V;2Z;3D;2U;2V;2U;2V;2W;2U;2V;51;18;22;36;17;17;17;17;18;17;18;136;103;107;121;102;103;102;103;104;102;103;82;49;53;67;48;48;48;48;49;48;49;167;134;138;152;133;134;133;134;135;133;134;0I;0M;10;1T;0I;0I;0H;65;1X;;;18;22;36;65;18;18;17;221;69;;;49;53;67;96;49;49;48;252;100;;;0;
397;17A0000101;R;82;3S2V313B2U2V2U2V2W2U2V;§†Ś–…†…†‡…†;0I0O0Y1T0I0I0H651X;17A`110üd;18;1;7;A;0;0;0;0;1;0;1;1;7;10;0;0;0;0;1;0;1;49;55;65;48;48;48;48;49;48;49;1F;0I;0O;0Y;0H;0H;0H;0H;0I;0H;0I;3S;2V;31;3B;2U;2V;2U;2V;2W;2U;2V;51;18;24;34;17;17;17;17;18;17;18;136;103;109;119;102;103;102;103;104;102;103;82;49;55;65;48;48;48;48;49;48;49;167;134;140;150;133;134;133;134;135;133;134;0I;0O;0Y;1T;0I;0I;0H;65;1X;;;18;24;34;65;18;18;17;221;69;;;49;55;65;96;49;49;48;252;100;;;0;
398;1A70000101;R;82;3S2V3B312U2V2U2V2W2U2V;§†–Ś…†…†‡…†;0I0Y0O1T0I0I0H651X;1A7`110üd;18;1;A;7;0;0;0;0;1;0;1;1;10;7;0;0;0;0;1;0;1;49;65;55;48;48;48;48;49;48;49;1F;0I;0Y;0O;0H;0H;0H;0H;0I;0H;0I;3S;2V;3B;31;2U;2V;2U;2V;2W;2U;2V;51;18;34;24;17;17;17;17;18;17;18;136;103;119;109;102;103;102;103;104;102;103;82;49;65;55;48;48;48;48;49;48;49;167;134;150;140;133;134;133;134;135;133;134;0I;0Y;0O;1T;0I;0I;0H;65;1X;;;18;34;24;65;18;18;17;221;69;;;49;65;55;96;49;49;48;252;100;;;0;
399;24C0000101;R;82;3S2W2Y3D2U2V2U2V2W2U2V;§‡‰…†…†‡…†;0J0L101T0I0I0H651X;24C`110üd;18;2;4;C;0;0;0;0;1;0;1;2;4;12;0;0;0;0;1;0;1;50;52;67;48;48;48;48;49;48;49;1F;0J;0L;10;0H;0H;0H;0H;0I;0H;0I;3S;2W;2Y;3D;2U;2V;2U;2V;2W;2U;2V;51;19;21;36;17;17;17;17;18;17;18;136;104;106;121;102;103;102;103;104;102;103;82;50;52;67;48;48;48;48;49;48;49;167;135;137;152;133;134;133;134;135;133;134;0J;0L;10;1T;0I;0I;0H;65;1X;;;19;21;36;65;18;18;17;221;69;;;50;52;67;96;49;49;48;252;100;;;0;
401;5EO1G00101;R;82;3S2Z3F3P2V3H2U2V2W2U2V;§Šš¤†ś…†‡…†;0M121C0I141R0I0I0H631T0;5EO1G^110ú`;23;5;E;O;1;G;0;0;1;0;1;5;14;24;1;16;0;0;1;0;1;53;69;79;49;71;48;48;49;48;49;1F;0M;12;1C;0I;14;0H;0H;0I;0H;0I;3S;2Z;3F;3P;2V;3H;2U;2V;2W;2U;2V;51;22;38;48;18;40;17;17;18;17;18;136;107;123;133;103;125;102;103;104;102;103;82;53;69;79;49;71;48;48;49;48;49;167;138;154;164;134;156;133;134;135;133;134;0M;12;1C;0I;14;1R;0I;0I;0H;63;1T;22;38;48;18;40;63;18;18;17;219;65;53;69;79;49;71;94;49;49;48;250;96;0;0
402;A800000101;R;82;3S3B322U2V2U2V2U2V2U2V;§–Ť…†…†…†…†;0Y0P0G0I0I0H660L0;A8/110ý4;17;A;8;0;0;0;0;0;1;0;1;10;8;0;0;0;0;0;1;0;1;65;56;48;48;48;48;48;49;48;49;1F;0Y;0P;0H;0H;0H;0H;0H;0I;0H;0I;3S;3B;32;2U;2V;2U;2V;2U;2V;2U;2V;51;34;25;17;17;17;17;17;18;17;18;136;119;110;102;103;102;103;102;103;102;103;82;65;56;48;48;48;48;48;49;48;49;167;150;141;133;134;133;134;133;134;133;134;0Y;0P;0G;0I;0I;0H;66;0L;;;;34;25;16;18;18;17;222;21;;;;65;56;47;49;49;48;253;52;;;;0;0
403;B700000101;R;82;3S3C312U2V2U2V2U2V2U2V;§—Ś…†…†…†…†;0Z0O0G0I0I0H660L0;B7/110ý4;17;B;7;0;0;0;0;0;1;0;1;11;7;0;0;0;0;0;1;0;1;66;55;48;48;48;48;48;49;48;49;1F;0Z;0O;0H;0H;0H;0H;0H;0I;0H;0I;3S;3C;31;2U;2V;2U;2V;2U;2V;2U;2V;51;35;24;17;17;17;17;17;18;17;18;136;120;109;102;103;102;103;102;103;102;103;82;66;55;48;48;48;48;48;49;48;49;167;151;140;133;134;133;134;133;134;133;134;0Z;0O;0G;0I;0I;0H;66;0L;;;;35;24;16;18;18;17;222;21;;;;66;55;47;49;49;48;253;52;;;;0;0
404;F300000101;R;82;3S3G2X2U2V2U2V2U2V2U2V;§›…†…†…†…†;130K0G0I0I0H660L0;F3/110ý4;17;F;3;0;0;0;0;0;1;0;1;15;3;0;0;0;0;0;1;0;1;70;51;48;48;48;48;48;49;48;49;1F;13;0K;0H;0H;0H;0H;0H;0I;0H;0I;3S;3G;2X;2U;2V;2U;2V;2U;2V;2U;2V;51;39;20;17;17;17;17;17;18;17;18;136;124;105;102;103;102;103;102;103;102;103;82;70;51;48;48;48;48;48;49;48;49;167;155;136;133;134;133;134;133;134;133;134;13;0K;0G;0I;0I;0H;66;0L;;;;39;20;16;18;18;17;222;21;;;;70;51;47;49;49;48;253;52;;;;0;0
405;H100000101;R;82;3S3I2V2U2V2U2V2U2V2U2V;§ť†…†…†…†…†;150I0G0I0I0H660L0;H1/110ý4;17;H;1;0;0;0;0;0;1;0;1;17;1;0;0;0;0;0;1;0;1;72;49;48;48;48;48;48;49;48;49;1F;15;0I;0H;0H;0H;0H;0H;0I;0H;0I;3S;3I;2V;2U;2V;2U;2V;2U;2V;2U;2V;51;41;18;17;17;17;17;17;18;17;18;136;126;103;102;103;102;103;102;103;102;103;82;72;49;48;48;48;48;48;49;48;49;167;157;134;133;134;133;134;133;134;133;134;15;0I;0G;0I;0I;0H;66;0L;;;;41;18;16;18;18;17;222;21;;;;72;49;47;49;49;48;253;52;;;;0;0
406;TYZTJ00101;R;82;3S3U3Z403U3K2U2V2W2U2V;§©®Ż©ź…†‡…†;1H1M1N1H171R0I0I0H631T0;TYZTJ^110ú`;23;T;Y;Z;T;J;0;0;1;0;1;29;34;35;29;19;0;0;1;0;1;84;89;90;84;74;48;48;49;48;49;1F;1H;1M;1N;1H;17;0H;0H;0I;0H;0I;3S;3U;3Z;40;3U;3K;2U;2V;2W;2U;2V;51;53;58;59;53;43;17;17;18;17;18;136;138;143;144;138;128;102;103;104;102;103;82;84;89;90;84;74;48;48;49;48;49;167;169;174;175;169;159;133;134;135;133;134;1H;1M;1N;1H;17;1R;0I;0I;0H;63;1T;53;58;59;53;43;63;18;18;17;219;65;84;89;90;84;74;94;49;49;48;250;96;0;0
407;17B0000101;S;83;3U2W323D2V2W2V2W2X2V2W;©‡Ť†‡†‡†‡;0I0O0Z1U0I0H0I651Y;17Ba101üe;18;1;7;B;0;0;0;0;1;0;1;1;7;11;0;0;0;0;1;0;1;49;55;66;48;48;48;48;49;48;49;1G;0I;0O;0Z;0H;0H;0H;0H;0I;0H;0I;3U;2W;32;3D;2V;2W;2V;2W;2X;2V;2W;52;18;24;35;17;17;17;17;18;17;18;138;104;110;121;103;104;103;104;105;103;104;83;49;55;66;48;48;48;48;49;48;49;169;135;141;152;134;135;134;135;136;134;135;0I;0O;0Z;1U;0I;0H;0I;65;1Y;;;18;24;35;66;18;17;18;221;70;;;49;55;66;97;49;48;49;252;101;;;0;
408;1B70000101;S;83;3U2W3D322V2W2V2W2X2V2W;©‡Ť†‡†‡†‡;0I0Z0O1U0I0H0I651Y;1B7a101üe;18;1;B;7;0;0;0;0;1;0;1;1;11;7;0;0;0;0;1;0;1;49;66;55;48;48;48;48;49;48;49;1G;0I;0Z;0O;0H;0H;0H;0H;0I;0H;0I;3U;2W;3D;32;2V;2W;2V;2W;2X;2V;2W;52;18;35;24;17;17;17;17;18;17;18;138;104;121;110;103;104;103;104;105;103;104;83;49;66;55;48;48;48;48;49;48;49;169;135;152;141;134;135;134;135;136;134;135;0I;0Z;0O;1U;0I;0H;0I;65;1Y;;;18;35;24;66;18;17;18;221;70;;;49;66;55;97;49;48;49;252;101;;;0;
409;1D50000101;S;83;3U2W3F302V2W2V2W2X2V2W;©‡š‹†‡†‡†‡;0I110M1U0I0H0I651Y;1D5a101üe;18;1;D;5;0;0;0;0;1;0;1;1;13;5;0;0;0;0;1;0;1;49;68;53;48;48;48;48;49;48;49;1G;0I;11;0M;0H;0H;0H;0H;0I;0H;0I;3U;2W;3F;30;2V;2W;2V;2W;2X;2V;2W;52;18;37;22;17;17;17;17;18;17;18;138;104;123;108;103;104;103;104;105;103;104;83;49;68;53;48;48;48;48;49;48;49;169;135;154;139;134;135;134;135;136;134;135;0I;11;0M;1U;0I;0H;0I;65;1Y;;;18;37;22;66;18;17;18;221;70;;;49;68;53;97;49;48;49;252;101;;;0;
410;1E40000101;S;83;3U2W3G2Z2V2W2V2W2X2V2W;©‡›Š†‡†‡†‡;0I120L1U0I0H0I651Y;1E4a101üe;18;1;E;4;0;0;0;0;1;0;1;1;14;4;0;0;0;0;1;0;1;49;69;52;48;48;48;48;49;48;49;1G;0I;12;0L;0H;0H;0H;0H;0I;0H;0I;3U;2W;3G;2Z;2V;2W;2V;2W;2X;2V;2W;52;18;38;21;17;17;17;17;18;17;18;138;104;124;107;103;104;103;104;105;103;104;83;49;69;52;48;48;48;48;49;48;49;169;135;155;138;134;135;134;135;136;134;135;0I;12;0L;1U;0I;0H;0I;65;1Y;;;18;38;21;66;18;17;18;221;70;;;49;69;52;97;49;48;49;252;101;;;0;
411;1EEAF00101;S;83;3U2W3G3H3C3H2V2W2X2V2W;©‡›ś—ś†‡†‡;0I12120Y131S0I0H0I631U0;1EEAF_101úa;23;1;E;E;A;F;0;0;1;0;1;1;14;14;10;15;0;0;1;0;1;49;69;69;65;70;48;48;49;48;49;1G;0I;12;12;0Y;13;0H;0H;0I;0H;0I;3U;2W;3G;3H;3C;3H;2V;2W;2X;2V;2W;52;18;38;38;34;39;17;17;18;17;18;138;104;124;125;120;125;103;104;105;103;104;83;49;69;69;65;70;48;48;49;48;49;169;135;155;156;151;156;134;135;136;134;135;0I;12;12;0Y;13;1S;0I;0H;0I;63;1U;18;38;38;34;39;64;18;17;18;219;66;49;69;69;65;70;95;49;48;49;250;97;0;0
412;1EPK100101;S;83;3U2W3G3R3M2W2V2W2X2V2W;©‡›¦ˇ‡†‡†‡;0I121D180I1S0I0H0I631U0;1EPK1_101úa;23;1;E;P;K;1;0;0;1;0;1;1;14;25;20;1;0;0;1;0;1;49;69;80;75;49;48;48;49;48;49;1G;0I;12;1D;18;0I;0H;0H;0I;0H;0I;3U;2W;3G;3R;3M;2W;2V;2W;2X;2V;2W;52;18;38;49;44;18;17;17;18;17;18;138;104;124;135;130;104;103;104;105;103;104;83;49;69;80;75;49;48;48;49;48;49;169;135;155;166;161;135;134;135;136;134;135;0I;12;1D;18;0I;1S;0I;0H;0I;63;1U;18;38;49;44;18;64;18;17;18;219;66;49;69;80;75;49;95;49;48;49;250;97;0;0
413;2G10000101;S;83;3U2X3I2W2V2W2V2W2X2V2W;©ť‡†‡†‡†‡;0J140I1U0I0H0I651Y;2G1a101üe;18;2;G;1;0;0;0;0;1;0;1;2;16;1;0;0;0;0;1;0;1;50;71;49;48;48;48;48;49;48;49;1G;0J;14;0I;0H;0H;0H;0H;0I;0H;0I;3U;2X;3I;2W;2V;2W;2V;2W;2X;2V;2W;52;19;40;18;17;17;17;17;18;17;18;138;105;126;104;103;104;103;104;105;103;104;83;50;71;49;48;48;48;48;49;48;49;169;136;157;135;134;135;134;135;136;134;135;0J;14;0I;1U;0I;0H;0I;65;1Y;;;19;40;18;66;18;17;18;221;70;;;50;71;49;97;49;48;49;252;101;;;0;
414;D510000101;S;83;3U3F302W2V2W2V2W2X2V2W;©š‹‡†‡†‡†‡;110M0I1U0I0H0I651Y;D51a101üe;18;D;5;1;0;0;0;0;1;0;1;13;5;1;0;0;0;0;1;0;1;68;53;49;48;48;48;48;49;48;49;1G;11;0M;0I;0H;0H;0H;0H;0I;0H;0I;3U;3F;30;2W;2V;2W;2V;2W;2X;2V;2W;52;37;22;18;17;17;17;17;18;17;18;138;123;108;104;103;104;103;104;105;103;104;83;68;53;49;48;48;48;48;49;48;49;169;154;139;135;134;135;134;135;136;134;135;11;0M;0I;1U;0I;0H;0I;65;1Y;;;37;22;18;66;18;17;18;221;70;;;68;53;49;97;49;48;49;252;101;;;0;
415;17C0000101;T;84;3W2X333F2W2X2W2X2Y2W2X;«Žš‡‡‰‡;0I0O101V0I0I0H651Z;17Cb110üf;18;1;7;C;0;0;0;0;1;0;1;1;7;12;0;0;0;0;1;0;1;49;55;67;48;48;48;48;49;48;49;1H;0I;0O;10;0H;0H;0H;0H;0I;0H;0I;3W;2X;33;3F;2W;2X;2W;2X;2Y;2W;2X;53;18;24;36;17;17;17;17;18;17;18;140;105;111;123;104;105;104;105;106;104;105;84;49;55;67;48;48;48;48;49;48;49;171;136;142;154;135;136;135;136;137;135;136;0I;0O;10;1V;0I;0I;0H;65;1Z;;;18;24;36;67;18;18;17;221;71;;;49;55;67;98;49;49;48;252;102;;;0;
416;18B0000101;T;84;3W2X343E2W2X2W2X2Y2W2X;«Ź™‡‡‰‡;0I0P0Z1V0I0I0H651Z;18Bb110üf;18;1;8;B;0;0;0;0;1;0;1;1;8;11;0;0;0;0;1;0;1;49;56;66;48;48;48;48;49;48;49;1H;0I;0P;0Z;0H;0H;0H;0H;0I;0H;0I;3W;2X;34;3E;2W;2X;2W;2X;2Y;2W;2X;53;18;25;35;17;17;17;17;18;17;18;140;105;112;122;104;105;104;105;106;104;105;84;49;56;66;48;48;48;48;49;48;49;171;136;143;153;135;136;135;136;137;135;136;0I;0P;0Z;1V;0I;0I;0H;65;1Z;;;18;25;35;67;18;18;17;221;71;;;49;56;66;98;49;49;48;252;102;;;0;
417;19A0000101;T;84;3W2X353D2W2X2W2X2Y2W2X;«‡‡‰‡;0I0Q0Y1V0I0I0H651Z;19Ab110üf;18;1;9;A;0;0;0;0;1;0;1;1;9;10;0;0;0;0;1;0;1;49;57;65;48;48;48;48;49;48;49;1H;0I;0Q;0Y;0H;0H;0H;0H;0I;0H;0I;3W;2X;35;3D;2W;2X;2W;2X;2Y;2W;2X;53;18;26;34;17;17;17;17;18;17;18;140;105;113;121;104;105;104;105;106;104;105;84;49;57;65;48;48;48;48;49;48;49;171;136;144;152;135;136;135;136;137;135;136;0I;0Q;0Y;1V;0I;0I;0H;65;1Z;;;18;26;34;67;18;18;17;221;71;;;49;57;65;98;49;49;48;252;102;;;0;
418;1A90000101;T;84;3W2X3D352W2X2W2X2Y2W2X;«‡‡‰‡;0I0Y0Q1V0I0I0H651Z;1A9b110üf;18;1;A;9;0;0;0;0;1;0;1;1;10;9;0;0;0;0;1;0;1;49;65;57;48;48;48;48;49;48;49;1H;0I;0Y;0Q;0H;0H;0H;0H;0I;0H;0I;3W;2X;3D;35;2W;2X;2W;2X;2Y;2W;2X;53;18;34;26;17;17;17;17;18;17;18;140;105;121;113;104;105;104;105;106;104;105;84;49;65;57;48;48;48;48;49;48;49;171;136;152;144;135;136;135;136;137;135;136;0I;0Y;0Q;1V;0I;0I;0H;65;1Z;;;18;34;26;67;18;18;17;221;71;;;49;65;57;98;49;49;48;252;102;;;0;
419;1B80000101;T;84;3W2X3E342W2X2W2X2Y2W2X;«™Ź‡‡‰‡;0I0Z0P1V0I0I0H651Z;1B8b110üf;18;1;B;8;0;0;0;0;1;0;1;1;11;8;0;0;0;0;1;0;1;49;66;56;48;48;48;48;49;48;49;1H;0I;0Z;0P;0H;0H;0H;0H;0I;0H;0I;3W;2X;3E;34;2W;2X;2W;2X;2Y;2W;2X;53;18;35;25;17;17;17;17;18;17;18;140;105;122;112;104;105;104;105;106;104;105;84;49;66;56;48;48;48;48;49;48;49;171;136;153;143;135;136;135;136;137;135;136;0I;0Z;0P;1V;0I;0I;0H;65;1Z;;;18;35;25;67;18;18;17;221;71;;;49;66;56;98;49;49;48;252;102;;;0;
420;1C70000101;T;84;3W2X3F332W2X2W2X2Y2W2X;«šŽ‡‡‰‡;0I100O1V0I0I0H651Z;1C7b110üf;18;1;C;7;0;0;0;0;1;0;1;1;12;7;0;0;0;0;1;0;1;49;67;55;48;48;48;48;49;48;49;1H;0I;10;0O;0H;0H;0H;0H;0I;0H;0I;3W;2X;3F;33;2W;2X;2W;2X;2Y;2W;2X;53;18;36;24;17;17;17;17;18;17;18;140;105;123;111;104;105;104;105;106;104;105;84;49;67;55;48;48;48;48;49;48;49;171;136;154;142;135;136;135;136;137;135;136;0I;10;0O;1V;0I;0I;0H;65;1Z;;;18;36;24;67;18;18;17;221;71;;;49;67;55;98;49;49;48;252;102;;;0;
421;1F40000101;T;84;3W2X3I302W2X2W2X2Y2W2X;«ť‹‡‡‰‡;0I130L1V0I0I0H651Z;1F4b110üf;18;1;F;4;0;0;0;0;1;0;1;1;15;4;0;0;0;0;1;0;1;49;70;52;48;48;48;48;49;48;49;1H;0I;13;0L;0H;0H;0H;0H;0I;0H;0I;3W;2X;3I;30;2W;2X;2W;2X;2Y;2W;2X;53;18;39;21;17;17;17;17;18;17;18;140;105;126;108;104;105;104;105;106;104;105;84;49;70;52;48;48;48;48;49;48;49;171;136;157;139;135;136;135;136;137;135;136;0I;13;0L;1V;0I;0I;0H;65;1Z;;;18;39;21;67;18;18;17;221;71;;;49;70;52;98;49;49;48;252;102;;;0;
422;26C0000101;T;84;3W2Y323F2W2X2W2X2Y2W2X;«‰Ťš‡‡‰‡;0J0N101V0I0I0H651Z;26Cb110üf;18;2;6;C;0;0;0;0;1;0;1;2;6;12;0;0;0;0;1;0;1;50;54;67;48;48;48;48;49;48;49;1H;0J;0N;10;0H;0H;0H;0H;0I;0H;0I;3W;2Y;32;3F;2W;2X;2W;2X;2Y;2W;2X;53;19;23;36;17;17;17;17;18;17;18;140;106;110;123;104;105;104;105;106;104;105;84;50;54;67;48;48;48;48;49;48;49;171;137;141;154;135;136;135;136;137;135;136;0J;0N;10;1V;0I;0I;0H;65;1Z;;;19;23;36;67;18;18;17;221;71;;;50;54;67;98;49;49;48;252;102;;;0;
423;AE6BE00101;T;84;3W3D3H323E3H2W2X2Y2W2X;«śŤ™ś‡‰‡;0Y120N0Z121T0I0I0H631V0;AE6BE`110úb;23;A;E;6;B;E;0;0;1;0;1;10;14;6;11;14;0;0;1;0;1;65;69;54;66;69;48;48;49;48;49;1H;0Y;12;0N;0Z;12;0H;0H;0I;0H;0I;3W;3D;3H;32;3E;3H;2W;2X;2Y;2W;2X;53;34;38;23;35;38;17;17;18;17;18;140;121;125;110;122;125;104;105;106;104;105;84;65;69;54;66;69;48;48;49;48;49;171;152;156;141;153;156;135;136;137;135;136;0Y;12;0N;0Z;12;1T;0I;0I;0H;63;1V;34;38;23;35;38;65;18;18;17;219;67;65;69;54;66;69;96;49;49;48;250;98;0;0
424;C800000101;T;84;3W3F342W2X2W2X2W2X2W2X;«šŹ‡‡‡‡;100P0I0I0I0H660N0;C81110ý6;17;C;8;0;0;0;0;0;1;0;1;12;8;0;0;0;0;0;1;0;1;67;56;48;48;48;48;48;49;48;49;1H;10;0P;0H;0H;0H;0H;0H;0I;0H;0I;3W;3F;34;2W;2X;2W;2X;2W;2X;2W;2X;53;36;25;17;17;17;17;17;18;17;18;140;123;112;104;105;104;105;104;105;104;105;84;67;56;48;48;48;48;48;49;48;49;171;154;143;135;136;135;136;135;136;135;136;10;0P;0I;0I;0I;0H;66;0N;;;;36;25;18;18;18;17;222;23;;;;67;56;49;49;49;48;253;54;;;;0;0
425;G400000101;T;84;3W3J302W2X2W2X2W2X2W2X;«ž‹‡‡‡‡;140L0I0I0I0H660N0;G41110ý6;17;G;4;0;0;0;0;0;1;0;1;16;4;0;0;0;0;0;1;0;1;71;52;48;48;48;48;48;49;48;49;1H;14;0L;0H;0H;0H;0H;0H;0I;0H;0I;3W;3J;30;2W;2X;2W;2X;2W;2X;2W;2X;53;40;21;17;17;17;17;17;18;17;18;140;127;108;104;105;104;105;104;105;104;105;84;71;52;48;48;48;48;48;49;48;49;171;158;139;135;136;135;136;135;136;135;136;14;0L;0I;0I;0I;0H;66;0N;;;;40;21;18;18;18;17;222;23;;;;71;52;49;49;49;48;253;54;;;;0;0
426;I200000101;T;84;3W3L2Y2W2X2W2X2W2X2W2X;« ‰‡‡‡‡;160J0I0I0I0H660N0;I21110ý6;17;I;2;0;0;0;0;0;1;0;1;18;2;0;0;0;0;0;1;0;1;73;50;48;48;48;48;48;49;48;49;1H;16;0J;0H;0H;0H;0H;0H;0I;0H;0I;3W;3L;2Y;2W;2X;2W;2X;2W;2X;2W;2X;53;42;19;17;17;17;17;17;18;17;18;140;129;106;104;105;104;105;104;105;104;105;84;73;50;48;48;48;48;48;49;48;49;171;160;137;135;136;135;136;135;136;135;136;16;0J;0I;0I;0I;0H;66;0N;;;;42;19;18;18;18;17;222;23;;;;73;50;49;49;49;48;253;54;;;;0;0
427;19B0000101;U;85;3Y2Y363F2X2Y2X2Y2Z2X2Y;­‰‘š‰‰Š‰;0I0Q0Z1W0I0H0I6520;19Bc101üg;18;1;9;B;0;0;0;0;1;0;1;1;9;11;0;0;0;0;1;0;1;49;57;66;48;48;48;48;49;48;49;1I;0I;0Q;0Z;0H;0H;0H;0H;0I;0H;0I;3Y;2Y;36;3F;2X;2Y;2X;2Y;2Z;2X;2Y;54;18;26;35;17;17;17;17;18;17;18;142;106;114;123;105;106;105;106;107;105;106;85;49;57;66;48;48;48;48;49;48;49;173;137;145;154;136;137;136;137;138;136;137;0I;0Q;0Z;1W;0I;0H;0I;65;20;;;18;26;35;68;18;17;18;221;72;;;49;57;66;99;49;48;49;252;103;;;0;
428;1B90000101;U;85;3Y2Y3F362X2Y2X2Y2Z2X2Y;­‰š‘‰‰Š‰;0I0Z0Q1W0I0H0I6520;1B9c101üg;18;1;B;9;0;0;0;0;1;0;1;1;11;9;0;0;0;0;1;0;1;49;66;57;48;48;48;48;49;48;49;1I;0I;0Z;0Q;0H;0H;0H;0H;0I;0H;0I;3Y;2Y;3F;36;2X;2Y;2X;2Y;2Z;2X;2Y;54;18;35;26;17;17;17;17;18;17;18;142;106;123;114;105;106;105;106;107;105;106;85;49;66;57;48;48;48;48;49;48;49;173;137;154;145;136;137;136;137;138;136;137;0I;0Z;0Q;1W;0I;0H;0I;65;20;;;18;35;26;68;18;17;18;221;72;;;49;66;57;99;49;48;49;252;103;;;0;
429;1E60000101;U;85;3Y2Y3I332X2Y2X2Y2Z2X2Y;­‰ťŽ‰‰Š‰;0I120N1W0I0H0I6520;1E6c101üg;18;1;E;6;0;0;0;0;1;0;1;1;14;6;0;0;0;0;1;0;1;49;69;54;48;48;48;48;49;48;49;1I;0I;12;0N;0H;0H;0H;0H;0I;0H;0I;3Y;2Y;3I;33;2X;2Y;2X;2Y;2Z;2X;2Y;54;18;38;23;17;17;17;17;18;17;18;142;106;126;111;105;106;105;106;107;105;106;85;49;69;54;48;48;48;48;49;48;49;173;137;157;142;136;137;136;137;138;136;137;0I;12;0N;1W;0I;0H;0I;65;20;;;18;38;23;68;18;17;18;221;72;;;49;69;54;99;49;48;49;252;103;;;0;
430;2D60000101;U;85;3Y2Z3H332X2Y2X2Y2Z2X2Y;­ŠśŽ‰‰Š‰;0J110N1W0I0H0I6520;2D6c101üg;18;2;D;6;0;0;0;0;1;0;1;2;13;6;0;0;0;0;1;0;1;50;68;54;48;48;48;48;49;48;49;1I;0J;11;0N;0H;0H;0H;0H;0I;0H;0I;3Y;2Z;3H;33;2X;2Y;2X;2Y;2Z;2X;2Y;54;19;37;23;17;17;17;17;18;17;18;142;107;125;111;105;106;105;106;107;105;106;85;50;68;54;48;48;48;48;49;48;49;173;138;156;142;136;137;136;137;138;136;137;0J;11;0N;1W;0I;0H;0I;65;20;;;19;37;23;68;18;17;18;221;72;;;50;68;54;99;49;48;49;252;103;;;0;
431;BE6BE00101;U;85;3Y3F3I333F3I2X2Y2Z2X2Y;­šťŽšť‰Š‰;0Z120N0Z121U0I0H0I631W0;BE6BEa101úc;23;B;E;6;B;E;0;0;1;0;1;11;14;6;11;14;0;0;1;0;1;66;69;54;66;69;48;48;49;48;49;1I;0Z;12;0N;0Z;12;0H;0H;0I;0H;0I;3Y;3F;3I;33;3F;3I;2X;2Y;2Z;2X;2Y;54;35;38;23;35;38;17;17;18;17;18;142;123;126;111;123;126;105;106;107;105;106;85;66;69;54;66;69;48;48;49;48;49;173;154;157;142;154;157;136;137;138;136;137;0Z;12;0N;0Z;12;1U;0I;0H;0I;63;1W;35;38;23;35;38;66;18;17;18;219;68;66;69;54;66;69;97;49;48;49;250;99;0;0
432;C900000101;U;85;3Y3G362X2Y2X2Y2X2Y2X2Y;­›‘‰‰‰‰;100Q0J0I0H0I660O0;C92101ý7;17;C;9;0;0;0;0;0;1;0;1;12;9;0;0;0;0;0;1;0;1;67;57;48;48;48;48;48;49;48;49;1I;10;0Q;0H;0H;0H;0H;0H;0I;0H;0I;3Y;3G;36;2X;2Y;2X;2Y;2X;2Y;2X;2Y;54;36;26;17;17;17;17;17;18;17;18;142;124;114;105;106;105;106;105;106;105;106;85;67;57;48;48;48;48;48;49;48;49;173;155;145;136;137;136;137;136;137;136;137;10;0Q;0J;0I;0H;0I;66;0O;;;;36;26;19;18;17;18;222;24;;;;67;57;50;49;48;49;253;55;;;;0;0
433;D800000101;U;85;3Y3H352X2Y2X2Y2X2Y2X2Y;­ś‰‰‰‰;110P0J0I0H0I660O0;D82101ý7;17;D;8;0;0;0;0;0;1;0;1;13;8;0;0;0;0;0;1;0;1;68;56;48;48;48;48;48;49;48;49;1I;11;0P;0H;0H;0H;0H;0H;0I;0H;0I;3Y;3H;35;2X;2Y;2X;2Y;2X;2Y;2X;2Y;54;37;25;17;17;17;17;17;18;17;18;142;125;113;105;106;105;106;105;106;105;106;85;68;56;48;48;48;48;48;49;48;49;173;156;144;136;137;136;137;136;137;136;137;11;0P;0J;0I;0H;0I;66;0O;;;;37;25;19;18;17;18;222;24;;;;68;56;50;49;48;49;253;55;;;;0;0
434;H400000101;U;85;3Y3L312X2Y2X2Y2X2Y2X2Y;­ Ś‰‰‰‰;150L0J0I0H0I660O0;H42101ý7;17;H;4;0;0;0;0;0;1;0;1;17;4;0;0;0;0;0;1;0;1;72;52;48;48;48;48;48;49;48;49;1I;15;0L;0H;0H;0H;0H;0H;0I;0H;0I;3Y;3L;31;2X;2Y;2X;2Y;2X;2Y;2X;2Y;54;41;21;17;17;17;17;17;18;17;18;142;129;109;105;106;105;106;105;106;105;106;85;72;52;48;48;48;48;48;49;48;49;173;160;140;136;137;136;137;136;137;136;137;15;0L;0J;0I;0H;0I;66;0O;;;;41;21;19;18;17;18;222;24;;;;72;52;50;49;48;49;253;55;;;;0;0
435;IEK4700101;U;85;3Y3M3I3O31342X2Y2Z2X2Y;­ˇťŁŚŹ‰Š‰;1612180L0O1U0I0H0I631W0;IEK47a101úc;23;I;E;K;4;7;0;0;1;0;1;18;14;20;4;7;0;0;1;0;1;73;69;75;52;55;48;48;49;48;49;1I;16;12;18;0L;0O;0H;0H;0I;0H;0I;3Y;3M;3I;3O;31;34;2X;2Y;2Z;2X;2Y;54;42;38;44;21;24;17;17;18;17;18;142;130;126;132;109;112;105;106;107;105;106;85;73;69;75;52;55;48;48;49;48;49;173;161;157;163;140;143;136;137;138;136;137;16;12;18;0L;0O;1U;0I;0H;0I;63;1W;42;38;44;21;24;66;18;17;18;219;68;73;69;75;52;55;97;49;48;49;250;99;0;0
436;19C0000101;V;86;402Z373H2Y2Z2Y2Z302Y2Z;ŻŠ’ś‰Š‰Š‹‰Š;0I0Q101X0I0I0H6521;19Cd110üh;18;1;9;C;0;0;0;0;1;0;1;1;9;12;0;0;0;0;1;0;1;49;57;67;48;48;48;48;49;48;49;1J;0I;0Q;10;0H;0H;0H;0H;0I;0H;0I;40;2Z;37;3H;2Y;2Z;2Y;2Z;30;2Y;2Z;55;18;26;36;17;17;17;17;18;17;18;144;107;115;125;106;107;106;107;108;106;107;86;49;57;67;48;48;48;48;49;48;49;175;138;146;156;137;138;137;138;139;137;138;0I;0Q;10;1X;0I;0I;0H;65;21;;;18;26;36;69;18;18;17;221;73;;;49;57;67;100;49;49;48;252;104;;;0;
437;1G50000101;V;86;402Z3L332Y2Z2Y2Z302Y2Z;ŻŠ Ž‰Š‰Š‹‰Š;0I140M1X0I0I0H6521;1G5d110üh;18;1;G;5;0;0;0;0;1;0;1;1;16;5;0;0;0;0;1;0;1;49;71;53;48;48;48;48;49;48;49;1J;0I;14;0M;0H;0H;0H;0H;0I;0H;0I;40;2Z;3L;33;2Y;2Z;2Y;2Z;30;2Y;2Z;55;18;40;22;17;17;17;17;18;17;18;144;107;129;111;106;107;106;107;108;106;107;86;49;71;53;48;48;48;48;49;48;49;175;138;160;142;137;138;137;138;139;137;138;0I;14;0M;1X;0I;0I;0H;65;21;;;18;40;22;69;18;18;17;221;73;;;49;71;53;100;49;49;48;252;104;;;0;
438;1H40000101;V;86;402Z3M322Y2Z2Y2Z302Y2Z;ŻŠˇŤ‰Š‰Š‹‰Š;0I150L1X0I0I0H6521;1H4d110üh;18;1;H;4;0;0;0;0;1;0;1;1;17;4;0;0;0;0;1;0;1;49;72;52;48;48;48;48;49;48;49;1J;0I;15;0L;0H;0H;0H;0H;0I;0H;0I;40;2Z;3M;32;2Y;2Z;2Y;2Z;30;2Y;2Z;55;18;41;21;17;17;17;17;18;17;18;144;107;130;110;106;107;106;107;108;106;107;86;49;72;52;48;48;48;48;49;48;49;175;138;161;141;137;138;137;138;139;137;138;0I;15;0L;1X;0I;0I;0H;65;21;;;18;41;21;69;18;18;17;221;73;;;49;72;52;100;49;49;48;252;104;;;0;
439;1I30000101;V;86;402Z3N312Y2Z2Y2Z302Y2Z;ŻŠ˘Ś‰Š‰Š‹‰Š;0I160K1X0I0I0H6521;1I3d110üh;18;1;I;3;0;0;0;0;1;0;1;1;18;3;0;0;0;0;1;0;1;49;73;51;48;48;48;48;49;48;49;1J;0I;16;0K;0H;0H;0H;0H;0I;0H;0I;40;2Z;3N;31;2Y;2Z;2Y;2Z;30;2Y;2Z;55;18;42;20;17;17;17;17;18;17;18;144;107;131;109;106;107;106;107;108;106;107;86;49;73;51;48;48;48;48;49;48;49;175;138;162;140;137;138;137;138;139;137;138;0I;16;0K;1X;0I;0I;0H;65;21;;;18;42;20;69;18;18;17;221;73;;;49;73;51;100;49;49;48;252;104;;;0;
440;2C80000101;V;86;40303H362Y2Z2Y2Z302Y2Z;Ż‹ś‘‰Š‰Š‹‰Š;0J100P1X0I0I0H6521;2C8d110üh;18;2;C;8;0;0;0;0;1;0;1;2;12;8;0;0;0;0;1;0;1;50;67;56;48;48;48;48;49;48;49;1J;0J;10;0P;0H;0H;0H;0H;0I;0H;0I;40;30;3H;36;2Y;2Z;2Y;2Z;30;2Y;2Z;55;19;36;25;17;17;17;17;18;17;18;144;108;125;114;106;107;106;107;108;106;107;86;50;67;56;48;48;48;48;49;48;49;175;139;156;145;137;138;137;138;139;137;138;0J;10;0P;1X;0I;0I;0H;65;21;;;19;36;25;69;18;18;17;221;73;;;50;67;56;100;49;49;48;252;104;;;0;
441;2E60000101;V;86;40303J342Y2Z2Y2Z302Y2Z;Ż‹žŹ‰Š‰Š‹‰Š;0J120N1X0I0I0H6521;2E6d110üh;18;2;E;6;0;0;0;0;1;0;1;2;14;6;0;0;0;0;1;0;1;50;69;54;48;48;48;48;49;48;49;1J;0J;12;0N;0H;0H;0H;0H;0I;0H;0I;40;30;3J;34;2Y;2Z;2Y;2Z;30;2Y;2Z;55;19;38;23;17;17;17;17;18;17;18;144;108;127;112;106;107;106;107;108;106;107;86;50;69;54;48;48;48;48;49;48;49;175;139;158;143;137;138;137;138;139;137;138;0J;12;0N;1X;0I;0I;0H;65;21;;;19;38;23;69;18;18;17;221;73;;;50;69;54;100;49;49;48;252;104;;;0;
442;2EGBE00101;V;86;40303J3L3G3J2Y2Z302Y2Z;Ż‹ž ›ž‰Š‹‰Š;0J12140Z121V0I0I0H631X0;2EGBEb110úd;23;2;E;G;B;E;0;0;1;0;1;2;14;16;11;14;0;0;1;0;1;50;69;71;66;69;48;48;49;48;49;1J;0J;12;14;0Z;12;0H;0H;0I;0H;0I;40;30;3J;3L;3G;3J;2Y;2Z;30;2Y;2Z;55;19;38;40;35;38;17;17;18;17;18;144;108;127;129;124;127;106;107;108;106;107;86;50;69;71;66;69;48;48;49;48;49;175;139;158;160;155;158;137;138;139;137;138;0J;12;14;0Z;12;1V;0I;0I;0H;63;1X;19;38;40;35;38;67;18;18;17;219;69;50;69;71;66;69;98;49;49;48;250;100;0;0
443;2EUE400101;V;86;40303J3Z3J322Y2Z302Y2Z;Ż‹ž®žŤ‰Š‹‰Š;0J121I120L1V0I0I0H631X0;2EUE4b110úd;23;2;E;U;E;4;0;0;1;0;1;2;14;30;14;4;0;0;1;0;1;50;69;85;69;52;48;48;49;48;49;1J;0J;12;1I;12;0L;0H;0H;0I;0H;0I;40;30;3J;3Z;3J;32;2Y;2Z;30;2Y;2Z;55;19;38;54;38;21;17;17;18;17;18;144;108;127;143;127;110;106;107;108;106;107;86;50;69;85;69;52;48;48;49;48;49;175;139;158;174;158;141;137;138;139;137;138;0J;12;1I;12;0L;1V;0I;0I;0H;63;1X;19;38;54;38;21;67;18;18;17;219;69;50;69;85;69;52;98;49;49;48;250;100;0;0
444;D08OJ00101;V;86;403I2Y363T3O2Y2Z302Y2Z;Żť‰‘¨Ł‰Š‹‰Š;110H0P1C171V0I0I0H631X0;D08OJb110úd;23;D;0;8;O;J;0;0;1;0;1;13;0;8;24;19;0;0;1;0;1;68;48;56;79;74;48;48;49;48;49;1J;11;0H;0P;1C;17;0H;0H;0I;0H;0I;40;3I;2Y;36;3T;3O;2Y;2Z;30;2Y;2Z;55;37;17;25;48;43;17;17;18;17;18;144;126;106;114;137;132;106;107;108;106;107;86;68;48;56;79;74;48;48;49;48;49;175;157;137;145;168;163;137;138;139;137;138;11;0H;0P;1C;17;1V;0I;0I;0H;63;1X;37;17;25;48;43;67;18;18;17;219;69;68;48;56;79;74;98;49;49;48;250;100;0;0
445;F700000101;V;86;403K352Y2Z2Y2Z2Y2Z2Y2Z;Żź‰Š‰Š‰Š‰Š;130O0K0I0I0H660P0;F73110ý8;17;F;7;0;0;0;0;0;1;0;1;15;7;0;0;0;0;0;1;0;1;70;55;48;48;48;48;48;49;48;49;1J;13;0O;0H;0H;0H;0H;0H;0I;0H;0I;40;3K;35;2Y;2Z;2Y;2Z;2Y;2Z;2Y;2Z;55;39;24;17;17;17;17;17;18;17;18;144;128;113;106;107;106;107;106;107;106;107;86;70;55;48;48;48;48;48;49;48;49;175;159;144;137;138;137;138;137;138;137;138;13;0O;0K;0I;0I;0H;66;0P;;;;39;24;20;18;18;17;222;25;;;;70;55;51;49;49;48;253;56;;;;0;0
446;I400000101;V;86;403N322Y2Z2Y2Z2Y2Z2Y2Z;Ż˘Ť‰Š‰Š‰Š‰Š;160L0K0I0I0H660P0;I43110ý8;17;I;4;0;0;0;0;0;1;0;1;18;4;0;0;0;0;0;1;0;1;73;52;48;48;48;48;48;49;48;49;1J;16;0L;0H;0H;0H;0H;0H;0I;0H;0I;40;3N;32;2Y;2Z;2Y;2Z;2Y;2Z;2Y;2Z;55;42;21;17;17;17;17;17;18;17;18;144;131;110;106;107;106;107;106;107;106;107;86;73;52;48;48;48;48;48;49;48;49;175;162;141;137;138;137;138;137;138;137;138;16;0L;0K;0I;0I;0H;66;0P;;;;42;21;20;18;18;17;222;25;;;;73;52;51;49;49;48;253;56;;;;0;0
447;K200000101;V;86;403P302Y2Z2Y2Z2Y2Z2Y2Z;Ż¤‹‰Š‰Š‰Š‰Š;180J0K0I0I0H660P0;K23110ý8;17;K;2;0;0;0;0;0;1;0;1;20;2;0;0;0;0;0;1;0;1;75;50;48;48;48;48;48;49;48;49;1J;18;0J;0H;0H;0H;0H;0H;0I;0H;0I;40;3P;30;2Y;2Z;2Y;2Z;2Y;2Z;2Y;2Z;55;44;19;17;17;17;17;17;18;17;18;144;133;108;106;107;106;107;106;107;106;107;86;75;50;48;48;48;48;48;49;48;49;175;164;139;137;138;137;138;137;138;137;138;18;0J;0K;0I;0I;0H;66;0P;;;;44;19;20;18;18;17;222;25;;;;75;50;51;49;49;48;253;56;;;;0;0
448;1ECID00101;W;87;42303K3I3O3J2Z30312Z30;±‹źťŁžŠ‹ŚŠ‹;0I121016111W0I0H0I631Y0;1ECIDc101úe;23;1;E;C;I;D;0;0;1;0;1;1;14;12;18;13;0;0;1;0;1;49;69;67;73;68;48;48;49;48;49;1K;0I;12;10;16;11;0H;0H;0I;0H;0I;42;30;3K;3I;3O;3J;2Z;30;31;2Z;30;56;18;38;36;42;37;17;17;18;17;18;146;108;128;126;132;127;107;108;109;107;108;87;49;69;67;73;68;48;48;49;48;49;177;139;159;157;163;158;138;139;140;138;139;0I;12;10;16;11;1W;0I;0H;0I;63;1Y;18;38;36;42;37;68;18;17;18;219;70;49;69;67;73;68;99;49;48;49;250;101;0;0
449;1ETG500101;W;87;42303K3Z3M342Z30312Z30;±‹ź®ˇŹŠ‹ŚŠ‹;0I121H140M1W0I0H0I631Y0;1ETG5c101úe;23;1;E;T;G;5;0;0;1;0;1;1;14;29;16;5;0;0;1;0;1;49;69;84;71;53;48;48;49;48;49;1K;0I;12;1H;14;0M;0H;0H;0I;0H;0I;42;30;3K;3Z;3M;34;2Z;30;31;2Z;30;56;18;38;53;40;22;17;17;18;17;18;146;108;128;143;130;112;107;108;109;107;108;87;49;69;84;71;53;48;48;49;48;49;177;139;159;174;161;143;138;139;140;138;139;0I;12;1H;14;0M;1W;0I;0H;0I;63;1Y;18;38;53;40;22;68;18;17;18;219;70;49;69;84;71;53;99;49;48;49;250;101;0;0
450;4EFBE00101;W;87;42333K3L3H3K2Z30312Z30;±Žź śźŠ‹ŚŠ‹;0L12130Z121W0I0H0I631Y0;4EFBEc101úe;23;4;E;F;B;E;0;0;1;0;1;4;14;15;11;14;0;0;1;0;1;52;69;70;66;69;48;48;49;48;49;1K;0L;12;13;0Z;12;0H;0H;0I;0H;0I;42;33;3K;3L;3H;3K;2Z;30;31;2Z;30;56;21;38;39;35;38;17;17;18;17;18;146;111;128;129;125;128;107;108;109;107;108;87;52;69;70;66;69;48;48;49;48;49;177;142;159;160;156;159;138;139;140;138;139;0L;12;13;0Z;12;1W;0I;0H;0I;63;1Y;21;38;39;35;38;68;18;17;18;219;70;52;69;70;66;69;99;49;48;49;250;101;0;0
451;0FUG500101;X;88;44303M413N353031323031;ł‹ˇ°˘‹ŚŤ‹Ś;0H131I140M1X0I0I0H631Z0;0FUG5d110úf;23;0;F;U;G;5;0;0;1;0;1;0;15;30;16;5;0;0;1;0;1;48;70;85;71;53;48;48;49;48;49;1L;0H;13;1I;14;0M;0H;0H;0I;0H;0I;44;30;3M;41;3N;35;30;31;32;30;31;57;17;39;54;40;22;17;17;18;17;18;148;108;130;145;131;113;108;109;110;108;109;88;48;70;85;71;53;48;48;49;48;49;179;139;161;176;162;144;139;140;141;139;140;0H;13;1I;14;0M;1X;0I;0I;0H;63;1Z;17;39;54;40;22;69;18;18;17;219;71;48;70;85;71;53;100;49;49;48;250;102;0;0
452;2EY0G00101;X;88;44323L45303N3031323031;łŤ ´‹˘‹ŚŤ‹Ś;0J121M0H141X0I0I0H631Z0;2EY0Gd110úf;23;2;E;Y;0;G;0;0;1;0;1;2;14;34;0;16;0;0;1;0;1;50;69;89;48;71;48;48;49;48;49;1L;0J;12;1M;0H;14;0H;0H;0I;0H;0I;44;32;3L;45;30;3N;30;31;32;30;31;57;19;38;58;17;40;17;17;18;17;18;148;110;129;149;108;131;108;109;110;108;109;88;50;69;89;48;71;48;48;49;48;49;179;141;160;180;139;162;139;140;141;139;140;0J;12;1M;0H;14;1X;0I;0I;0H;63;1Z;19;38;58;17;40;69;18;18;17;219;71;50;69;89;48;71;100;49;49;48;250;102;0;0
453;B53SJ00101;X;88;443I35333Z3Q3031323031;łťŽ®Ą‹ŚŤ‹Ś;0Z0M0K1G171X0I0I0H631Z0;B53SJd110úf;23;B;5;3;S;J;0;0;1;0;1;11;5;3;28;19;0;0;1;0;1;66;53;51;83;74;48;48;49;48;49;1L;0Z;0M;0K;1G;17;0H;0H;0I;0H;0I;44;3I;35;33;3Z;3Q;30;31;32;30;31;57;35;22;20;52;43;17;17;18;17;18;148;126;113;111;143;134;108;109;110;108;109;88;66;53;51;83;74;48;48;49;48;49;179;157;144;142;174;165;139;140;141;139;140;0Z;0M;0K;1G;17;1X;0I;0I;0H;63;1Z;35;22;20;52;43;69;18;18;17;219;71;66;53;51;83;74;100;49;49;48;250;102;0;0
454;07ERJ00101;Y;89;4631383M3Z3R3132333132;µŚ“ˇ®¦ŚŤŽŚŤ;0H0O121F171Y0I0H0I63200;07ERJe101úg;23;0;7;E;R;J;0;0;1;0;1;0;7;14;27;19;0;0;1;0;1;48;55;69;82;74;48;48;49;48;49;1M;0H;0O;12;1F;17;0H;0H;0I;0H;0I;46;31;38;3M;3Z;3R;31;32;33;31;32;58;17;24;38;51;43;17;17;18;17;18;150;109;116;130;143;135;109;110;111;109;110;89;48;55;69;82;74;48;48;49;48;49;181;140;147;161;174;166;140;141;142;140;141;0H;0O;12;1F;17;1Y;0I;0H;0I;63;20;17;24;38;51;43;70;18;17;18;219;72;48;55;69;82;74;101;49;48;49;250;103;0;0
455;1EKAF00101;Y;89;46323M3S3I3N3132333132;µŤˇ§ť˘ŚŤŽŚŤ;0I12180Y131Y0I0H0I63200;1EKAFe101úg;23;1;E;K;A;F;0;0;1;0;1;1;14;20;10;15;0;0;1;0;1;49;69;75;65;70;48;48;49;48;49;1M;0I;12;18;0Y;13;0H;0H;0I;0H;0I;46;32;3M;3S;3I;3N;31;32;33;31;32;58;18;38;44;34;39;17;17;18;17;18;150;110;130;136;126;131;109;110;111;109;110;89;49;69;75;65;70;48;48;49;48;49;181;141;161;167;157;162;140;141;142;140;141;0I;12;18;0Y;13;1Y;0I;0H;0I;63;20;18;38;44;34;39;70;18;17;18;219;72;49;69;75;65;70;101;49;48;49;250;103;0;0
456;1J3PJ00101;Y;89;46323R343X3R3132333132;µŤ¦Ź¬¦ŚŤŽŚŤ;0I170K1D171Y0I0H0I63200;1J3PJe101úg;23;1;J;3;P;J;0;0;1;0;1;1;19;3;25;19;0;0;1;0;1;49;74;51;80;74;48;48;49;48;49;1M;0I;17;0K;1D;17;0H;0H;0I;0H;0I;46;32;3R;34;3X;3R;31;32;33;31;32;58;18;43;20;49;43;17;17;18;17;18;150;110;135;112;141;135;109;110;111;109;110;89;49;74;51;80;74;48;48;49;48;49;181;141;166;143;172;166;140;141;142;140;141;0I;17;0K;1D;17;1Y;0I;0H;0I;63;20;18;43;20;49;43;70;18;17;18;219;72;49;74;51;80;74;101;49;48;49;250;103;0;0
457;3ECID00101;Y;89;46343M3K3Q3L3132333132;µŹˇźĄ ŚŤŽŚŤ;0K121016111Y0I0H0I63200;3ECIDe101úg;23;3;E;C;I;D;0;0;1;0;1;3;14;12;18;13;0;0;1;0;1;51;69;67;73;68;48;48;49;48;49;1M;0K;12;10;16;11;0H;0H;0I;0H;0I;46;34;3M;3K;3Q;3L;31;32;33;31;32;58;20;38;36;42;37;17;17;18;17;18;150;112;130;128;134;129;109;110;111;109;110;89;51;69;67;73;68;48;48;49;48;49;181;143;161;159;165;160;140;141;142;140;141;0K;12;10;16;11;1Y;0I;0H;0I;63;20;20;38;36;42;37;70;18;17;18;219;72;51;69;67;73;68;101;49;48;49;250;103;0;0
458;BE9U300101;Y;89;463J3M3A42343132333132;µžˇ•±ŹŚŤŽŚŤ;0Z120Q1I0K1Y0I0H0I63200;BE9U3e101úg;23;B;E;9;U;3;0;0;1;0;1;11;14;9;30;3;0;0;1;0;1;66;69;57;85;51;48;48;49;48;49;1M;0Z;12;0Q;1I;0K;0H;0H;0I;0H;0I;46;3J;3M;3A;42;34;31;32;33;31;32;58;35;38;26;54;20;17;17;18;17;18;150;127;130;118;146;112;109;110;111;109;110;89;66;69;57;85;51;48;48;49;48;49;181;158;161;149;177;143;140;141;142;140;141;0Z;12;0Q;1I;0K;1Y;0I;0H;0I;63;20;35;38;26;54;20;70;18;17;18;219;72;66;69;57;85;51;101;49;48;49;250;103;0;0
459;20SKJ00101;[;91;4A3533423U3T3334353334;ąŽ±©¨ŽŹŽŹ;0J0H1G1817200I0H0I63220;20SKJg101úi;23;2;0;S;K;J;0;0;1;0;1;2;0;28;20;19;0;0;1;0;1;50;48;83;75;74;48;48;49;48;49;1O;0J;0H;1G;18;17;0H;0H;0I;0H;0I;4A;35;33;42;3U;3T;33;34;35;33;34;60;19;17;52;44;43;17;17;18;17;18;154;113;111;146;138;137;111;112;113;111;112;91;50;48;83;75;74;48;48;49;48;49;185;144;142;177;169;168;142;143;144;142;143;0J;0H;1G;18;17;20;0I;0H;0I;63;22;19;17;52;44;43;72;18;17;18;219;74;50;48;83;75;74;103;49;48;49;250;105;0;0
460;0O1QJ00101;\;92;4C343Z35413U3435363435;»Ź®°©Ź‘Ź;0H1C0I1E17210I0I0H63230;0O1QJh110új;23;0;O;1;Q;J;0;0;1;0;1;0;24;1;26;19;0;0;1;0;1;48;79;49;81;74;48;48;49;48;49;1P;0H;1C;0I;1E;17;0H;0H;0I;0H;0I;4C;34;3Z;35;41;3U;34;35;36;34;35;61;17;48;18;50;43;17;17;18;17;18;156;112;143;113;145;138;112;113;114;112;113;92;48;79;49;81;74;48;48;49;48;49;187;143;174;144;176;169;143;144;145;143;144;0H;1C;0I;1E;17;21;0I;0I;0H;63;23;17;48;18;50;43;73;18;18;17;219;75;48;79;49;81;74;104;49;49;48;250;106;0;0
461;20TLJ00101;];93;4E3735453X3V3536373536;˝’´¬Ş‘’‘;0J0H1H1917220I0H0I63240;20TLJi101úk;23;2;0;T;L;J;0;0;1;0;1;2;0;29;21;19;0;0;1;0;1;50;48;84;76;74;48;48;49;48;49;1Q;0J;0H;1H;19;17;0H;0H;0I;0H;0I;4E;37;35;45;3X;3V;35;36;37;35;36;62;19;17;53;45;43;17;17;18;17;18;158;115;113;149;141;139;113;114;115;113;114;93;50;48;84;76;74;48;48;49;48;49;189;146;144;180;172;170;144;145;146;144;145;0J;0H;1H;19;17;22;0I;0H;0I;63;24;19;17;53;45;43;74;18;17;18;219;76;50;48;84;76;74;105;49;48;49;250;107;0;0
462;5FUG500101;];93;4E3A3R463S3A3536373536;˝•¦µ§•‘’‘;0M131I140M220I0H0I63240;5FUG5i101úk;23;5;F;U;G;5;0;0;1;0;1;5;15;30;16;5;0;0;1;0;1;53;70;85;71;53;48;48;49;48;49;1Q;0M;13;1I;14;0M;0H;0H;0I;0H;0I;4E;3A;3R;46;3S;3A;35;36;37;35;36;62;22;39;54;40;22;17;17;18;17;18;158;118;135;150;136;118;113;114;115;113;114;93;53;70;85;71;53;48;48;49;48;49;189;149;166;181;167;149;144;145;146;144;145;0M;13;1I;14;0M;22;0I;0H;0I;63;24;22;39;54;40;22;74;18;17;18;219;76;53;70;85;71;53;105;49;48;49;250;107;0;0
463;9E0WG00101;];93;4E3E3Q35483S3536373536;˝™Ą·§‘’‘;0Q120H1K14220I0H0I63240;9E0WGi101úk;23;9;E;0;W;G;0;0;1;0;1;9;14;0;32;16;0;0;1;0;1;57;69;48;87;71;48;48;49;48;49;1Q;0Q;12;0H;1K;14;0H;0H;0I;0H;0I;4E;3E;3Q;35;48;3S;35;36;37;35;36;62;26;38;17;56;40;17;17;18;17;18;158;122;134;113;152;136;113;114;115;113;114;93;57;69;48;87;71;48;48;49;48;49;189;153;165;144;183;167;144;145;146;144;145;0Q;12;0H;1K;14;22;0I;0H;0I;63;24;26;38;17;56;40;74;18;17;18;219;76;57;69;48;87;71;105;49;48;49;250;107;0;0
464;1O1RJ00101;^;94;4G374137443W3637383637;ż’°’ł«‘’“‘’;0I1C0I1F17230I0I0H63250;1O1RJj110úl;23;1;O;1;R;J;0;0;1;0;1;1;24;1;27;19;0;0;1;0;1;49;79;49;82;74;48;48;49;48;49;1R;0I;1C;0I;1F;17;0H;0H;0I;0H;0I;4G;37;41;37;44;3W;36;37;38;36;37;63;18;48;18;51;43;17;17;18;17;18;160;115;145;115;148;140;114;115;116;114;115;94;49;79;49;82;74;48;48;49;48;49;191;146;176;146;179;171;145;146;147;145;146;0I;1C;0I;1F;17;23;0I;0I;0H;63;25;18;48;18;51;43;75;18;18;17;219;77;49;79;49;82;74;106;49;49;48;250;108;0;0
465;H53SJ00101;^;94;4G3U3B39453W3637383637;ż©–”´«‘’“‘’;150M0K1G17230I0I0H63250;H53SJj110úl;23;H;5;3;S;J;0;0;1;0;1;17;5;3;28;19;0;0;1;0;1;72;53;51;83;74;48;48;49;48;49;1R;15;0M;0K;1G;17;0H;0H;0I;0H;0I;4G;3U;3B;39;45;3W;36;37;38;36;37;63;41;22;20;52;43;17;17;18;17;18;160;138;119;117;149;140;114;115;116;114;115;94;72;53;51;83;74;48;48;49;48;49;191;169;150;148;180;171;145;146;147;145;146;15;0M;0K;1G;17;23;0I;0I;0H;63;25;41;22;20;52;43;75;18;18;17;219;77;72;53;51;83;74;106;49;49;48;250;108;0;0
466;4EEHI00101;`;96;4K3C3T3U3W3X38393A3839;Ă—¨©«¬“”•“”;0L12121516250I0I0H63270;4EEHIl110ún;23;4;E;E;H;I;0;0;1;0;1;4;14;14;17;18;0;0;1;0;1;52;69;69;72;73;48;48;49;48;49;1T;0L;12;12;15;16;0H;0H;0I;0H;0I;4K;3C;3T;3U;3W;3X;38;39;3A;38;39;65;21;38;38;41;42;17;17;18;17;18;164;120;137;138;140;141;116;117;118;116;117;96;52;69;69;72;73;48;48;49;48;49;195;151;168;169;171;172;147;148;149;147;148;0L;12;12;15;16;25;0I;0I;0H;63;27;21;38;38;41;42;77;18;18;17;219;79;52;69;69;72;73;108;49;49;48;250;110;0;0
467;3CAPJ00101;b;98;4O3D3T3R46403A3B3C3A3B;Ç¨¦µŻ•–—•–;0K100Y1D17270I0I0H63290;3CAPJn110úp;23;3;C;A;P;J;0;0;1;0;1;3;12;10;25;19;0;0;1;0;1;51;67;65;80;74;48;48;49;48;49;1V;0K;10;0Y;1D;17;0H;0H;0I;0H;0I;4O;3D;3T;3R;46;40;3A;3B;3C;3A;3B;67;20;36;34;49;43;17;17;18;17;18;168;121;137;135;150;144;118;119;120;118;119;98;51;67;65;80;74;48;48;49;48;49;199;152;168;166;181;175;149;150;151;149;150;0K;10;0Y;1D;17;27;0I;0I;0H;63;29;20;36;34;49;43;79;18;18;17;219;81;51;67;65;80;74;110;49;49;48;250;112;0;0
468;87GQJ00101;b;98;4O3I3H3X47403A3B3C3A3B;Çťś¬¶Ż•–—•–;0P0O141E17270I0I0H63290;87GQJn110úp;23;8;7;G;Q;J;0;0;1;0;1;8;7;16;26;19;0;0;1;0;1;56;55;71;81;74;48;48;49;48;49;1V;0P;0O;14;1E;17;0H;0H;0I;0H;0I;4O;3I;3H;3X;47;40;3A;3B;3C;3A;3B;67;25;24;40;50;43;17;17;18;17;18;168;126;125;141;151;144;118;119;120;118;119;98;56;55;71;81;74;48;48;49;48;49;199;157;156;172;182;175;149;150;151;149;150;0P;0O;14;1E;17;27;0I;0I;0H;63;29;25;24;40;50;43;79;18;18;17;219;81;56;55;71;81;74;110;49;49;48;250;112;0;0
469;8C9SJ00101;b;98;4O3I3T3J49403A3B3C3A3B;Çť¨ž¸Ż•–—•–;0P100Q1G17270I0I0H63290;8C9SJn110úp;23;8;C;9;S;J;0;0;1;0;1;8;12;9;28;19;0;0;1;0;1;56;67;57;83;74;48;48;49;48;49;1V;0P;10;0Q;1G;17;0H;0H;0I;0H;0I;4O;3I;3T;3J;49;40;3A;3B;3C;3A;3B;67;25;36;26;52;43;17;17;18;17;18;168;126;137;127;153;144;118;119;120;118;119;98;56;67;57;83;74;48;48;49;48;49;199;157;168;158;184;175;149;150;151;149;150;0P;10;0Q;1G;17;27;0I;0I;0H;63;29;25;36;26;52;43;79;18;18;17;219;81;56;67;57;83;74;110;49;49;48;250;112;0;0
470;1EOX500101;c;99;4Q3C3W464F3G3B3C3D3B3C;É—«µľ›–—–—;0I121C1L0M280I0H0I632A0;1EOX5o101úq;23;1;E;O;X;5;0;0;1;0;1;1;14;24;33;5;0;0;1;0;1;49;69;79;88;53;48;48;49;48;49;1W;0I;12;1C;1L;0M;0H;0H;0I;0H;0I;4Q;3C;3W;46;4F;3G;3B;3C;3D;3B;3C;68;18;38;48;57;22;17;17;18;17;18;170;120;140;150;159;124;119;120;121;119;120;99;49;69;79;88;53;48;48;49;48;49;201;151;171;181;190;155;150;151;152;150;151;0I;12;1C;1L;0M;28;0I;0H;0I;63;2A;18;38;48;57;22;80;18;17;18;219;82;49;69;79;88;53;111;49;48;49;250;113;0;0
471;23XKJ00101;c;99;4Q3D3E4F42413B3C3D3B3C;É™ľ±°–—–—;0J0K1L1817280I0H0I632A0;23XKJo101úq;23;2;3;X;K;J;0;0;1;0;1;2;3;33;20;19;0;0;1;0;1;50;51;88;75;74;48;48;49;48;49;1W;0J;0K;1L;18;17;0H;0H;0I;0H;0I;4Q;3D;3E;4F;42;41;3B;3C;3D;3B;3C;68;19;20;57;44;43;17;17;18;17;18;170;121;122;159;146;145;119;120;121;119;120;99;50;51;88;75;74;48;48;49;48;49;201;152;153;190;177;176;150;151;152;150;151;0J;0K;1L;18;17;28;0I;0H;0I;63;2A;19;20;57;44;43;80;18;17;18;219;82;50;51;88;75;74;111;49;48;49;250;113;0;0
472;8D9SJ00101;c;99;4Q3J3V3K4A413B3C3D3B3C;ÉžŞźą°–—–—;0P110Q1G17280I0H0I632A0;8D9SJo101úq;23;8;D;9;S;J;0;0;1;0;1;8;13;9;28;19;0;0;1;0;1;56;68;57;83;74;48;48;49;48;49;1W;0P;11;0Q;1G;17;0H;0H;0I;0H;0I;4Q;3J;3V;3K;4A;41;3B;3C;3D;3B;3C;68;25;37;26;52;43;17;17;18;17;18;170;127;139;128;154;145;119;120;121;119;120;99;56;68;57;83;74;48;48;49;48;49;201;158;170;159;185;176;150;151;152;150;151;0P;11;0Q;1G;17;28;0I;0H;0I;63;2A;25;37;26;52;43;80;18;17;18;219;82;56;68;57;83;74;111;49;48;49;250;113;0;0
473;97GQJ00101;c;99;4Q3K3I3Y48413B3C3D3B3C;Éźť­·°–—–—;0Q0O141E17280I0H0I632A0;97GQJo101úq;23;9;7;G;Q;J;0;0;1;0;1;9;7;16;26;19;0;0;1;0;1;57;55;71;81;74;48;48;49;48;49;1W;0Q;0O;14;1E;17;0H;0H;0I;0H;0I;4Q;3K;3I;3Y;48;41;3B;3C;3D;3B;3C;68;26;24;40;50;43;17;17;18;17;18;170;128;126;142;152;145;119;120;121;119;120;99;57;55;71;81;74;48;48;49;48;49;201;159;157;173;183;176;150;151;152;150;151;0Q;0O;14;1E;17;28;0I;0H;0I;63;2A;26;24;40;50;43;80;18;17;18;219;82;57;55;71;81;74;111;49;48;49;250;113;0;0
474;DB5MJ00101;c;99;4Q3V3T3G44413B3C3D3B3C;ÉŞ¨›ł°–—–—;110Z0M1A17280I0H0I632A0;DB5MJo101úq;23;D;B;5;M;J;0;0;1;0;1;13;11;5;22;19;0;0;1;0;1;68;66;53;77;74;48;48;49;48;49;1W;11;0Z;0M;1A;17;0H;0H;0I;0H;0I;4Q;3V;3T;3G;44;41;3B;3C;3D;3B;3C;68;37;35;22;46;43;17;17;18;17;18;170;139;137;124;148;145;119;120;121;119;120;99;68;66;53;77;74;48;48;49;48;49;201;170;168;155;179;176;150;151;152;150;151;11;0Z;0M;1A;17;28;0I;0H;0I;63;2A;37;35;22;46;43;80;18;17;18;219;82;68;66;53;77;74;111;49;48;49;250;113;0;0
475;3EOX500101;e;101;4U3G3Y484H3I3D3E3F3D3E;Í›­·Ŕť™š™;0K121C1L0M2A0I0H0I632C0;3EOX5q101ús;23;3;E;O;X;5;0;0;1;0;1;3;14;24;33;5;0;0;1;0;1;51;69;79;88;53;48;48;49;48;49;1Y;0K;12;1C;1L;0M;0H;0H;0I;0H;0I;4U;3G;3Y;48;4H;3I;3D;3E;3F;3D;3E;70;20;38;48;57;22;17;17;18;17;18;174;124;142;152;161;126;121;122;123;121;122;101;51;69;79;88;53;48;48;49;48;49;205;155;173;183;192;157;152;153;154;152;153;0K;12;1C;1L;0M;2A;0I;0H;0I;63;2C;20;38;48;57;22;82;18;17;18;219;84;51;69;79;88;53;113;49;48;49;250;115;0;0
476;AE0WG00101;e;101;4U3U3Y3D4G403D3E3F3D3E;Í©­żŻ™š™;0Y120H1K142A0I0H0I632C0;AE0WGq101ús;23;A;E;0;W;G;0;0;1;0;1;10;14;0;32;16;0;0;1;0;1;65;69;48;87;71;48;48;49;48;49;1Y;0Y;12;0H;1K;14;0H;0H;0I;0H;0I;4U;3U;3Y;3D;4G;40;3D;3E;3F;3D;3E;70;34;38;17;56;40;17;17;18;17;18;174;138;142;121;160;144;121;122;123;121;122;101;65;69;48;87;71;48;48;49;48;49;205;169;173;152;191;175;152;153;154;152;153;0Y;12;0H;1K;14;2A;0I;0H;0I;63;2C;34;38;17;56;40;82;18;17;18;219;84;65;69;48;87;71;113;49;48;49;250;115;0;0
477;3EPX500101;f;102;4W3H3Z4A4I3J3E3F3G3E3F;Ďś®ąÁž™š›™š;0K121D1L0M2B0I0I0H632D0;3EPX5r110út;23;3;E;P;X;5;0;0;1;0;1;3;14;25;33;5;0;0;1;0;1;51;69;80;88;53;48;48;49;48;49;1Z;0K;12;1D;1L;0M;0H;0H;0I;0H;0I;4W;3H;3Z;4A;4I;3J;3E;3F;3G;3E;3F;71;20;38;49;57;22;17;17;18;17;18;176;125;143;154;162;127;122;123;124;122;123;102;51;69;80;88;53;48;48;49;48;49;207;156;174;185;193;158;153;154;155;153;154;0K;12;1D;1L;0M;2B;0I;0I;0H;63;2D;20;38;49;57;22;83;18;18;17;219;85;51;69;80;88;53;114;49;49;48;250;116;0;0
478;44QSJ00101;g;103;4Y3J3K4C4E453F3G3H3F3G;Ńžź»˝´š›śš›;0L0L1E1G172C0I0H0I632E0;44QSJs101úu;23;4;4;Q;S;J;0;0;1;0;1;4;4;26;28;19;0;0;1;0;1;52;52;81;83;74;48;48;49;48;49;20;0L;0L;1E;1G;17;0H;0H;0I;0H;0I;4Y;3J;3K;4C;4E;45;3F;3G;3H;3F;3G;72;21;21;50;52;43;17;17;18;17;18;178;127;128;156;158;149;123;124;125;123;124;103;52;52;81;83;74;48;48;49;48;49;209;158;159;187;189;180;154;155;156;154;155;0L;0L;1E;1G;17;2C;0I;0H;0I;63;2E;21;21;50;52;43;84;18;17;18;219;86;52;52;81;83;74;115;49;48;49;250;117;0;0
479;5EEQF00101;g;103;4Y3K40414C413F3G3H3F3G;ŃźŻ°»°š›śš›;0M12121E132C0I0H0I632E0;5EEQFs101úu;23;5;E;E;Q;F;0;0;1;0;1;5;14;14;26;15;0;0;1;0;1;53;69;69;81;70;48;48;49;48;49;20;0M;12;12;1E;13;0H;0H;0I;0H;0I;4Y;3K;40;41;4C;41;3F;3G;3H;3F;3G;72;22;38;38;50;39;17;17;18;17;18;178;128;144;145;156;145;123;124;125;123;124;103;53;69;69;81;70;48;48;49;48;49;209;159;175;176;187;176;154;155;156;154;155;0M;12;12;1E;13;2C;0I;0H;0I;63;2E;22;38;38;50;39;84;18;17;18;219;86;53;69;69;81;70;115;49;48;49;250;117;0;0
480;DD3QJ00101;g;103;4Y3Z403I4C453F3G3H3F3G;Ń®Żť»´š›śš›;11110K1E172C0I0H0I632E0;DD3QJs101úu;23;D;D;3;Q;J;0;0;1;0;1;13;13;3;26;19;0;0;1;0;1;68;68;51;81;74;48;48;49;48;49;20;11;11;0K;1E;17;0H;0H;0I;0H;0I;4Y;3Z;40;3I;4C;45;3F;3G;3H;3F;3G;72;37;37;20;50;43;17;17;18;17;18;178;143;144;126;156;149;123;124;125;123;124;103;68;68;51;81;74;48;48;49;48;49;209;174;175;157;187;180;154;155;156;154;155;11;11;0K;1E;17;2C;0I;0H;0I;63;2E;37;37;20;50;43;84;18;17;18;219;86;68;68;51;81;74;115;49;48;49;250;117;0;0
482;5EPX500101;h;104;503L414C4K3L3G3H3I3G3H;Ó °»Ă ›śť›ś;0M121D1L0M2D0I0I0H632F0;5EPX5t110úv;23;5;E;P;X;5;0;0;1;0;1;5;14;25;33;5;0;0;1;0;1;53;69;80;88;53;48;48;49;48;49;21;0M;12;1D;1L;0M;0H;0H;0I;0H;0I;50;3L;41;4C;4K;3L;3G;3H;3I;3G;3H;73;22;38;49;57;22;17;17;18;17;18;180;129;145;156;164;129;124;125;126;124;125;104;53;69;80;88;53;48;48;49;48;49;211;160;176;187;195;160;155;156;157;155;156;0M;12;1D;1L;0M;2D;0I;0I;0H;63;2F;22;38;49;57;22;85;18;18;17;219;87;53;69;80;88;53;116;49;49;48;250;118;0;0
483;95KTJ00101;h;104;503P3L474G463G3H3I3G3H;Ó¤ ¶żµ›śť›ś;0Q0M181H172D0I0I0H632F0;95KTJt110úv;23;9;5;K;T;J;0;0;1;0;1;9;5;20;29;19;0;0;1;0;1;57;53;75;84;74;48;48;49;48;49;21;0Q;0M;18;1H;17;0H;0H;0I;0H;0I;50;3P;3L;47;4G;46;3G;3H;3I;3G;3H;73;26;22;44;53;43;17;17;18;17;18;180;133;129;151;160;150;124;125;126;124;125;104;57;53;75;84;74;48;48;49;48;49;211;164;160;182;191;181;155;156;157;155;156;0Q;0M;18;1H;17;2D;0I;0I;0H;63;2F;26;22;44;53;43;85;18;18;17;219;87;57;53;75;84;74;116;49;49;48;250;118;0;0
484;CE8TC00101;h;104;503Z413O4G3Z3G3H3I3G3H;Ó®°Łż®›śť›ś;10120P1H102D0I0I0H632F0;CE8TCt110úv;23;C;E;8;T;C;0;0;1;0;1;12;14;8;29;12;0;0;1;0;1;67;69;56;84;67;48;48;49;48;49;21;10;12;0P;1H;10;0H;0H;0I;0H;0I;50;3Z;41;3O;4G;3Z;3G;3H;3I;3G;3H;73;36;38;25;53;36;17;17;18;17;18;180;143;145;132;160;143;124;125;126;124;125;104;67;69;56;84;67;48;48;49;48;49;211;174;176;163;191;174;155;156;157;155;156;10;12;0P;1H;10;2D;0I;0I;0H;63;2F;36;38;25;53;36;85;18;18;17;219;87;67;69;56;84;67;116;49;49;48;250;118;0;0
485;6EPX500101;i;105;523N424D4L3M3H3I3J3H3I;Ő˘±ĽÄˇśťžśť;0N121D1L0M2E0I0H0I632G0;6EPX5u101úw;23;6;E;P;X;5;0;0;1;0;1;6;14;25;33;5;0;0;1;0;1;54;69;80;88;53;48;48;49;48;49;22;0N;12;1D;1L;0M;0H;0H;0I;0H;0I;52;3N;42;4D;4L;3M;3H;3I;3J;3H;3I;74;23;38;49;57;22;17;17;18;17;18;182;131;146;157;165;130;125;126;127;125;126;105;54;69;80;88;53;48;48;49;48;49;213;162;177;188;196;161;156;157;158;156;157;0N;12;1D;1L;0M;2E;0I;0H;0I;63;2G;23;38;49;57;22;86;18;17;18;219;88;54;69;80;88;53;117;49;48;49;250;119;0;0
486;S53SJ00101;i;105;524G3M3K4G473H3I3J3H3I;Őżˇźż¶śťžśť;1G0M0K1G172E0I0H0I632G0;S53SJu101úw;23;S;5;3;S;J;0;0;1;0;1;28;5;3;28;19;0;0;1;0;1;83;53;51;83;74;48;48;49;48;49;22;1G;0M;0K;1G;17;0H;0H;0I;0H;0I;52;4G;3M;3K;4G;47;3H;3I;3J;3H;3I;74;52;22;20;52;43;17;17;18;17;18;182;160;130;128;160;151;125;126;127;125;126;105;83;53;51;83;74;48;48;49;48;49;213;191;161;159;191;182;156;157;158;156;157;1G;0M;0K;1G;17;2E;0I;0H;0I;63;2G;52;22;20;52;43;86;18;17;18;219;88;83;53;51;83;74;117;49;48;49;250;119;0;0
487;2EZQ700101;j;106;543K434O4F3P3I3J3K3I3J;×ź˛Çľ¤ťžźťž;0J121N1E0O2F0I0I0H632H0;2EZQ7v110úx;23;2;E;Z;Q;7;0;0;1;0;1;2;14;35;26;7;0;0;1;0;1;50;69;90;81;55;48;48;49;48;49;23;0J;12;1N;1E;0O;0H;0H;0I;0H;0I;54;3K;43;4O;4F;3P;3I;3J;3K;3I;3J;75;19;38;59;50;24;17;17;18;17;18;184;128;147;168;159;133;126;127;128;126;127;106;50;69;90;81;55;48;48;49;48;49;215;159;178;199;190;164;157;158;159;157;158;0J;12;1N;1E;0O;2F;0I;0I;0H;63;2H;19;38;59;50;24;87;18;18;17;219;89;50;69;90;81;55;118;49;49;48;250;120;0;0
488;7EPX500101;j;106;543P434E4M3N3I3J3K3I3J;×¤˛˝Ĺ˘ťžźťž;0O121D1L0M2F0I0I0H632H0;7EPX5v110úx;23;7;E;P;X;5;0;0;1;0;1;7;14;25;33;5;0;0;1;0;1;55;69;80;88;53;48;48;49;48;49;23;0O;12;1D;1L;0M;0H;0H;0I;0H;0I;54;3P;43;4E;4M;3N;3I;3J;3K;3I;3J;75;24;38;49;57;22;17;17;18;17;18;184;133;147;158;166;131;126;127;128;126;127;106;55;69;80;88;53;48;48;49;48;49;215;164;178;189;197;162;157;158;159;157;158;0O;12;1D;1L;0M;2F;0I;0I;0H;63;2H;24;38;49;57;22;87;18;18;17;219;89;55;69;80;88;53;118;49;49;48;250;120;0;0
489;1PANJ00101;k;107;563K4F404D493J3K3L3J3K;ŮźľŻĽ¸žź žź;0I1D0Y1B172G0I0H0I632I0;1PANJw101úy;23;1;P;A;N;J;0;0;1;0;1;1;25;10;23;19;0;0;1;0;1;49;80;65;78;74;48;48;49;48;49;24;0I;1D;0Y;1B;17;0H;0H;0I;0H;0I;56;3K;4F;40;4D;49;3J;3K;3L;3J;3K;76;18;49;34;47;43;17;17;18;17;18;186;128;159;144;157;153;127;128;129;127;128;107;49;80;65;78;74;48;48;49;48;49;217;159;190;175;188;184;158;159;160;158;159;0I;1D;0Y;1B;17;2G;0I;0H;0I;63;2I;18;49;34;47;43;88;18;17;18;219;90;49;80;65;78;74;119;49;48;49;250;121;0;0
490;A7GQJ00101;k;107;56403Q464G493J3K3L3J3K;ŮŻĄµż¸žź žź;0Y0O141E172G0I0H0I632I0;A7GQJw101úy;23;A;7;G;Q;J;0;0;1;0;1;10;7;16;26;19;0;0;1;0;1;65;55;71;81;74;48;48;49;48;49;24;0Y;0O;14;1E;17;0H;0H;0I;0H;0I;56;40;3Q;46;4G;49;3J;3K;3L;3J;3K;76;34;24;40;50;43;17;17;18;17;18;186;144;134;150;160;153;127;128;129;127;128;107;65;55;71;81;74;48;48;49;48;49;217;175;165;181;191;184;158;159;160;158;159;0Y;0O;14;1E;17;2G;0I;0H;0I;63;2I;34;24;40;50;43;88;18;17;18;219;90;65;55;71;81;74;119;49;48;49;250;121;0;0
491;0LJKJ00101;l;108;583K4C4A4B4A3K3L3M3K3L;Űź»ąşąź ˇź ;0H191718172H0I0I0H632J0;0LJKJx110úz;23;0;L;J;K;J;0;0;1;0;1;0;21;19;20;19;0;0;1;0;1;48;76;74;75;74;48;48;49;48;49;25;0H;19;17;18;17;0H;0H;0I;0H;0I;58;3K;4C;4A;4B;4A;3K;3L;3M;3K;3L;77;17;45;43;44;43;17;17;18;17;18;188;128;156;154;155;154;128;129;130;128;129;108;48;76;74;75;74;48;48;49;48;49;219;159;187;185;186;185;159;160;161;159;160;0H;19;17;18;17;2H;0I;0I;0H;63;2J;17;45;43;44;43;89;18;18;17;219;91;48;76;74;75;74;120;49;49;48;250;122;0;0
492;9EPX500101;l;108;583T454G4O3P3K3L3M3K3L;Ű¨´żÇ¤ź ˇź ;0Q121D1L0M2H0I0I0H632J0;9EPX5x110úz;23;9;E;P;X;5;0;0;1;0;1;9;14;25;33;5;0;0;1;0;1;57;69;80;88;53;48;48;49;48;49;25;0Q;12;1D;1L;0M;0H;0H;0I;0H;0I;58;3T;45;4G;4O;3P;3K;3L;3M;3K;3L;77;26;38;49;57;22;17;17;18;17;18;188;137;149;160;168;133;128;129;130;128;129;108;57;69;80;88;53;48;48;49;48;49;219;168;180;191;199;164;159;160;161;159;160;0Q;12;1D;1L;0M;2H;0I;0I;0H;63;2J;26;38;49;57;22;89;18;18;17;219;91;57;69;80;88;53;120;49;49;48;250;122;0;0
493;A0TLJ00101;l;108;58413K4K4C4A3K3L3M3K3L;Ű°źĂ»ąź ˇź ;0Y0H1H19172H0I0I0H632J0;A0TLJx110úz;23;A;0;T;L;J;0;0;1;0;1;10;0;29;21;19;0;0;1;0;1;65;48;84;76;74;48;48;49;48;49;25;0Y;0H;1H;19;17;0H;0H;0I;0H;0I;58;41;3K;4K;4C;4A;3K;3L;3M;3K;3L;77;34;17;53;45;43;17;17;18;17;18;188;145;128;164;156;154;128;129;130;128;129;108;65;48;84;76;74;48;48;49;48;49;219;176;159;195;187;185;159;160;161;159;160;0Y;0H;1H;19;17;2H;0I;0I;0H;63;2J;34;17;53;45;43;89;18;18;17;219;91;65;48;84;76;74;120;49;49;48;250;122;0;0
494;B7GQJ00101;l;108;58423R474H4A3K3L3M3K3L;Ű±¦¶Ŕąź ˇź ;0Z0O141E172H0I0I0H632J0;B7GQJx110úz;23;B;7;G;Q;J;0;0;1;0;1;11;7;16;26;19;0;0;1;0;1;66;55;71;81;74;48;48;49;48;49;25;0Z;0O;14;1E;17;0H;0H;0I;0H;0I;58;42;3R;47;4H;4A;3K;3L;3M;3K;3L;77;35;24;40;50;43;17;17;18;17;18;188;146;135;151;161;154;128;129;130;128;129;108;66;55;71;81;74;48;48;49;48;49;219;177;166;182;192;185;159;160;161;159;160;0Z;0O;14;1E;17;2H;0I;0I;0H;63;2J;35;24;40;50;43;89;18;18;17;219;91;66;55;71;81;74;120;49;49;48;250;122;0;0
495;5EZV200101;m;109;5A3Q464R4N3N3L3M3N3L3M;ÝĄµĘĆ˘ ˇ˘ ˇ;0M121N1J0J2I0I0H0I632K0;5EZV2y101ú{;23;5;E;Z;V;2;0;0;1;0;1;5;14;35;31;2;0;0;1;0;1;53;69;90;86;50;48;48;49;48;49;26;0M;12;1N;1J;0J;0H;0H;0I;0H;0I;5A;3Q;46;4R;4N;3N;3L;3M;3N;3L;3M;78;22;38;59;55;19;17;17;18;17;18;190;134;150;171;167;131;129;130;131;129;130;109;53;69;90;86;50;48;48;49;48;49;221;165;181;202;198;162;160;161;162;160;161;0M;12;1N;1J;0J;2I;0I;0H;0I;63;2K;22;38;59;55;19;90;18;17;18;219;92;53;69;90;86;50;121;49;48;49;250;123;0;0
496;R46VJ00101;m;109;5A4J3P3R4N4B3L3M3N3L3M;ÝÂ¤¦Ćş ˇ˘ ˇ;1F0L0N1J172I0I0H0I632K0;R46VJy101ú{;23;R;4;6;V;J;0;0;1;0;1;27;4;6;31;19;0;0;1;0;1;82;52;54;86;74;48;48;49;48;49;26;1F;0L;0N;1J;17;0H;0H;0I;0H;0I;5A;4J;3P;3R;4N;4B;3L;3M;3N;3L;3M;78;51;21;23;55;43;17;17;18;17;18;190;163;133;135;167;155;129;130;131;129;130;109;82;52;54;86;74;48;48;49;48;49;221;194;164;166;198;186;160;161;162;160;161;1F;0L;0N;1J;17;2I;0I;0H;0I;63;2K;51;21;23;55;43;90;18;17;18;219;92;82;52;54;86;74;121;49;48;49;250;123;0;0
497;4BQLJ00101;n;110;5C3Q444J4E4C3M3N3O3M3N;ßĄłÂ˝»ˇ˘Łˇ˘;0L0Z1E19172J0I0I0H632L0;4BQLJz110ú|;23;4;B;Q;L;J;0;0;1;0;1;4;11;26;21;19;0;0;1;0;1;52;66;81;76;74;48;48;49;48;49;27;0L;0Z;1E;19;17;0H;0H;0I;0H;0I;5C;3Q;44;4J;4E;4C;3M;3N;3O;3M;3N;79;21;35;50;45;43;17;17;18;17;18;192;134;148;163;158;156;130;131;132;130;131;110;52;66;81;76;74;48;48;49;48;49;223;165;179;194;189;187;161;162;163;161;162;0L;0Z;1E;19;17;2J;0I;0I;0H;63;2L;21;35;50;45;43;91;18;18;17;219;93;52;66;81;76;74;122;49;49;48;250;124;0;0
498;7LBNJ00101;n;110;5C3T4E444G4C3M3N3O3M3N;ß¨˝łż»ˇ˘Łˇ˘;0O190Z1B172J0I0I0H632L0;7LBNJz110ú|;23;7;L;B;N;J;0;0;1;0;1;7;21;11;23;19;0;0;1;0;1;55;76;66;78;74;48;48;49;48;49;27;0O;19;0Z;1B;17;0H;0H;0I;0H;0I;5C;3T;4E;44;4G;4C;3M;3N;3O;3M;3N;79;24;45;35;47;43;17;17;18;17;18;192;137;158;148;160;156;130;131;132;130;131;110;55;76;66;78;74;48;48;49;48;49;223;168;189;179;191;187;161;162;163;161;162;0O;19;0Z;1B;17;2J;0I;0I;0H;63;2L;24;45;35;47;43;91;18;18;17;219;93;55;76;66;78;74;122;49;49;48;250;124;0;0
499;7V4RJ00101;n;110;5C3T4O3Q4K4C3M3N3O3M3N;ß¨ÇĄĂ»ˇ˘Łˇ˘;0O1J0L1F172J0I0I0H632L0;7V4RJz110ú|;23;7;V;4;R;J;0;0;1;0;1;7;31;4;27;19;0;0;1;0;1;55;86;52;82;74;48;48;49;48;49;27;0O;1J;0L;1F;17;0H;0H;0I;0H;0I;5C;3T;4O;3Q;4K;4C;3M;3N;3O;3M;3N;79;24;55;21;51;43;17;17;18;17;18;192;137;168;134;164;156;130;131;132;130;131;110;55;86;52;82;74;48;48;49;48;49;223;168;199;165;195;187;161;162;163;161;162;0O;1J;0L;1F;17;2J;0I;0I;0H;63;2L;24;55;21;51;43;91;18;18;17;219;93;55;86;52;82;74;122;49;49;48;250;124;0;0
500;CD9SJ00101;n;110;5C45463V4L4C3M3N3O3M3N;ß´µŞÄ»ˇ˘Łˇ˘;10110Q1G172J0I0I0H632L0;CD9SJz110ú|;23;C;D;9;S;J;0;0;1;0;1;12;13;9;28;19;0;0;1;0;1;67;68;57;83;74;48;48;49;48;49;27;10;11;0Q;1G;17;0H;0H;0I;0H;0I;5C;45;46;3V;4L;4C;3M;3N;3O;3M;3N;79;36;37;26;52;43;17;17;18;17;18;192;149;150;139;165;156;130;131;132;130;131;110;67;68;57;83;74;48;48;49;48;49;223;180;181;170;196;187;161;162;163;161;162;10;11;0Q;1G;17;2J;0I;0I;0H;63;2L;36;37;26;52;43;91;18;18;17;219;93;67;68;57;83;74;122;49;49;48;250;124;0;0
501;1NJKJ00101;o;111;5E3O4H4D4E4D3N3O3P3N3O;áŁŔĽ˝Ľ˘Ł¤˘Ł;0I1B1718172K0I0H0I632M0;1NJKJ{101ú};23;1;N;J;K;J;0;0;1;0;1;1;23;19;20;19;0;0;1;0;1;49;78;74;75;74;48;48;49;48;49;28;0I;1B;17;18;17;0H;0H;0I;0H;0I;5E;3O;4H;4D;4E;4D;3N;3O;3P;3N;3O;80;18;47;43;44;43;17;17;18;17;18;194;132;161;157;158;157;131;132;133;131;132;111;49;78;74;75;74;48;48;49;48;49;225;163;192;188;189;188;162;163;164;162;163;0I;1B;17;18;17;2K;0I;0H;0I;63;2M;18;47;43;44;43;92;18;17;18;219;94;49;78;74;75;74;123;49;48;49;250;125;0;0
502;DJ5QJ00101;o;111;5E474D3S4K4D3N3O3P3N3O;á¶Ľ§ĂĽ˘Ł¤˘Ł;11170M1E172K0I0H0I632M0;DJ5QJ{101ú};23;D;J;5;Q;J;0;0;1;0;1;13;19;5;26;19;0;0;1;0;1;68;74;53;81;74;48;48;49;48;49;28;11;17;0M;1E;17;0H;0H;0I;0H;0I;5E;47;4D;3S;4K;4D;3N;3O;3P;3N;3O;80;37;43;22;50;43;17;17;18;17;18;194;151;157;136;164;157;131;132;133;131;132;111;68;74;53;81;74;48;48;49;48;49;225;182;188;167;195;188;162;163;164;162;163;11;17;0M;1E;17;2K;0I;0H;0I;63;2M;37;43;22;50;43;92;18;17;18;219;94;68;74;53;81;74;123;49;48;49;250;125;0;0
503;HEUG500101;o;111;5E4B484O4A3S3N3O3P3N3O;áş·Çą§˘Ł¤˘Ł;15121I140M2K0I0H0I632M0;HEUG5{101ú};23;H;E;U;G;5;0;0;1;0;1;17;14;30;16;5;0;0;1;0;1;72;69;85;71;53;48;48;49;48;49;28;15;12;1I;14;0M;0H;0H;0I;0H;0I;5E;4B;48;4O;4A;3S;3N;3O;3P;3N;3O;80;41;38;54;40;22;17;17;18;17;18;194;155;152;168;154;136;131;132;133;131;132;111;72;69;85;71;53;48;48;49;48;49;225;186;183;199;185;167;162;163;164;162;163;15;12;1I;14;0M;2K;0I;0H;0I;63;2M;41;38;54;40;22;92;18;17;18;219;94;72;69;85;71;53;123;49;48;49;250;125;0;0
504;5QANJ00101;p;112;5G3T4L454I4E3O3P3Q3O3P;ă¨Ä´Á˝Ł¤ĄŁ¤;0M1E0Y1B172L0I0I0H632N0;5QANJ|110ú~;23;5;Q;A;N;J;0;0;1;0;1;5;26;10;23;19;0;0;1;0;1;53;81;65;78;74;48;48;49;48;49;29;0M;1E;0Y;1B;17;0H;0H;0I;0H;0I;5G;3T;4L;45;4I;4E;3O;3P;3Q;3O;3P;81;22;50;34;47;43;17;17;18;17;18;196;137;165;149;162;158;132;133;134;132;133;112;53;81;65;78;74;48;48;49;48;49;227;168;196;180;193;189;163;164;165;163;164;0M;1E;0Y;1B;17;2L;0I;0I;0H;63;2N;22;50;34;47;43;93;18;18;17;219;95;53;81;65;78;74;124;49;49;48;250;126;0;0
505;0KOLJ00101;q;113;5I3P4G4K4H4F3P3Q3R3P3Q;ĺ¤żĂŔľ¤Ą¦¤Ą;0H181C19172M0I0H0I632O0;0KOLJ}101ú;23;0;K;O;L;J;0;0;1;0;1;0;20;24;21;19;0;0;1;0;1;48;75;79;76;74;48;48;49;48;49;2A;0H;18;1C;19;17;0H;0H;0I;0H;0I;5I;3P;4G;4K;4H;4F;3P;3Q;3R;3P;3Q;82;17;44;48;45;43;17;17;18;17;18;198;133;160;164;161;159;133;134;135;133;134;113;48;75;79;76;74;48;48;49;48;49;229;164;191;195;192;190;164;165;166;164;165;0H;18;1C;19;17;2M;0I;0H;0I;63;2O;17;44;48;45;43;94;18;17;18;219;96;48;75;79;76;74;125;49;48;49;250;127;0;0
506;74YRJ00101;q;113;5I3W3T4U4N4F3P3Q3R3P3Q;ĺ«¨ÍĆľ¤Ą¦¤Ą;0O0L1M1F172M0I0H0I632O0;74YRJ}101ú;23;7;4;Y;R;J;0;0;1;0;1;7;4;34;27;19;0;0;1;0;1;55;52;89;82;74;48;48;49;48;49;2A;0O;0L;1M;1F;17;0H;0H;0I;0H;0I;5I;3W;3T;4U;4N;4F;3P;3Q;3R;3P;3Q;82;24;21;58;51;43;17;17;18;17;18;198;140;137;174;167;159;133;134;135;133;134;113;55;52;89;82;74;48;48;49;48;49;229;171;168;205;198;190;164;165;166;164;165;0O;0L;1M;1F;17;2M;0I;0H;0I;63;2O;24;21;58;51;43;94;18;17;18;219;96;55;52;89;82;74;125;49;48;49;250;127;0;0
507;96QVJ00101;q;113;5I3Y3V4M4R4F3P3Q3R3P3Q;ĺ­ŞĹĘľ¤Ą¦¤Ą;0Q0N1E1J172M0I0H0I632O0;96QVJ}101ú;23;9;6;Q;V;J;0;0;1;0;1;9;6;26;31;19;0;0;1;0;1;57;54;81;86;74;48;48;49;48;49;2A;0Q;0N;1E;1J;17;0H;0H;0I;0H;0I;5I;3Y;3V;4M;4R;4F;3P;3Q;3R;3P;3Q;82;26;23;50;55;43;17;17;18;17;18;198;142;139;166;171;159;133;134;135;133;134;113;57;54;81;86;74;48;48;49;48;49;229;173;170;197;202;190;164;165;166;164;165;0Q;0N;1E;1J;17;2M;0I;0H;0I;63;2O;26;23;50;55;43;94;18;17;18;219;96;57;54;81;86;74;125;49;48;49;250;127;0;0
508;ID7RJ00101;q;113;5I4E493W4N4F3P3Q3R3P3Q;ĺ˝¸«Ćľ¤Ą¦¤Ą;16110O1F172M0I0H0I632O0;ID7RJ}101ú;23;I;D;7;R;J;0;0;1;0;1;18;13;7;27;19;0;0;1;0;1;73;68;55;82;74;48;48;49;48;49;2A;16;11;0O;1F;17;0H;0H;0I;0H;0I;5I;4E;49;3W;4N;4F;3P;3Q;3R;3P;3Q;82;42;37;24;51;43;17;17;18;17;18;198;158;153;140;167;159;133;134;135;133;134;113;73;68;55;82;74;48;48;49;48;49;229;189;184;171;198;190;164;165;166;164;165;16;11;0O;1F;17;2M;0I;0H;0I;63;2O;42;37;24;51;43;94;18;17;18;219;96;73;68;55;82;74;125;49;48;49;250;127;0;0
509;J7GNJ00101;q;113;5I4F3W4C4J4F3P3Q3R3P3Q;ĺľ«»Âľ¤Ą¦¤Ą;170O141B172M0I0H0I632O0;J7GNJ}101ú;23;J;7;G;N;J;0;0;1;0;1;19;7;16;23;19;0;0;1;0;1;74;55;71;78;74;48;48;49;48;49;2A;17;0O;14;1B;17;0H;0H;0I;0H;0I;5I;4F;3W;4C;4J;4F;3P;3Q;3R;3P;3Q;82;43;24;40;47;43;17;17;18;17;18;198;159;140;156;163;159;133;134;135;133;134;113;74;55;71;78;74;48;48;49;48;49;229;190;171;187;194;190;164;165;166;164;165;17;0O;14;1B;17;2M;0I;0H;0I;63;2O;43;24;40;47;43;94;18;17;18;219;96;74;55;71;78;74;125;49;48;49;250;127;0;0
510;RA2QJ00101;q;113;5I4N463R4M4F3P3Q3R3P3Q;ĺĆµ¦Ĺľ¤Ą¦¤Ą;1F0Y0J1E172M0I0H0I632O0;RA2QJ}101ú;23;R;A;2;Q;J;0;0;1;0;1;27;10;2;26;19;0;0;1;0;1;82;65;50;81;74;48;48;49;48;49;2A;1F;0Y;0J;1E;17;0H;0H;0I;0H;0I;5I;4N;46;3R;4M;4F;3P;3Q;3R;3P;3Q;82;51;34;19;50;43;17;17;18;17;18;198;167;150;135;166;159;133;134;135;133;134;113;82;65;50;81;74;48;48;49;48;49;229;198;181;166;197;190;164;165;166;164;165;1F;0Y;0J;1E;17;2M;0I;0H;0I;63;2O;51;34;19;50;43;94;18;17;18;219;96;82;65;50;81;74;125;49;48;49;250;127;0;0
511;Z06VJ00101;q;113;5I4V3P3V4R4F3P3Q3R3P3Q;ĺÎ¤ŞĘľ¤Ą¦¤Ą;1N0H0N1J172M0I0H0I632O0;Z06VJ}101ú;23;Z;0;6;V;J;0;0;1;0;1;35;0;6;31;19;0;0;1;0;1;90;48;54;86;74;48;48;49;48;49;2A;1N;0H;0N;1J;17;0H;0H;0I;0H;0I;5I;4V;3P;3V;4R;4F;3P;3Q;3R;3P;3Q;82;59;17;23;55;43;17;17;18;17;18;198;175;133;139;171;159;133;134;135;133;134;113;90;48;54;86;74;48;48;49;48;49;229;206;164;170;202;190;164;165;166;164;165;1N;0H;0N;1J;17;2M;0I;0H;0I;63;2O;59;17;23;55;43;94;18;17;18;219;96;90;48;54;86;74;125;49;48;49;250;127;0;0
512;0SFNJ00101;r;114;5K3Q4P4C4K4G3Q3R3S3Q3R;çĄČ»ĂżĄ¦§Ą¦;0H1G131B172N0I0I0H632P0;0SFNJ~110ú€;23;0;S;F;N;J;0;0;1;0;1;0;28;15;23;19;0;0;1;0;1;48;83;70;78;74;48;48;49;48;49;2B;0H;1G;13;1B;17;0H;0H;0I;0H;0I;5K;3Q;4P;4C;4K;4G;3Q;3R;3S;3Q;3R;83;17;52;39;47;43;17;17;18;17;18;200;134;169;156;164;160;134;135;136;134;135;114;48;83;70;78;74;48;48;49;48;49;231;165;200;187;195;191;165;166;167;165;166;0H;1G;13;1B;17;2N;0I;0I;0H;63;2P;17;52;39;47;43;95;18;18;17;219;97;48;83;70;78;74;126;49;49;48;250;128;0;0
513;GD9SJ00101;r;114;5K4D4A3Z4P4G3Q3R3S3Q3R;çĽą®ČżĄ¦§Ą¦;14110Q1G172N0I0I0H632P0;GD9SJ~110ú€;23;G;D;9;S;J;0;0;1;0;1;16;13;9;28;19;0;0;1;0;1;71;68;57;83;74;48;48;49;48;49;2B;14;11;0Q;1G;17;0H;0H;0I;0H;0I;5K;4D;4A;3Z;4P;4G;3Q;3R;3S;3Q;3R;83;40;37;26;52;43;17;17;18;17;18;200;157;154;143;169;160;134;135;136;134;135;114;71;68;57;83;74;48;48;49;48;49;231;188;185;174;200;191;165;166;167;165;166;14;11;0Q;1G;17;2N;0I;0I;0H;63;2P;40;37;26;52;43;95;18;18;17;219;97;71;68;57;83;74;126;49;49;48;250;128;0;0
514;MC8OJ00101;r;114;5K4J493Y4L4G3Q3R3S3Q3R;çÂ¸­ÄżĄ¦§Ą¦;1A100P1C172N0I0I0H632P0;MC8OJ~110ú€;23;M;C;8;O;J;0;0;1;0;1;22;12;8;24;19;0;0;1;0;1;77;67;56;79;74;48;48;49;48;49;2B;1A;10;0P;1C;17;0H;0H;0I;0H;0I;5K;4J;49;3Y;4L;4G;3Q;3R;3S;3Q;3R;83;46;36;25;48;43;17;17;18;17;18;200;163;153;142;165;160;134;135;136;134;135;114;77;67;56;79;74;48;48;49;48;49;231;194;184;173;196;191;165;166;167;165;166;1A;10;0P;1C;17;2N;0I;0I;0H;63;2P;46;36;25;48;43;95;18;18;17;219;97;77;67;56;79;74;126;49;49;48;250;128;0;0
515;O7ELJ00101;r;114;5K4L3X4B4I4G3Q3R3S3Q3R;çÄ¬şÁżĄ¦§Ą¦;1C0O1219172N0I0I0H632P0;O7ELJ~110ú€;23;O;7;E;L;J;0;0;1;0;1;24;7;14;21;19;0;0;1;0;1;79;55;69;76;74;48;48;49;48;49;2B;1C;0O;12;19;17;0H;0H;0I;0H;0I;5K;4L;3X;4B;4I;4G;3Q;3R;3S;3Q;3R;83;48;24;38;45;43;17;17;18;17;18;200;165;141;155;162;160;134;135;136;134;135;114;79;55;69;76;74;48;48;49;48;49;231;196;172;186;193;191;165;166;167;165;166;1C;0O;12;19;17;2N;0I;0I;0H;63;2P;48;24;38;45;43;95;18;18;17;219;97;79;55;69;76;74;126;49;49;48;250;128;0;0
516;SA2QJ00101;r;114;5K4P473S4N4G3Q3R3S3Q3R;çČ¶§ĆżĄ¦§Ą¦;1G0Y0J1E172N0I0I0H632P0;SA2QJ~110ú€;23;S;A;2;Q;J;0;0;1;0;1;28;10;2;26;19;0;0;1;0;1;83;65;50;81;74;48;48;49;48;49;2B;1G;0Y;0J;1E;17;0H;0H;0I;0H;0I;5K;4P;47;3S;4N;4G;3Q;3R;3S;3Q;3R;83;52;34;19;50;43;17;17;18;17;18;200;169;151;136;167;160;134;135;136;134;135;114;83;65;50;81;74;48;48;49;48;49;231;200;182;167;198;191;165;166;167;165;166;1G;0Y;0J;1E;17;2N;0I;0I;0H;63;2P;52;34;19;50;43;95;18;18;17;219;97;83;65;50;81;74;126;49;49;48;250;128;0;0
517;G4GVJ00101;s;115;5M4E3V4E4T4H3R3S3T3R3S;é˝Ş˝ĚŔ¦§¨¦§;140L141J172O0I0H0I632Q0;G4GVJ101ú;23;G;4;G;V;J;0;0;1;0;1;16;4;16;31;19;0;0;1;0;1;71;52;71;86;74;48;48;49;48;49;2C;14;0L;14;1J;17;0H;0H;0I;0H;0I;5M;4E;3V;4E;4T;4H;3R;3S;3T;3R;3S;84;40;21;40;55;43;17;17;18;17;18;202;158;139;158;173;161;135;136;137;135;136;115;71;52;71;86;74;48;48;49;48;49;233;189;170;189;204;192;166;167;168;166;167;14;0L;14;1J;17;2O;0I;0H;0I;63;2Q;40;21;40;55;43;96;18;17;18;219;98;71;52;71;86;74;127;49;48;49;250;129;0;0
518;TA2QJ00101;s;115;5M4R483T4O4H3R3S3T3R3S;éĘ·¨ÇŔ¦§¨¦§;1H0Y0J1E172O0I0H0I632Q0;TA2QJ101ú;23;T;A;2;Q;J;0;0;1;0;1;29;10;2;26;19;0;0;1;0;1;84;65;50;81;74;48;48;49;48;49;2C;1H;0Y;0J;1E;17;0H;0H;0I;0H;0I;5M;4R;48;3T;4O;4H;3R;3S;3T;3R;3S;84;53;34;19;50;43;17;17;18;17;18;202;171;152;137;168;161;135;136;137;135;136;115;84;65;50;81;74;48;48;49;48;49;233;202;183;168;199;192;166;167;168;166;167;1H;0Y;0J;1E;17;2O;0I;0H;0I;63;2Q;53;34;19;50;43;96;18;17;18;219;98;84;65;50;81;74;127;49;48;49;250;129;0;0
519;AEPX500101;t;116;5O494D4O4W3X3S3T3U3S3T;ë¸ĽÇĎ¬§¨©§¨;0Y121D1L0M2P0I0I0H632R0;AEPX5€110ú‚;23;A;E;P;X;5;0;0;1;0;1;10;14;25;33;5;0;0;1;0;1;65;69;80;88;53;48;48;49;48;49;2D;0Y;12;1D;1L;0M;0H;0H;0I;0H;0I;5O;49;4D;4O;4W;3X;3S;3T;3U;3S;3T;85;34;38;49;57;22;17;17;18;17;18;204;153;157;168;176;141;136;137;138;136;137;116;65;69;80;88;53;48;48;49;48;49;235;184;188;199;207;172;167;168;169;167;168;0Y;12;1D;1L;0M;2P;0I;0I;0H;63;2R;34;38;49;57;22;97;18;18;17;219;99;65;69;80;88;53;128;49;49;48;250;130;0;0
520;II5RJ00101;t;116;5O4H4I3X4Q4I3S3T3U3S3T;ëŔÁ¬ÉÁ§¨©§¨;16160M1F172P0I0I0H632R0;II5RJ€110ú‚;23;I;I;5;R;J;0;0;1;0;1;18;18;5;27;19;0;0;1;0;1;73;73;53;82;74;48;48;49;48;49;2D;16;16;0M;1F;17;0H;0H;0I;0H;0I;5O;4H;4I;3X;4Q;4I;3S;3T;3U;3S;3T;85;42;42;22;51;43;17;17;18;17;18;204;161;162;141;170;162;136;137;138;136;137;116;73;73;53;82;74;48;48;49;48;49;235;192;193;172;201;193;167;168;169;167;168;16;16;0M;1F;17;2P;0I;0I;0H;63;2R;42;42;22;51;43;97;18;18;17;219;99;73;73;53;82;74;128;49;49;48;250;130;0;0
521;PC2TJ00101;t;116;5O4O4B3U4S4I3S3T3U3S3T;ëÇş©ËÁ§¨©§¨;1D100J1H172P0I0I0H632R0;PC2TJ€110ú‚;23;P;C;2;T;J;0;0;1;0;1;25;12;2;29;19;0;0;1;0;1;80;67;50;84;74;48;48;49;48;49;2D;1D;10;0J;1H;17;0H;0H;0I;0H;0I;5O;4O;4B;3U;4S;4I;3S;3T;3U;3S;3T;85;49;36;19;53;43;17;17;18;17;18;204;168;155;138;172;162;136;137;138;136;137;116;80;67;50;84;74;48;48;49;48;49;235;199;186;169;203;193;167;168;169;167;168;1D;10;0J;1H;17;2P;0I;0I;0H;63;2R;49;36;19;53;43;97;18;18;17;219;99;80;67;50;84;74;128;49;49;48;250;130;0;0
522;1UFNJ00101;u;117;5Q3U4U4F4N4J3T3U3V3T3U;í©ÍľĆÂ¨©Ş¨©;0I1I131B17010I0I0H63030;"1UFNJ 110ú""";23;1;U;F;N;J;0;0;1;0;1;1;30;15;23;19;0;0;1;0;1;49;85;70;78;74;48;48;49;48;49;2E;0I;1I;13;1B;17;0H;0H;0I;0H;0I;5Q;3U;4U;4F;4N;4J;3T;3U;3V;3T;3U;86;18;54;39;47;43;17;17;18;17;18;206;138;174;159;167;163;137;138;139;137;138;117;49;85;70;78;74;48;48;49;48;49;237;169;205;190;198;194;168;169;170;168;169;0I;1I;13;1B;17;01;0I;0I;0H;63;03;18;54;39;47;43;1;18;18;17;219;3;49;85;70;78;74;32;49;49;48;250;34;0;0
523;4UDMJ00101;u;117;5Q3X4U4D4M4J3T3U3V3T3U;í¬ÍĽĹÂ¨©Ş¨©;0L1I111A17010I0I0H63030;"4UDMJ 110ú""";23;4;U;D;M;J;0;0;1;0;1;4;30;13;22;19;0;0;1;0;1;52;85;68;77;74;48;48;49;48;49;2E;0L;1I;11;1A;17;0H;0H;0I;0H;0I;5Q;3X;4U;4D;4M;4J;3T;3U;3V;3T;3U;86;21;54;37;46;43;17;17;18;17;18;206;141;174;157;166;163;137;138;139;137;138;117;52;85;68;77;74;48;48;49;48;49;237;172;205;188;197;194;168;169;170;168;169;0L;1I;11;1A;17;01;0I;0I;0H;63;03;21;54;37;46;43;1;18;18;17;219;3;52;85;68;77;74;32;49;49;48;250;34;0;0
524;BEPX500101;u;117;5Q4B4E4P4X3Y3T3U3V3T3U;íş˝ČĐ­¨©Ş¨©;0Z121D1L0M010I0I0H63030;"BEPX5 110ú""";23;B;E;P;X;5;0;0;1;0;1;11;14;25;33;5;0;0;1;0;1;66;69;80;88;53;48;48;49;48;49;2E;0Z;12;1D;1L;0M;0H;0H;0I;0H;0I;5Q;4B;4E;4P;4X;3Y;3T;3U;3V;3T;3U;86;35;38;49;57;22;17;17;18;17;18;206;155;158;169;177;142;137;138;139;137;138;117;66;69;80;88;53;48;48;49;48;49;237;186;189;200;208;173;168;169;170;168;169;0Z;12;1D;1L;0M;01;0I;0I;0H;63;03;35;38;49;57;22;1;18;18;17;219;3;66;69;80;88;53;32;49;49;48;250;34;0;0
525;E6KTJ00101;u;117;5Q4E3Z4K4T4J3T3U3V3T3U;í˝®ĂĚÂ¨©Ş¨©;120N181H17010I0I0H63030;"E6KTJ 110ú""";23;E;6;K;T;J;0;0;1;0;1;14;6;20;29;19;0;0;1;0;1;69;54;75;84;74;48;48;49;48;49;2E;12;0N;18;1H;17;0H;0H;0I;0H;0I;5Q;4E;3Z;4K;4T;4J;3T;3U;3V;3T;3U;86;38;23;44;53;43;17;17;18;17;18;206;158;143;164;173;163;137;138;139;137;138;117;69;54;75;84;74;48;48;49;48;49;237;189;174;195;204;194;168;169;170;168;169;12;0N;18;1H;17;01;0I;0I;0H;63;03;38;23;44;53;43;1;18;18;17;219;3;69;54;75;84;74;32;49;49;48;250;34;0;0
526;F5KTJ00101;u;117;5Q4F3Y4K4T4J3T3U3V3T3U;íľ­ĂĚÂ¨©Ş¨©;130M181H17010I0I0H63030;"F5KTJ 110ú""";23;F;5;K;T;J;0;0;1;0;1;15;5;20;29;19;0;0;1;0;1;70;53;75;84;74;48;48;49;48;49;2E;13;0M;18;1H;17;0H;0H;0I;0H;0I;5Q;4F;3Y;4K;4T;4J;3T;3U;3V;3T;3U;86;39;22;44;53;43;17;17;18;17;18;206;159;142;164;173;163;137;138;139;137;138;117;70;53;75;84;74;48;48;49;48;49;237;190;173;195;204;194;168;169;170;168;169;13;0M;18;1H;17;01;0I;0I;0H;63;03;39;22;44;53;43;1;18;18;17;219;3;70;53;75;84;74;32;49;49;48;250;34;0;0
527;NEUG500101;u;117;5Q4N4E4U4G3Y3T3U3V3T3U;íĆ˝Íż­¨©Ş¨©;1B121I140M010I0I0H63030;"NEUG5 110ú""";23;N;E;U;G;5;0;0;1;0;1;23;14;30;16;5;0;0;1;0;1;78;69;85;71;53;48;48;49;48;49;2E;1B;12;1I;14;0M;0H;0H;0I;0H;0I;5Q;4N;4E;4U;4G;3Y;3T;3U;3V;3T;3U;86;47;38;54;40;22;17;17;18;17;18;206;167;158;174;160;142;137;138;139;137;138;117;78;69;85;71;53;48;48;49;48;49;237;198;189;205;191;173;168;169;170;168;169;1B;12;1I;14;0M;01;0I;0I;0H;63;03;47;38;54;40;22;1;18;18;17;219;3;78;69;85;71;53;32;49;49;48;250;34;0;0
528;R7ELJ00101;u;117;5Q4R404E4L4J3T3U3V3T3U;íĘŻ˝ÄÂ¨©Ş¨©;1F0O121917010I0I0H63030;"R7ELJ 110ú""";23;R;7;E;L;J;0;0;1;0;1;27;7;14;21;19;0;0;1;0;1;82;55;69;76;74;48;48;49;48;49;2E;1F;0O;12;19;17;0H;0H;0I;0H;0I;5Q;4R;40;4E;4L;4J;3T;3U;3V;3T;3U;86;51;24;38;45;43;17;17;18;17;18;206;171;144;158;165;163;137;138;139;137;138;117;82;55;69;76;74;48;48;49;48;49;237;202;175;189;196;194;168;169;170;168;169;1F;0O;12;19;17;01;0I;0I;0H;63;03;51;24;38;45;43;1;18;18;17;219;3;82;55;69;76;74;32;49;49;48;250;34;0;0
529;R1DTJ00101;v;118;5S4S3V4E4U4K3U3V3W3U3V;ďËŞ˝ÍĂ©Ş«©Ş;1F0I111H17010I0I0H63030;"R1DTJ 110ú""";23;R;1;D;T;J;0;0;1;0;1;27;1;13;29;19;0;0;1;0;1;82;49;68;84;74;48;48;49;48;49;2F;1F;0I;11;1H;17;0H;0H;0I;0H;0I;5S;4S;3V;4E;4U;4K;3U;3V;3W;3U;3V;87;51;18;37;53;43;17;17;18;17;18;208;172;139;158;174;164;138;139;140;138;139;118;82;49;68;84;74;48;48;49;48;49;239;203;170;189;205;195;169;170;171;169;170;1F;0I;11;1H;17;01;0I;0I;0H;63;03;51;18;37;53;43;1;18;18;17;219;3;82;49;68;84;74;32;49;49;48;250;34;0;0
530;6ETNI00101;w;119;5U414G4V4P4K3V3W3X3V3W;ń°żÎČĂŞ«¬Ş«;0N121H1B16010I0I0H63030;"6ETNI 110ú""";23;6;E;T;N;I;0;0;1;0;1;6;14;29;23;18;0;0;1;0;1;54;69;84;78;73;48;48;49;48;49;2G;0N;12;1H;1B;16;0H;0H;0I;0H;0I;5U;41;4G;4V;4P;4K;3V;3W;3X;3V;3W;88;23;38;53;47;42;17;17;18;17;18;210;145;160;175;169;164;139;140;141;139;140;119;54;69;84;78;73;48;48;49;48;49;241;176;191;206;200;195;170;171;172;170;171;0N;12;1H;1B;16;01;0I;0I;0H;63;03;23;38;53;47;42;1;18;18;17;219;3;54;69;84;78;73;32;49;49;48;250;34;0;0
531;S1DTJ00101;w;119;5U4U3W4F4V4L3V3W3X3V3W;ńÍ«ľÎÄŞ«¬Ş«;1G0I111H17010I0I0H63030;"S1DTJ 110ú""";23;S;1;D;T;J;0;0;1;0;1;28;1;13;29;19;0;0;1;0;1;83;49;68;84;74;48;48;49;48;49;2G;1G;0I;11;1H;17;0H;0H;0I;0H;0I;5U;4U;3W;4F;4V;4L;3V;3W;3X;3V;3W;88;52;18;37;53;43;17;17;18;17;18;210;174;140;159;175;165;139;140;141;139;140;119;83;49;68;84;74;48;48;49;48;49;241;205;171;190;206;196;170;171;172;170;171;1G;0I;11;1H;17;01;0I;0I;0H;63;03;52;18;37;53;43;1;18;18;17;219;3;83;49;68;84;74;32;49;49;48;250;34;0;0
532;9OJKJ00101;x;120;5W454R4M4N4M3W3X3Y3W3X;ó´ĘĹĆĹ«¬­«¬;0Q1C171817010I0I0H63030;"9OJKJ 110ú""";23;9;O;J;K;J;0;0;1;0;1;9;24;19;20;19;0;0;1;0;1;57;79;74;75;74;48;48;49;48;49;2H;0Q;1C;17;18;17;0H;0H;0I;0H;0I;5W;45;4R;4M;4N;4M;3W;3X;3Y;3W;3X;89;26;48;43;44;43;17;17;18;17;18;212;149;171;166;167;166;140;141;142;140;141;120;57;79;74;75;74;48;48;49;48;49;243;180;202;197;198;197;171;172;173;171;172;0Q;1C;17;18;17;01;0I;0I;0H;63;03;26;48;43;44;43;1;18;18;17;219;3;57;79;74;75;74;32;49;49;48;250;34;0;0
533;U7ELJ00101;x;120;5W4X434H4O4M3W3X3Y3W3X;óĐ˛ŔÇĹ«¬­«¬;1I0O121917010I0I0H63030;"U7ELJ 110ú""";23;U;7;E;L;J;0;0;1;0;1;30;7;14;21;19;0;0;1;0;1;85;55;69;76;74;48;48;49;48;49;2H;1I;0O;12;19;17;0H;0H;0I;0H;0I;5W;4X;43;4H;4O;4M;3W;3X;3Y;3W;3X;89;54;24;38;45;43;17;17;18;17;18;212;177;147;161;168;166;140;141;142;140;141;120;85;55;69;76;74;48;48;49;48;49;243;208;178;192;199;197;171;172;173;171;172;1I;0O;12;19;17;01;0I;0I;0H;63;03;54;24;38;45;43;1;18;18;17;219;3;85;55;69;76;74;32;49;49;48;250;34;0;0
534;1EXRH00101;y;121;5Y3Y4I514V4L3X3Y3Z3X3Y;ő­ÁÔÎÄ¬­®¬­;0I121L1F15020I0H0I63040;1EXRH!101ú#;23;1;E;X;R;H;0;0;1;0;1;1;14;33;27;17;0;0;1;0;1;49;69;88;82;72;48;48;49;48;49;2I;0I;12;1L;1F;15;0H;0H;0I;0H;0I;5Y;3Y;4I;51;4V;4L;3X;3Y;3Z;3X;3Y;90;18;38;57;51;41;17;17;18;17;18;214;142;162;181;175;165;141;142;143;141;142;121;49;69;88;82;72;48;48;49;48;49;245;173;193;212;206;196;172;173;174;172;173;0I;12;1L;1F;15;02;0I;0H;0I;63;04;18;38;57;51;41;2;18;17;18;219;4;49;69;88;82;72;33;49;48;49;250;35;0;0
535;9X9TJ00101;y;121;5Y4651464X4N3X3Y3Z3X3Y;őµÔµĐĆ¬­®¬­;0Q1L0Q1H17020I0H0I63040;9X9TJ!101ú#;23;9;X;9;T;J;0;0;1;0;1;9;33;9;29;19;0;0;1;0;1;57;88;57;84;74;48;48;49;48;49;2I;0Q;1L;0Q;1H;17;0H;0H;0I;0H;0I;5Y;46;51;46;4X;4N;3X;3Y;3Z;3X;3Y;90;26;57;26;53;43;17;17;18;17;18;214;150;181;150;177;167;141;142;143;141;142;121;57;88;57;84;74;48;48;49;48;49;245;181;212;181;208;198;172;173;174;172;173;0Q;1L;0Q;1H;17;02;0I;0H;0I;63;04;26;57;26;53;43;2;18;17;18;219;4;57;88;57;84;74;33;49;48;49;250;35;0;0
536;CGGQF00101;y;121;5Y4G4K4L4U4J3X3Y3Z3X3Y;őżĂÄÍÂ¬­®¬­;1014141E13020I0H0I63040;CGGQF!101ú#;23;C;G;G;Q;F;0;0;1;0;1;12;16;16;26;15;0;0;1;0;1;67;71;71;81;70;48;48;49;48;49;2I;10;14;14;1E;13;0H;0H;0I;0H;0I;5Y;4G;4K;4L;4U;4J;3X;3Y;3Z;3X;3Y;90;36;40;40;50;39;17;17;18;17;18;214;160;164;165;174;163;141;142;143;141;142;121;67;71;71;81;70;48;48;49;48;49;245;191;195;196;205;194;172;173;174;172;173;10;14;14;1E;13;02;0I;0H;0I;63;04;36;40;40;50;39;2;18;17;18;219;4;67;71;71;81;70;33;49;48;49;250;35;0;0
537;GBATJ00101;y;121;5Y4K4F4E4X4N3X3Y3Z3X3Y;őĂľ˝ĐĆ¬­®¬­;140Z0Y1H17020I0H0I63040;GBATJ!101ú#;23;G;B;A;T;J;0;0;1;0;1;16;11;10;29;19;0;0;1;0;1;71;66;65;84;74;48;48;49;48;49;2I;14;0Z;0Y;1H;17;0H;0H;0I;0H;0I;5Y;4K;4F;4E;4X;4N;3X;3Y;3Z;3X;3Y;90;40;35;34;53;43;17;17;18;17;18;214;164;159;158;177;167;141;142;143;141;142;121;71;66;65;84;74;48;48;49;48;49;245;195;190;189;208;198;172;173;174;172;173;14;0Z;0Y;1H;17;02;0I;0H;0I;63;04;40;35;34;53;43;2;18;17;18;219;4;71;66;65;84;74;33;49;48;49;250;35;0;0
538;5BPXJ00101;z;122;60434G4U524O3Y3Z403Y3Z;÷˛żÍŐÇ­®Ż­®;0M0Z1D1L17030I0I0H63050;"5BPXJ""110ú$";23;5;B;P;X;J;0;0;1;0;1;5;11;25;33;19;0;0;1;0;1;53;66;80;88;74;48;48;49;48;49;2J;0M;0Z;1D;1L;17;0H;0H;0I;0H;0I;60;43;4G;4U;52;4O;3Y;3Z;40;3Y;3Z;91;22;35;49;57;43;17;17;18;17;18;216;147;160;174;182;168;142;143;144;142;143;122;53;66;80;88;74;48;48;49;48;49;247;178;191;205;213;199;173;174;175;173;174;0M;0Z;1D;1L;17;03;0I;0I;0H;63;05;22;35;49;57;43;3;18;18;17;219;5;53;66;80;88;74;34;49;49;48;250;36;0;0
539;AFLLJ00101;z;122;604F4K4Q4R4O3Y3Z403Y3Z;÷ľĂÉĘÇ­®Ż­®;0Y13191917030I0I0H63050;"AFLLJ""110ú$";23;A;F;L;L;J;0;0;1;0;1;10;15;21;21;19;0;0;1;0;1;65;70;76;76;74;48;48;49;48;49;2J;0Y;13;19;19;17;0H;0H;0I;0H;0I;60;4F;4K;4Q;4R;4O;3Y;3Z;40;3Y;3Z;91;34;39;45;45;43;17;17;18;17;18;216;159;164;170;171;168;142;143;144;142;143;122;65;70;76;76;74;48;48;49;48;49;247;190;195;201;202;199;173;174;175;173;174;0Y;13;19;19;17;03;0I;0I;0H;63;05;34;39;45;45;43;3;18;18;17;219;5;65;70;76;76;74;34;49;49;48;250;36;0;0
540;AOANJ00101;z;122;604F4T4F4S4O3Y3Z403Y3Z;÷ľĚľËÇ­®Ż­®;0Y1C0Y1B17030I0I0H63050;"AOANJ""110ú$";23;A;O;A;N;J;0;0;1;0;1;10;24;10;23;19;0;0;1;0;1;65;79;65;78;74;48;48;49;48;49;2J;0Y;1C;0Y;1B;17;0H;0H;0I;0H;0I;60;4F;4T;4F;4S;4O;3Y;3Z;40;3Y;3Z;91;34;48;34;47;43;17;17;18;17;18;216;159;173;159;172;168;142;143;144;142;143;122;65;79;65;78;74;48;48;49;48;49;247;190;204;190;203;199;173;174;175;173;174;0Y;1C;0Y;1B;17;03;0I;0I;0H;63;05;34;48;34;47;43;3;18;18;17;219;5;65;79;65;78;74;34;49;49;48;250;36;0;0
541;W7ELJ00101;z;122;6051454J4Q4O3Y3Z403Y3Z;÷Ô´ÂÉÇ­®Ż­®;1K0O121917030I0I0H63050;"W7ELJ""110ú$";23;W;7;E;L;J;0;0;1;0;1;32;7;14;21;19;0;0;1;0;1;87;55;69;76;74;48;48;49;48;49;2J;1K;0O;12;19;17;0H;0H;0I;0H;0I;60;51;45;4J;4Q;4O;3Y;3Z;40;3Y;3Z;91;56;24;38;45;43;17;17;18;17;18;216;181;149;163;170;168;142;143;144;142;143;122;87;55;69;76;74;48;48;49;48;49;247;212;180;194;201;199;173;174;175;173;174;1K;0O;12;19;17;03;0I;0I;0H;63;05;56;24;38;45;43;3;18;18;17;219;5;87;55;69;76;74;34;49;49;48;250;36;0;0
542;6BPXJ00101;{;123;62454H4V534P3Z40413Z40;ů´ŔÎÖČ®Ż°®Ż;0N0Z1D1L17040I0H0I63060;6BPXJ#101ú%;23;6;B;P;X;J;0;0;1;0;1;6;11;25;33;19;0;0;1;0;1;54;66;80;88;74;48;48;49;48;49;2K;0N;0Z;1D;1L;17;0H;0H;0I;0H;0I;62;45;4H;4V;53;4P;3Z;40;41;3Z;40;92;23;35;49;57;43;17;17;18;17;18;218;149;161;175;183;169;143;144;145;143;144;123;54;66;80;88;74;48;48;49;48;49;249;180;192;206;214;200;174;175;176;174;175;0N;0Z;1D;1L;17;04;0I;0H;0I;63;06;23;35;49;57;43;4;18;17;18;219;6;54;66;80;88;74;35;49;48;49;250;37;0;0
543;8VEMJ00101;{;123;6247514K4S4P3Z40413Z40;ů¶ÔĂËČ®Ż°®Ż;0P1J121A17040I0H0I63060;8VEMJ#101ú%;23;8;V;E;M;J;0;0;1;0;1;8;31;14;22;19;0;0;1;0;1;56;86;69;77;74;48;48;49;48;49;2K;0P;1J;12;1A;17;0H;0H;0I;0H;0I;62;47;51;4K;4S;4P;3Z;40;41;3Z;40;92;25;55;38;46;43;17;17;18;17;18;218;151;181;164;172;169;143;144;145;143;144;123;56;86;69;77;74;48;48;49;48;49;249;182;212;195;203;200;174;175;176;174;175;0P;1J;12;1A;17;04;0I;0H;0I;63;06;25;55;38;46;43;4;18;17;18;219;6;56;86;69;77;74;35;49;48;49;250;37;0;0
544;EKBNJ00101;{;123;624K4Q4H4T4P3Z40413Z40;ůĂÉŔĚČ®Ż°®Ż;12180Z1B17040I0H0I63060;EKBNJ#101ú%;23;E;K;B;N;J;0;0;1;0;1;14;20;11;23;19;0;0;1;0;1;69;75;66;78;74;48;48;49;48;49;2K;12;18;0Z;1B;17;0H;0H;0I;0H;0I;62;4K;4Q;4H;4T;4P;3Z;40;41;3Z;40;92;38;44;35;47;43;17;17;18;17;18;218;164;170;161;173;169;143;144;145;143;144;123;69;75;66;78;74;48;48;49;48;49;249;195;201;192;204;200;174;175;176;174;175;12;18;0Z;1B;17;04;0I;0H;0I;63;06;38;44;35;47;43;4;18;17;18;219;6;69;75;66;78;74;35;49;48;49;250;37;0;0
545;I4QRJ00101;{;123;624O434W4X4P3Z40413Z40;ůÇ˛ĎĐČ®Ż°®Ż;160L1E1F17040I0H0I63060;I4QRJ#101ú%;23;I;4;Q;R;J;0;0;1;0;1;18;4;26;27;19;0;0;1;0;1;73;52;81;82;74;48;48;49;48;49;2K;16;0L;1E;1F;17;0H;0H;0I;0H;0I;62;4O;43;4W;4X;4P;3Z;40;41;3Z;40;92;42;21;50;51;43;17;17;18;17;18;218;168;147;176;177;169;143;144;145;143;144;123;73;52;81;82;74;48;48;49;48;49;249;199;178;207;208;200;174;175;176;174;175;16;0L;1E;1F;17;04;0I;0H;0I;63;06;42;21;50;51;43;4;18;17;18;219;6;73;52;81;82;74;35;49;48;49;250;37;0;0
546;QI5QJ00101;{;123;624W4O444W4P3Z40413Z40;ůĎÇłĎČ®Ż°®Ż;1E160M1E17040I0H0I63060;QI5QJ#101ú%;23;Q;I;5;Q;J;0;0;1;0;1;26;18;5;26;19;0;0;1;0;1;81;73;53;81;74;48;48;49;48;49;2K;1E;16;0M;1E;17;0H;0H;0I;0H;0I;62;4W;4O;44;4W;4P;3Z;40;41;3Z;40;92;50;42;22;50;43;17;17;18;17;18;218;176;168;148;176;169;143;144;145;143;144;123;81;73;53;81;74;48;48;49;48;49;249;207;199;179;207;200;174;175;176;174;175;1E;16;0M;1E;17;04;0I;0H;0I;63;06;50;42;22;50;43;4;18;17;18;219;6;81;73;53;81;74;35;49;48;49;250;37;0;0
547;X7ELJ00101;{;123;6253464K4R4P3Z40413Z40;ůÖµĂĘČ®Ż°®Ż;1L0O121917040I0H0I63060;X7ELJ#101ú%;23;X;7;E;L;J;0;0;1;0;1;33;7;14;21;19;0;0;1;0;1;88;55;69;76;74;48;48;49;48;49;2K;1L;0O;12;19;17;0H;0H;0I;0H;0I;62;53;46;4K;4R;4P;3Z;40;41;3Z;40;92;57;24;38;45;43;17;17;18;17;18;218;183;150;164;171;169;143;144;145;143;144;123;88;55;69;76;74;48;48;49;48;49;249;214;181;195;202;200;174;175;176;174;175;1L;0O;12;19;17;04;0I;0H;0I;63;06;57;24;38;45;43;4;18;17;18;219;6;88;55;69;76;74;35;49;48;49;250;37;0;0
548;1PQOJ00101;|;124;64414W4X4V4Q4041424041;ű°ĎĐÎÉŻ°±Ż°;0I1D1E1C17050I0I0H63070;1PQOJ$110ú&;23;1;P;Q;O;J;0;0;1;0;1;1;25;26;24;19;0;0;1;0;1;49;80;81;79;74;48;48;49;48;49;2L;0I;1D;1E;1C;17;0H;0H;0I;0H;0I;64;41;4W;4X;4V;4Q;40;41;42;40;41;93;18;49;50;48;43;17;17;18;17;18;220;145;176;177;175;170;144;145;146;144;145;124;49;80;81;79;74;48;48;49;48;49;251;176;207;208;206;201;175;176;177;175;176;0I;1D;1E;1C;17;05;0I;0I;0H;63;07;18;49;50;48;43;5;18;18;17;219;7;49;80;81;79;74;36;49;49;48;250;38;0;0
549;QD9SJ00101;|;124;644X4K494Z4Q4041424041;űĐĂ¸ŇÉŻ°±Ż°;1E110Q1G17050I0I0H63070;QD9SJ$110ú&;23;Q;D;9;S;J;0;0;1;0;1;26;13;9;28;19;0;0;1;0;1;81;68;57;83;74;48;48;49;48;49;2L;1E;11;0Q;1G;17;0H;0H;0I;0H;0I;64;4X;4K;49;4Z;4Q;40;41;42;40;41;93;50;37;26;52;43;17;17;18;17;18;220;177;164;153;179;170;144;145;146;144;145;124;81;68;57;83;74;48;48;49;48;49;251;208;195;184;210;201;175;176;177;175;176;1E;11;0Q;1G;17;05;0I;0I;0H;63;07;50;37;26;52;43;5;18;18;17;219;7;81;68;57;83;74;36;49;49;48;250;38;0;0
550;1YKMJ00101;};125;6642564S4U4R4142434142;ý±ŮËÍĘ°±˛°±;0I1M181A17060I0H0I63080;1YKMJ%101ú';23;1;Y;K;M;J;0;0;1;0;1;1;34;20;22;19;0;0;1;0;1;49;89;75;77;74;48;48;49;48;49;2M;0I;1M;18;1A;17;0H;0H;0I;0H;0I;66;42;56;4S;4U;4R;41;42;43;41;42;94;18;58;44;46;43;17;17;18;17;18;222;146;186;172;174;171;145;146;147;145;146;125;49;89;75;77;74;48;48;49;48;49;253;177;217;203;205;202;176;177;178;176;177;0I;1M;18;1A;17;06;0I;0H;0I;63;08;18;58;44;46;43;6;18;17;18;219;8;49;89;75;77;74;37;49;48;49;250;39;0;0
551;TB9SJ00101;};125;66514J4A504R4142434142;ýÔÂąÓĘ°±˛°±;1H0Z0Q1G17060I0H0I63080;TB9SJ%101ú';23;T;B;9;S;J;0;0;1;0;1;29;11;9;28;19;0;0;1;0;1;84;66;57;83;74;48;48;49;48;49;2M;1H;0Z;0Q;1G;17;0H;0H;0I;0H;0I;66;51;4J;4A;50;4R;41;42;43;41;42;94;53;35;26;52;43;17;17;18;17;18;222;181;163;154;180;171;145;146;147;145;146;125;84;66;57;83;74;48;48;49;48;49;253;212;194;185;211;202;176;177;178;176;177;1H;0Z;0Q;1G;17;06;0I;0H;0I;63;08;53;35;26;52;43;6;18;17;18;219;8;84;66;57;83;74;37;49;48;49;250;39;0;0
552;VEUG500101;};125;66534M524O464142434142;ýÖĹŐÇµ°±˛°±;1J121I140M060I0H0I63080;VEUG5%101ú';23;V;E;U;G;5;0;0;1;0;1;31;14;30;16;5;0;0;1;0;1;86;69;85;71;53;48;48;49;48;49;2M;1J;12;1I;14;0M;0H;0H;0I;0H;0I;66;53;4M;52;4O;46;41;42;43;41;42;94;55;38;54;40;22;17;17;18;17;18;222;183;166;182;168;150;145;146;147;145;146;125;86;69;85;71;53;48;48;49;48;49;253;214;197;213;199;181;176;177;178;176;177;1J;12;1I;14;0M;06;0I;0H;0I;63;08;55;38;54;40;22;6;18;17;18;219;8;86;69;85;71;53;37;49;48;49;250;39;0;0
553;1KPWJ00101;~;126;68434T4Y554S4243444243;˙˛ĚŃŘË±˛ł±˛;0I181D1K17070I0I0H63090;1KPWJ&110ú(;23;1;K;P;W;J;0;0;1;0;1;1;20;25;32;19;0;0;1;0;1;49;75;80;87;74;48;48;49;48;49;2N;0I;18;1D;1K;17;0H;0H;0I;0H;0I;68;43;4T;4Y;55;4S;42;43;44;42;43;95;18;44;49;56;43;17;17;18;17;18;224;147;173;178;185;172;146;147;148;146;147;126;49;75;80;87;74;48;48;49;48;49;255;178;204;209;216;203;177;178;179;177;178;0I;18;1D;1K;17;07;0I;0I;0H;63;09;18;44;49;56;43;7;18;18;17;219;9;49;75;80;87;74;38;49;49;48;250;40;0;0
554;LBATJ00101;~;126;684U4K4J524S4243444243;˙ÍĂÂŐË±˛ł±˛;190Z0Y1H17070I0I0H63090;LBATJ&110ú(;23;L;B;A;T;J;0;0;1;0;1;21;11;10;29;19;0;0;1;0;1;76;66;65;84;74;48;48;49;48;49;2N;19;0Z;0Y;1H;17;0H;0H;0I;0H;0I;68;4U;4K;4J;52;4S;42;43;44;42;43;95;45;35;34;53;43;17;17;18;17;18;224;174;164;163;182;172;146;147;148;146;147;126;76;66;65;84;74;48;48;49;48;49;255;205;195;194;213;203;177;178;179;177;178;19;0Z;0Y;1H;17;07;0I;0I;0H;63;09;45;35;34;53;43;7;18;18;17;219;9;76;66;65;84;74;38;49;49;48;250;40;0;0
555;N6RMJ00101;~;126;684W48504V4S4243444243;˙Ď·ÓÎË±˛ł±˛;1B0N1F1A17070I0I0H63090;N6RMJ&110ú(;23;N;6;R;M;J;0;0;1;0;1;23;6;27;22;19;0;0;1;0;1;78;54;82;77;74;48;48;49;48;49;2N;1B;0N;1F;1A;17;0H;0H;0I;0H;0I;68;4W;48;50;4V;4S;42;43;44;42;43;95;47;23;51;46;43;17;17;18;17;18;224;176;152;180;175;172;146;147;148;146;147;126;78;54;82;77;74;48;48;49;48;49;255;207;183;211;206;203;177;178;179;177;178;1B;0N;1F;1A;17;07;0I;0I;0H;63;09;47;23;51;46;43;7;18;18;17;219;9;78;54;82;77;74;38;49;49;48;250;40;0;0
556;TC9SJ00101;~;126;68524L4B514S4243444243;˙ŐÄşÔË±˛ł±˛;1H100Q1G17070I0I0H63090;TC9SJ&110ú(;23;T;C;9;S;J;0;0;1;0;1;29;12;9;28;19;0;0;1;0;1;84;67;57;83;74;48;48;49;48;49;2N;1H;10;0Q;1G;17;0H;0H;0I;0H;0I;68;52;4L;4B;51;4S;42;43;44;42;43;95;53;36;26;52;43;17;17;18;17;18;224;182;165;155;181;172;146;147;148;146;147;126;84;67;57;83;74;48;48;49;48;49;255;213;196;186;212;203;177;178;179;177;178;1H;10;0Q;1G;17;07;0I;0I;0H;63;09;53;36;26;52;43;7;18;18;17;219;9;84;67;57;83;74;38;49;49;48;250;40;0;0
557;2NQSJ00101;;127;5F454X50524T4344454344;â´ĐÓŐĚ˛ł´˛ł;0J1B1E1G17080I0H0I630A0;2NQSJ'101ú);23;2;N;Q;S;J;0;0;1;0;1;2;23;26;28;19;0;0;1;0;1;50;78;81;83;74;48;48;49;48;49;2O;0J;1B;1E;1G;17;0H;0H;0I;0H;0I;5F;45;4X;50;52;4T;43;44;45;43;44;96;19;47;50;52;43;17;17;18;17;18;195;149;177;180;182;173;147;148;149;147;148;127;50;78;81;83;74;48;48;49;48;49;226;180;208;211;213;204;178;179;180;178;179;0J;1B;1E;1G;17;08;0I;0H;0I;63;0A;19;47;50;52;43;8;18;17;18;219;10;50;78;81;83;74;39;49;48;49;250;41;0;0
558;2ZKMJ00101;;127;5F45594U4W4T4344454344;â´ÜÍĎĚ˛ł´˛ł;0J1N181A17080I0H0I630A0;2ZKMJ'101ú);23;2;Z;K;M;J;0;0;1;0;1;2;35;20;22;19;0;0;1;0;1;50;90;75;77;74;48;48;49;48;49;2O;0J;1N;18;1A;17;0H;0H;0I;0H;0I;5F;45;59;4U;4W;4T;43;44;45;43;44;96;19;59;44;46;43;17;17;18;17;18;195;149;189;174;176;173;147;148;149;147;148;127;50;90;75;77;74;48;48;49;48;49;226;180;220;205;207;204;178;179;180;178;179;0J;1N;18;1A;17;08;0I;0H;0I;63;0A;19;59;44;46;43;8;18;17;18;219;10;50;90;75;77;74;39;49;48;49;250;41;0;0
559;5YCSJ00101;;127;5F48584M524T4344454344;â·ŰĹŐĚ˛ł´˛ł;0M1M101G17080I0H0I630A0;5YCSJ'101ú);23;5;Y;C;S;J;0;0;1;0;1;5;34;12;28;19;0;0;1;0;1;53;89;67;83;74;48;48;49;48;49;2O;0M;1M;10;1G;17;0H;0H;0I;0H;0I;5F;48;58;4M;52;4T;43;44;45;43;44;96;22;58;36;52;43;17;17;18;17;18;195;152;188;166;182;173;147;148;149;147;148;127;53;89;67;83;74;48;48;49;48;49;226;183;219;197;213;204;178;179;180;178;179;0M;1M;10;1G;17;08;0I;0H;0I;63;0A;22;58;36;52;43;8;18;17;18;219;10;53;89;67;83;74;39;49;48;49;250;41;0;0
560;PG8UJ00101;;127;5F4Z4Q4B544T4344454344;âŇÉş×Ě˛ł´˛ł;1D140P1I17080I0H0I630A0;PG8UJ'101ú);23;P;G;8;U;J;0;0;1;0;1;25;16;8;30;19;0;0;1;0;1;80;71;56;85;74;48;48;49;48;49;2O;1D;14;0P;1I;17;0H;0H;0I;0H;0I;5F;4Z;4Q;4B;54;4T;43;44;45;43;44;96;49;40;25;54;43;17;17;18;17;18;195;179;170;155;184;173;147;148;149;147;148;127;80;71;56;85;74;48;48;49;48;49;226;210;201;186;215;204;178;179;180;178;179;1D;14;0P;1I;17;08;0I;0H;0I;63;0A;49;40;25;54;43;8;18;17;18;219;10;80;71;56;85;74;39;49;48;49;250;41;0;0
561;Q2IXJ00101;;127;5F50454S574T4344454344;âÓ´ËÚĚ˛ł´˛ł;1E0J161L17080I0H0I630A0;Q2IXJ'101ú);23;Q;2;I;X;J;0;0;1;0;1;26;2;18;33;19;0;0;1;0;1;81;50;73;88;74;48;48;49;48;49;2O;1E;0J;16;1L;17;0H;0H;0I;0H;0I;5F;50;45;4S;57;4T;43;44;45;43;44;96;50;19;42;57;43;17;17;18;17;18;195;180;149;172;187;173;147;148;149;147;148;127;81;50;73;88;74;48;48;49;48;49;226;211;180;203;218;204;178;179;180;178;179;1E;0J;16;1L;17;08;0I;0H;0I;63;0A;50;19;42;57;43;8;18;17;18;219;10;81;50;73;88;74;39;49;48;49;250;41;0;0
562;SN7LJ00101;;127;5F524X4A4V4T4344454344;âŐĐąÎĚ˛ł´˛ł;1G1B0O1917080I0H0I630A0;SN7LJ'101ú);23;S;N;7;L;J;0;0;1;0;1;28;23;7;21;19;0;0;1;0;1;83;78;55;76;74;48;48;49;48;49;2O;1G;1B;0O;19;17;0H;0H;0I;0H;0I;5F;52;4X;4A;4V;4T;43;44;45;43;44;96;52;47;24;45;43;17;17;18;17;18;195;182;177;154;175;173;147;148;149;147;148;127;83;78;55;76;74;48;48;49;48;49;226;213;208;185;206;204;178;179;180;178;179;1G;1B;0O;19;17;08;0I;0H;0I;63;0A;52;47;24;45;43;8;18;17;18;219;10;83;78;55;76;74;39;49;48;49;250;41;0;0
563;0TROJ00101;€;8364;5H4454524Z4U4445464445;äł×ŐŇÍł´µł´;0H1H1F1C17090I0I0H630B0;0TROJ(110ú*;23;0;T;R;O;J;0;0;1;0;1;0;29;27;24;19;0;0;1;0;1;48;84;82;79;74;48;48;49;48;49;2P;0H;1H;1F;1C;17;0H;0H;0I;0H;0I;5H;44;54;52;4Z;4U;44;45;46;44;45;97;17;53;51;48;43;17;17;18;17;18;197;148;184;182;179;174;148;149;150;148;149;128;48;84;82;79;74;48;48;49;48;49;228;179;215;213;210;205;179;180;181;179;180;0H;1H;1F;1C;17;09;0I;0I;0H;63;0B;17;53;51;48;43;9;18;18;17;219;11;48;84;82;79;74;40;49;49;48;250;42;0;0
564;3KPWJ00101;€;8364;5H474V50574U4445464445;ä¶ÎÓÚÍł´µł´;0K181D1K17090I0I0H630B0;3KPWJ(110ú*;23;3;K;P;W;J;0;0;1;0;1;3;20;25;32;19;0;0;1;0;1;51;75;80;87;74;48;48;49;48;49;2P;0K;18;1D;1K;17;0H;0H;0I;0H;0I;5H;47;4V;50;57;4U;44;45;46;44;45;97;20;44;49;56;43;17;17;18;17;18;197;151;175;180;187;174;148;149;150;148;149;128;51;75;80;87;74;48;48;49;48;49;228;182;206;211;218;205;179;180;181;179;180;0K;18;1D;1K;17;09;0I;0I;0H;63;0B;20;44;49;56;43;9;18;18;17;219;11;51;75;80;87;74;40;49;49;48;250;42;0;0
565;JKBNJ00101;€;8364;5H4U4V4M4Y4U4445464445;äÍÎĹŃÍł´µł´;17180Z1B17090I0I0H630B0;JKBNJ(110ú*;23;J;K;B;N;J;0;0;1;0;1;19;20;11;23;19;0;0;1;0;1;74;75;66;78;74;48;48;49;48;49;2P;17;18;0Z;1B;17;0H;0H;0I;0H;0I;5H;4U;4V;4M;4Y;4U;44;45;46;44;45;97;43;44;35;47;43;17;17;18;17;18;197;174;175;166;178;174;148;149;150;148;149;128;74;75;66;78;74;48;48;49;48;49;228;205;206;197;209;205;179;180;181;179;180;17;18;0Z;1B;17;09;0I;0I;0H;63;0B;43;44;35;47;43;9;18;18;17;219;11;74;75;66;78;74;40;49;49;48;250;42;0;0
566;KI8YJ00101;€;8364;5H4V4T4C594U4445464445;äÎĚ»ÜÍł´µł´;18160P1M17090I0I0H630B0;KI8YJ(110ú*;23;K;I;8;Y;J;0;0;1;0;1;20;18;8;34;19;0;0;1;0;1;75;73;56;89;74;48;48;49;48;49;2P;18;16;0P;1M;17;0H;0H;0I;0H;0I;5H;4V;4T;4C;59;4U;44;45;46;44;45;97;44;42;25;58;43;17;17;18;17;18;197;175;173;156;189;174;148;149;150;148;149;128;75;73;56;89;74;48;48;49;48;49;228;206;204;187;220;205;179;180;181;179;180;18;16;0P;1M;17;09;0I;0I;0H;63;0B;44;42;25;58;43;9;18;18;17;219;11;75;73;56;89;74;40;49;49;48;250;42;0;0
567;QG8UJ00101;€;8364;5H514R4C554U4445464445;äÔĘ»ŘÍł´µł´;1E140P1I17090I0I0H630B0;QG8UJ(110ú*;23;Q;G;8;U;J;0;0;1;0;1;26;16;8;30;19;0;0;1;0;1;81;71;56;85;74;48;48;49;48;49;2P;1E;14;0P;1I;17;0H;0H;0I;0H;0I;5H;51;4R;4C;55;4U;44;45;46;44;45;97;50;40;25;54;43;17;17;18;17;18;197;181;171;156;185;174;148;149;150;148;149;128;81;71;56;85;74;48;48;49;48;49;228;212;202;187;216;205;179;180;181;179;180;1E;14;0P;1I;17;09;0I;0I;0H;63;0B;50;40;25;54;43;9;18;18;17;219;11;81;71;56;85;74;40;49;49;48;250;42;0;0
568;TBCLJ00101;€;8364;5H544M4N4W4U4445464445;ä×ĹĆĎÍł´µł´;1H0Z101917090I0I0H630B0;TBCLJ(110ú*;23;T;B;C;L;J;0;0;1;0;1;29;11;12;21;19;0;0;1;0;1;84;66;67;76;74;48;48;49;48;49;2P;1H;0Z;10;19;17;0H;0H;0I;0H;0I;5H;54;4M;4N;4W;4U;44;45;46;44;45;97;53;35;36;45;43;17;17;18;17;18;197;184;166;167;176;174;148;149;150;148;149;128;84;66;67;76;74;48;48;49;48;49;228;215;197;198;207;205;179;180;181;179;180;1H;0Z;10;19;17;09;0I;0I;0H;63;0B;53;35;36;45;43;9;18;18;17;219;11;84;66;67;76;74;40;49;49;48;250;42;0;0
569;1QQSJ00101;;129;5J465253544V4546474546;ćµŐÖ×Î´µ¶´µ;0I1E1E1G170A0I0H0I630C0;1QQSJ)101ú+;23;1;Q;Q;S;J;0;0;1;0;1;1;26;26;28;19;0;0;1;0;1;49;81;81;83;74;48;48;49;48;49;2Q;0I;1E;1E;1G;17;0H;0H;0I;0H;0I;5J;46;52;53;54;4V;45;46;47;45;46;98;18;50;50;52;43;17;17;18;17;18;199;150;182;183;184;175;149;150;151;149;150;129;49;81;81;83;74;48;48;49;48;49;230;181;213;214;215;206;180;181;182;180;181;0I;1E;1E;1G;17;0A;0I;0H;0I;63;0C;18;50;50;52;43;10;18;17;18;219;12;49;81;81;83;74;41;49;48;49;250;43;0;0
570;2TQOJ00101;;129;5J475552504V4546474546;ć¶ŘŐÓÎ´µ¶´µ;0J1H1E1C170A0I0H0I630C0;2TQOJ)101ú+;23;2;T;Q;O;J;0;0;1;0;1;2;29;26;24;19;0;0;1;0;1;50;84;81;79;74;48;48;49;48;49;2Q;0J;1H;1E;1C;17;0H;0H;0I;0H;0I;5J;47;55;52;50;4V;45;46;47;45;46;98;19;53;50;48;43;17;17;18;17;18;199;151;185;182;180;175;149;150;151;149;150;129;50;84;81;79;74;48;48;49;48;49;230;182;216;213;211;206;180;181;182;180;181;0J;1H;1E;1C;17;0A;0I;0H;0I;63;0C;19;53;50;48;43;10;18;17;18;219;12;50;84;81;79;74;41;49;48;49;250;43;0;0
571;4ZKMJ00101;;129;5J495B4W4Y4V4546474546;ć¸ŢĎŃÎ´µ¶´µ;0L1N181A170A0I0H0I630C0;4ZKMJ)101ú+;23;4;Z;K;M;J;0;0;1;0;1;4;35;20;22;19;0;0;1;0;1;52;90;75;77;74;48;48;49;48;49;2Q;0L;1N;18;1A;17;0H;0H;0I;0H;0I;5J;49;5B;4W;4Y;4V;45;46;47;45;46;98;21;59;44;46;43;17;17;18;17;18;199;153;191;176;178;175;149;150;151;149;150;129;52;90;75;77;74;48;48;49;48;49;230;184;222;207;209;206;180;181;182;180;181;0L;1N;18;1A;17;0A;0I;0H;0I;63;0C;21;59;44;46;43;10;18;17;18;219;12;52;90;75;77;74;41;49;48;49;250;43;0;0
572;7YDRJ00101;;129;5J4C5A4P534V4546474546;ć»ÝČÖÎ´µ¶´µ;0O1M111F170A0I0H0I630C0;7YDRJ)101ú+;23;7;Y;D;R;J;0;0;1;0;1;7;34;13;27;19;0;0;1;0;1;55;89;68;82;74;48;48;49;48;49;2Q;0O;1M;11;1F;17;0H;0H;0I;0H;0I;5J;4C;5A;4P;53;4V;45;46;47;45;46;98;24;58;37;51;43;17;17;18;17;18;199;156;190;169;183;175;149;150;151;149;150;129;55;89;68;82;74;48;48;49;48;49;230;187;221;200;214;206;180;181;182;180;181;0O;1M;11;1F;17;0A;0I;0H;0I;63;0C;24;58;37;51;43;10;18;17;18;219;12;55;89;68;82;74;41;49;48;49;250;43;0;0
573;LI8YJ00101;;129;5J4X4U4D5A4V4546474546;ćĐÍĽÝÎ´µ¶´µ;19160P1M170A0I0H0I630C0;LI8YJ)101ú+;23;L;I;8;Y;J;0;0;1;0;1;21;18;8;34;19;0;0;1;0;1;76;73;56;89;74;48;48;49;48;49;2Q;19;16;0P;1M;17;0H;0H;0I;0H;0I;5J;4X;4U;4D;5A;4V;45;46;47;45;46;98;45;42;25;58;43;17;17;18;17;18;199;177;174;157;190;175;149;150;151;149;150;129;76;73;56;89;74;48;48;49;48;49;230;208;205;188;221;206;180;181;182;180;181;19;16;0P;1M;17;0A;0I;0H;0I;63;0C;45;42;25;58;43;10;18;17;18;219;12;76;73;56;89;74;41;49;48;49;250;43;0;0
574;RG8UJ00101;;129;5J534S4D564V4546474546;ćÖËĽŮÎ´µ¶´µ;1F140P1I170A0I0H0I630C0;RG8UJ)101ú+;23;R;G;8;U;J;0;0;1;0;1;27;16;8;30;19;0;0;1;0;1;82;71;56;85;74;48;48;49;48;49;2Q;1F;14;0P;1I;17;0H;0H;0I;0H;0I;5J;53;4S;4D;56;4V;45;46;47;45;46;98;51;40;25;54;43;17;17;18;17;18;199;183;172;157;186;175;149;150;151;149;150;129;82;71;56;85;74;48;48;49;48;49;230;214;203;188;217;206;180;181;182;180;181;1F;14;0P;1I;17;0A;0I;0H;0I;63;0C;51;40;25;54;43;10;18;17;18;219;12;82;71;56;85;74;41;49;48;49;250;43;0;0
575;X9ATJ00101;;129;5J594E4M554V4546474546;ćÜ˝ĹŘÎ´µ¶´µ;1L0Q0Y1H170A0I0H0I630C0;X9ATJ)101ú+;23;X;9;A;T;J;0;0;1;0;1;33;9;10;29;19;0;0;1;0;1;88;57;65;84;74;48;48;49;48;49;2Q;1L;0Q;0Y;1H;17;0H;0H;0I;0H;0I;5J;59;4E;4M;55;4V;45;46;47;45;46;98;57;26;34;53;43;17;17;18;17;18;199;189;158;166;185;175;149;150;151;149;150;129;88;57;65;84;74;48;48;49;48;49;230;220;189;197;216;206;180;181;182;180;181;1L;0Q;0Y;1H;17;0A;0I;0H;0I;63;0C;57;26;34;53;43;10;18;17;18;219;12;88;57;65;84;74;41;49;48;49;250;43;0;0
576;8YDRJ00101;‚;8218;5L4E5B4Q544W4647484647;č˝ŢÉ×Ďµ¶·µ¶;0P1M111F170B0I0I0H630D0;8YDRJ*110ú,;23;8;Y;D;R;J;0;0;1;0;1;8;34;13;27;19;0;0;1;0;1;56;89;68;82;74;48;48;49;48;49;2R;0P;1M;11;1F;17;0H;0H;0I;0H;0I;5L;4E;5B;4Q;54;4W;46;47;48;46;47;99;25;58;37;51;43;17;17;18;17;18;201;158;191;170;184;176;150;151;152;150;151;130;56;89;68;82;74;48;48;49;48;49;232;189;222;201;215;207;181;182;183;181;182;0P;1M;11;1F;17;0B;0I;0I;0H;63;0D;25;58;37;51;43;11;18;18;17;219;13;56;89;68;82;74;42;49;49;48;250;44;0;0
577;K5QVJ00101;‚;8218;5L4X4B53584W4647484647;čĐşÖŰĎµ¶·µ¶;180M1E1J170B0I0I0H630D0;K5QVJ*110ú,;23;K;5;Q;V;J;0;0;1;0;1;20;5;26;31;19;0;0;1;0;1;75;53;81;86;74;48;48;49;48;49;2R;18;0M;1E;1J;17;0H;0H;0I;0H;0I;5L;4X;4B;53;58;4W;46;47;48;46;47;99;44;22;50;55;43;17;17;18;17;18;201;177;155;183;188;176;150;151;152;150;151;130;75;53;81;86;74;48;48;49;48;49;232;208;186;214;219;207;181;182;183;181;182;18;0M;1E;1J;17;0B;0I;0I;0H;63;0D;44;22;50;55;43;11;18;18;17;219;13;75;53;81;86;74;42;49;49;48;250;44;0;0
578;M6WMJ00101;‚;8218;5L4Z4C594Z4W4647484647;čŇ»ÜŇĎµ¶·µ¶;1A0N1K1A170B0I0I0H630D0;M6WMJ*110ú,;23;M;6;W;M;J;0;0;1;0;1;22;6;32;22;19;0;0;1;0;1;77;54;87;77;74;48;48;49;48;49;2R;1A;0N;1K;1A;17;0H;0H;0I;0H;0I;5L;4Z;4C;59;4Z;4W;46;47;48;46;47;99;46;23;56;46;43;17;17;18;17;18;201;179;156;189;179;176;150;151;152;150;151;130;77;54;87;77;74;48;48;49;48;49;232;210;187;220;210;207;181;182;183;181;182;1A;0N;1K;1A;17;0B;0I;0I;0H;63;0D;46;23;56;46;43;11;18;18;17;219;13;77;54;87;77;74;42;49;49;48;250;44;0;0
579;SG8UJ00101;‚;8218;5L554T4E574W4647484647;čŘĚ˝ÚĎµ¶·µ¶;1G140P1I170B0I0I0H630D0;SG8UJ*110ú,;23;S;G;8;U;J;0;0;1;0;1;28;16;8;30;19;0;0;1;0;1;83;71;56;85;74;48;48;49;48;49;2R;1G;14;0P;1I;17;0H;0H;0I;0H;0I;5L;55;4T;4E;57;4W;46;47;48;46;47;99;52;40;25;54;43;17;17;18;17;18;201;185;173;158;187;176;150;151;152;150;151;130;83;71;56;85;74;48;48;49;48;49;232;216;204;189;218;207;181;182;183;181;182;1G;14;0P;1I;17;0B;0I;0I;0H;63;0D;52;40;25;54;43;11;18;18;17;219;13;83;71;56;85;74;42;49;49;48;250;44;0;0
580;Z6ERJ00101;‚;8218;5L5C4C4R544W4647484647;čß»Ę×Ďµ¶·µ¶;1N0N121F170B0I0I0H630D0;Z6ERJ*110ú,;23;Z;6;E;R;J;0;0;1;0;1;35;6;14;27;19;0;0;1;0;1;90;54;69;82;74;48;48;49;48;49;2R;1N;0N;12;1F;17;0H;0H;0I;0H;0I;5L;5C;4C;4R;54;4W;46;47;48;46;47;99;59;23;38;51;43;17;17;18;17;18;201;192;156;171;184;176;150;151;152;150;151;130;90;54;69;82;74;48;48;49;48;49;232;223;187;202;215;207;181;182;183;181;182;1N;0N;12;1F;17;0B;0I;0I;0H;63;0D;59;23;38;51;43;11;18;18;17;219;13;90;54;69;82;74;42;49;49;48;250;44;0;0
