SourceRow;Filename;WorkerID;Prefix_ASC;TailRaw;TailLen;PairCount;TrailingChar;FirstZeroPos;SignificantLen;W01;W02;W03;W04;W05;W06;W07;W08;W09;W10;W01_ASC;W02_ASC;W03_ASC;W04_ASC;W05_ASC;W06_ASC;W07_ASC;W08_ASC;W09_ASC;W10_ASC;W01_B36;W02_B36;W03_B36;W04_B36;W05_B36;W06_B36;W07_B36;W08_B36;W09_B36;W10_B36;T01_RAW;T02_RAW;T03_RAW;T04_RAW;T05_RAW;T06_RAW;T07_RAW;T08_RAW;T09_RAW;T10_RAW;T11_RAW;T01_NUM;T02_NUM;T03_NUM;T04_NUM;T05_NUM;T06_NUM;T07_NUM;T08_NUM;T09_NUM;T10_NUM;T11_NUM;T01_PLUS31;T02_PLUS31;T03_PLUS31;T04_PLUS31;T05_PLUS31;T06_PLUS31;T07_PLUS31;T08_PLUS31;T09_PLUS31;T10_PLUS31;T11_PLUS31;T01_MATCH_W;T02_MATCH_W;T03_MATCH_W;T04_MATCH_W;T05_MATCH_W;T06_MATCH_W;T07_MATCH_W;T08_MATCH_W;T09_MATCH_W;T10_MATCH_W;T11_MATCH_W;;;SOUHRN;
2;000I0Q110H0H0H0H0I0H0I0Y1G1O1Z1F1G1F1G1H1F1G0--0I0Q111Y0I0H0I6522;19D0000101;31;0I0Q111Y0I0H0I6522;18;9;;4;3;1;9;D;0;0;0;0;1;0;1;49;57;68;48;48;48;48;49;48;49;18;26;37;17;17;17;17;18;17;18;0I;0Q;11;1Y;0I;0H;0I;65;22;;;18;26;37;70;18;17;18;221;74;;;49;57;68;101;49;48;49;252;105;;;W01,W08,W10;W02;W03;;W01,W08,W10;W04,W05,W06,W07,W09;W01,W08,W10;;;;;;;WorkerID;575
3;000I110Q0H0H0H0H0I0H0I0Y1G1Z1O1F1G1F1G1H1F1G0--0I110Q1Y0I0H0I6522;1D90000101;31;0I110Q1Y0I0H0I6522;18;9;;4;3;1;D;9;0;0;0;0;1;0;1;49;68;57;48;48;48;48;49;48;49;18;37;26;17;17;17;17;18;17;18;0I;11;0Q;1Y;0I;0H;0I;65;22;;;18;37;26;70;18;17;18;221;74;;;49;68;57;101;49;48;49;252;105;;;W01,W08,W10;W02;W03;;W01,W08,W10;W04,W05,W06,W07,W09;W01,W08,W10;;;;;;;;
4;000I130O0H0H0H0H0I0H0I0Y1G211M1F1G1F1G1H1F1G0--0I130O1Y0I0H0I6522;1F70000101;31;0I130O1Y0I0H0I6522;18;9;;4;3;1;F;7;0;0;0;0;1;0;1;49;70;55;48;48;48;48;49;48;49;18;39;24;17;17;17;17;18;17;18;0I;13;0O;1Y;0I;0H;0I;65;22;;;18;39;24;70;18;17;18;221;74;;;49;70;55;101;49;48;49;252;105;;;W01,W08,W10;W02;W03;;W01,W08,W10;W04,W05,W06,W07,W09;W01,W08,W10;;;;;;;TailLen;Count
5;000I140N0H0H0H0H0I0H0I0Y1G221L1F1G1F1G1H1F1G0--0I140N1Y0I0H0I6522;1G60000101;31;0I140N1Y0I0H0I6522;18;9;;4;3;1;G;6;0;0;0;0;1;0;1;49;71;54;48;48;48;48;49;48;49;18;40;23;17;17;17;17;18;17;18;0I;14;0N;1Y;0I;0H;0I;65;22;;;18;40;23;70;18;17;18;221;74;;;49;71;54;101;49;48;49;252;105;;;W01,W08,W10;W02;W03;;W01,W08,W10;W04,W05,W06,W07,W09;W01,W08,W10;;;;;;;18;260
6;000J130N0H0H0H0H0I0H0I0Y1H211L1F1G1F1G1H1F1G0--0J130N1Y0I0H0I6522;2F60000101;31;0J130N1Y0I0H0I6522;18;9;;4;3;2;F;6;0;0;0;0;1;0;1;50;70;54;48;48;48;48;49;48;49;19;39;23;17;17;17;17;18;17;18;0J;13;0N;1Y;0I;0H;0I;65;22;;;19;39;23;70;18;17;18;221;74;;;50;70;54;101;49;48;49;252;105;;;W01;W02;W03;;W08,W10;W04,W05,W06,W07,W09;W08,W10;;;;;;;23;234
7;000K170I0H0H0H0H0I0H0I0Y1I251G1F1G1F1G1H1F1G0--0K170I1Y0I0H0I6522;3J10000101;31;0K170I1Y0I0H0I6522;18;9;;4;3;3;J;1;0;0;0;0;1;0;1;51;74;49;48;48;48;48;49;48;49;20;43;18;17;17;17;17;18;17;18;0K;17;0I;1Y;0I;0H;0I;65;22;;;20;43;18;70;18;17;18;221;74;;;51;74;49;101;49;48;49;252;105;;;W01;W02;W03,W08,W10;;W03,W08,W10;W04,W05,W06,W07,W09;W03,W08,W10;;;;;;;17;80
8;000L110N0H0H0H0H0I0H0I0Y1J1Z1L1F1G1F1G1H1F1G0--0L110N1Y0I0H0I6522;4D60000101;31;0L110N1Y0I0H0I6522;18;9;;4;3;4;D;6;0;0;0;0;1;0;1;52;68;54;48;48;48;48;49;48;49;21;37;23;17;17;17;17;18;17;18;0L;11;0N;1Y;0I;0H;0I;65;22;;;21;37;23;70;18;17;18;221;74;;;52;68;54;101;49;48;49;252;105;;;W01;W02;W03;;W08,W10;W04,W05,W06,W07,W09;W08,W10;;;;;;;15;1
9;000M1F1F1C170H0H0I0H0I0Y1K2D2E2A251F1G1H1F1G0--0M1F1F1C170C0I0H0I630E0;5RROJ00101;31;0M1F1F1C170C0I0H0I630E0;23;11;0;6;5;5;R;R;O;J;0;0;1;0;1;53;82;82;79;74;48;48;49;48;49;22;51;51;48;43;17;17;18;17;18;0M;1F;1F;1C;17;0C;0I;0H;0I;63;0E;22;51;51;48;43;12;18;17;18;219;14;53;82;82;79;74;43;49;48;49;250;45;W01;W02,W03;W02,W03;W04;W05;;W08,W10;W06,W07,W09;W08,W10;;;;;;
10;00130P0H0H0H0H0H0I0H0I0Y211N1F1G1F1G1F1G1F1G0--130P0L0I0H0I660Q0;F800000101;31;130P0L0I0H0I660Q0;17;8;0;3;2;F;8;0;0;0;0;0;1;0;1;70;56;48;48;48;48;48;49;48;49;39;25;17;17;17;17;17;18;17;18;13;0P;0L;0I;0H;0I;66;0Q;;;;39;25;21;18;17;18;222;26;;;;70;56;52;49;48;49;253;57;;;;W01;W02;;W08,W10;W03,W04,W05,W06,W07,W09;W08,W10;;;;;;;;;
11;00140O0H0H0H0H0H0I0H0I0Y221M1F1G1F1G1F1G1F1G0--140O0L0I0H0I660Q0;G700000101;31;140O0L0I0H0I660Q0;17;8;0;3;2;G;7;0;0;0;0;0;1;0;1;71;55;48;48;48;48;48;49;48;49;40;24;17;17;17;17;17;18;17;18;14;0O;0L;0I;0H;0I;66;0Q;;;;40;24;21;18;17;18;222;26;;;;71;55;52;49;48;49;253;57;;;;W01;W02;;W08,W10;W03,W04,W05,W06,W07,W09;W08,W10;;;;;;;;;
12;001A0I0H0H0H0H0H0I0H0I0Y281G1F1G1F1G1F1G1F1G0--1A0I0L0I0H0I660Q0;M100000101;31;1A0I0L0I0H0I660Q0;17;8;0;3;2;M;1;0;0;0;0;0;1;0;1;77;49;48;48;48;48;48;49;48;49;46;18;17;17;17;17;17;18;17;18;1A;0I;0L;0I;0H;0I;66;0Q;;;;46;18;21;18;17;18;222;26;;;;77;49;52;49;48;49;253;57;;;;W01;W02,W08,W10;;W02,W08,W10;W03,W04,W05,W06,W07,W09;W02,W08,W10;;;;;;;;;
13;001J170M1G170H0H0I0H0I0Y2H251K2E251F1G1H1F1G0--1J170M1G170C0I0H0I630E0;VJ5SJ00101;31;1J170M1G170C0I0H0I630E0;23;11;0;6;5;V;J;5;S;J;0;0;1;0;1;86;74;53;83;74;48;48;49;48;49;55;43;22;52;43;17;17;18;17;18;1J;17;0M;1G;17;0C;0I;0H;0I;63;0E;55;43;22;52;43;12;18;17;18;219;14;86;74;53;83;74;43;49;48;49;250;45;W01;W02,W05;W03;W04;W02,W05;;W08,W10;W06,W07,W09;W08,W10;;;;;;
14;010I120Q0H0H0H0H0I0H0I101H211P1G1H1G1H1I1G1H0--0I120Q1Z0I0I0H6523;1E90000101;32;0I120Q1Z0I0I0H6523;18;9;;4;3;1;E;9;0;0;0;0;1;0;1;49;69;57;48;48;48;48;49;48;49;18;38;26;17;17;17;17;18;17;18;0I;12;0Q;1Z;0I;0I;0H;65;23;;;18;38;26;71;18;18;17;221;75;;;49;69;57;102;49;49;48;252;106;;;W01,W08,W10;W02;W03;;W01,W08,W10;W01,W08,W10;W04,W05,W06,W07,W09;;;;;;;;
15;010I190J0H0H0H0H0I0H0I101H281I1G1H1G1H1I1G1H0--0I190J1Z0I0I0H6523;1L20000101;32;0I190J1Z0I0I0H6523;18;9;;4;3;1;L;2;0;0;0;0;1;0;1;49;76;50;48;48;48;48;49;48;49;18;45;19;17;17;17;17;18;17;18;0I;19;0J;1Z;0I;0I;0H;65;23;;;18;45;19;71;18;18;17;221;75;;;49;76;50;102;49;49;48;252;106;;;W01,W08,W10;W02;W03;;W01,W08,W10;W01,W08,W10;W04,W05,W06,W07,W09;;;;;;;;
16;010J150M0H0H0H0H0I0H0I101I241L1G1H1G1H1I1G1H0--0J150M1Z0I0I0H6523;2H50000101;32;0J150M1Z0I0I0H6523;18;9;;4;3;2;H;5;0;0;0;0;1;0;1;50;72;53;48;48;48;48;49;48;49;19;41;22;17;17;17;17;18;17;18;0J;15;0M;1Z;0I;0I;0H;65;23;;;19;41;22;71;18;18;17;221;75;;;50;72;53;102;49;49;48;252;106;;;W01;W02;W03;;W08,W10;W08,W10;W04,W05,W06,W07,W09;;;;;;;;
17;010K0P110H0H0H0H0I0H0I101J1O201G1H1G1H1I1G1H0--0K0P111Z0I0I0H6523;38D0000101;32;0K0P111Z0I0I0H6523;18;9;;4;3;3;8;D;0;0;0;0;1;0;1;51;56;68;48;48;48;48;49;48;49;20;25;37;17;17;17;17;18;17;18;0K;0P;11;1Z;0I;0I;0H;65;23;;;20;25;37;71;18;18;17;221;75;;;51;56;68;102;49;49;48;252;106;;;W01;W02;W03;;W08,W10;W08,W10;W04,W05,W06,W07,W09;;;;;;;;
18;010K130N0H0H0H0H0I0H0I101J221M1G1H1G1H1I1G1H0--0K130N1Z0I0I0H6523;3F60000101;32;0K130N1Z0I0I0H6523;18;9;;4;3;3;F;6;0;0;0;0;1;0;1;51;70;54;48;48;48;48;49;48;49;20;39;23;17;17;17;17;18;17;18;0K;13;0N;1Z;0I;0I;0H;65;23;;;20;39;23;71;18;18;17;221;75;;;51;70;54;102;49;49;48;252;106;;;W01;W02;W03;;W08,W10;W08,W10;W04,W05,W06,W07,W09;;;;;;;;
19;010L170I0H0H0H0H0I0H0I101K261H1G1H1G1H1I1G1H0--0L170I1Z0I0I0H6523;4J10000101;32;0L170I1Z0I0I0H6523;18;9;;4;3;4;J;1;0;0;0;0;1;0;1;52;74;49;48;48;48;48;49;48;49;21;43;18;17;17;17;17;18;17;18;0L;17;0I;1Z;0I;0I;0H;65;23;;;21;43;18;71;18;18;17;221;75;;;52;74;49;102;49;49;48;252;106;;;W01;W02;W03,W08,W10;;W03,W08,W10;W03,W08,W10;W04,W05,W06,W07,W09;;;;;;;;
20;01130Z1D1E170H0H0I0H0I10221Y2C2D261G1H1I1G1H0--130Z1D1E170D0I0I0H630F0;FBPQJ00101;32;130Z1D1E170D0I0I0H630F0;23;11;0;6;5;F;B;P;Q;J;0;0;1;0;1;70;66;80;81;74;48;48;49;48;49;39;35;49;50;43;17;17;18;17;18;13;0Z;1D;1E;17;0D;0I;0I;0H;63;0F;39;35;49;50;43;13;18;18;17;219;15;70;66;80;81;74;44;49;49;48;250;46;W01;W02;W03;W04;W05;;W08,W10;W08,W10;W06,W07,W09;;;;;;
21;01150O0H0H0H0H0H0I0H0I10241N1G1H1G1H1G1H1G1H0--150O0M0I0I0H660R0;H700000101;32;150O0M0I0I0H660R0;17;8;0;3;2;H;7;0;0;0;0;0;1;0;1;72;55;48;48;48;48;48;49;48;49;41;24;17;17;17;17;17;18;17;18;15;0O;0M;0I;0I;0H;66;0R;;;;41;24;22;18;18;17;222;27;;;;72;55;53;49;49;48;253;58;;;;W01;W02;;W08,W10;W08,W10;W03,W04,W05,W06,W07,W09;;;;;;;;;
22;0116181718170H0H0I0H0I1025272627261G1H1I1G1H0--16181718170D0I0I0H630F0;IKJKJ00101;32;16181718170D0I0I0H630F0;23;11;0;6;5;I;K;J;K;J;0;0;1;0;1;73;75;74;75;74;48;48;49;48;49;42;44;43;44;43;17;17;18;17;18;16;18;17;18;17;0D;0I;0I;0H;63;0F;42;44;43;44;43;13;18;18;17;219;15;73;75;74;75;74;44;49;49;48;250;46;W01;W02,W04;W03,W05;W02,W04;W03,W05;;W08,W10;W08,W10;W06,W07,W09;;;;;;
23;011B0I0H0H0H0H0H0I0H0I102A1H1G1H1G1H1G1H1G1H0--1B0I0M0I0I0H660R0;N100000101;32;1B0I0M0I0I0H660R0;17;8;0;3;2;N;1;0;0;0;0;0;1;0;1;78;49;48;48;48;48;48;49;48;49;47;18;17;17;17;17;17;18;17;18;1B;0I;0M;0I;0I;0H;66;0R;;;;47;18;22;18;18;17;222;27;;;;78;49;53;49;49;48;253;58;;;;W01;W02,W08,W10;;W02,W08,W10;W02,W08,W10;W03,W04,W05,W06,W07,W09;;;;;;;;;
24;011I0M181H170H0H0I0H0I102H1L272G261G1H1I1G1H0--1I0M181H170D0I0I0H630F0;U5KTJ00101;32;1I0M181H170D0I0I0H630F0;23;11;0;6;5;U;5;K;T;J;0;0;1;0;1;85;53;75;84;74;48;48;49;48;49;54;22;44;53;43;17;17;18;17;18;1I;0M;18;1H;17;0D;0I;0I;0H;63;0F;54;22;44;53;43;13;18;18;17;219;15;85;53;75;84;74;44;49;49;48;250;46;W01;W02;W03;W04;W05;;W08,W10;W08,W10;W06,W07,W09;;;;;;
25;011M1C0H1E170H0H0I0H0I102L2B1G2D261G1H1I1G1H0--1M1C0H1E170D0I0I0H630F0;YO0QJ00101;32;1M1C0H1E170D0I0I0H630F0;23;11;0;3;2;Y;O;0;Q;J;0;0;1;0;1;89;79;48;81;74;48;48;49;48;49;58;48;17;50;43;17;17;18;17;18;1M;1C;0H;1E;17;0D;0I;0I;0H;63;0F;58;48;17;50;43;13;18;18;17;219;15;89;79;48;81;74;44;49;49;48;250;46;W01;W02;W03,W06,W07,W09;W04;W05;;W08,W10;W08,W10;W03,W06,W07,W09;;;;;;
26;020I140P0H0H0H0H0I0H0I121I241P1H1I1H1I1J1H1I0--0I140P200I0H0I6524;1G80000101;33;0I140P200I0H0I6524;18;9;;4;3;1;G;8;0;0;0;0;1;0;1;49;71;56;48;48;48;48;49;48;49;18;40;25;17;17;17;17;18;17;18;0I;14;0P;20;0I;0H;0I;65;24;;;18;40;25;72;18;17;18;221;76;;;49;71;56;103;49;48;49;252;107;;;W01,W08,W10;W02;W03;;W01,W08,W10;W04,W05,W06,W07,W09;W01,W08,W10;;;;;;;;
27;020I150O0H0H0H0H0I0H0I121I251O1H1I1H1I1J1H1I0--0I150O200I0H0I6524;1H70000101;33;0I150O200I0H0I6524;18;9;;4;3;1;H;7;0;0;0;0;1;0;1;49;72;55;48;48;48;48;49;48;49;18;41;24;17;17;17;17;18;17;18;0I;15;0O;20;0I;0H;0I;65;24;;;18;41;24;72;18;17;18;221;76;;;49;72;55;103;49;48;49;252;107;;;W01,W08,W10;W02;W03;;W01,W08,W10;W04,W05,W06,W07,W09;W01,W08,W10;;;;;;;;
28;020I190K0H0H0H0H0I0H0I121I291K1H1I1H1I1J1H1I0--0I190K200I0H0I6524;1L30000101;33;0I190K200I0H0I6524;18;9;;4;3;1;L;3;0;0;0;0;1;0;1;49;76;51;48;48;48;48;49;48;49;18;45;20;17;17;17;17;18;17;18;0I;19;0K;20;0I;0H;0I;65;24;;;18;45;20;72;18;17;18;221;76;;;49;76;51;103;49;48;49;252;107;;;W01,W08,W10;W02;W03;;W01,W08,W10;W04,W05,W06,W07,W09;W01,W08,W10;;;;;;;;
29;020J1A0I0H0H0H0H0I0H0I121J2A1I1H1I1H1I1J1H1I0--0J1A0I200I0H0I6524;2M10000101;33;0J1A0I200I0H0I6524;18;9;;4;3;2;M;1;0;0;0;0;1;0;1;50;77;49;48;48;48;48;49;48;49;19;46;18;17;17;17;17;18;17;18;0J;1A;0I;20;0I;0H;0I;65;24;;;19;46;18;72;18;17;18;221;76;;;50;77;49;103;49;48;49;252;107;;;W01;W02;W03,W08,W10;;W03,W08,W10;W04,W05,W06,W07,W09;W03,W08,W10;;;;;;;;
30;02160O0H0H0H0H0H0I0H0I12261O1H1I1H1I1H1I1H1I0--160O0N0I0H0I660S0;I700000101;33;160O0N0I0H0I660S0;17;8;0;3;2;I;7;0;0;0;0;0;1;0;1;73;55;48;48;48;48;48;49;48;49;42;24;17;17;17;17;17;18;17;18;16;0O;0N;0I;0H;0I;66;0S;;;;42;24;23;18;17;18;222;28;;;;73;55;54;49;48;49;253;59;;;;W01;W02;;W08,W10;W03,W04,W05,W06,W07,W09;W08,W10;;;;;;;;;
31;02181F0Q1H170H0H0I0H0I12282F1Q2H271H1I1J1H1I0--181F0Q1H170E0I0H0I630G0;KR9TJ00101;33;181F0Q1H170E0I0H0I630G0;23;11;0;6;5;K;R;9;T;J;0;0;1;0;1;75;82;57;84;74;48;48;49;48;49;44;51;26;53;43;17;17;18;17;18;18;1F;0Q;1H;17;0E;0I;0H;0I;63;0G;44;51;26;53;43;14;18;17;18;219;16;75;82;57;84;74;45;49;48;49;250;47;W01;W02;W03;W04;W05;;W08,W10;W06,W07,W09;W08,W10;;;;;;
32;021A0K0H0H0H0H0H0I0H0I122A1K1H1I1H1I1H1I1H1I0--1A0K0N0I0H0I660S0;M300000101;33;1A0K0N0I0H0I660S0;17;8;0;3;2;M;3;0;0;0;0;0;1;0;1;77;51;48;48;48;48;48;49;48;49;46;20;17;17;17;17;17;18;17;18;1A;0K;0N;0I;0H;0I;66;0S;;;;46;20;23;18;17;18;222;28;;;;77;51;54;49;48;49;253;59;;;;W01;W02;;W08,W10;W03,W04,W05,W06,W07,W09;W08,W10;;;;;;;;;
33;021B0J0H0H0H0H0H0I0H0I122B1J1H1I1H1I1H1I1H1I0--1B0J0N0I0H0I660S0;N200000101;33;1B0J0N0I0H0I660S0;17;8;0;3;2;N;2;0;0;0;0;0;1;0;1;78;50;48;48;48;48;48;49;48;49;47;19;17;17;17;17;17;18;17;18;1B;0J;0N;0I;0H;0I;66;0S;;;;47;19;23;18;17;18;222;28;;;;78;50;54;49;48;49;253;59;;;;W01;W02;;W08,W10;W03,W04,W05,W06,W07,W09;W08,W10;;;;;;;;;
34;030I140Q0H0H0H0H0I0H0I141J251R1I1J1I1J1K1I1J0--0I140Q210I0I0H6525;1G90000101;34;0I140Q210I0I0H6525;18;9;;4;3;1;G;9;0;0;0;0;1;0;1;49;71;57;48;48;48;48;49;48;49;18;40;26;17;17;17;17;18;17;18;0I;14;0Q;21;0I;0I;0H;65;25;;;18;40;26;73;18;18;17;221;77;;;49;71;57;104;49;49;48;252;108;;;W01,W08,W10;W02;W03;;W01,W08,W10;W01,W08,W10;W04,W05,W06,W07,W09;;;;;;;;
35;030I160O0H0H0H0H0I0H0I141J271P1I1J1I1J1K1I1J0--0I160O210I0I0H6525;1I70000101;34;0I160O210I0I0H6525;18;9;;4;3;1;I;7;0;0;0;0;1;0;1;49;73;55;48;48;48;48;49;48;49;18;42;24;17;17;17;17;18;17;18;0I;16;0O;21;0I;0I;0H;65;25;;;18;42;24;73;18;18;17;221;77;;;49;73;55;104;49;49;48;252;108;;;W01,W08,W10;W02;W03;;W01,W08,W10;W01,W08,W10;W04,W05,W06,W07,W09;;;;;;;;
36;030J190K0H0H0H0H0I0H0I141K2A1L1I1J1I1J1K1I1J0--0J190K210I0I0H6525;2L30000101;34;0J190K210I0I0H6525;18;9;;4;3;2;L;3;0;0;0;0;1;0;1;50;76;51;48;48;48;48;49;48;49;19;45;20;17;17;17;17;18;17;18;0J;19;0K;21;0I;0I;0H;65;25;;;19;45;20;73;18;18;17;221;77;;;50;76;51;104;49;49;48;252;108;;;W01;W02;W03;;W08,W10;W08,W10;W04,W05,W06,W07,W09;;;;;;;;
37;0310151G1A170H0H0I0H0I1421262H2B281I1J1K1I1J0--10151G1A170F0I0I0H630H0;CHSMJ00101;34;10151G1A170F0I0I0H630H0;23;11;0;6;5;C;H;S;M;J;0;0;1;0;1;67;72;83;77;74;48;48;49;48;49;36;41;52;46;43;17;17;18;17;18;10;15;1G;1A;17;0F;0I;0I;0H;63;0H;36;41;52;46;43;15;18;18;17;219;17;67;72;83;77;74;46;49;49;48;250;48;W01;W02;W03;W04;W05;;W08,W10;W08,W10;W06,W07,W09;;W06,W07,W09;;;;
38;03170O0H0H0H0H0H0I0H0I14281P1I1J1I1J1I1J1I1J0--170O0O0I0I0H660T0;J700000101;34;170O0O0I0I0H660T0;17;8;0;3;2;J;7;0;0;0;0;0;1;0;1;74;55;48;48;48;48;48;49;48;49;43;24;17;17;17;17;17;18;17;18;17;0O;0O;0I;0I;0H;66;0T;;;;43;24;24;18;18;17;222;29;;;;74;55;55;49;49;48;253;60;;;;W01;W02;W02;W08,W10;W08,W10;W03,W04,W05,W06,W07,W09;;;;;;;;;
39;031C0M1E1J170H0H0I0H0I142D1N2F2K281I1J1K1I1J0--1C0M1E1J170F0I0I0H630H0;O5QVJ00101;34;1C0M1E1J170F0I0I0H630H0;23;11;0;6;5;O;5;Q;V;J;0;0;1;0;1;79;53;81;86;74;48;48;49;48;49;48;22;50;55;43;17;17;18;17;18;1C;0M;1E;1J;17;0F;0I;0I;0H;63;0H;48;22;50;55;43;15;18;18;17;219;17;79;53;81;86;74;46;49;49;48;250;48;W01;W02;W03;W04;W05;;W08,W10;W08,W10;W06,W07,W09;;W06,W07,W09;;;;
40;040I160P0H0H0H0H0I0H0I161K281R1J1K1J1K1L1J1K0--0I160P220I0H0I6526;1I80000101;35;0I160P220I0H0I6526;18;9;;4;3;1;I;8;0;0;0;0;1;0;1;49;73;56;48;48;48;48;49;48;49;18;42;25;17;17;17;17;18;17;18;0I;16;0P;22;0I;0H;0I;65;26;;;18;42;25;74;18;17;18;221;78;;;49;73;56;105;49;48;49;252;109;;;W01,W08,W10;W02;W03;;W01,W08,W10;W04,W05,W06,W07,W09;W01,W08,W10;;;;;;;;
41;040I170O0H0H0H0H0I0H0I161K291Q1J1K1J1K1L1J1K0--0I170O220I0H0I6526;1J70000101;35;0I170O220I0H0I6526;18;9;;4;3;1;J;7;0;0;0;0;1;0;1;49;74;55;48;48;48;48;49;48;49;18;43;24;17;17;17;17;18;17;18;0I;17;0O;22;0I;0H;0I;65;26;;;18;43;24;74;18;17;18;221;78;;;49;74;55;105;49;48;49;252;109;;;W01,W08,W10;W02;W03;;W01,W08,W10;W04,W05,W06,W07,W09;W01,W08,W10;;;;;;;;
42;040I180N0H0H0H0H0I0H0I161K2A1P1J1K1J1K1L1J1K0--0I180N220I0H0I6526;1K60000101;35;0I180N220I0H0I6526;18;9;;4;3;1;K;6;0;0;0;0;1;0;1;49;75;54;48;48;48;48;49;48;49;18;44;23;17;17;17;17;18;17;18;0I;18;0N;22;0I;0H;0I;65;26;;;18;44;23;74;18;17;18;221;78;;;49;75;54;105;49;48;49;252;109;;;W01,W08,W10;W02;W03;;W01,W08,W10;W04,W05,W06,W07,W09;W01,W08,W10;;;;;;;;
43;040I190M0H0H0H0H0I0H0I161K2B1O1J1K1J1K1L1J1K0--0I190M220I0H0I6526;1L50000101;35;0I190M220I0H0I6526;18;9;;4;3;1;L;5;0;0;0;0;1;0;1;49;76;53;48;48;48;48;49;48;49;18;45;22;17;17;17;17;18;17;18;0I;19;0M;22;0I;0H;0I;65;26;;;18;45;22;74;18;17;18;221;78;;;49;76;53;105;49;48;49;252;109;;;W01,W08,W10;W02;W03;;W01,W08,W10;W04,W05,W06,W07,W09;W01,W08,W10;;;;;;;;
44;040I1A0L0H0H0H0H0I0H0I161K2C1N1J1K1J1K1L1J1K0--0I1A0L220I0H0I6526;1M40000101;35;0I1A0L220I0H0I6526;18;9;;4;3;1;M;4;0;0;0;0;1;0;1;49;77;52;48;48;48;48;49;48;49;18;46;21;17;17;17;17;18;17;18;0I;1A;0L;22;0I;0H;0I;65;26;;;18;46;21;74;18;17;18;221;78;;;49;77;52;105;49;48;49;252;109;;;W01,W08,W10;W02;W03;;W01,W08,W10;W04,W05,W06,W07,W09;W01,W08,W10;;;;;;;;
45;040K1N1G19170H0H0I0H0I161M2P2I2B291J1K1L1J1K0--0K1N1G19170G0I0H0I630I0;3ZSLJ00101;35;0K1N1G19170G0I0H0I630I0;23;11;0;6;5;3;Z;S;L;J;0;0;1;0;1;51;90;83;76;74;48;48;49;48;49;20;59;52;45;43;17;17;18;17;18;0K;1N;1G;19;17;0G;0I;0H;0I;63;0I;20;59;52;45;43;16;18;17;18;219;18;51;90;83;76;74;47;49;48;49;250;49;W01;W02;W03;W04;W05;;W08,W10;W06,W07,W09;W08,W10;;W08,W10;;;;
46;040M191G1L170H0H0I0H0I161O2B2I2N291J1K1L1J1K0--0M191G1L170G0I0H0I630I0;5LSXJ00101;35;0M191G1L170G0I0H0I630I0;23;11;0;6;5;5;L;S;X;J;0;0;1;0;1;53;76;83;88;74;48;48;49;48;49;22;45;52;57;43;17;17;18;17;18;0M;19;1G;1L;17;0G;0I;0H;0I;63;0I;22;45;52;57;43;16;18;17;18;219;18;53;76;83;88;74;47;49;48;49;250;49;W01;W02;W03;W04;W05;;W08,W10;W06,W07,W09;W08,W10;;W08,W10;;;;
47;041G0M1E1G170H0H0I0H0I162I1O2G2I291J1K1L1J1K0--1G0M1E1G170G0I0H0I630I0;S5QSJ00101;35;1G0M1E1G170G0I0H0I630I0;23;11;0;6;5;S;5;Q;S;J;0;0;1;0;1;83;53;81;83;74;48;48;49;48;49;52;22;50;52;43;17;17;18;17;18;1G;0M;1E;1G;17;0G;0I;0H;0I;63;0I;52;22;50;52;43;16;18;17;18;219;18;83;53;81;83;74;47;49;48;49;250;49;W01,W04;W02;W03;W01,W04;W05;;W08,W10;W06,W07,W09;W08,W10;;W08,W10;;;;
48;041K0N181H170H0H0I0H0I162M1P2A2J291J1K1L1J1K0--1K0N181H170G0I0H0I630I0;W6KTJ00101;35;1K0N181H170G0I0H0I630I0;23;11;0;6;5;W;6;K;T;J;0;0;1;0;1;87;54;75;84;74;48;48;49;48;49;56;23;44;53;43;17;17;18;17;18;1K;0N;18;1H;17;0G;0I;0H;0I;63;0I;56;23;44;53;43;16;18;17;18;219;18;87;54;75;84;74;47;49;48;49;250;49;W01;W02;W03;W04;W05;;W08,W10;W06,W07,W09;W08,W10;;W08,W10;;;;
49;041M0Z0Y1D170H0H0I0H0I162O21202F291J1K1L1J1K0--1M0Z0Y1D170G0I0H0I630I0;YBAPJ00101;35;1M0Z0Y1D170G0I0H0I630I0;23;11;0;6;5;Y;B;A;P;J;0;0;1;0;1;89;66;65;80;74;48;48;49;48;49;58;35;34;49;43;17;17;18;17;18;1M;0Z;0Y;1D;17;0G;0I;0H;0I;63;0I;58;35;34;49;43;16;18;17;18;219;18;89;66;65;80;74;47;49;48;49;250;49;W01;W02;W03;W04;W05;;W08,W10;W06,W07,W09;W08,W10;;W08,W10;;;;
50;050I0Y0Y0H0H0H0H0I0H0I181L21221K1L1K1L1M1K1L0--0I0Y0Y230I0I0H6527;1AA0000101;36;0I0Y0Y230I0I0H6527;18;9;;4;3;1;A;A;0;0;0;0;1;0;1;49;65;65;48;48;48;48;49;48;49;18;34;34;17;17;17;17;18;17;18;0I;0Y;0Y;23;0I;0I;0H;65;27;;;18;34;34;75;18;18;17;221;79;;;49;65;65;106;49;49;48;252;110;;;W01,W08,W10;W02,W03;W02,W03;;W01,W08,W10;W01,W08,W10;W04,W05,W06,W07,W09;;;;;;;;
51;050I160Q0H0H0H0H0I0H0I181L291T1K1L1K1L1M1K1L0--0I160Q230I0I0H6527;1I90000101;36;0I160Q230I0I0H6527;18;9;;4;3;1;I;9;0;0;0;0;1;0;1;49;73;57;48;48;48;48;49;48;49;18;42;26;17;17;17;17;18;17;18;0I;16;0Q;23;0I;0I;0H;65;27;;;18;42;26;75;18;18;17;221;79;;;49;73;57;106;49;49;48;252;110;;;W01,W08,W10;W02;W03;;W01,W08,W10;W01,W08,W10;W04,W05,W06,W07,W09;;;;;;;;
52;050I180O0H0H0H0H0I0H0I181L2B1R1K1L1K1L1M1K1L0--0I180O230I0I0H6527;1K70000101;36;0I180O230I0I0H6527;18;9;;4;3;1;K;7;0;0;0;0;1;0;1;49;75;55;48;48;48;48;49;48;49;18;44;24;17;17;17;17;18;17;18;0I;18;0O;23;0I;0I;0H;65;27;;;18;44;24;75;18;18;17;221;79;;;49;75;55;106;49;49;48;252;110;;;W01,W08,W10;W02;W03;;W01,W08,W10;W01,W08,W10;W04,W05,W06,W07,W09;;;;;;;;
53;050I1D0J0H0H0H0H0I0H0I181L2G1M1K1L1K1L1M1K1L0--0I1D0J230I0I0H6527;1P20000101;36;0I1D0J230I0I0H6527;18;9;;4;3;1;P;2;0;0;0;0;1;0;1;49;80;50;48;48;48;48;49;48;49;18;49;19;17;17;17;17;18;17;18;0I;1D;0J;23;0I;0I;0H;65;27;;;18;49;19;75;18;18;17;221;79;;;49;80;50;106;49;49;48;252;110;;;W01,W08,W10;W02;W03;;W01,W08,W10;W01,W08,W10;W04,W05,W06,W07,W09;;;;;;;;
54;050J160P0H0H0H0H0I0H0I181M291S1K1L1K1L1M1K1L0--0J160P230I0I0H6527;2I80000101;36;0J160P230I0I0H6527;18;9;;4;3;2;I;8;0;0;0;0;1;0;1;50;73;56;48;48;48;48;49;48;49;19;42;25;17;17;17;17;18;17;18;0J;16;0P;23;0I;0I;0H;65;27;;;19;42;25;75;18;18;17;221;79;;;50;73;56;106;49;49;48;252;110;;;W01;W02;W03;;W08,W10;W08,W10;W04,W05,W06,W07,W09;;;;;;;;
55;05141I111A170H0H0I0H0I18272L242D2A1K1L1M1K1L0--141I111A170H0I0I0H630J0;GUDMJ00101;36;141I111A170H0I0I0H630J0;23;11;0;6;5;G;U;D;M;J;0;0;1;0;1;71;85;68;77;74;48;48;49;48;49;40;54;37;46;43;17;17;18;17;18;14;1I;11;1A;17;0H;0I;0I;0H;63;0J;40;54;37;46;43;17;18;18;17;219;19;71;85;68;77;74;48;49;49;48;250;50;W01;W02;W03;W04;W05;W06,W07,W09;W08,W10;W08,W10;W06,W07,W09;;;;;;
56;0516131A1E170H0H0I0H0I1829262D2H2A1K1L1M1K1L0--16131A1E170H0I0I0H630J0;IFMQJ00101;36;16131A1E170H0I0I0H630J0;23;11;0;6;5;I;F;M;Q;J;0;0;1;0;1;73;70;77;81;74;48;48;49;48;49;42;39;46;50;43;17;17;18;17;18;16;13;1A;1E;17;0H;0I;0I;0H;63;0J;42;39;46;50;43;17;18;18;17;219;19;73;70;77;81;74;48;49;49;48;250;50;W01;W02;W03;W04;W05;W06,W07,W09;W08,W10;W08,W10;W06,W07,W09;;;;;;
57;05170Q0H0H0H0H0H0I0H0I182A1T1K1L1K1L1K1L1K1L0--170Q0Q0I0I0H660V0;J900000101;36;170Q0Q0I0I0H660V0;17;8;0;3;2;J;9;0;0;0;0;0;1;0;1;74;57;48;48;48;48;48;49;48;49;43;26;17;17;17;17;17;18;17;18;17;0Q;0Q;0I;0I;0H;66;0V;;;;43;26;26;18;18;17;222;31;;;;74;57;57;49;49;48;253;62;;;;W01;W02;W02;W08,W10;W08,W10;W03,W04,W05,W06,W07,W09;;;;;;;;;
58;05180P0H0H0H0H0H0I0H0I182B1S1K1L1K1L1K1L1K1L0--180P0Q0I0I0H660V0;K800000101;36;180P0Q0I0I0H660V0;17;8;0;3;2;K;8;0;0;0;0;0;1;0;1;75;56;48;48;48;48;48;49;48;49;44;25;17;17;17;17;17;18;17;18;18;0P;0Q;0I;0I;0H;66;0V;;;;44;25;26;18;18;17;222;31;;;;75;56;57;49;49;48;253;62;;;;W01;W02;;W08,W10;W08,W10;W03,W04,W05,W06,W07,W09;;;;;;;;;
59;051814191C170H0H0I0H0I182B272C2F2A1K1L1M1K1L0--1814191C170H0I0I0H630J0;KGLOJ00101;36;1814191C170H0I0I0H630J0;23;11;0;6;5;K;G;L;O;J;0;0;1;0;1;75;71;76;79;74;48;48;49;48;49;44;40;45;48;43;17;17;18;17;18;18;14;19;1C;17;0H;0I;0I;0H;63;0J;44;40;45;48;43;17;18;18;17;219;19;75;71;76;79;74;48;49;49;48;250;50;W01;W02;W03;W04;W05;W06,W07,W09;W08,W10;W08,W10;W06,W07,W09;;;;;;
60;05190N0I0H0H0H0H0I0H0I182C1Q1L1K1L1K1L1M1K1L0--190N0I230I0I0H6527;L610000101;36;190N0I230I0I0H6527;18;9;;4;3;L;6;1;0;0;0;0;1;0;1;76;54;49;48;48;48;48;49;48;49;45;23;18;17;17;17;17;18;17;18;19;0N;0I;23;0I;0I;0H;65;27;;;45;23;18;75;18;18;17;221;79;;;76;54;49;106;49;49;48;252;110;;;W01;W02;W03,W08,W10;;W03,W08,W10;W03,W08,W10;W04,W05,W06,W07,W09;;;;;;;;
61;05190O0H0H0H0H0H0I0H0I182C1R1K1L1K1L1K1L1K1L0--190O0Q0I0I0H660V0;L700000101;36;190O0Q0I0I0H660V0;17;8;0;3;2;L;7;0;0;0;0;0;1;0;1;76;55;48;48;48;48;48;49;48;49;45;24;17;17;17;17;17;18;17;18;19;0O;0Q;0I;0I;0H;66;0V;;;;45;24;26;18;18;17;222;31;;;;76;55;57;49;49;48;253;62;;;;W01;W02;;W08,W10;W08,W10;W03,W04,W05,W06,W07,W09;;;;;;;;;
62;051G160P1M170H0H0I0H0I182J291S2P2A1K1L1M1K1L0--1G160P1M170H0I0I0H630J0;SI8YJ00101;36;1G160P1M170H0I0I0H630J0;23;11;0;6;5;S;I;8;Y;J;0;0;1;0;1;83;73;56;89;74;48;48;49;48;49;52;42;25;58;43;17;17;18;17;18;1G;16;0P;1M;17;0H;0I;0I;0H;63;0J;52;42;25;58;43;17;18;18;17;219;19;83;73;56;89;74;48;49;49;48;250;50;W01;W02;W03;W04;W05;W06,W07,W09;W08,W10;W08,W10;W06,W07,W09;;;;;;
63;060I0Y0Z0H0H0H0H0I0H0I1A1M22231L1M1L1M1N1L1M0--0I0Y0Z240I0H0I6528;1AB0000101;37;0I0Y0Z240I0H0I6528;18;9;;4;3;1;A;B;0;0;0;0;1;0;1;49;65;66;48;48;48;48;49;48;49;18;34;35;17;17;17;17;18;17;18;0I;0Y;0Z;24;0I;0H;0I;65;28;;;18;34;35;76;18;17;18;221;80;;;49;65;66;107;49;48;49;252;111;;;W01,W08,W10;W02;W03;;W01,W08,W10;W04,W05,W06,W07,W09;W01,W08,W10;;;;;;;;
64;060I0Z0Y0H0H0H0H0I0H0I1A1M23221L1M1L1M1N1L1M0--0I0Z0Y240I0H0I6528;1BA0000101;37;0I0Z0Y240I0H0I6528;18;9;;4;3;1;B;A;0;0;0;0;1;0;1;49;66;65;48;48;48;48;49;48;49;18;35;34;17;17;17;17;18;17;18;0I;0Z;0Y;24;0I;0H;0I;65;28;;;18;35;34;76;18;17;18;221;80;;;49;66;65;107;49;48;49;252;111;;;W01,W08,W10;W02;W03;;W01,W08,W10;W04,W05,W06,W07,W09;W01,W08,W10;;;;;;;;
65;060I170Q0H0H0H0H0I0H0I1A1M2B1U1L1M1L1M1N1L1M0--0I170Q240I0H0I6528;1J90000101;37;0I170Q240I0H0I6528;18;9;;4;3;1;J;9;0;0;0;0;1;0;1;49;74;57;48;48;48;48;49;48;49;18;43;26;17;17;17;17;18;17;18;0I;17;0Q;24;0I;0H;0I;65;28;;;18;43;26;76;18;17;18;221;80;;;49;74;57;107;49;48;49;252;111;;;W01,W08,W10;W02;W03;;W01,W08,W10;W04,W05,W06,W07,W09;W01,W08,W10;;;;;;;;
66;060I180P0H0H0H0H0I0H0I1A1M2C1T1L1M1L1M1N1L1M0--0I180P240I0H0I6528;1K80000101;37;0I180P240I0H0I6528;18;9;;4;3;1;K;8;0;0;0;0;1;0;1;49;75;56;48;48;48;48;49;48;49;18;44;25;17;17;17;17;18;17;18;0I;18;0P;24;0I;0H;0I;65;28;;;18;44;25;76;18;17;18;221;80;;;49;75;56;107;49;48;49;252;111;;;W01,W08,W10;W02;W03;;W01,W08,W10;W04,W05,W06,W07,W09;W01,W08,W10;;;;;;;;
67;060I1C0L0H0H0H0H0I0H0I1A1M2G1P1L1M1L1M1N1L1M0--0I1C0L240I0H0I6528;1O40000101;37;0I1C0L240I0H0I6528;18;9;;4;3;1;O;4;0;0;0;0;1;0;1;49;79;52;48;48;48;48;49;48;49;18;48;21;17;17;17;17;18;17;18;0I;1C;0L;24;0I;0H;0I;65;28;;;18;48;21;76;18;17;18;221;80;;;49;79;52;107;49;48;49;252;111;;;W01,W08,W10;W02;W03;;W01,W08,W10;W04,W05,W06,W07,W09;W01,W08,W10;;;;;;;;
68;060J160Q0H0H0H0H0I0H0I1A1N2A1U1L1M1L1M1N1L1M0--0J160Q240I0H0I6528;2I90000101;37;0J160Q240I0H0I6528;18;9;;4;3;2;I;9;0;0;0;0;1;0;1;50;73;57;48;48;48;48;49;48;49;19;42;26;17;17;17;17;18;17;18;0J;16;0Q;24;0I;0H;0I;65;28;;;19;42;26;76;18;17;18;221;80;;;50;73;57;107;49;48;49;252;111;;;W01;W02;W03;;W08,W10;W04,W05,W06,W07,W09;W08,W10;;;;;;;;
69;060J170P0H0H0H0H0I0H0I1A1N2B1T1L1M1L1M1N1L1M0--0J170P240I0H0I6528;2J80000101;37;0J170P240I0H0I6528;18;9;;4;3;2;J;8;0;0;0;0;1;0;1;50;74;56;48;48;48;48;49;48;49;19;43;25;17;17;17;17;18;17;18;0J;17;0P;24;0I;0H;0I;65;28;;;19;43;25;76;18;17;18;221;80;;;50;74;56;107;49;48;49;252;111;;;W01;W02;W03;;W08,W10;W04,W05,W06,W07,W09;W08,W10;;;;;;;;
70;060K190M0H0H0H0H0I0H0I1A1O2D1Q1L1M1L1M1N1L1M0--0K190M240I0H0I6528;3L50000101;37;0K190M240I0H0I6528;18;9;;4;3;3;L;5;0;0;0;0;1;0;1;51;76;53;48;48;48;48;49;48;49;20;45;22;17;17;17;17;18;17;18;0K;19;0M;24;0I;0H;0I;65;28;;;20;45;22;76;18;17;18;221;80;;;51;76;53;107;49;48;49;252;111;;;W01;W02;W03;;W08,W10;W04,W05,W06,W07,W09;W08,W10;;;;;;;;
71;06190P0H0H0H0H0H0I0H0I1A2D1T1L1M1L1M1L1M1L1M0--190P0R0I0H0I660W0;L800000101;37;190P0R0I0H0I660W0;17;8;0;3;2;L;8;0;0;0;0;0;1;0;1;76;56;48;48;48;48;48;49;48;49;45;25;17;17;17;17;17;18;17;18;19;0P;0R;0I;0H;0I;66;0W;;;;45;25;27;18;17;18;222;32;;;;76;56;58;49;48;49;253;63;;;;W01;W02;;W08,W10;W03,W04,W05,W06,W07,W09;W08,W10;;;;;;;;;
72;061A0O0H0H0H0H0H0I0H0I1A2E1S1L1M1L1M1L1M1L1M0--1A0O0R0I0H0I660W0;M700000101;37;1A0O0R0I0H0I660W0;17;8;0;3;2;M;7;0;0;0;0;0;1;0;1;77;55;48;48;48;48;48;49;48;49;46;24;17;17;17;17;17;18;17;18;1A;0O;0R;0I;0H;0I;66;0W;;;;46;24;27;18;17;18;222;32;;;;77;55;58;49;48;49;253;63;;;;W01;W02;;W08,W10;W03,W04,W05,W06,W07,W09;W08,W10;;;;;;;;;
73;061G0I0H0H0H0H0H0I0H0I1A2K1M1L1M1L1M1L1M1L1M0--1G0I0R0I0H0I660W0;S100000101;37;1G0I0R0I0H0I660W0;17;8;0;3;2;S;1;0;0;0;0;0;1;0;1;83;49;48;48;48;48;48;49;48;49;52;18;17;17;17;17;17;18;17;18;1G;0I;0R;0I;0H;0I;66;0W;;;;52;18;27;18;17;18;222;32;;;;83;49;58;49;48;49;253;63;;;;W01;W02,W08,W10;;W02,W08,W10;W03,W04,W05,W06,W07,W09;W02,W08,W10;;;;;;;;;
74;061N0M1F1A170H0H0I0H0I1A2R1Q2J2E2B1L1M1N1L1M0--1N0M1F1A170I0I0H0I630K0;Z5RMJ00101;37;1N0M1F1A170I0I0H0I630K0;23;11;0;6;5;Z;5;R;M;J;0;0;1;0;1;90;53;82;77;74;48;48;49;48;49;59;22;51;46;43;17;17;18;17;18;1N;0M;1F;1A;17;0I;0I;0H;0I;63;0K;59;22;51;46;43;18;18;17;18;219;20;90;53;82;77;74;49;49;48;49;250;51;W01;W02;W03;W04;W05;W08,W10;W08,W10;W06,W07,W09;W08,W10;;;;;;
75;070I0Y100H0H0H0H0I0H0I1C1N23251M1N1M1N1O1M1N0--0I0Y10250I0I0H6529;1AC0000101;38;0I0Y10250I0I0H6529;18;9;;4;3;1;A;C;0;0;0;0;1;0;1;49;65;67;48;48;48;48;49;48;49;18;34;36;17;17;17;17;18;17;18;0I;0Y;10;25;0I;0I;0H;65;29;;;18;34;36;77;18;18;17;221;81;;;49;65;67;108;49;49;48;252;112;;;W01,W08,W10;W02;W03;;W01,W08,W10;W01,W08,W10;W04,W05,W06,W07,W09;;;;;;;;
76;070I0Z0Z0H0H0H0H0I0H0I1C1N24251M1N1M1N1O1M1N0--0I0Z0Z250I0I0H6529;1BB0000101;38;0I0Z0Z250I0I0H6529;18;9;;4;3;1;B;B;0;0;0;0;1;0;1;49;66;66;48;48;48;48;49;48;49;18;35;35;17;17;17;17;18;17;18;0I;0Z;0Z;25;0I;0I;0H;65;29;;;18;35;35;77;18;18;17;221;81;;;49;66;66;108;49;49;48;252;112;;;W01,W08,W10;W02,W03;W02,W03;;W01,W08,W10;W01,W08,W10;W04,W05,W06,W07,W09;;;;;;;;
77;070I100Y0H0H0H0H0I0H0I1C1N25231M1N1M1N1O1M1N0--0I100Y250I0I0H6529;1CA0000101;38;0I100Y250I0I0H6529;18;9;;4;3;1;C;A;0;0;0;0;1;0;1;49;67;65;48;48;48;48;49;48;49;18;36;34;17;17;17;17;18;17;18;0I;10;0Y;25;0I;0I;0H;65;29;;;18;36;34;77;18;18;17;221;81;;;49;67;65;108;49;49;48;252;112;;;W01,W08,W10;W02;W03;;W01,W08,W10;W01,W08,W10;W04,W05,W06,W07,W09;;;;;;;;
78;070I190P0H0H0H0H0I0H0I1C1N2E1U1M1N1M1N1O1M1N0--0I190P250I0I0H6529;1L80000101;38;0I190P250I0I0H6529;18;9;;4;3;1;L;8;0;0;0;0;1;0;1;49;76;56;48;48;48;48;49;48;49;18;45;25;17;17;17;17;18;17;18;0I;19;0P;25;0I;0I;0H;65;29;;;18;45;25;77;18;18;17;221;81;;;49;76;56;108;49;49;48;252;112;;;W01,W08,W10;W02;W03;;W01,W08,W10;W01,W08,W10;W04,W05,W06,W07,W09;;;;;;;;
79;070I1C0M0H0H0H0H0I0H0I1C1N2H1R1M1N1M1N1O1M1N0--0I1C0M250I0I0H6529;1O50000101;38;0I1C0M250I0I0H6529;18;9;;4;3;1;O;5;0;0;0;0;1;0;1;49;79;53;48;48;48;48;49;48;49;18;48;22;17;17;17;17;18;17;18;0I;1C;0M;25;0I;0I;0H;65;29;;;18;48;22;77;18;18;17;221;81;;;49;79;53;108;49;49;48;252;112;;;W01,W08,W10;W02;W03;;W01,W08,W10;W01,W08,W10;W04,W05,W06,W07,W09;;;;;;;;
80;070K190N0H0H0H0H0I0H0I1C1P2E1S1M1N1M1N1O1M1N0--0K190N250I0I0H6529;3L60000101;38;0K190N250I0I0H6529;18;9;;4;3;3;L;6;0;0;0;0;1;0;1;51;76;54;48;48;48;48;49;48;49;20;45;23;17;17;17;17;18;17;18;0K;19;0N;25;0I;0I;0H;65;29;;;20;45;23;77;18;18;17;221;81;;;51;76;54;108;49;49;48;252;112;;;W01;W02;W03;;W08,W10;W08,W10;W04,W05,W06,W07,W09;;;;;;;;
81;070L1M1D1F170H0H0I0H0I1C1Q2R2I2K2C1M1N1O1M1N0--0L1M1D1F170J0I0I0H630L0;4YPRJ00101;38;0L1M1D1F170J0I0I0H630L0;23;11;0;6;5;4;Y;P;R;J;0;0;1;0;1;52;89;80;82;74;48;48;49;48;49;21;58;49;51;43;17;17;18;17;18;0L;1M;1D;1F;17;0J;0I;0I;0H;63;0L;21;58;49;51;43;19;18;18;17;219;21;52;89;80;82;74;50;49;49;48;250;52;W01;W02;W03;W04;W05;;W08,W10;W08,W10;W06,W07,W09;;W01;;;;
82;070O1L1B1F170H0H0I0H0I1C1T2Q2G2K2C1M1N1O1M1N0--0O1L1B1F170J0I0I0H630L0;7XNRJ00101;38;0O1L1B1F170J0I0I0H630L0;23;11;0;6;5;7;X;N;R;J;0;0;1;0;1;55;88;78;82;74;48;48;49;48;49;24;57;47;51;43;17;17;18;17;18;0O;1L;1B;1F;17;0J;0I;0I;0H;63;0L;24;57;47;51;43;19;18;18;17;219;21;55;88;78;82;74;50;49;49;48;250;52;W01;W02;W03;W04;W05;;W08,W10;W08,W10;W06,W07,W09;;;;;;
83;07190Q0H0H0H0H0H0I0H0I1C2E1V1M1N1M1N1M1N1M1N0--190Q0S0I0I0H660X0;L900000101;38;190Q0S0I0I0H660X0;17;8;0;3;2;L;9;0;0;0;0;0;1;0;1;76;57;48;48;48;48;48;49;48;49;45;26;17;17;17;17;17;18;17;18;19;0Q;0S;0I;0I;0H;66;0X;;;;45;26;28;18;18;17;222;33;;;;76;57;59;49;49;48;253;64;;;;W01;W02;;W08,W10;W08,W10;W03,W04,W05,W06,W07,W09;;;;;;;;;
84;071A14191C170H0H0I0H0I1C2F292E2H2C1M1N1O1M1N0--1A14191C170J0I0I0H630L0;MGLOJ00101;38;1A14191C170J0I0I0H630L0;23;11;0;6;5;M;G;L;O;J;0;0;1;0;1;77;71;76;79;74;48;48;49;48;49;46;40;45;48;43;17;17;18;17;18;1A;14;19;1C;17;0J;0I;0I;0H;63;0L;46;40;45;48;43;19;18;18;17;219;21;77;71;76;79;74;50;49;49;48;250;52;W01;W02;W03;W04;W05;;W08,W10;W08,W10;W06,W07,W09;;;;;;
85;071F0K0H0H0H0H0H0I0H0I1C2K1P1M1N1M1N1M1N1M1N0--1F0K0S0I0I0H660X0;R300000101;38;1F0K0S0I0I0H660X0;17;8;0;3;2;R;3;0;0;0;0;0;1;0;1;82;51;48;48;48;48;48;49;48;49;51;20;17;17;17;17;17;18;17;18;1F;0K;0S;0I;0I;0H;66;0X;;;;51;20;28;18;18;17;222;33;;;;82;51;59;49;49;48;253;64;;;;W01;W02;;W08,W10;W08,W10;W03,W04,W05,W06,W07,W09;;;;;;;;;
86;071G0J0H0H0H0H0H0I0H0I1C2L1O1M1N1M1N1M1N1M1N0--1G0J0S0I0I0H660X0;S200000101;38;1G0J0S0I0I0H660X0;17;8;0;3;2;S;2;0;0;0;0;0;1;0;1;83;50;48;48;48;48;48;49;48;49;52;19;17;17;17;17;17;18;17;18;1G;0J;0S;0I;0I;0H;66;0X;;;;52;19;28;18;18;17;222;33;;;;83;50;59;49;49;48;253;64;;;;W01;W02;;W08,W10;W08,W10;W03,W04,W05,W06,W07,W09;;;;;;;;;
87;071H0I0H0H0H0H0H0I0H0I1C2M1N1M1N1M1N1M1N1M1N0--1H0I0S0I0I0H660X0;T100000101;38;1H0I0S0I0I0H660X0;17;8;0;3;2;T;1;0;0;0;0;0;1;0;1;84;49;48;48;48;48;48;49;48;49;53;18;17;17;17;17;17;18;17;18;1H;0I;0S;0I;0I;0H;66;0X;;;;53;18;28;18;18;17;222;33;;;;84;49;59;49;49;48;253;64;;;;W01;W02,W08,W10;;W02,W08,W10;W02,W08,W10;W03,W04,W05,W06,W07,W09;;;;;;;;;
88;071I160P1M170H0H0I0H0I1C2N2B1U2R2C1M1N1O1M1N0--1I160P1M170J0I0I0H630L0;UI8YJ00101;38;1I160P1M170J0I0I0H630L0;23;11;0;6;5;U;I;8;Y;J;0;0;1;0;1;85;73;56;89;74;48;48;49;48;49;54;42;25;58;43;17;17;18;17;18;1I;16;0P;1M;17;0J;0I;0I;0H;63;0L;54;42;25;58;43;19;18;18;17;219;21;85;73;56;89;74;50;49;49;48;250;52;W01;W02;W03;W04;W05;;W08,W10;W08,W10;W06,W07,W09;;;;;;
89;071K0O1G1B170H0H0I0H0I1C2P1T2L2G2C1M1N1O1M1N0--1K0O1G1B170J0I0I0H630L0;W7SNJ00101;38;1K0O1G1B170J0I0I0H630L0;23;11;0;6;5;W;7;S;N;J;0;0;1;0;1;87;55;83;78;74;48;48;49;48;49;56;24;52;47;43;17;17;18;17;18;1K;0O;1G;1B;17;0J;0I;0I;0H;63;0L;56;24;52;47;43;19;18;18;17;219;21;87;55;83;78;74;50;49;49;48;250;52;W01;W02;W03;W04;W05;;W08,W10;W08,W10;W06,W07,W09;;;;;;
90;071N0N181H170H0H0I0H0I1C2S1S2D2M2C1M1N1O1M1N0--1N0N181H170J0I0I0H630L0;Z6KTJ00101;38;1N0N181H170J0I0I0H630L0;23;11;0;6;5;Z;6;K;T;J;0;0;1;0;1;90;54;75;84;74;48;48;49;48;49;59;23;44;53;43;17;17;18;17;18;1N;0N;18;1H;17;0J;0I;0I;0H;63;0L;59;23;44;53;43;19;18;18;17;219;21;90;54;75;84;74;50;49;49;48;250;52;W01;W02;W03;W04;W05;;W08,W10;W08,W10;W06,W07,W09;;;;;;
91;080I0Y110H0H0H0H0I0H0I1E1O24271N1O1N1O1P1N1O0--0I0Y11260I0H0I652A;1AD0000101;39;0I0Y11260I0H0I652A;18;9;;4;3;1;A;D;0;0;0;0;1;0;1;49;65;68;48;48;48;48;49;48;49;18;34;37;17;17;17;17;18;17;18;0I;0Y;11;26;0I;0H;0I;65;2A;;;18;34;37;78;18;17;18;221;82;;;49;65;68;109;49;48;49;252;113;;;W01,W08,W10;W02;W03;;W01,W08,W10;W04,W05,W06,W07,W09;W01,W08,W10;;;;;;;;
92;080I0Z100H0H0H0H0I0H0I1E1O25261N1O1N1O1P1N1O0--0I0Z10260I0H0I652A;1BC0000101;39;0I0Z10260I0H0I652A;18;9;;4;3;1;B;C;0;0;0;0;1;0;1;49;66;67;48;48;48;48;49;48;49;18;35;36;17;17;17;17;18;17;18;0I;0Z;10;26;0I;0H;0I;65;2A;;;18;35;36;78;18;17;18;221;82;;;49;66;67;109;49;48;49;252;113;;;W01,W08,W10;W02;W03;;W01,W08,W10;W04,W05,W06,W07,W09;W01,W08,W10;;;;;;;;
93;080I100Z0H0H0H0H0I0H0I1E1O26251N1O1N1O1P1N1O0--0I100Z260I0H0I652A;1CB0000101;39;0I100Z260I0H0I652A;18;9;;4;3;1;C;B;0;0;0;0;1;0;1;49;67;66;48;48;48;48;49;48;49;18;36;35;17;17;17;17;18;17;18;0I;10;0Z;26;0I;0H;0I;65;2A;;;18;36;35;78;18;17;18;221;82;;;49;67;66;109;49;48;49;252;113;;;W01,W08,W10;W02;W03;;W01,W08,W10;W04,W05,W06,W07,W09;W01,W08,W10;;;;;;;;
94;080I110Y0H0H0H0H0I0H0I1E1O27241N1O1N1O1P1N1O0--0I110Y260I0H0I652A;1DA0000101;39;0I110Y260I0H0I652A;18;9;;4;3;1;D;A;0;0;0;0;1;0;1;49;68;65;48;48;48;48;49;48;49;18;37;34;17;17;17;17;18;17;18;0I;11;0Y;26;0I;0H;0I;65;2A;;;18;37;34;78;18;17;18;221;82;;;49;68;65;109;49;48;49;252;113;;;W01,W08,W10;W02;W03;;W01,W08,W10;W04,W05,W06,W07,W09;W01,W08,W10;;;;;;;;
95;080I190Q0H0H0H0H0I0H0I1E1O2F1W1N1O1N1O1P1N1O0--0I190Q260I0H0I652A;1L90000101;39;0I190Q260I0H0I652A;18;9;;4;3;1;L;9;0;0;0;0;1;0;1;49;76;57;48;48;48;48;49;48;49;18;45;26;17;17;17;17;18;17;18;0I;19;0Q;26;0I;0H;0I;65;2A;;;18;45;26;78;18;17;18;221;82;;;49;76;57;109;49;48;49;252;113;;;W01,W08,W10;W02;W03;;W01,W08,W10;W04,W05,W06,W07,W09;W01,W08,W10;;;;;;;;
96;080I1B0O0H0H0H0H0I0H0I1E1O2H1U1N1O1N1O1P1N1O0--0I1B0O260I0H0I652A;1N70000101;39;0I1B0O260I0H0I652A;18;9;;4;3;1;N;7;0;0;0;0;1;0;1;49;78;55;48;48;48;48;49;48;49;18;47;24;17;17;17;17;18;17;18;0I;1B;0O;26;0I;0H;0I;65;2A;;;18;47;24;78;18;17;18;221;82;;;49;78;55;109;49;48;49;252;113;;;W01,W08,W10;W02;W03;;W01,W08,W10;W04,W05,W06,W07,W09;W01,W08,W10;;;;;;;;
97;080I1G0J0H0H0H0H0I0H0I1E1O2M1P1N1O1N1O1P1N1O0--0I1G0J260I0H0I652A;1S20000101;39;0I1G0J260I0H0I652A;18;9;;4;3;1;S;2;0;0;0;0;1;0;1;49;83;50;48;48;48;48;49;48;49;18;52;19;17;17;17;17;18;17;18;0I;1G;0J;26;0I;0H;0I;65;2A;;;18;52;19;78;18;17;18;221;82;;;49;83;50;109;49;48;49;252;113;;;W01,W08,W10;W02;W03;;W01,W08,W10;W04,W05,W06,W07,W09;W01,W08,W10;;;;;;;;
98;080I1H0I0H0H0H0H0I0H0I1E1O2N1O1N1O1N1O1P1N1O0--0I1H0I260I0H0I652A;1T10000101;39;0I1H0I260I0H0I652A;18;9;;4;3;1;T;1;0;0;0;0;1;0;1;49;84;49;48;48;48;48;49;48;49;18;53;18;17;17;17;17;18;17;18;0I;1H;0I;26;0I;0H;0I;65;2A;;;18;53;18;78;18;17;18;221;82;;;49;84;49;109;49;48;49;252;113;;;W01,W03,W08,W10;W02;W01,W03,W08,W10;;W01,W03,W08,W10;W04,W05,W06,W07,W09;W01,W03,W08,W10;;;;;;;;
99;080J1H0H0H0H0H0H0I0H0I1E1P2N1N1O1N1O1N1O1N1O0--0J1H0T0I0H0I660Y0;2T00000101;39;0J1H0T0I0H0I660Y0;17;8;0;3;2;2;T;0;0;0;0;0;1;0;1;50;84;48;48;48;48;48;49;48;49;19;53;17;17;17;17;17;18;17;18;0J;1H;0T;0I;0H;0I;66;0Y;;;;19;53;29;18;17;18;222;34;;;;50;84;60;49;48;49;253;65;;;;W01;W02;;W08,W10;W03,W04,W05,W06,W07,W09;W08,W10;;;;;;;;;
100;080K1A0N0H0H0H0H0I0H0I1E1Q2G1T1N1O1N1O1P1N1O0--0K1A0N260I0H0I652A;3M60000101;39;0K1A0N260I0H0I652A;18;9;;4;3;3;M;6;0;0;0;0;1;0;1;51;77;54;48;48;48;48;49;48;49;20;46;23;17;17;17;17;18;17;18;0K;1A;0N;26;0I;0H;0I;65;2A;;;20;46;23;78;18;17;18;221;82;;;51;77;54;109;49;48;49;252;113;;;W01;W02;W03;;W08,W10;W04,W05,W06,W07,W09;W08,W10;;;;;;;;
101;080Z1L111F170H0H0I0H0I1E252R272L2D1N1O1P1N1O0--0Z1L111F170K0I0H0I630M0;BXDRJ00101;39;0Z1L111F170K0I0H0I630M0;23;11;0;6;5;B;X;D;R;J;0;0;1;0;1;66;88;68;82;74;48;48;49;48;49;35;57;37;51;43;17;17;18;17;18;0Z;1L;11;1F;17;0K;0I;0H;0I;63;0M;35;57;37;51;43;20;18;17;18;219;22;66;88;68;82;74;51;49;48;49;250;53;W01;W02;W03;W04;W05;;W08,W10;W06,W07,W09;W08,W10;;;;;;
102;081B0P0H0H0H0H0H0I0H0I1E2H1V1N1O1N1O1N1O1N1O0--1B0P0T0I0H0I660Y0;N800000101;39;1B0P0T0I0H0I660Y0;17;8;0;3;2;N;8;0;0;0;0;0;1;0;1;78;56;48;48;48;48;48;49;48;49;47;25;17;17;17;17;17;18;17;18;1B;0P;0T;0I;0H;0I;66;0Y;;;;47;25;29;18;17;18;222;34;;;;78;56;60;49;48;49;253;65;;;;W01;W02;;W08,W10;W03,W04,W05,W06,W07,W09;W08,W10;;;;;;;;;
103;081B14191C170H0H0I0H0I1E2H2A2F2I2D1N1O1P1N1O0--1B14191C170K0I0H0I630M0;NGLOJ00101;39;1B14191C170K0I0H0I630M0;23;11;0;6;5;N;G;L;O;J;0;0;1;0;1;78;71;76;79;74;48;48;49;48;49;47;40;45;48;43;17;17;18;17;18;1B;14;19;1C;17;0K;0I;0H;0I;63;0M;47;40;45;48;43;20;18;17;18;219;22;78;71;76;79;74;51;49;48;49;250;53;W01;W02;W03;W04;W05;;W08,W10;W06,W07,W09;W08,W10;;;;;;
104;081F0K1M1F170H0H0I0H0I1E2L1Q2S2L2D1N1O1P1N1O0--1F0K1M1F170K0I0H0I630M0;R3YRJ00101;39;1F0K1M1F170K0I0H0I630M0;23;11;0;6;5;R;3;Y;R;J;0;0;1;0;1;82;51;89;82;74;48;48;49;48;49;51;20;58;51;43;17;17;18;17;18;1F;0K;1M;1F;17;0K;0I;0H;0I;63;0M;51;20;58;51;43;20;18;17;18;219;22;82;51;89;82;74;51;49;48;49;250;53;W01,W04;W02;W03;W01,W04;W05;W02;W08,W10;W06,W07,W09;W08,W10;;;;;;
105;081I0I0H0H0H0H0H0I0H0I1E2O1O1N1O1N1O1N1O1N1O0--1I0I0T0I0H0I660Y0;U100000101;39;1I0I0T0I0H0I660Y0;17;8;0;3;2;U;1;0;0;0;0;0;1;0;1;85;49;48;48;48;48;48;49;48;49;54;18;17;17;17;17;17;18;17;18;1I;0I;0T;0I;0H;0I;66;0Y;;;;54;18;29;18;17;18;222;34;;;;85;49;60;49;48;49;253;65;;;;W01;W02,W08,W10;;W02,W08,W10;W03,W04,W05,W06,W07,W09;W02,W08,W10;;;;;;;;;
106;081J160P1M170H0H0I0H0I1E2P2C1V2S2D1N1O1P1N1O0--1J160P1M170K0I0H0I630M0;VI8YJ00101;39;1J160P1M170K0I0H0I630M0;23;11;0;6;5;V;I;8;Y;J;0;0;1;0;1;86;73;56;89;74;48;48;49;48;49;55;42;25;58;43;17;17;18;17;18;1J;16;0P;1M;17;0K;0I;0H;0I;63;0M;55;42;25;58;43;20;18;17;18;219;22;86;73;56;89;74;51;49;48;49;250;53;W01;W02;W03;W04;W05;;W08,W10;W06,W07,W09;W08,W10;;;;;;
107;090I0Z110H0H0H0H0I0H0I1G1P26281O1P1O1P1Q1O1P0--0I0Z11270I0I0H652B;1BD0000101;40;0I0Z11270I0I0H652B;18;9;;4;3;1;B;D;0;0;0;0;1;0;1;49;66;68;48;48;48;48;49;48;49;18;35;37;17;17;17;17;18;17;18;0I;0Z;11;27;0I;0I;0H;65;2B;;;18;35;37;79;18;18;17;221;83;;;49;66;68;110;49;49;48;252;114;;;W01,W08,W10;W02;W03;;W01,W08,W10;W01,W08,W10;W04,W05,W06,W07,W09;;;;;;;;
108;090I10100H0H0H0H0I0H0I1G1P27281O1P1O1P1Q1O1P0--0I1010270I0I0H652B;1CC0000101;40;0I1010270I0I0H652B;18;9;;4;3;1;C;C;0;0;0;0;1;0;1;49;67;67;48;48;48;48;49;48;49;18;36;36;17;17;17;17;18;17;18;0I;10;10;27;0I;0I;0H;65;2B;;;18;36;36;79;18;18;17;221;83;;;49;67;67;110;49;49;48;252;114;;;W01,W08,W10;W02,W03;W02,W03;;W01,W08,W10;W01,W08,W10;W04,W05,W06,W07,W09;;;;;;;;
109;090I110Z0H0H0H0H0I0H0I1G1P28261O1P1O1P1Q1O1P0--0I110Z270I0I0H652B;1DB0000101;40;0I110Z270I0I0H652B;18;9;;4;3;1;D;B;0;0;0;0;1;0;1;49;68;66;48;48;48;48;49;48;49;18;37;35;17;17;17;17;18;17;18;0I;11;0Z;27;0I;0I;0H;65;2B;;;18;37;35;79;18;18;17;221;83;;;49;68;66;110;49;49;48;252;114;;;W01,W08,W10;W02;W03;;W01,W08,W10;W01,W08,W10;W04,W05,W06,W07,W09;;;;;;;;
110;090I120Y0H0H0H0H0I0H0I1G1P29251O1P1O1P1Q1O1P0--0I120Y270I0I0H652B;1EA0000101;40;0I120Y270I0I0H652B;18;9;;4;3;1;E;A;0;0;0;0;1;0;1;49;69;65;48;48;48;48;49;48;49;18;38;34;17;17;17;17;18;17;18;0I;12;0Y;27;0I;0I;0H;65;2B;;;18;38;34;79;18;18;17;221;83;;;49;69;65;110;49;49;48;252;114;;;W01,W08,W10;W02;W03;;W01,W08,W10;W01,W08,W10;W04,W05,W06,W07,W09;;;;;;;;
111;090I1C0O0H0H0H0H0I0H0I1G1P2J1V1O1P1O1P1Q1O1P0--0I1C0O270I0I0H652B;1O70000101;40;0I1C0O270I0I0H652B;18;9;;4;3;1;O;7;0;0;0;0;1;0;1;49;79;55;48;48;48;48;49;48;49;18;48;24;17;17;17;17;18;17;18;0I;1C;0O;27;0I;0I;0H;65;2B;;;18;48;24;79;18;18;17;221;83;;;49;79;55;110;49;49;48;252;114;;;W01,W08,W10;W02;W03;;W01,W08,W10;W01,W08,W10;W04,W05,W06,W07,W09;;;;;;;;
112;090I1D0N0H0H0H0H0I0H0I1G1P2K1U1O1P1O1P1Q1O1P0--0I1D0N270I0I0H652B;1P60000101;40;0I1D0N270I0I0H652B;18;9;;4;3;1;P;6;0;0;0;0;1;0;1;49;80;54;48;48;48;48;49;48;49;18;49;23;17;17;17;17;18;17;18;0I;1D;0N;27;0I;0I;0H;65;2B;;;18;49;23;79;18;18;17;221;83;;;49;80;54;110;49;49;48;252;114;;;W01,W08,W10;W02;W03;;W01,W08,W10;W01,W08,W10;W04,W05,W06,W07,W09;;;;;;;;
113;090I1E0M0H0H0H0H0I0H0I1G1P2L1T1O1P1O1P1Q1O1P0--0I1E0M270I0I0H652B;1Q50000101;40;0I1E0M270I0I0H652B;18;9;;4;3;1;Q;5;0;0;0;0;1;0;1;49;81;53;48;48;48;48;49;48;49;18;50;22;17;17;17;17;18;17;18;0I;1E;0M;27;0I;0I;0H;65;2B;;;18;50;22;79;18;18;17;221;83;;;49;81;53;110;49;49;48;252;114;;;W01,W08,W10;W02;W03;;W01,W08,W10;W01,W08,W10;W04,W05,W06,W07,W09;;;;;;;;
114;090I1G0K0H0H0H0H0I0H0I1G1P2N1R1O1P1O1P1Q1O1P0--0I1G0K270I0I0H652B;1S30000101;40;0I1G0K270I0I0H652B;18;9;;4;3;1;S;3;0;0;0;0;1;0;1;49;83;51;48;48;48;48;49;48;49;18;52;20;17;17;17;17;18;17;18;0I;1G;0K;27;0I;0I;0H;65;2B;;;18;52;20;79;18;18;17;221;83;;;49;83;51;110;49;49;48;252;114;;;W01,W08,W10;W02;W03;;W01,W08,W10;W01,W08,W10;W04,W05,W06,W07,W09;;;;;;;;
115;090K1C0M0H0H0H0H0I0H0I1G1R2J1T1O1P1O1P1Q1O1P0--0K1C0M270I0I0H652B;3O50000101;40;0K1C0M270I0I0H652B;18;9;;4;3;3;O;5;0;0;0;0;1;0;1;51;79;53;48;48;48;48;49;48;49;20;48;22;17;17;17;17;18;17;18;0K;1C;0M;27;0I;0I;0H;65;2B;;;20;48;22;79;18;18;17;221;83;;;51;79;53;110;49;49;48;252;114;;;W01;W02;W03;;W08,W10;W08,W10;W04,W05,W06,W07,W09;;;;;;;;
116;090N1M1D1F170H0H0I0H0I1G1U2T2K2M2E1O1P1Q1O1P0--0N1M1D1F170L0I0I0H630N0;6YPRJ00101;40;0N1M1D1F170L0I0I0H630N0;23;11;0;6;5;6;Y;P;R;J;0;0;1;0;1;54;89;80;82;74;48;48;49;48;49;23;58;49;51;43;17;17;18;17;18;0N;1M;1D;1F;17;0L;0I;0I;0H;63;0N;23;58;49;51;43;21;18;18;17;219;23;54;89;80;82;74;52;49;49;48;250;54;W01;W02;W03;W04;W05;;W08,W10;W08,W10;W06,W07,W09;;W01;;;;
117;090P1M1B1F170H0H0I0H0I1G1W2T2I2M2E1O1P1Q1O1P0--0P1M1B1F170L0I0I0H630N0;8YNRJ00101;40;0P1M1B1F170L0I0I0H630N0;23;11;0;6;5;8;Y;N;R;J;0;0;1;0;1;56;89;78;82;74;48;48;49;48;49;25;58;47;51;43;17;17;18;17;18;0P;1M;1B;1F;17;0L;0I;0I;0H;63;0N;25;58;47;51;43;21;18;18;17;219;23;56;89;78;82;74;52;49;49;48;250;54;W01;W02;W03;W04;W05;;W08,W10;W08,W10;W06,W07,W09;;;;;;
118;09101L111F170H0H0I0H0I1G272S282M2E1O1P1Q1O1P0--101L111F170L0I0I0H630N0;CXDRJ00101;40;101L111F170L0I0I0H630N0;23;11;0;6;5;C;X;D;R;J;0;0;1;0;1;67;88;68;82;74;48;48;49;48;49;36;57;37;51;43;17;17;18;17;18;10;1L;11;1F;17;0L;0I;0I;0H;63;0N;36;57;37;51;43;21;18;18;17;219;23;67;88;68;82;74;52;49;49;48;250;54;W01;W02;W03;W04;W05;;W08,W10;W08,W10;W06,W07,W09;;;;;;
119;091B0Q0H0H0H0H0H0I0H0I1G2I1X1O1P1O1P1O1P1O1P0--1B0Q0U0I0I0H660Z0;N900000101;40;1B0Q0U0I0I0H660Z0;17;8;0;3;2;N;9;0;0;0;0;0;1;0;1;78;57;48;48;48;48;48;49;48;49;47;26;17;17;17;17;17;18;17;18;1B;0Q;0U;0I;0I;0H;66;0Z;;;;47;26;30;18;18;17;222;35;;;;78;57;61;49;49;48;253;66;;;;W01;W02;;W08,W10;W08,W10;W03,W04,W05,W06,W07,W09;;;;;;;;;
120;091C14191C170H0H0I0H0I1G2J2B2G2J2E1O1P1Q1O1P0--1C14191C170L0I0I0H630N0;OGLOJ00101;40;1C14191C170L0I0I0H630N0;23;11;0;6;5;O;G;L;O;J;0;0;1;0;1;79;71;76;79;74;48;48;49;48;49;48;40;45;48;43;17;17;18;17;18;1C;14;19;1C;17;0L;0I;0I;0H;63;0N;48;40;45;48;43;21;18;18;17;219;23;79;71;76;79;74;52;49;49;48;250;54;W01,W04;W02;W03;W01,W04;W05;;W08,W10;W08,W10;W06,W07,W09;;;;;;
121;091D111E19170H0H0I0H0I1G2K282L2G2E1O1P1Q1O1P0--1D111E19170L0I0I0H630N0;PDQLJ00101;40;1D111E19170L0I0I0H630N0;23;11;0;6;5;P;D;Q;L;J;0;0;1;0;1;80;68;81;76;74;48;48;49;48;49;49;37;50;45;43;17;17;18;17;18;1D;11;1E;19;17;0L;0I;0I;0H;63;0N;49;37;50;45;43;21;18;18;17;219;23;80;68;81;76;74;52;49;49;48;250;54;W01;W02;W03;W04;W05;;W08,W10;W08,W10;W06,W07,W09;;;;;;
122;091G0K1M1F170H0H0I0H0I1G2N1R2T2M2E1O1P1Q1O1P0--1G0K1M1F170L0I0I0H630N0;S3YRJ00101;40;1G0K1M1F170L0I0I0H630N0;23;11;0;6;5;S;3;Y;R;J;0;0;1;0;1;83;51;89;82;74;48;48;49;48;49;52;20;58;51;43;17;17;18;17;18;1G;0K;1M;1F;17;0L;0I;0I;0H;63;0N;52;20;58;51;43;21;18;18;17;219;23;83;51;89;82;74;52;49;49;48;250;54;W01;W02;W03;W04;W05;;W08,W10;W08,W10;W06,W07,W09;;;;;;
123;091G131919170H0H0I0H0I1G2N2A2G2H2E1O1P1Q1O1P0--1G131919170L0I0I0H630N0;SFLLJ00101;40;1G131919170L0I0I0H630N0;23;11;0;6;5;S;F;L;L;J;0;0;1;0;1;83;70;76;76;74;48;48;49;48;49;52;39;45;45;43;17;17;18;17;18;1G;13;19;19;17;0L;0I;0I;0H;63;0N;52;39;45;45;43;21;18;18;17;219;23;83;70;76;76;74;52;49;49;48;250;54;W01;W02;W03,W04;W03,W04;W05;;W08,W10;W08,W10;W06,W07,W09;;;;;;
124;091H0K0H0H0H0H0H0I0H0I1G2O1R1O1P1O1P1O1P1O1P0--1H0K0U0I0I0H660Z0;T300000101;40;1H0K0U0I0I0H660Z0;17;8;0;3;2;T;3;0;0;0;0;0;1;0;1;84;51;48;48;48;48;48;49;48;49;53;20;17;17;17;17;17;18;17;18;1H;0K;0U;0I;0I;0H;66;0Z;;;;53;20;30;18;18;17;222;35;;;;84;51;61;49;49;48;253;66;;;;W01;W02;;W08,W10;W08,W10;W03,W04,W05,W06,W07,W09;;;;;;;;;
125;091J0I0H0H0H0H0H0I0H0I1G2Q1P1O1P1O1P1O1P1O1P0--1J0I0U0I0I0H660Z0;V100000101;40;1J0I0U0I0I0H660Z0;17;8;0;3;2;V;1;0;0;0;0;0;1;0;1;86;49;48;48;48;48;48;49;48;49;55;18;17;17;17;17;17;18;17;18;1J;0I;0U;0I;0I;0H;66;0Z;;;;55;18;30;18;18;17;222;35;;;;86;49;61;49;49;48;253;66;;;;W01;W02,W08,W10;;W02,W08,W10;W02,W08,W10;W03,W04,W05,W06,W07,W09;;;;;;;;;
126;091K160P1M170H0H0I0H0I1G2R2D1W2T2E1O1P1Q1O1P0--1K160P1M170L0I0I0H630N0;WI8YJ00101;40;1K160P1M170L0I0I0H630N0;23;11;0;6;5;W;I;8;Y;J;0;0;1;0;1;87;73;56;89;74;48;48;49;48;49;56;42;25;58;43;17;17;18;17;18;1K;16;0P;1M;17;0L;0I;0I;0H;63;0N;56;42;25;58;43;21;18;18;17;219;23;87;73;56;89;74;52;49;49;48;250;54;W01;W02;W03;W04;W05;;W08,W10;W08,W10;W06,W07,W09;;;;;;
127;0A0I11100H0H0H0H0I0H0I1I1Q29281P1Q1P1Q1R1P1Q0--0I1110280I0H0I652C;1DC0000101;41;0I1110280I0H0I652C;18;9;;4;3;1;D;C;0;0;0;0;1;0;1;49;68;67;48;48;48;48;49;48;49;18;37;36;17;17;17;17;18;17;18;0I;11;10;28;0I;0H;0I;65;2C;;;18;37;36;80;18;17;18;221;84;;;49;68;67;111;49;48;49;252;115;;;W01,W08,W10;W02;W03;;W01,W08,W10;W04,W05,W06,W07,W09;W01,W08,W10;;;;;;;;
128;0A0I120Z0H0H0H0H0I0H0I1I1Q2A271P1Q1P1Q1R1P1Q0--0I120Z280I0H0I652C;1EB0000101;41;0I120Z280I0H0I652C;18;9;;4;3;1;E;B;0;0;0;0;1;0;1;49;69;66;48;48;48;48;49;48;49;18;38;35;17;17;17;17;18;17;18;0I;12;0Z;28;0I;0H;0I;65;2C;;;18;38;35;80;18;17;18;221;84;;;49;69;66;111;49;48;49;252;115;;;W01,W08,W10;W02;W03;;W01,W08,W10;W04,W05,W06,W07,W09;W01,W08,W10;;;;;;;;
129;0A0I130Y0H0H0H0H0I0H0I1I1Q2B261P1Q1P1Q1R1P1Q0--0I130Y280I0H0I652C;1FA0000101;41;0I130Y280I0H0I652C;18;9;;4;3;1;F;A;0;0;0;0;1;0;1;49;70;65;48;48;48;48;49;48;49;18;39;34;17;17;17;17;18;17;18;0I;13;0Y;28;0I;0H;0I;65;2C;;;18;39;34;80;18;17;18;221;84;;;49;70;65;111;49;48;49;252;115;;;W01,W08,W10;W02;W03;;W01,W08,W10;W04,W05,W06,W07,W09;W01,W08,W10;;;;;;;;
130;0A0I1B0Q0H0H0H0H0I0H0I1I1Q2J1Y1P1Q1P1Q1R1P1Q0--0I1B0Q280I0H0I652C;1N90000101;41;0I1B0Q280I0H0I652C;18;9;;4;3;1;N;9;0;0;0;0;1;0;1;49;78;57;48;48;48;48;49;48;49;18;47;26;17;17;17;17;18;17;18;0I;1B;0Q;28;0I;0H;0I;65;2C;;;18;47;26;80;18;17;18;221;84;;;49;78;57;111;49;48;49;252;115;;;W01,W08,W10;W02;W03;;W01,W08,W10;W04,W05,W06,W07,W09;W01,W08,W10;;;;;;;;
131;0A0I1D0O0H0H0H0H0I0H0I1I1Q2L1W1P1Q1P1Q1R1P1Q0--0I1D0O280I0H0I652C;1P70000101;41;0I1D0O280I0H0I652C;18;9;;4;3;1;P;7;0;0;0;0;1;0;1;49;80;55;48;48;48;48;49;48;49;18;49;24;17;17;17;17;18;17;18;0I;1D;0O;28;0I;0H;0I;65;2C;;;18;49;24;80;18;17;18;221;84;;;49;80;55;111;49;48;49;252;115;;;W01,W08,W10;W02;W03;;W01,W08,W10;W04,W05,W06,W07,W09;W01,W08,W10;;;;;;;;
132;0A0I1E0N0H0H0H0H0I0H0I1I1Q2M1V1P1Q1P1Q1R1P1Q0--0I1E0N280I0H0I652C;1Q60000101;41;0I1E0N280I0H0I652C;18;9;;4;3;1;Q;6;0;0;0;0;1;0;1;49;81;54;48;48;48;48;49;48;49;18;50;23;17;17;17;17;18;17;18;0I;1E;0N;28;0I;0H;0I;65;2C;;;18;50;23;80;18;17;18;221;84;;;49;81;54;111;49;48;49;252;115;;;W01,W08,W10;W02;W03;;W01,W08,W10;W04,W05,W06,W07,W09;W01,W08,W10;;;;;;;;
133;0A0I1F0M0H0H0H0H0I0H0I1I1Q2N1U1P1Q1P1Q1R1P1Q0--0I1F0M280I0H0I652C;1R50000101;41;0I1F0M280I0H0I652C;18;9;;4;3;1;R;5;0;0;0;0;1;0;1;49;82;53;48;48;48;48;49;48;49;18;51;22;17;17;17;17;18;17;18;0I;1F;0M;28;0I;0H;0I;65;2C;;;18;51;22;80;18;17;18;221;84;;;49;82;53;111;49;48;49;252;115;;;W01,W08,W10;W02;W03;;W01,W08,W10;W04,W05,W06,W07,W09;W01,W08,W10;;;;;;;;
134;0A0I1I0J0H0H0H0H0I0H0I1I1Q2Q1R1P1Q1P1Q1R1P1Q0--0I1I0J280I0H0I652C;1U20000101;41;0I1I0J280I0H0I652C;18;9;;4;3;1;U;2;0;0;0;0;1;0;1;49;85;50;48;48;48;48;49;48;49;18;54;19;17;17;17;17;18;17;18;0I;1I;0J;28;0I;0H;0I;65;2C;;;18;54;19;80;18;17;18;221;84;;;49;85;50;111;49;48;49;252;115;;;W01,W08,W10;W02;W03;;W01,W08,W10;W04,W05,W06,W07,W09;W01,W08,W10;;;;;;;;
135;0A0I1K0H0H0H0H0H0I0H0I1I1Q2S1P1Q1P1Q1P1Q1P1Q0--0I1K0V0I0H0I66100;1W00000101;41;0I1K0V0I0H0I66100;17;8;0;3;2;1;W;0;0;0;0;0;1;0;1;49;87;48;48;48;48;48;49;48;49;18;56;17;17;17;17;17;18;17;18;0I;1K;0V;0I;0H;0I;66;10;;;;18;56;31;18;17;18;222;36;;;;49;87;62;49;48;49;253;67;;;;W01,W08,W10;W02;;W01,W08,W10;W03,W04,W05,W06,W07,W09;W01,W08,W10;;;;;;;;;
136;0A0J0Z110H0H0H0H0I0H0I1I1R27291P1Q1P1Q1R1P1Q0--0J0Z11280I0H0I652C;2BD0000101;41;0J0Z11280I0H0I652C;18;9;;4;3;2;B;D;0;0;0;0;1;0;1;50;66;68;48;48;48;48;49;48;49;19;35;37;17;17;17;17;18;17;18;0J;0Z;11;28;0I;0H;0I;65;2C;;;19;35;37;80;18;17;18;221;84;;;50;66;68;111;49;48;49;252;115;;;W01;W02;W03;;W08,W10;W04,W05,W06,W07,W09;W08,W10;;;;;;;;
137;0A0J1B0P0H0H0H0H0I0H0I1I1R2J1X1P1Q1P1Q1R1P1Q0--0J1B0P280I0H0I652C;2N80000101;41;0J1B0P280I0H0I652C;18;9;;4;3;2;N;8;0;0;0;0;1;0;1;50;78;56;48;48;48;48;49;48;49;19;47;25;17;17;17;17;18;17;18;0J;1B;0P;28;0I;0H;0I;65;2C;;;19;47;25;80;18;17;18;221;84;;;50;78;56;111;49;48;49;252;115;;;W01;W02;W03;;W08,W10;W04,W05,W06,W07,W09;W08,W10;;;;;;;;
138;0A0J1D0N0H0H0H0H0I0H0I1I1R2L1V1P1Q1P1Q1R1P1Q0--0J1D0N280I0H0I652C;2P60000101;41;0J1D0N280I0H0I652C;18;9;;4;3;2;P;6;0;0;0;0;1;0;1;50;80;54;48;48;48;48;49;48;49;19;49;23;17;17;17;17;18;17;18;0J;1D;0N;28;0I;0H;0I;65;2C;;;19;49;23;80;18;17;18;221;84;;;50;80;54;111;49;48;49;252;115;;;W01;W02;W03;;W08,W10;W04,W05,W06,W07,W09;W08,W10;;;;;;;;
139;0A0J1H0J0H0H0H0H0I0H0I1I1R2P1R1P1Q1P1Q1R1P1Q0--0J1H0J280I0H0I652C;2T20000101;41;0J1H0J280I0H0I652C;18;9;;4;3;2;T;2;0;0;0;0;1;0;1;50;84;50;48;48;48;48;49;48;49;19;53;19;17;17;17;17;18;17;18;0J;1H;0J;28;0I;0H;0I;65;2C;;;19;53;19;80;18;17;18;221;84;;;50;84;50;111;49;48;49;252;115;;;W01,W03;W02;W01,W03;;W08,W10;W04,W05,W06,W07,W09;W08,W10;;;;;;;;
140;0A0L1G0I0H0H0H0H0I0H0I1I1T2O1Q1P1Q1P1Q1R1P1Q0--0L1G0I280I0H0I652C;4S10000101;41;0L1G0I280I0H0I652C;18;9;;4;3;4;S;1;0;0;0;0;1;0;1;52;83;49;48;48;48;48;49;48;49;21;52;18;17;17;17;17;18;17;18;0L;1G;0I;28;0I;0H;0I;65;2C;;;21;52;18;80;18;17;18;221;84;;;52;83;49;111;49;48;49;252;115;;;W01;W02;W03,W08,W10;;W03,W08,W10;W04,W05,W06,W07,W09;W03,W08,W10;;;;;;;;
141;0A0N190N0H0H0H0H0I0H0I1I1V2H1V1P1Q1P1Q1R1P1Q0--0N190N280I0H0I652C;6L60000101;41;0N190N280I0H0I652C;18;9;;4;3;6;L;6;0;0;0;0;1;0;1;54;76;54;48;48;48;48;49;48;49;23;45;23;17;17;17;17;18;17;18;0N;19;0N;28;0I;0H;0I;65;2C;;;23;45;23;80;18;17;18;221;84;;;54;76;54;111;49;48;49;252;115;;;W01,W03;W02;W01,W03;;W08,W10;W04,W05,W06,W07,W09;W08,W10;;;;;;;;
142;0A0N1I1C1L170H0H0I0H0I1I1V2Q2K2T2F1P1Q1R1P1Q0--0N1I1C1L170M0I0H0I630O0;6UOXJ00101;41;0N1I1C1L170M0I0H0I630O0;23;11;0;6;5;6;U;O;X;J;0;0;1;0;1;54;85;79;88;74;48;48;49;48;49;23;54;48;57;43;17;17;18;17;18;0N;1I;1C;1L;17;0M;0I;0H;0I;63;0O;23;54;48;57;43;22;18;17;18;219;24;54;85;79;88;74;53;49;48;49;250;55;W01;W02;W03;W04;W05;;W08,W10;W06,W07,W09;W08,W10;;;;;;
143;0A0Q1I1E1G170H0H0I0H0I1I1Y2Q2M2O2F1P1Q1R1P1Q0--0Q1I1E1G170M0I0H0I630O0;9UQSJ00101;41;0Q1I1E1G170M0I0H0I630O0;23;11;0;6;5;9;U;Q;S;J;0;0;1;0;1;57;85;81;83;74;48;48;49;48;49;26;54;50;52;43;17;17;18;17;18;0Q;1I;1E;1G;17;0M;0I;0H;0I;63;0O;26;54;50;52;43;22;18;17;18;219;24;57;85;81;83;74;53;49;48;49;250;55;W01;W02;W03;W04;W05;;W08,W10;W06,W07,W09;W08,W10;;;;;;
144;0A161K121A170H0H0I0H0I1I2E2S2A2I2F1P1Q1R1P1Q0--161K121A170M0I0H0I630O0;IWEMJ00101;41;161K121A170M0I0H0I630O0;23;11;0;6;5;I;W;E;M;J;0;0;1;0;1;73;87;69;77;74;48;48;49;48;49;42;56;38;46;43;17;17;18;17;18;16;1K;12;1A;17;0M;0I;0H;0I;63;0O;42;56;38;46;43;22;18;17;18;219;24;73;87;69;77;74;53;49;48;49;250;55;W01;W02;W03;W04;W05;;W08,W10;W06,W07,W09;W08,W10;;;;;;
145;0A1915121M170H0H0I0H0I1I2H2D2A2U2F1P1Q1R1P1Q0--1915121M170M0I0H0I630O0;LHEYJ00101;41;1915121M170M0I0H0I630O0;23;11;0;6;5;L;H;E;Y;J;0;0;1;0;1;76;72;69;89;74;48;48;49;48;49;45;41;38;58;43;17;17;18;17;18;19;15;12;1M;17;0M;0I;0H;0I;63;0O;45;41;38;58;43;22;18;17;18;219;24;76;72;69;89;74;53;49;48;49;250;55;W01;W02;W03;W04;W05;;W08,W10;W06,W07,W09;W08,W10;;;;;;
146;0A1C0Z1D1E170H0H0I0H0I1I2K272L2M2F1P1Q1R1P1Q0--1C0Z1D1E170M0I0H0I630O0;OBPQJ00101;41;1C0Z1D1E170M0I0H0I630O0;23;11;0;6;5;O;B;P;Q;J;0;0;1;0;1;79;66;80;81;74;48;48;49;48;49;48;35;49;50;43;17;17;18;17;18;1C;0Z;1D;1E;17;0M;0I;0H;0I;63;0O;48;35;49;50;43;22;18;17;18;219;24;79;66;80;81;74;53;49;48;49;250;55;W01;W02;W03;W04;W05;;W08,W10;W06,W07,W09;W08,W10;;;;;;
147;0A1H0K1M1F170H0H0I0H0I1I2P1S2U2N2F1P1Q1R1P1Q0--1H0K1M1F170M0I0H0I630O0;T3YRJ00101;41;1H0K1M1F170M0I0H0I630O0;23;11;0;6;5;T;3;Y;R;J;0;0;1;0;1;84;51;89;82;74;48;48;49;48;49;53;20;58;51;43;17;17;18;17;18;1H;0K;1M;1F;17;0M;0I;0H;0I;63;0O;53;20;58;51;43;22;18;17;18;219;24;84;51;89;82;74;53;49;48;49;250;55;W01;W02;W03;W04;W05;;W08,W10;W06,W07,W09;W08,W10;;;;;;
148;0A1J0J0H0H0H0H0H0I0H0I1I2R1R1P1Q1P1Q1P1Q1P1Q0--1J0J0V0I0H0I66100;V200000101;41;1J0J0V0I0H0I66100;17;8;0;3;2;V;2;0;0;0;0;0;1;0;1;86;50;48;48;48;48;48;49;48;49;55;19;17;17;17;17;17;18;17;18;1J;0J;0V;0I;0H;0I;66;10;;;;55;19;31;18;17;18;222;36;;;;86;50;62;49;48;49;253;67;;;;W01;W02;;W08,W10;W03,W04,W05,W06,W07,W09;W08,W10;;;;;;;;;
149;0B0I11110H0H0H0H0I0H0I1K1R2A2B1Q1R1Q1R1S1Q1R0--0I1111290I0I0H652D;1DD0000101;42;0I1111290I0I0H652D;18;9;;4;3;1;D;D;0;0;0;0;1;0;1;49;68;68;48;48;48;48;49;48;49;18;37;37;17;17;17;17;18;17;18;0I;11;11;29;0I;0I;0H;65;2D;;;18;37;37;81;18;18;17;221;85;;;49;68;68;112;49;49;48;252;116;;;W01,W08,W10;W02,W03;W02,W03;;W01,W08,W10;W01,W08,W10;W04,W05,W06,W07,W09;;;;;;;;
150;0B0I12100H0H0H0H0I0H0I1K1R2B291Q1R1Q1R1S1Q1R0--0I1210290I0I0H652D;1EC0000101;42;0I1210290I0I0H652D;18;9;;4;3;1;E;C;0;0;0;0;1;0;1;49;69;67;48;48;48;48;49;48;49;18;38;36;17;17;17;17;18;17;18;0I;12;10;29;0I;0I;0H;65;2D;;;18;38;36;81;18;18;17;221;85;;;49;69;67;112;49;49;48;252;116;;;W01,W08,W10;W02;W03;;W01,W08,W10;W01,W08,W10;W04,W05,W06,W07,W09;;;;;;;;
151;0B0I140Y0H0H0H0H0I0H0I1K1R2D271Q1R1Q1R1S1Q1R0--0I140Y290I0I0H652D;1GA0000101;42;0I140Y290I0I0H652D;18;9;;4;3;1;G;A;0;0;0;0;1;0;1;49;71;65;48;48;48;48;49;48;49;18;40;34;17;17;17;17;18;17;18;0I;14;0Y;29;0I;0I;0H;65;2D;;;18;40;34;81;18;18;17;221;85;;;49;71;65;112;49;49;48;252;116;;;W01,W08,W10;W02;W03;;W01,W08,W10;W01,W08,W10;W04,W05,W06,W07,W09;;;;;;;;
152;0B0I1C0Q0H0H0H0H0I0H0I1K1R2L1Z1Q1R1Q1R1S1Q1R0--0I1C0Q290I0I0H652D;1O90000101;42;0I1C0Q290I0I0H652D;18;9;;4;3;1;O;9;0;0;0;0;1;0;1;49;79;57;48;48;48;48;49;48;49;18;48;26;17;17;17;17;18;17;18;0I;1C;0Q;29;0I;0I;0H;65;2D;;;18;48;26;81;18;18;17;221;85;;;49;79;57;112;49;49;48;252;116;;;W01,W08,W10;W02;W03;;W01,W08,W10;W01,W08,W10;W04,W05,W06,W07,W09;;;;;;;;
153;0B0I1D0P0H0H0H0H0I0H0I1K1R2M1Y1Q1R1Q1R1S1Q1R0--0I1D0P290I0I0H652D;1P80000101;42;0I1D0P290I0I0H652D;18;9;;4;3;1;P;8;0;0;0;0;1;0;1;49;80;56;48;48;48;48;49;48;49;18;49;25;17;17;17;17;18;17;18;0I;1D;0P;29;0I;0I;0H;65;2D;;;18;49;25;81;18;18;17;221;85;;;49;80;56;112;49;49;48;252;116;;;W01,W08,W10;W02;W03;;W01,W08,W10;W01,W08,W10;W04,W05,W06,W07,W09;;;;;;;;
154;0B0I1E0O0H0H0H0H0I0H0I1K1R2N1X1Q1R1Q1R1S1Q1R0--0I1E0O290I0I0H652D;1Q70000101;42;0I1E0O290I0I0H652D;18;9;;4;3;1;Q;7;0;0;0;0;1;0;1;49;81;55;48;48;48;48;49;48;49;18;50;24;17;17;17;17;18;17;18;0I;1E;0O;29;0I;0I;0H;65;2D;;;18;50;24;81;18;18;17;221;85;;;49;81;55;112;49;49;48;252;116;;;W01,W08,W10;W02;W03;;W01,W08,W10;W01,W08,W10;W04,W05,W06,W07,W09;;;;;;;;
155;0B0I1F0N0H0H0H0H0I0H0I1K1R2O1W1Q1R1Q1R1S1Q1R0--0I1F0N290I0I0H652D;1R60000101;42;0I1F0N290I0I0H652D;18;9;;4;3;1;R;6;0;0;0;0;1;0;1;49;82;54;48;48;48;48;49;48;49;18;51;23;17;17;17;17;18;17;18;0I;1F;0N;29;0I;0I;0H;65;2D;;;18;51;23;81;18;18;17;221;85;;;49;82;54;112;49;49;48;252;116;;;W01,W08,W10;W02;W03;;W01,W08,W10;W01,W08,W10;W04,W05,W06,W07,W09;;;;;;;;
156;0B0I1G0M0H0H0H0H0I0H0I1K1R2P1V1Q1R1Q1R1S1Q1R0--0I1G0M290I0I0H652D;1S50000101;42;0I1G0M290I0I0H652D;18;9;;4;3;1;S;5;0;0;0;0;1;0;1;49;83;53;48;48;48;48;49;48;49;18;52;22;17;17;17;17;18;17;18;0I;1G;0M;29;0I;0I;0H;65;2D;;;18;52;22;81;18;18;17;221;85;;;49;83;53;112;49;49;48;252;116;;;W01,W08,W10;W02;W03;;W01,W08,W10;W01,W08,W10;W04,W05,W06,W07,W09;;;;;;;;
157;0B0I1I0K0H0H0H0H0I0H0I1K1R2R1T1Q1R1Q1R1S1Q1R0--0I1I0K290I0I0H652D;1U30000101;42;0I1I0K290I0I0H652D;18;9;;4;3;1;U;3;0;0;0;0;1;0;1;49;85;51;48;48;48;48;49;48;49;18;54;20;17;17;17;17;18;17;18;0I;1I;0K;29;0I;0I;0H;65;2D;;;18;54;20;81;18;18;17;221;85;;;49;85;51;112;49;49;48;252;116;;;W01,W08,W10;W02;W03;;W01,W08,W10;W01,W08,W10;W04,W05,W06,W07,W09;;;;;;;;
158;0B0J130Y0H0H0H0H0I0H0I1K1S2C271Q1R1Q1R1S1Q1R0--0J130Y290I0I0H652D;2FA0000101;42;0J130Y290I0I0H652D;18;9;;4;3;2;F;A;0;0;0;0;1;0;1;50;70;65;48;48;48;48;49;48;49;19;39;34;17;17;17;17;18;17;18;0J;13;0Y;29;0I;0I;0H;65;2D;;;19;39;34;81;18;18;17;221;85;;;50;70;65;112;49;49;48;252;116;;;W01;W02;W03;;W08,W10;W08,W10;W04,W05,W06,W07,W09;;;;;;;;
159;0B0J1D0O0H0H0H0H0I0H0I1K1S2M1X1Q1R1Q1R1S1Q1R0--0J1D0O290I0I0H652D;2P70000101;42;0J1D0O290I0I0H652D;18;9;;4;3;2;P;7;0;0;0;0;1;0;1;50;80;55;48;48;48;48;49;48;49;19;49;24;17;17;17;17;18;17;18;0J;1D;0O;29;0I;0I;0H;65;2D;;;19;49;24;81;18;18;17;221;85;;;50;80;55;112;49;49;48;252;116;;;W01;W02;W03;;W08,W10;W08,W10;W04,W05,W06,W07,W09;;;;;;;;
160;0B0J1J0I0H0H0H0H0I0H0I1K1S2S1R1Q1R1Q1R1S1Q1R0--0J1J0I290I0I0H652D;2V10000101;42;0J1J0I290I0I0H652D;18;9;;4;3;2;V;1;0;0;0;0;1;0;1;50;86;49;48;48;48;48;49;48;49;19;55;18;17;17;17;17;18;17;18;0J;1J;0I;29;0I;0I;0H;65;2D;;;19;55;18;81;18;18;17;221;85;;;50;86;49;112;49;49;48;252;116;;;W01;W02;W03,W08,W10;;W03,W08,W10;W03,W08,W10;W04,W05,W06,W07,W09;;;;;;;;
161;0B0M1G0I0H0H0H0H0I0H0I1K1V2P1R1Q1R1Q1R1S1Q1R0--0M1G0I290I0I0H652D;5S10000101;42;0M1G0I290I0I0H652D;18;9;;4;3;5;S;1;0;0;0;0;1;0;1;53;83;49;48;48;48;48;49;48;49;22;52;18;17;17;17;17;18;17;18;0M;1G;0I;29;0I;0I;0H;65;2D;;;22;52;18;81;18;18;17;221;85;;;53;83;49;112;49;49;48;252;116;;;W01;W02;W03,W08,W10;;W03,W08,W10;W03,W08,W10;W04,W05,W06,W07,W09;;;;;;;;
162;0B1I0K1M1F170H0H0I0H0I1K2R1T2V2O2G1Q1R1S1Q1R0--1I0K1M1F170N0I0I0H630P0;U3YRJ00101;42;1I0K1M1F170N0I0I0H630P0;23;11;0;6;5;U;3;Y;R;J;0;0;1;0;1;85;51;89;82;74;48;48;49;48;49;54;20;58;51;43;17;17;18;17;18;1I;0K;1M;1F;17;0N;0I;0I;0H;63;0P;54;20;58;51;43;23;18;18;17;219;25;85;51;89;82;74;54;49;49;48;250;56;W01;W02;W03;W04;W05;;W08,W10;W08,W10;W06,W07,W09;;;;;;
163;0B1I0L0H0H0H0H0H0I0H0I1K2R1U1Q1R1Q1R1Q1R1Q1R0--1I0L0W0I0I0H66110;U400000101;42;1I0L0W0I0I0H66110;17;8;0;3;2;U;4;0;0;0;0;0;1;0;1;85;52;48;48;48;48;48;49;48;49;54;21;17;17;17;17;17;18;17;18;1I;0L;0W;0I;0I;0H;66;11;;;;54;21;32;18;18;17;222;37;;;;85;52;63;49;49;48;253;68;;;;W01;W02;;W08,W10;W08,W10;W03,W04,W05,W06,W07,W09;;;;;;;;;
164;0B1J0Z191C170H0H0I0H0I1K2S282I2L2G1Q1R1S1Q1R0--1J0Z191C170N0I0I0H630P0;VBLOJ00101;42;1J0Z191C170N0I0I0H630P0;23;11;0;6;5;V;B;L;O;J;0;0;1;0;1;86;66;76;79;74;48;48;49;48;49;55;35;45;48;43;17;17;18;17;18;1J;0Z;19;1C;17;0N;0I;0I;0H;63;0P;55;35;45;48;43;23;18;18;17;219;25;86;66;76;79;74;54;49;49;48;250;56;W01;W02;W03;W04;W05;;W08,W10;W08,W10;W06,W07,W09;;;;;;
165;0B1K0J0H0H0H0H0H0I0H0I1K2T1S1Q1R1Q1R1Q1R1Q1R0--1K0J0W0I0I0H66110;W200000101;42;1K0J0W0I0I0H66110;17;8;0;3;2;W;2;0;0;0;0;0;1;0;1;87;50;48;48;48;48;48;49;48;49;56;19;17;17;17;17;17;18;17;18;1K;0J;0W;0I;0I;0H;66;11;;;;56;19;32;18;18;17;222;37;;;;87;50;63;49;49;48;253;68;;;;W01;W02;;W08,W10;W08,W10;W03,W04,W05,W06,W07,W09;;;;;;;;;
166;0C0I150Y0H0H0H0H0I0H0I1M1S2F281R1S1R1S1T1R1S0--0I150Y2A0I0H0I652E;1HA0000101;43;0I150Y2A0I0H0I652E;18;9;;4;3;1;H;A;0;0;0;0;1;0;1;49;72;65;48;48;48;48;49;48;49;18;41;34;17;17;17;17;18;17;18;0I;15;0Y;2A;0I;0H;0I;65;2E;;;18;41;34;82;18;17;18;221;86;;;49;72;65;113;49;48;49;252;117;;;W01,W08,W10;W02;W03;;W01,W08,W10;W04,W05,W06,W07,W09;W01,W08,W10;;;;;;;;
167;0C0I1D0Q0H0H0H0H0I0H0I1M1S2N201R1S1R1S1T1R1S0--0I1D0Q2A0I0H0I652E;1P90000101;43;0I1D0Q2A0I0H0I652E;18;9;;4;3;1;P;9;0;0;0;0;1;0;1;49;80;57;48;48;48;48;49;48;49;18;49;26;17;17;17;17;18;17;18;0I;1D;0Q;2A;0I;0H;0I;65;2E;;;18;49;26;82;18;17;18;221;86;;;49;80;57;113;49;48;49;252;117;;;W01,W08,W10;W02;W03;;W01,W08,W10;W04,W05,W06,W07,W09;W01,W08,W10;;;;;;;;
168;0C0I1H0M0H0H0H0H0I0H0I1M1S2R1W1R1S1R1S1T1R1S0--0I1H0M2A0I0H0I652E;1T50000101;43;0I1H0M2A0I0H0I652E;18;9;;4;3;1;T;5;0;0;0;0;1;0;1;49;84;53;48;48;48;48;49;48;49;18;53;22;17;17;17;17;18;17;18;0I;1H;0M;2A;0I;0H;0I;65;2E;;;18;53;22;82;18;17;18;221;86;;;49;84;53;113;49;48;49;252;117;;;W01,W08,W10;W02;W03;;W01,W08,W10;W04,W05,W06,W07,W09;W01,W08,W10;;;;;;;;
169;0C0I1I0L0H0H0H0H0I0H0I1M1S2S1V1R1S1R1S1T1R1S0--0I1I0L2A0I0H0I652E;1U40000101;43;0I1I0L2A0I0H0I652E;18;9;;4;3;1;U;4;0;0;0;0;1;0;1;49;85;52;48;48;48;48;49;48;49;18;54;21;17;17;17;17;18;17;18;0I;1I;0L;2A;0I;0H;0I;65;2E;;;18;54;21;82;18;17;18;221;86;;;49;85;52;113;49;48;49;252;117;;;W01,W08,W10;W02;W03;;W01,W08,W10;W04,W05,W06,W07,W09;W01,W08,W10;;;;;;;;
170;0C0J1C0Q0H0H0H0H0I0H0I1M1T2M201R1S1R1S1T1R1S0--0J1C0Q2A0I0H0I652E;2O90000101;43;0J1C0Q2A0I0H0I652E;18;9;;4;3;2;O;9;0;0;0;0;1;0;1;50;79;57;48;48;48;48;49;48;49;19;48;26;17;17;17;17;18;17;18;0J;1C;0Q;2A;0I;0H;0I;65;2E;;;19;48;26;82;18;17;18;221;86;;;50;79;57;113;49;48;49;252;117;;;W01;W02;W03;;W08,W10;W04,W05,W06,W07,W09;W08,W10;;;;;;;;
171;0C0J1D0P0H0H0H0H0I0H0I1M1T2N1Z1R1S1R1S1T1R1S0--0J1D0P2A0I0H0I652E;2P80000101;43;0J1D0P2A0I0H0I652E;18;9;;4;3;2;P;8;0;0;0;0;1;0;1;50;80;56;48;48;48;48;49;48;49;19;49;25;17;17;17;17;18;17;18;0J;1D;0P;2A;0I;0H;0I;65;2E;;;19;49;25;82;18;17;18;221;86;;;50;80;56;113;49;48;49;252;117;;;W01;W02;W03;;W08,W10;W04,W05,W06,W07,W09;W08,W10;;;;;;;;
172;0C0J1G0M0H0H0H0H0I0H0I1M1T2Q1W1R1S1R1S1T1R1S0--0J1G0M2A0I0H0I652E;2S50000101;43;0J1G0M2A0I0H0I652E;18;9;;4;3;2;S;5;0;0;0;0;1;0;1;50;83;53;48;48;48;48;49;48;49;19;52;22;17;17;17;17;18;17;18;0J;1G;0M;2A;0I;0H;0I;65;2E;;;19;52;22;82;18;17;18;221;86;;;50;83;53;113;49;48;49;252;117;;;W01;W02;W03;;W08,W10;W04,W05,W06,W07,W09;W08,W10;;;;;;;;
173;0C0K1D0O0H0H0H0H0I0H0I1M1U2N1Y1R1S1R1S1T1R1S0--0K1D0O2A0I0H0I652E;3P70000101;43;0K1D0O2A0I0H0I652E;18;9;;4;3;3;P;7;0;0;0;0;1;0;1;51;80;55;48;48;48;48;49;48;49;20;49;24;17;17;17;17;18;17;18;0K;1D;0O;2A;0I;0H;0I;65;2E;;;20;49;24;82;18;17;18;221;86;;;51;80;55;113;49;48;49;252;117;;;W01;W02;W03;;W08,W10;W04,W05,W06,W07,W09;W08,W10;;;;;;;;
174;0C0K1J0I0H0H0H0H0I0H0I1M1U2T1S1R1S1R1S1T1R1S0--0K1J0I2A0I0H0I652E;3V10000101;43;0K1J0I2A0I0H0I652E;18;9;;4;3;3;V;1;0;0;0;0;1;0;1;51;86;49;48;48;48;48;49;48;49;20;55;18;17;17;17;17;18;17;18;0K;1J;0I;2A;0I;0H;0I;65;2E;;;20;55;18;82;18;17;18;221;86;;;51;86;49;113;49;48;49;252;117;;;W01;W02;W03,W08,W10;;W03,W08,W10;W04,W05,W06,W07,W09;W03,W08,W10;;;;;;;;
175;0C121L101H170H0H0I0H0I1M2C2V2A2R2H1R1S1T1R1S0--121L101H170O0I0H0I630Q0;EXCTJ00101;43;121L101H170O0I0H0I630Q0;23;11;0;6;5;E;X;C;T;J;0;0;1;0;1;69;88;67;84;74;48;48;49;48;49;38;57;36;53;43;17;17;18;17;18;12;1L;10;1H;17;0O;0I;0H;0I;63;0Q;38;57;36;53;43;24;18;17;18;219;26;69;88;67;84;74;55;49;48;49;250;57;W01;W02;W03;W04;W05;;W08,W10;W06,W07,W09;W08,W10;;;;;;
176;0C1J0Y1C1B170H0H0I0H0I1M2T282M2L2H1R1S1T1R1S0--1J0Y1C1B170O0I0H0I630Q0;VAONJ00101;43;1J0Y1C1B170O0I0H0I630Q0;23;11;0;6;5;V;A;O;N;J;0;0;1;0;1;86;65;79;78;74;48;48;49;48;49;55;34;48;47;43;17;17;18;17;18;1J;0Y;1C;1B;17;0O;0I;0H;0I;63;0Q;55;34;48;47;43;24;18;17;18;219;26;86;65;79;78;74;55;49;48;49;250;57;W01;W02;W03;W04;W05;;W08,W10;W06,W07,W09;W08,W10;;;;;;
177;0C1L0J0H0H0H0H0H0I0H0I1M2V1T1R1S1R1S1R1S1R1S0--1L0J0X0I0H0I66120;X200000101;43;1L0J0X0I0H0I66120;17;8;0;3;2;X;2;0;0;0;0;0;1;0;1;88;50;48;48;48;48;48;49;48;49;57;19;17;17;17;17;17;18;17;18;1L;0J;0X;0I;0H;0I;66;12;;;;57;19;33;18;17;18;222;38;;;;88;50;64;49;48;49;253;69;;;;W01;W02;;W08,W10;W03,W04,W05,W06,W07,W09;W08,W10;;;;;;;;;
178;0D0I14100H0H0H0H0I0H0I1O1T2F2B1S1T1S1T1U1S1T0--0I14102B0I0I0H652F;1GC0000101;44;0I14102B0I0I0H652F;18;9;;4;3;1;G;C;0;0;0;0;1;0;1;49;71;67;48;48;48;48;49;48;49;18;40;36;17;17;17;17;18;17;18;0I;14;10;2B;0I;0I;0H;65;2F;;;18;40;36;83;18;18;17;221;87;;;49;71;67;114;49;49;48;252;118;;;W01,W08,W10;W02;W03;;W01,W08,W10;W01,W08,W10;W04,W05,W06,W07,W09;;;;;;;;
179;0D0I1M0I0H0H0H0H0I0H0I1O1T2X1T1S1T1S1T1U1S1T0--0I1M0I2B0I0I0H652F;1Y10000101;44;0I1M0I2B0I0I0H652F;18;9;;4;3;1;Y;1;0;0;0;0;1;0;1;49;89;49;48;48;48;48;49;48;49;18;58;18;17;17;17;17;18;17;18;0I;1M;0I;2B;0I;0I;0H;65;2F;;;18;58;18;83;18;18;17;221;87;;;49;89;49;114;49;49;48;252;118;;;W01,W03,W08,W10;W02;W01,W03,W08,W10;;W01,W03,W08,W10;W01,W03,W08,W10;W04,W05,W06,W07,W09;;;;;;;;
180;0D0J1D0Q0H0H0H0H0I0H0I1O1U2O211S1T1S1T1U1S1T0--0J1D0Q2B0I0I0H652F;2P90000101;44;0J1D0Q2B0I0I0H652F;18;9;;4;3;2;P;9;0;0;0;0;1;0;1;50;80;57;48;48;48;48;49;48;49;19;49;26;17;17;17;17;18;17;18;0J;1D;0Q;2B;0I;0I;0H;65;2F;;;19;49;26;83;18;18;17;221;87;;;50;80;57;114;49;49;48;252;118;;;W01;W02;W03;;W08,W10;W08,W10;W04,W05,W06,W07,W09;;;;;;;;
181;0D1G0Q1K1F170H0H0I0H0I1O2R212V2Q2I1S1T1U1S1T0--1G0Q1K1F170P0I0I0H630R0;S9WRJ00101;44;1G0Q1K1F170P0I0I0H630R0;23;11;0;6;5;S;9;W;R;J;0;0;1;0;1;83;57;87;82;74;48;48;49;48;49;52;26;56;51;43;17;17;18;17;18;1G;0Q;1K;1F;17;0P;0I;0I;0H;63;0R;52;26;56;51;43;25;18;18;17;219;27;83;57;87;82;74;56;49;49;48;250;58;W01;W02;W03;W04;W05;;W08,W10;W08,W10;W06,W07,W09;;;;;;
182;0D1M0J0H0H0H0H0H0I0H0I1O2X1U1S1T1S1T1S1T1S1T0--1M0J0Y0I0I0H66130;Y200000101;44;1M0J0Y0I0I0H66130;17;8;0;3;2;Y;2;0;0;0;0;0;1;0;1;89;50;48;48;48;48;48;49;48;49;58;19;17;17;17;17;17;18;17;18;1M;0J;0Y;0I;0I;0H;66;13;;;;58;19;34;18;18;17;222;39;;;;89;50;65;49;49;48;253;70;;;;W01;W02;;W08,W10;W08,W10;W03,W04,W05,W06,W07,W09;;;;;;;;;
183;0E0I1G0P0H0H0H0H0I0H0I1Q1U2S211T1U1T1U1V1T1U0--0I1G0P2C0I0H0I652G;1S80000101;45;0I1G0P2C0I0H0I652G;18;9;;4;3;1;S;8;0;0;0;0;1;0;1;49;83;56;48;48;48;48;49;48;49;18;52;25;17;17;17;17;18;17;18;0I;1G;0P;2C;0I;0H;0I;65;2G;;;18;52;25;84;18;17;18;221;88;;;49;83;56;115;49;48;49;252;119;;;W01,W08,W10;W02;W03;;W01,W08,W10;W04,W05,W06,W07,W09;W01,W08,W10;;;;;;;;
184;0E0I1H0O0H0H0H0H0I0H0I1Q1U2T201T1U1T1U1V1T1U0--0I1H0O2C0I0H0I652G;1T70000101;45;0I1H0O2C0I0H0I652G;18;9;;4;3;1;T;7;0;0;0;0;1;0;1;49;84;55;48;48;48;48;49;48;49;18;53;24;17;17;17;17;18;17;18;0I;1H;0O;2C;0I;0H;0I;65;2G;;;18;53;24;84;18;17;18;221;88;;;49;84;55;115;49;48;49;252;119;;;W01,W08,W10;W02;W03;;W01,W08,W10;W04,W05,W06,W07,W09;W01,W08,W10;;;;;;;;
185;0E0I1L0K0H0H0H0H0I0H0I1Q1U2X1W1T1U1T1U1V1T1U0--0I1L0K2C0I0H0I652G;1X30000101;45;0I1L0K2C0I0H0I652G;18;9;;4;3;1;X;3;0;0;0;0;1;0;1;49;88;51;48;48;48;48;49;48;49;18;57;20;17;17;17;17;18;17;18;0I;1L;0K;2C;0I;0H;0I;65;2G;;;18;57;20;84;18;17;18;221;88;;;49;88;51;115;49;48;49;252;119;;;W01,W08,W10;W02;W03;;W01,W08,W10;W04,W05,W06,W07,W09;W01,W08,W10;;;;;;;;
186;0E0I1M0J0H0H0H0H0I0H0I1Q1U2Y1V1T1U1T1U1V1T1U0--0I1M0J2C0I0H0I652G;1Y20000101;45;0I1M0J2C0I0H0I652G;18;9;;4;3;1;Y;2;0;0;0;0;1;0;1;49;89;50;48;48;48;48;49;48;49;18;58;19;17;17;17;17;18;17;18;0I;1M;0J;2C;0I;0H;0I;65;2G;;;18;58;19;84;18;17;18;221;88;;;49;89;50;115;49;48;49;252;119;;;W01,W08,W10;W02;W03;;W01,W08,W10;W04,W05,W06,W07,W09;W01,W08,W10;;;;;;;;
187;0E0J14100H0H0H0H0I0H0I1Q1V2G2C1T1U1T1U1V1T1U0--0J14102C0I0H0I652G;2GC0000101;45;0J14102C0I0H0I652G;18;9;;4;3;2;G;C;0;0;0;0;1;0;1;50;71;67;48;48;48;48;49;48;49;19;40;36;17;17;17;17;18;17;18;0J;14;10;2C;0I;0H;0I;65;2G;;;19;40;36;84;18;17;18;221;88;;;50;71;67;115;49;48;49;252;119;;;W01;W02;W03;;W08,W10;W04,W05,W06,W07,W09;W08,W10;;;;;;;;
188;0E0J1F0P0H0H0H0H0I0H0I1Q1V2R211T1U1T1U1V1T1U0--0J1F0P2C0I0H0I652G;2R80000101;45;0J1F0P2C0I0H0I652G;18;9;;4;3;2;R;8;0;0;0;0;1;0;1;50;82;56;48;48;48;48;49;48;49;19;51;25;17;17;17;17;18;17;18;0J;1F;0P;2C;0I;0H;0I;65;2G;;;19;51;25;84;18;17;18;221;88;;;50;82;56;115;49;48;49;252;119;;;W01;W02;W03;;W08,W10;W04,W05,W06,W07,W09;W08,W10;;;;;;;;
189;0E1C1B161D170H0H0I0H0I1Q2O2N2I2P2J1T1U1V1T1U0--1C1B161D170Q0I0H0I630S0;ONIPJ00101;45;1C1B161D170Q0I0H0I630S0;23;11;0;6;5;O;N;I;P;J;0;0;1;0;1;79;78;73;80;74;48;48;49;48;49;48;47;42;49;43;17;17;18;17;18;1C;1B;16;1D;17;0Q;0I;0H;0I;63;0S;48;47;42;49;43;26;18;17;18;219;28;79;78;73;80;74;57;49;48;49;250;59;W01;W02;W03;W04;W05;;W08,W10;W06,W07,W09;W08,W10;;;;;;
190;0E1N0J0H0H0H0H0H0I0H0I1Q2Z1V1T1U1T1U1T1U1T1U0--1N0J0Z0I0H0I66140;Z200000101;45;1N0J0Z0I0H0I66140;17;8;0;3;2;Z;2;0;0;0;0;0;1;0;1;90;50;48;48;48;48;48;49;48;49;59;19;17;17;17;17;17;18;17;18;1N;0J;0Z;0I;0H;0I;66;14;;;;59;19;35;18;17;18;222;40;;;;90;50;66;49;48;49;253;71;;;;W01;W02;;W08,W10;W03,W04,W05,W06,W07,W09;W08,W10;;;;;;;;;
191;0F0I1H0P0H0H0H0H0I0H0I1S1V2U221U1V1U1V1W1U1V0--0I1H0P2D0I0I0H652H;1T80000101;46;0I1H0P2D0I0I0H652H;18;9;;4;3;1;T;8;0;0;0;0;1;0;1;49;84;56;48;48;48;48;49;48;49;18;53;25;17;17;17;17;18;17;18;0I;1H;0P;2D;0I;0I;0H;65;2H;;;18;53;25;85;18;18;17;221;89;;;49;84;56;116;49;49;48;252;120;;;W01,W08,W10;W02;W03;;W01,W08,W10;W01,W08,W10;W04,W05,W06,W07,W09;;;;;;;;
192;0F0I1I0O0H0H0H0H0I0H0I1S1V2V211U1V1U1V1W1U1V0--0I1I0O2D0I0I0H652H;1U70000101;46;0I1I0O2D0I0I0H652H;18;9;;4;3;1;U;7;0;0;0;0;1;0;1;49;85;55;48;48;48;48;49;48;49;18;54;24;17;17;17;17;18;17;18;0I;1I;0O;2D;0I;0I;0H;65;2H;;;18;54;24;85;18;18;17;221;89;;;49;85;55;116;49;49;48;252;120;;;W01,W08,W10;W02;W03;;W01,W08,W10;W01,W08,W10;W04,W05,W06,W07,W09;;;;;;;;
193;0F0I1L0L0H0H0H0H0I0H0I1S1V2Y1Y1U1V1U1V1W1U1V0--0I1L0L2D0I0I0H652H;1X40000101;46;0I1L0L2D0I0I0H652H;18;9;;4;3;1;X;4;0;0;0;0;1;0;1;49;88;52;48;48;48;48;49;48;49;18;57;21;17;17;17;17;18;17;18;0I;1L;0L;2D;0I;0I;0H;65;2H;;;18;57;21;85;18;18;17;221;89;;;49;88;52;116;49;49;48;252;120;;;W01,W08,W10;W02;W03;;W01,W08,W10;W01,W08,W10;W04,W05,W06,W07,W09;;;;;;;;
194;0F0J170Y0H0H0H0H0I0H0I1S1W2K2B1U1V1U1V1W1U1V0--0J170Y2D0I0I0H652H;2JA0000101;46;0J170Y2D0I0I0H652H;18;9;;4;3;2;J;A;0;0;0;0;1;0;1;50;74;65;48;48;48;48;49;48;49;19;43;34;17;17;17;17;18;17;18;0J;17;0Y;2D;0I;0I;0H;65;2H;;;19;43;34;85;18;18;17;221;89;;;50;74;65;116;49;49;48;252;120;;;W01;W02;W03;;W08,W10;W08,W10;W04,W05,W06,W07,W09;;;;;;;;
195;0F0K1F0P0H0H0H0H0I0H0I1S1X2S221U1V1U1V1W1U1V0--0K1F0P2D0I0I0H652H;3R80000101;46;0K1F0P2D0I0I0H652H;18;9;;4;3;3;R;8;0;0;0;0;1;0;1;51;82;56;48;48;48;48;49;48;49;20;51;25;17;17;17;17;18;17;18;0K;1F;0P;2D;0I;0I;0H;65;2H;;;20;51;25;85;18;18;17;221;89;;;51;82;56;116;49;49;48;252;120;;;W01;W02;W03;;W08,W10;W08,W10;W04,W05,W06,W07,W09;;;;;;;;
196;0F0N1J0I0H0H0H0H0I0H0I1S202W1V1U1V1U1V1W1U1V0--0N1J0I2D0I0I0H652H;6V10000101;46;0N1J0I2D0I0I0H652H;18;9;;4;3;6;V;1;0;0;0;0;1;0;1;54;86;49;48;48;48;48;49;48;49;23;55;18;17;17;17;17;18;17;18;0N;1J;0I;2D;0I;0I;0H;65;2H;;;23;55;18;85;18;18;17;221;89;;;54;86;49;116;49;49;48;252;120;;;W01;W02;W03,W08,W10;;W03,W08,W10;W03,W08,W10;W04,W05,W06,W07,W09;;;;;;;;
197;0F1E1I111A170H0H0I0H0I1S2R2V2E2N2K1U1V1W1U1V0--1E1I111A170R0I0I0H630T0;QUDMJ00101;46;1E1I111A170R0I0I0H630T0;23;11;0;6;5;Q;U;D;M;J;0;0;1;0;1;81;85;68;77;74;48;48;49;48;49;50;54;37;46;43;17;17;18;17;18;1E;1I;11;1A;17;0R;0I;0I;0H;63;0T;50;54;37;46;43;27;18;18;17;219;29;81;85;68;77;74;58;49;49;48;250;60;W01;W02;W03;W04;W05;;W08,W10;W08,W10;W06,W07,W09;;;;;;
198;0F1N0K0H0H0H0H0H0I0H0I1S301X1U1V1U1V1U1V1U1V0--1N0K100I0I0H66150;Z300000101;46;1N0K100I0I0H66150;17;8;0;3;2;Z;3;0;0;0;0;0;1;0;1;90;51;48;48;48;48;48;49;48;49;59;20;17;17;17;17;17;18;17;18;1N;0K;10;0I;0I;0H;66;15;;;;59;20;36;18;18;17;222;41;;;;90;51;67;49;49;48;253;72;;;;W01;W02;;W08,W10;W08,W10;W03,W04,W05,W06,W07,W09;;;;;;;;;
199;0G0I17100H0H0H0H0I0H0I1U1W2L2E1V1W1V1W1X1V1W0--0I17102E0I0H0I652I;1JC0000101;47;0I17102E0I0H0I652I;18;9;;4;3;1;J;C;0;0;0;0;1;0;1;49;74;67;48;48;48;48;49;48;49;18;43;36;17;17;17;17;18;17;18;0I;17;10;2E;0I;0H;0I;65;2I;;;18;43;36;86;18;17;18;221;90;;;49;74;67;117;49;48;49;252;121;;;W01,W08,W10;W02;W03;;W01,W08,W10;W04,W05,W06,W07,W09;W01,W08,W10;;;;;;;;
200;0G0I190Y0H0H0H0H0I0H0I1U1W2N2C1V1W1V1W1X1V1W0--0I190Y2E0I0H0I652I;1LA0000101;47;0I190Y2E0I0H0I652I;18;9;;4;3;1;L;A;0;0;0;0;1;0;1;49;76;65;48;48;48;48;49;48;49;18;45;34;17;17;17;17;18;17;18;0I;19;0Y;2E;0I;0H;0I;65;2I;;;18;45;34;86;18;17;18;221;90;;;49;76;65;117;49;48;49;252;121;;;W01,W08,W10;W02;W03;;W01,W08,W10;W04,W05,W06,W07,W09;W01,W08,W10;;;;;;;;
201;0G0I1I0P0H0H0H0H0I0H0I1U1W2W231V1W1V1W1X1V1W0--0I1I0P2E0I0H0I652I;1U80000101;47;0I1I0P2E0I0H0I652I;18;9;;4;3;1;U;8;0;0;0;0;1;0;1;49;85;56;48;48;48;48;49;48;49;18;54;25;17;17;17;17;18;17;18;0I;1I;0P;2E;0I;0H;0I;65;2I;;;18;54;25;86;18;17;18;221;90;;;49;85;56;117;49;48;49;252;121;;;W01,W08,W10;W02;W03;;W01,W08,W10;W04,W05,W06,W07,W09;W01,W08,W10;;;;;;;;
202;0G0I1J0O0H0H0H0H0I0H0I1U1W2X221V1W1V1W1X1V1W0--0I1J0O2E0I0H0I652I;1V70000101;47;0I1J0O2E0I0H0I652I;18;9;;4;3;1;V;7;0;0;0;0;1;0;1;49;86;55;48;48;48;48;49;48;49;18;55;24;17;17;17;17;18;17;18;0I;1J;0O;2E;0I;0H;0I;65;2I;;;18;55;24;86;18;17;18;221;90;;;49;86;55;117;49;48;49;252;121;;;W01,W08,W10;W02;W03;;W01,W08,W10;W04,W05,W06,W07,W09;W01,W08,W10;;;;;;;;
203;0G0M1L0I0H0H0H0H0I0H0I1U202Z1W1V1W1V1W1X1V1W0--0M1L0I2E0I0H0I652I;5X10000101;47;0M1L0I2E0I0H0I652I;18;9;;4;3;5;X;1;0;0;0;0;1;0;1;53;88;49;48;48;48;48;49;48;49;22;57;18;17;17;17;17;18;17;18;0M;1L;0I;2E;0I;0H;0I;65;2I;;;22;57;18;86;18;17;18;221;90;;;53;88;49;117;49;48;49;252;121;;;W01;W02;W03,W08,W10;;W03,W08,W10;W04,W05,W06,W07,W09;W03,W08,W10;;;;;;;;
204;0G1B1E131G170H0H0I0H0I1U2P2S2H2U2L1V1W1X1V1W0--1B1E131G170S0I0H0I630U0;NQFSJ00101;47;1B1E131G170S0I0H0I630U0;23;11;0;6;5;N;Q;F;S;J;0;0;1;0;1;78;81;70;83;74;48;48;49;48;49;47;50;39;52;43;17;17;18;17;18;1B;1E;13;1G;17;0S;0I;0H;0I;63;0U;47;50;39;52;43;28;18;17;18;219;30;78;81;70;83;74;59;49;48;49;250;61;W01;W02;W03;W04;W05;;W08,W10;W06,W07,W09;W08,W10;;;;;;
205;0G1D151G1A170H0H0I0H0I1U2R2J2U2O2L1V1W1X1V1W0--1D151G1A170S0I0H0I630U0;PHSMJ00101;47;1D151G1A170S0I0H0I630U0;23;11;0;6;5;P;H;S;M;J;0;0;1;0;1;80;72;83;77;74;48;48;49;48;49;49;41;52;46;43;17;17;18;17;18;1D;15;1G;1A;17;0S;0I;0H;0I;63;0U;49;41;52;46;43;28;18;17;18;219;30;80;72;83;77;74;59;49;48;49;250;61;W01;W02;W03;W04;W05;;W08,W10;W06,W07,W09;W08,W10;;;;;;
206;0G1J1M0K1J170H0H0I0H0I1U2X301Y2X2L1V1W1X1V1W0--1J1M0K1J170S0I0H0I630U0;VY3VJ00101;47;1J1M0K1J170S0I0H0I630U0;23;11;0;6;5;V;Y;3;V;J;0;0;1;0;1;86;89;51;86;74;48;48;49;48;49;55;58;20;55;43;17;17;18;17;18;1J;1M;0K;1J;17;0S;0I;0H;0I;63;0U;55;58;20;55;43;28;18;17;18;219;30;86;89;51;86;74;59;49;48;49;250;61;W01,W04;W02;W03;W01,W04;W05;;W08,W10;W06,W07,W09;W08,W10;;;;;;
207;0G1N0K1M1F170H0H0I0H0I1U311Y302T2L1V1W1X1V1W0--1N0K1M1F170S0I0H0I630U0;Z3YRJ00101;47;1N0K1M1F170S0I0H0I630U0;23;11;0;6;5;Z;3;Y;R;J;0;0;1;0;1;90;51;89;82;74;48;48;49;48;49;59;20;58;51;43;17;17;18;17;18;1N;0K;1M;1F;17;0S;0I;0H;0I;63;0U;59;20;58;51;43;28;18;17;18;219;30;90;51;89;82;74;59;49;48;49;250;61;W01;W02;W03;W04;W05;;W08,W10;W06,W07,W09;W08,W10;;;;;;
208;0H0I18100H0H0H0H0I0H0I1W1X2N2F1W1X1W1X1Y1W1X0--0I18102F0I0I0H652J;1KC0000101;48;0I18102F0I0I0H652J;18;9;;4;3;1;K;C;0;0;0;0;1;0;1;49;75;67;48;48;48;48;49;48;49;18;44;36;17;17;17;17;18;17;18;0I;18;10;2F;0I;0I;0H;65;2J;;;18;44;36;87;18;18;17;221;91;;;49;75;67;118;49;49;48;252;122;;;W01,W08,W10;W02;W03;;W01,W08,W10;W01,W08,W10;W04,W05,W06,W07,W09;;;;;;;;
209;0H0I1A0Y0H0H0H0H0I0H0I1W1X2P2D1W1X1W1X1Y1W1X0--0I1A0Y2F0I0I0H652J;1MA0000101;48;0I1A0Y2F0I0I0H652J;18;9;;4;3;1;M;A;0;0;0;0;1;0;1;49;77;65;48;48;48;48;49;48;49;18;46;34;17;17;17;17;18;17;18;0I;1A;0Y;2F;0I;0I;0H;65;2J;;;18;46;34;87;18;18;17;221;91;;;49;77;65;118;49;49;48;252;122;;;W01,W08,W10;W02;W03;;W01,W08,W10;W01,W08,W10;W04,W05,W06,W07,W09;;;;;;;;
210;0H0I1J0P0H0H0H0H0I0H0I1W1X2Y241W1X1W1X1Y1W1X0--0I1J0P2F0I0I0H652J;1V80000101;48;0I1J0P2F0I0I0H652J;18;9;;4;3;1;V;8;0;0;0;0;1;0;1;49;86;56;48;48;48;48;49;48;49;18;55;25;17;17;17;17;18;17;18;0I;1J;0P;2F;0I;0I;0H;65;2J;;;18;55;25;87;18;18;17;221;91;;;49;86;56;118;49;49;48;252;122;;;W01,W08,W10;W02;W03;;W01,W08,W10;W01,W08,W10;W04,W05,W06,W07,W09;;;;;;;;
211;0H0I1L0N0H0H0H0H0I0H0I1W1X30221W1X1W1X1Y1W1X0--0I1L0N2F0I0I0H652J;1X60000101;48;0I1L0N2F0I0I0H652J;18;9;;4;3;1;X;6;0;0;0;0;1;0;1;49;88;54;48;48;48;48;49;48;49;18;57;23;17;17;17;17;18;17;18;0I;1L;0N;2F;0I;0I;0H;65;2J;;;18;57;23;87;18;18;17;221;91;;;49;88;54;118;49;49;48;252;122;;;W01,W08,W10;W02;W03;;W01,W08,W10;W01,W08,W10;W04,W05,W06,W07,W09;;;;;;;;
212;0H0I1M0M0H0H0H0H0I0H0I1W1X31211W1X1W1X1Y1W1X0--0I1M0M2F0I0I0H652J;1Y50000101;48;0I1M0M2F0I0I0H652J;18;9;;4;3;1;Y;5;0;0;0;0;1;0;1;49;89;53;48;48;48;48;49;48;49;18;58;22;17;17;17;17;18;17;18;0I;1M;0M;2F;0I;0I;0H;65;2J;;;18;58;22;87;18;18;17;221;91;;;49;89;53;118;49;49;48;252;122;;;W01,W08,W10;W02;W03;;W01,W08,W10;W01,W08,W10;W04,W05,W06,W07,W09;;;;;;;;
213;0H0I1N0L0H0H0H0H0I0H0I1W1X32201W1X1W1X1Y1W1X0--0I1N0L2F0I0I0H652J;1Z40000101;48;0I1N0L2F0I0I0H652J;18;9;;4;3;1;Z;4;0;0;0;0;1;0;1;49;90;52;48;48;48;48;49;48;49;18;59;21;17;17;17;17;18;17;18;0I;1N;0L;2F;0I;0I;0H;65;2J;;;18;59;21;87;18;18;17;221;91;;;49;90;52;118;49;49;48;252;122;;;W01,W08,W10;W02;W03;;W01,W08,W10;W01,W08,W10;W04,W05,W06,W07,W09;;;;;;;;
214;0H0J190Y0H0H0H0H0I0H0I1W1Y2O2D1W1X1W1X1Y1W1X0--0J190Y2F0I0I0H652J;2LA0000101;48;0J190Y2F0I0I0H652J;18;9;;4;3;2;L;A;0;0;0;0;1;0;1;50;76;65;48;48;48;48;49;48;49;19;45;34;17;17;17;17;18;17;18;0J;19;0Y;2F;0I;0I;0H;65;2J;;;19;45;34;87;18;18;17;221;91;;;50;76;65;118;49;49;48;252;122;;;W01;W02;W03;;W08,W10;W08,W10;W04,W05,W06,W07,W09;;;;;;;;
215;0H0O1K0I0H0H0H0H0I0H0I1W232Z1X1W1X1W1X1Y1W1X0--0O1K0I2F0I0I0H652J;7W10000101;48;0O1K0I2F0I0I0H652J;18;9;;4;3;7;W;1;0;0;0;0;1;0;1;55;87;49;48;48;48;48;49;48;49;24;56;18;17;17;17;17;18;17;18;0O;1K;0I;2F;0I;0I;0H;65;2J;;;24;56;18;87;18;18;17;221;91;;;55;87;49;118;49;49;48;252;122;;;W01;W02;W03,W08,W10;;W03,W08,W10;W03,W08,W10;W04,W05,W06,W07,W09;;;;;;;;
216;0H1B131I1D170H0H0I0H0I1W2Q2I2X2S2M1W1X1Y1W1X0--1B131I1D170T0I0I0H630V0;NFUPJ00101;48;1B131I1D170T0I0I0H630V0;23;11;0;6;5;N;F;U;P;J;0;0;1;0;1;78;70;85;80;74;48;48;49;48;49;47;39;54;49;43;17;17;18;17;18;1B;13;1I;1D;17;0T;0I;0I;0H;63;0V;47;39;54;49;43;29;18;18;17;219;31;78;70;85;80;74;60;49;49;48;250;62;W01;W02;W03;W04;W05;;W08,W10;W08,W10;W06,W07,W09;;;;;;
217;0H1C1D171D170H0H0I0H0I1W2R2S2M2S2M1W1X1Y1W1X0--1C1D171D170T0I0I0H630V0;OPJPJ00101;48;1C1D171D170T0I0I0H630V0;23;11;0;6;5;O;P;J;P;J;0;0;1;0;1;79;80;74;80;74;48;48;49;48;49;48;49;43;49;43;17;17;18;17;18;1C;1D;17;1D;17;0T;0I;0I;0H;63;0V;48;49;43;49;43;29;18;18;17;219;31;79;80;74;80;74;60;49;49;48;250;62;W01;W02,W04;W03,W05;W02,W04;W03,W05;;W08,W10;W08,W10;W06,W07,W09;;;;;;
218;0H1C1E131G170H0H0I0H0I1W2R2T2I2V2M1W1X1Y1W1X0--1C1E131G170T0I0I0H630V0;OQFSJ00101;48;1C1E131G170T0I0I0H630V0;23;11;0;6;5;O;Q;F;S;J;0;0;1;0;1;79;81;70;83;74;48;48;49;48;49;48;50;39;52;43;17;17;18;17;18;1C;1E;13;1G;17;0T;0I;0I;0H;63;0V;48;50;39;52;43;29;18;18;17;219;31;79;81;70;83;74;60;49;49;48;250;62;W01;W02;W03;W04;W05;;W08,W10;W08,W10;W06,W07,W09;;;;;;
219;0H1E1H131B170H0H0I0H0I1W2T2W2I2Q2M1W1X1Y1W1X0--1E1H131B170T0I0I0H630V0;QTFNJ00101;48;1E1H131B170T0I0I0H630V0;23;11;0;6;5;Q;T;F;N;J;0;0;1;0;1;81;84;70;78;74;48;48;49;48;49;50;53;39;47;43;17;17;18;17;18;1E;1H;13;1B;17;0T;0I;0I;0H;63;0V;50;53;39;47;43;29;18;18;17;219;31;81;84;70;78;74;60;49;49;48;250;62;W01;W02;W03;W04;W05;;W08,W10;W08,W10;W06,W07,W09;;;;;;
220;0H1J0Q0H0H0H0H0H0I0H0I1W2Y251W1X1W1X1W1X1W1X0--1J0Q120I0I0H66170;V900000101;48;1J0Q120I0I0H66170;17;8;0;3;2;V;9;0;0;0;0;0;1;0;1;86;57;48;48;48;48;48;49;48;49;55;26;17;17;17;17;17;18;17;18;1J;0Q;12;0I;0I;0H;66;17;;;;55;26;38;18;18;17;222;43;;;;86;57;69;49;49;48;253;74;;;;W01;W02;;W08,W10;W08,W10;W03,W04,W05,W06,W07,W09;;;;;;;;;
221;0I0I19100H0H0H0H0I0H0I1Y1Z2P2G1X1Y1X1Y1Z1X1Y0--0I19102G0I0H0I652K;1LC0000101;49;0I19102G0I0H0I652K;18;9;;4;3;1;L;C;0;0;0;0;1;0;1;49;76;67;48;48;48;48;49;48;49;18;45;36;17;17;17;17;18;17;18;0I;19;10;2G;0I;0H;0I;65;2K;;;18;45;36;88;18;17;18;221;92;;;49;76;67;119;49;48;49;252;123;;;W01,W08,W10;W02;W03;;W01,W08,W10;W04,W05,W06,W07,W09;W01,W08,W10;;;;;;;;
222;0I0I1A0Z0H0H0H0H0I0H0I1Y1Z2Q2F1X1Y1X1Y1Z1X1Y0--0I1A0Z2G0I0H0I652K;1MB0000101;49;0I1A0Z2G0I0H0I652K;18;9;;4;3;1;M;B;0;0;0;0;1;0;1;49;77;66;48;48;48;48;49;48;49;18;46;35;17;17;17;17;18;17;18;0I;1A;0Z;2G;0I;0H;0I;65;2K;;;18;46;35;88;18;17;18;221;92;;;49;77;66;119;49;48;49;252;123;;;W01,W08,W10;W02;W03;;W01,W08,W10;W04,W05,W06,W07,W09;W01,W08,W10;;;;;;;;
223;0I0I1K0P0H0H0H0H0I0H0I1Y1Z30251X1Y1X1Y1Z1X1Y0--0I1K0P2G0I0H0I652K;1W80000101;49;0I1K0P2G0I0H0I652K;18;9;;4;3;1;W;8;0;0;0;0;1;0;1;49;87;56;48;48;48;48;49;48;49;18;56;25;17;17;17;17;18;17;18;0I;1K;0P;2G;0I;0H;0I;65;2K;;;18;56;25;88;18;17;18;221;92;;;49;87;56;119;49;48;49;252;123;;;W01,W08,W10;W02;W03;;W01,W08,W10;W04,W05,W06,W07,W09;W01,W08,W10;;;;;;;;
224;0I0J1N0L0H0H0H0H0I0H0I1Y1Z33211X1Y1X1Y1Z1X1Y0--0J1N0L2G0I0H0I652K;2Z40000101;49;0J1N0L2G0I0H0I652K;18;9;;4;3;2;Z;4;0;0;0;0;1;0;1;50;90;52;48;48;48;48;49;48;49;19;59;21;17;17;17;17;18;17;18;0J;1N;0L;2G;0I;0H;0I;65;2K;;;19;59;21;88;18;17;18;221;92;;;50;90;52;119;49;48;49;252;123;;;W01;W02;W03;;W08,W10;W04,W05,W06,W07,W09;W08,W10;;;;;;;;
225;0I111F1E1G170H0H0I0H0I1Y2H2V2U2W2N1X1Y1Z1X1Y0--111F1E1G170U0I0H0I630W0;DRQSJ00101;49;111F1E1G170U0I0H0I630W0;23;11;0;6;5;D;R;Q;S;J;0;0;1;0;1;68;82;81;83;74;48;48;49;48;49;37;51;50;52;43;17;17;18;17;18;11;1F;1E;1G;17;0U;0I;0H;0I;63;0W;37;51;50;52;43;30;18;17;18;219;32;68;82;81;83;74;61;49;48;49;250;63;W01;W02;W03;W04;W05;;W08,W10;W06,W07,W09;W08,W10;;;;;;
226;0I1K0Q0H0H0H0H0H0I0H0I1Y30261X1Y1X1Y1X1Y1X1Y0--1K0Q130I0H0I66180;W900000101;49;1K0Q130I0H0I66180;17;8;0;3;2;W;9;0;0;0;0;0;1;0;1;87;57;48;48;48;48;48;49;48;49;56;26;17;17;17;17;17;18;17;18;1K;0Q;13;0I;0H;0I;66;18;;;;56;26;39;18;17;18;222;44;;;;87;57;70;49;48;49;253;75;;;;W01;W02;;W08,W10;W03,W04,W05,W06,W07,W09;W08,W10;;;;;;;;;
227;0J0I1A100H0H0H0H0I0H0I201Z2R2H1Y1Z1Y1Z201Y1Z0--0I1A102H0I0I0H652L;1MC0000101;50;0I1A102H0I0I0H652L;18;9;;4;3;1;M;C;0;0;0;0;1;0;1;49;77;67;48;48;48;48;49;48;49;18;46;36;17;17;17;17;18;17;18;0I;1A;10;2H;0I;0I;0H;65;2L;;;18;46;36;89;18;18;17;221;93;;;49;77;67;120;49;49;48;252;124;;;W01,W08,W10;W02;W03;;W01,W08,W10;W01,W08,W10;W04,W05,W06,W07,W09;;;;;;;;
228;0J0I1B0Z0H0H0H0H0I0H0I201Z2S2G1Y1Z1Y1Z201Y1Z0--0I1B0Z2H0I0I0H652L;1NB0000101;50;0I1B0Z2H0I0I0H652L;18;9;;4;3;1;N;B;0;0;0;0;1;0;1;49;78;66;48;48;48;48;49;48;49;18;47;35;17;17;17;17;18;17;18;0I;1B;0Z;2H;0I;0I;0H;65;2L;;;18;47;35;89;18;18;17;221;93;;;49;78;66;120;49;49;48;252;124;;;W01,W08,W10;W02;W03;;W01,W08,W10;W01,W08,W10;W04,W05,W06,W07,W09;;;;;;;;
229;0J0I1K0Q0H0H0H0H0I0H0I201Z31271Y1Z1Y1Z201Y1Z0--0I1K0Q2H0I0I0H652L;1W90000101;50;0I1K0Q2H0I0I0H652L;18;9;;4;3;1;W;9;0;0;0;0;1;0;1;49;87;57;48;48;48;48;49;48;49;18;56;26;17;17;17;17;18;17;18;0I;1K;0Q;2H;0I;0I;0H;65;2L;;;18;56;26;89;18;18;17;221;93;;;49;87;57;120;49;49;48;252;124;;;W01,W08,W10;W02;W03;;W01,W08,W10;W01,W08,W10;W04,W05,W06,W07,W09;;;;;;;;
230;0J0I1L0P0H0H0H0H0I0H0I201Z32261Y1Z1Y1Z201Y1Z0--0I1L0P2H0I0I0H652L;1X80000101;50;0I1L0P2H0I0I0H652L;18;9;;4;3;1;X;8;0;0;0;0;1;0;1;49;88;56;48;48;48;48;49;48;49;18;57;25;17;17;17;17;18;17;18;0I;1L;0P;2H;0I;0I;0H;65;2L;;;18;57;25;89;18;18;17;221;93;;;49;88;56;120;49;49;48;252;124;;;W01,W08,W10;W02;W03;;W01,W08,W10;W01,W08,W10;W04,W05,W06,W07,W09;;;;;;;;
231;0J0J1K0P0H0H0H0H0I0H0I202131261Y1Z1Y1Z201Y1Z0--0J1K0P2H0I0I0H652L;2W80000101;50;0J1K0P2H0I0I0H652L;18;9;;4;3;2;W;8;0;0;0;0;1;0;1;50;87;56;48;48;48;48;49;48;49;19;56;25;17;17;17;17;18;17;18;0J;1K;0P;2H;0I;0I;0H;65;2L;;;19;56;25;89;18;18;17;221;93;;;50;87;56;120;49;49;48;252;124;;;W01;W02;W03;;W08,W10;W08,W10;W04,W05,W06,W07,W09;;;;;;;;
232;0J0L1I0P0H0H0H0H0I0H0I20222Z261Y1Z1Y1Z201Y1Z0--0L1I0P2H0I0I0H652L;4U80000101;50;0L1I0P2H0I0I0H652L;18;9;;4;3;4;U;8;0;0;0;0;1;0;1;52;85;56;48;48;48;48;49;48;49;21;54;25;17;17;17;17;18;17;18;0L;1I;0P;2H;0I;0I;0H;65;2L;;;21;54;25;89;18;18;17;221;93;;;52;85;56;120;49;49;48;252;124;;;W01;W02;W03;;W08,W10;W08,W10;W04,W05,W06,W07,W09;;;;;;;;
233;0J181L181A170H0H0I0H0I202P322P2R2O1Y1Z201Y1Z0--181L181A170V0I0I0H630X0;KXKMJ00101;50;181L181A170V0I0I0H630X0;23;11;0;6;5;K;X;K;M;J;0;0;1;0;1;75;88;75;77;74;48;48;49;48;49;44;57;44;46;43;17;17;18;17;18;18;1L;18;1A;17;0V;0I;0I;0H;63;0X;44;57;44;46;43;31;18;18;17;219;33;75;88;75;77;74;62;49;49;48;250;64;W01,W03;W02;W01,W03;W04;W05;;W08,W10;W08,W10;W06,W07,W09;;;;;;
234;0J1D1E181C170H0H0I0H0I202U2V2P2T2O1Y1Z201Y1Z0--1D1E181C170V0I0I0H630X0;PQKOJ00101;50;1D1E181C170V0I0I0H630X0;23;11;0;6;5;P;Q;K;O;J;0;0;1;0;1;80;81;75;79;74;48;48;49;48;49;49;50;44;48;43;17;17;18;17;18;1D;1E;18;1C;17;0V;0I;0I;0H;63;0X;49;50;44;48;43;31;18;18;17;219;33;80;81;75;79;74;62;49;49;48;250;64;W01;W02;W03;W04;W05;;W08,W10;W08,W10;W06,W07,W09;;;;;;
235;0J1N1E0Z1B170H0H0I0H0I20342V2G2S2O1Y1Z201Y1Z0--1N1E0Z1B170V0I0I0H630X0;ZQBNJ00101;50;1N1E0Z1B170V0I0I0H630X0;23;11;0;6;5;Z;Q;B;N;J;0;0;1;0;1;90;81;66;78;74;48;48;49;48;49;59;50;35;47;43;17;17;18;17;18;1N;1E;0Z;1B;17;0V;0I;0I;0H;63;0X;59;50;35;47;43;31;18;18;17;219;33;90;81;66;78;74;62;49;49;48;250;64;W01;W02;W03;W04;W05;;W08,W10;W08,W10;W06,W07,W09;;;;;;
236;0K0I1B100H0H0H0H0I0H0I22202T2I1Z201Z20211Z200--0I1B102I0I0H0I652M;1NC0000101;51;0I1B102I0I0H0I652M;18;9;;4;3;1;N;C;0;0;0;0;1;0;1;49;78;67;48;48;48;48;49;48;49;18;47;36;17;17;17;17;18;17;18;0I;1B;10;2I;0I;0H;0I;65;2M;;;18;47;36;90;18;17;18;221;94;;;49;78;67;121;49;48;49;252;125;;;W01,W08,W10;W02;W03;;W01,W08,W10;W04,W05,W06,W07,W09;W01,W08,W10;;;;;;;;
237;0K0I1C0Z0H0H0H0H0I0H0I22202U2H1Z201Z20211Z200--0I1C0Z2I0I0H0I652M;1OB0000101;51;0I1C0Z2I0I0H0I652M;18;9;;4;3;1;O;B;0;0;0;0;1;0;1;49;79;66;48;48;48;48;49;48;49;18;48;35;17;17;17;17;18;17;18;0I;1C;0Z;2I;0I;0H;0I;65;2M;;;18;48;35;90;18;17;18;221;94;;;49;79;66;121;49;48;49;252;125;;;W01,W08,W10;W02;W03;;W01,W08,W10;W04,W05,W06,W07,W09;W01,W08,W10;;;;;;;;
238;0K0I1D0Y0H0H0H0H0I0H0I22202V2G1Z201Z20211Z200--0I1D0Y2I0I0H0I652M;1PA0000101;51;0I1D0Y2I0I0H0I652M;18;9;;4;3;1;P;A;0;0;0;0;1;0;1;49;80;65;48;48;48;48;49;48;49;18;49;34;17;17;17;17;18;17;18;0I;1D;0Y;2I;0I;0H;0I;65;2M;;;18;49;34;90;18;17;18;221;94;;;49;80;65;121;49;48;49;252;125;;;W01,W08,W10;W02;W03;;W01,W08,W10;W04,W05,W06,W07,W09;W01,W08,W10;;;;;;;;
239;0K0I1L0Q0H0H0H0H0I0H0I222033281Z201Z20211Z200--0I1L0Q2I0I0H0I652M;1X90000101;51;0I1L0Q2I0I0H0I652M;18;9;;4;3;1;X;9;0;0;0;0;1;0;1;49;88;57;48;48;48;48;49;48;49;18;57;26;17;17;17;17;18;17;18;0I;1L;0Q;2I;0I;0H;0I;65;2M;;;18;57;26;90;18;17;18;221;94;;;49;88;57;121;49;48;49;252;125;;;W01,W08,W10;W02;W03;;W01,W08,W10;W04,W05,W06,W07,W09;W01,W08,W10;;;;;;;;
240;0K0I1M0P0H0H0H0H0I0H0I222034271Z201Z20211Z200--0I1M0P2I0I0H0I652M;1Y80000101;51;0I1M0P2I0I0H0I652M;18;9;;4;3;1;Y;8;0;0;0;0;1;0;1;49;89;56;48;48;48;48;49;48;49;18;58;25;17;17;17;17;18;17;18;0I;1M;0P;2I;0I;0H;0I;65;2M;;;18;58;25;90;18;17;18;221;94;;;49;89;56;121;49;48;49;252;125;;;W01,W08,W10;W02;W03;;W01,W08,W10;W04,W05,W06,W07,W09;W01,W08,W10;;;;;;;;
241;0K0J1B0Z0H0H0H0H0I0H0I22212T2H1Z201Z20211Z200--0J1B0Z2I0I0H0I652M;2NB0000101;51;0J1B0Z2I0I0H0I652M;18;9;;4;3;2;N;B;0;0;0;0;1;0;1;50;78;66;48;48;48;48;49;48;49;19;47;35;17;17;17;17;18;17;18;0J;1B;0Z;2I;0I;0H;0I;65;2M;;;19;47;35;90;18;17;18;221;94;;;50;78;66;121;49;48;49;252;125;;;W01;W02;W03;;W08,W10;W04,W05,W06,W07,W09;W08,W10;;;;;;;;
242;0K0J1N0N0H0H0H0H0I0H0I222135251Z201Z20211Z200--0J1N0N2I0I0H0I652M;2Z60000101;51;0J1N0N2I0I0H0I652M;18;9;;4;3;2;Z;6;0;0;0;0;1;0;1;50;90;54;48;48;48;48;49;48;49;19;59;23;17;17;17;17;18;17;18;0J;1N;0N;2I;0I;0H;0I;65;2M;;;19;59;23;90;18;17;18;221;94;;;50;90;54;121;49;48;49;252;125;;;W01;W02;W03;;W08,W10;W04,W05,W06,W07,W09;W08,W10;;;;;;;;
243;0K0K1K0P0H0H0H0H0I0H0I222332271Z201Z20211Z200--0K1K0P2I0I0H0I652M;3W80000101;51;0K1K0P2I0I0H0I652M;18;9;;4;3;3;W;8;0;0;0;0;1;0;1;51;87;56;48;48;48;48;49;48;49;20;56;25;17;17;17;17;18;17;18;0K;1K;0P;2I;0I;0H;0I;65;2M;;;20;56;25;90;18;17;18;221;94;;;51;87;56;121;49;48;49;252;125;;;W01;W02;W03;;W08,W10;W04,W05,W06,W07,W09;W08,W10;;;;;;;;
244;0K0M1I0P0H0H0H0H0I0H0I222430271Z201Z20211Z200--0M1I0P2I0I0H0I652M;5U80000101;51;0M1I0P2I0I0H0I652M;18;9;;4;3;5;U;8;0;0;0;0;1;0;1;53;85;56;48;48;48;48;49;48;49;22;54;25;17;17;17;17;18;17;18;0M;1I;0P;2I;0I;0H;0I;65;2M;;;22;54;25;90;18;17;18;221;94;;;53;85;56;121;49;48;49;252;125;;;W01;W02;W03;;W08,W10;W04,W05,W06,W07,W09;W08,W10;;;;;;;;
245;0K101I1E1G170H0H0I0H0I222I302W2Y2P1Z20211Z200--101I1E1G170W0I0H0I630Y0;CUQSJ00101;51;101I1E1G170W0I0H0I630Y0;23;11;0;6;5;C;U;Q;S;J;0;0;1;0;1;67;85;81;83;74;48;48;49;48;49;36;54;50;52;43;17;17;18;17;18;10;1I;1E;1G;17;0W;0I;0H;0I;63;0Y;36;54;50;52;43;32;18;17;18;219;34;67;85;81;83;74;63;49;48;49;250;65;W01;W02;W03;W04;W05;;W08,W10;W06,W07,W09;W08,W10;;;;;;
246;0L0I1E0Y0H0H0H0H0I0H0I24212X2H202120212220210--0I1E0Y2J0I0I0H652N;1QA0000101;52;0I1E0Y2J0I0I0H652N;18;9;;4;3;1;Q;A;0;0;0;0;1;0;1;49;81;65;48;48;48;48;49;48;49;18;50;34;17;17;17;17;18;17;18;0I;1E;0Y;2J;0I;0I;0H;65;2N;;;18;50;34;91;18;18;17;221;95;;;49;81;65;122;49;49;48;252;126;;;W01,W08,W10;W02;W03;;W01,W08,W10;W01,W08,W10;W04,W05,W06,W07,W09;;;;;;;;
247;0L0I1M0Q0H0H0H0H0I0H0I24213529202120212220210--0I1M0Q2J0I0I0H652N;1Y90000101;52;0I1M0Q2J0I0I0H652N;18;9;;4;3;1;Y;9;0;0;0;0;1;0;1;49;89;57;48;48;48;48;49;48;49;18;58;26;17;17;17;17;18;17;18;0I;1M;0Q;2J;0I;0I;0H;65;2N;;;18;58;26;91;18;18;17;221;95;;;49;89;57;122;49;49;48;252;126;;;W01,W08,W10;W02;W03;;W01,W08,W10;W01,W08,W10;W04,W05,W06,W07,W09;;;;;;;;
248;0L0J1M0P0H0H0H0H0I0H0I24223528202120212220210--0J1M0P2J0I0I0H652N;2Y80000101;52;0J1M0P2J0I0I0H652N;18;9;;4;3;2;Y;8;0;0;0;0;1;0;1;50;89;56;48;48;48;48;49;48;49;19;58;25;17;17;17;17;18;17;18;0J;1M;0P;2J;0I;0I;0H;65;2N;;;19;58;25;91;18;18;17;221;95;;;50;89;56;122;49;49;48;252;126;;;W01;W02;W03;;W08,W10;W08,W10;W04,W05,W06,W07,W09;;;;;;;;
249;0L0L1K0P0H0H0H0H0I0H0I24253328202120212220210--0L1K0P2J0I0I0H652N;4W80000101;52;0L1K0P2J0I0I0H652N;18;9;;4;3;4;W;8;0;0;0;0;1;0;1;52;87;56;48;48;48;48;49;48;49;21;56;25;17;17;17;17;18;17;18;0L;1K;0P;2J;0I;0I;0H;65;2N;;;21;56;25;91;18;18;17;221;95;;;52;87;56;122;49;49;48;252;126;;;W01;W02;W03;;W08,W10;W08,W10;W04,W05,W06,W07,W09;;;;;;;;
250;0L0N1I0P0H0H0H0H0I0H0I24263128202120212220210--0N1I0P2J0I0I0H652N;6U80000101;52;0N1I0P2J0I0I0H652N;18;9;;4;3;6;U;8;0;0;0;0;1;0;1;54;85;56;48;48;48;48;49;48;49;23;54;25;17;17;17;17;18;17;18;0N;1I;0P;2J;0I;0I;0H;65;2N;;;23;54;25;91;18;18;17;221;95;;;54;85;56;122;49;49;48;252;126;;;W01;W02;W03;;W08,W10;W08,W10;W04,W05,W06,W07,W09;;;;;;;;
251;0L0Y1I1C1L170H0H0I0H0I242H312V342Q20212220210--0Y1I1C1L170X0I0I0H630Z0;AUOXJ00101;52;0Y1I1C1L170X0I0I0H630Z0;23;11;0;6;5;A;U;O;X;J;0;0;1;0;1;65;85;79;88;74;48;48;49;48;49;34;54;48;57;43;17;17;18;17;18;0Y;1I;1C;1L;17;0X;0I;0I;0H;63;0Z;34;54;48;57;43;33;18;18;17;219;35;65;85;79;88;74;64;49;49;48;250;66;W01;W02;W03;W04;W05;;W08,W10;W08,W10;W06,W07,W09;;;;;;
252;0L0Z1M1D1F170H0H0I0H0I242I352W2Y2Q20212220210--0Z1M1D1F170X0I0I0H630Z0;BYPRJ00101;52;0Z1M1D1F170X0I0I0H630Z0;23;11;0;6;5;B;Y;P;R;J;0;0;1;0;1;66;89;80;82;74;48;48;49;48;49;35;58;49;51;43;17;17;18;17;18;0Z;1M;1D;1F;17;0X;0I;0I;0H;63;0Z;35;58;49;51;43;33;18;18;17;219;35;66;89;80;82;74;64;49;49;48;250;66;W01;W02;W03;W04;W05;;W08,W10;W08,W10;W06,W07,W09;;W01;;;;
253;0M0I1F0Y0H0H0H0H0I0H0I26222Z2I212221222321220--0I1F0Y2K0I0H0I652O;1RA0000101;53;0I1F0Y2K0I0H0I652O;18;9;;4;3;1;R;A;0;0;0;0;1;0;1;49;82;65;48;48;48;48;49;48;49;18;51;34;17;17;17;17;18;17;18;0I;1F;0Y;2K;0I;0H;0I;65;2O;;;18;51;34;92;18;17;18;221;96;;;49;82;65;123;49;48;49;252;127;;;W01,W08,W10;W02;W03;;W01,W08,W10;W04,W05,W06,W07,W09;W01,W08,W10;;;;;;;;
254;0M0K1M0P0H0H0H0H0I0H0I26243629212221222321220--0K1M0P2K0I0H0I652O;3Y80000101;53;0K1M0P2K0I0H0I652O;18;9;;4;3;3;Y;8;0;0;0;0;1;0;1;51;89;56;48;48;48;48;49;48;49;20;58;25;17;17;17;17;18;17;18;0K;1M;0P;2K;0I;0H;0I;65;2O;;;20;58;25;92;18;17;18;221;96;;;51;89;56;123;49;48;49;252;127;;;W01;W02;W03;;W08,W10;W04,W05,W06,W07,W09;W08,W10;;;;;;;;
255;0M0M1K0P0H0H0H0H0I0H0I26273429212221222321220--0M1K0P2K0I0H0I652O;5W80000101;53;0M1K0P2K0I0H0I652O;18;9;;4;3;5;W;8;0;0;0;0;1;0;1;53;87;56;48;48;48;48;49;48;49;22;56;25;17;17;17;17;18;17;18;0M;1K;0P;2K;0I;0H;0I;65;2O;;;22;56;25;92;18;17;18;221;96;;;53;87;56;123;49;48;49;252;127;;;W01;W02;W03;;W08,W10;W04,W05,W06,W07,W09;W08,W10;;;;;;;;
256;0M0Y1F0I0H0H0H0H0I0H0I262I2Z22212221222321220--0Y1F0I2K0I0H0I652O;AR10000101;53;0Y1F0I2K0I0H0I652O;18;9;;4;3;A;R;1;0;0;0;0;1;0;1;65;82;49;48;48;48;48;49;48;49;34;51;18;17;17;17;17;18;17;18;0Y;1F;0I;2K;0I;0H;0I;65;2O;;;34;51;18;92;18;17;18;221;96;;;65;82;49;123;49;48;49;252;127;;;W01;W02;W03,W08,W10;;W03,W08,W10;W04,W05,W06,W07,W09;W03,W08,W10;;;;;;;;
257;0M10120M0M0J0H0H0I0H0I262K2M26272321222321220--10120M0M0J0Y0I0H0I63100;CE55200101;53;10120M0M0J0Y0I0H0I63100;23;11;0;6;5;C;E;5;5;2;0;0;1;0;1;67;69;53;53;50;48;48;49;48;49;36;38;22;22;19;17;17;18;17;18;10;12;0M;0M;0J;0Y;0I;0H;0I;63;10;36;38;22;22;19;34;18;17;18;219;36;67;69;53;53;50;65;49;48;49;250;67;W01;W02;W03,W04;W03,W04;W05;;W08,W10;W06,W07,W09;W08,W10;;W01;;;;
258;0M141E1M1A170H0H0I0H0I262O2Y362U2R21222321220--141E1M1A170Y0I0H0I63100;GQYMJ00101;53;141E1M1A170Y0I0H0I63100;23;11;0;6;5;G;Q;Y;M;J;0;0;1;0;1;71;81;89;77;74;48;48;49;48;49;40;50;58;46;43;17;17;18;17;18;14;1E;1M;1A;17;0Y;0I;0H;0I;63;10;40;50;58;46;43;34;18;17;18;219;36;71;81;89;77;74;65;49;48;49;250;67;W01;W02;W03;W04;W05;;W08,W10;W06,W07,W09;W08,W10;;;;;;
259;0M1H1E131G170H0H0I0H0I26312Y2N302R21222321220--1H1E131G170Y0I0H0I63100;TQFSJ00101;53;1H1E131G170Y0I0H0I63100;23;11;0;6;5;T;Q;F;S;J;0;0;1;0;1;84;81;70;83;74;48;48;49;48;49;53;50;39;52;43;17;17;18;17;18;1H;1E;13;1G;17;0Y;0I;0H;0I;63;10;53;50;39;52;43;34;18;17;18;219;36;84;81;70;83;74;65;49;48;49;250;67;W01;W02;W03;W04;W05;;W08,W10;W06,W07,W09;W08,W10;;;;;;
260;0M1K13181J170H0H0I0H0I26342N2S332R21222321220--1K13181J170Y0I0H0I63100;WFKVJ00101;53;1K13181J170Y0I0H0I63100;23;11;0;6;5;W;F;K;V;J;0;0;1;0;1;87;70;75;86;74;48;48;49;48;49;56;39;44;55;43;17;17;18;17;18;1K;13;18;1J;17;0Y;0I;0H;0I;63;10;56;39;44;55;43;34;18;17;18;219;36;87;70;75;86;74;65;49;48;49;250;67;W01;W02;W03;W04;W05;;W08,W10;W06,W07,W09;W08,W10;;;;;;
261;0M1N121D1C170H0H0I0H0I26372M2X2W2R21222321220--1N121D1C170Y0I0H0I63100;ZEPOJ00101;53;1N121D1C170Y0I0H0I63100;23;11;0;6;5;Z;E;P;O;J;0;0;1;0;1;90;69;80;79;74;48;48;49;48;49;59;38;49;48;43;17;17;18;17;18;1N;12;1D;1C;17;0Y;0I;0H;0I;63;10;59;38;49;48;43;34;18;17;18;219;36;90;69;80;79;74;65;49;48;49;250;67;W01;W02;W03;W04;W05;;W08,W10;W06,W07,W09;W08,W10;;;;;;
262;0N0N1K0P0H0H0H0H0I0H0I2829352A222322232422230--0N1K0P2L0I0I0H652P;6W80000101;54;0N1K0P2L0I0I0H652P;18;9;;4;3;6;W;8;0;0;0;0;1;0;1;54;87;56;48;48;48;48;49;48;49;23;56;25;17;17;17;17;18;17;18;0N;1K;0P;2L;0I;0I;0H;65;2P;;;23;56;25;93;18;18;17;221;97;;;54;87;56;124;49;49;48;252;128;;;W01;W02;W03;;W08,W10;W08,W10;W04,W05,W06,W07,W09;;;;;;;;
263;0O0I1H0Y0H0H0H0H0I0H0I2A24332K232423242523240--0I1H0Y2M0I0H0I652Q;1TA0000101;55;0I1H0Y2M0I0H0I652Q;18;9;;4;3;1;T;A;0;0;0;0;1;0;1;49;84;65;48;48;48;48;49;48;49;18;53;34;17;17;17;17;18;17;18;0I;1H;0Y;2M;0I;0H;0I;65;2Q;;;18;53;34;94;18;17;18;221;98;;;49;84;65;125;49;48;49;252;129;;;W01,W08,W10;W02;W03;;W01,W08,W10;W04,W05,W06,W07,W09;W01,W08,W10;;;;;;;;
264;0O0K120H0L170H0H0I0H0I2A262O23272T23242523240--0K120H0L17100I0H0I63120;3E04J00101;55;0K120H0L17100I0H0I63120;23;11;0;3;2;3;E;0;4;J;0;0;1;0;1;51;69;48;52;74;48;48;49;48;49;20;38;17;21;43;17;17;18;17;18;0K;12;0H;0L;17;10;0I;0H;0I;63;12;20;38;17;21;43;36;18;17;18;219;38;51;69;48;52;74;67;49;48;49;250;69;W01;W02;W03,W06,W07,W09;W04;W05;;W08,W10;W03,W06,W07,W09;W08,W10;;W02;;;;
265;0O0O120H100O0H0H0I0H0I2A2B2O232M2A23242523240--0O120H100O100I0H0I63120;7E0C700101;55;0O120H100O100I0H0I63120;23;11;0;3;2;7;E;0;C;7;0;0;1;0;1;55;69;48;67;55;48;48;49;48;49;24;38;17;36;24;17;17;18;17;18;0O;12;0H;10;0O;10;0I;0H;0I;63;12;24;38;17;36;24;36;18;17;18;219;38;55;69;48;67;55;67;49;48;49;250;69;W01,W05;W02;W03,W06,W07,W09;W04;W01,W05;W04;W08,W10;W03,W06,W07,W09;W08,W10;;W02;;;;
266;0O0O1K0P0H0H0H0H0I0H0I2A2B362B232423242523240--0O1K0P2M0I0H0I652Q;7W80000101;55;0O1K0P2M0I0H0I652Q;18;9;;4;3;7;W;8;0;0;0;0;1;0;1;55;87;56;48;48;48;48;49;48;49;24;56;25;17;17;17;17;18;17;18;0O;1K;0P;2M;0I;0H;0I;65;2Q;;;24;56;25;94;18;17;18;221;98;;;55;87;56;125;49;48;49;252;129;;;W01;W02;W03;;W08,W10;W04,W05,W06,W07,W09;W08,W10;;;;;;;;
267;0O111I1C1L170H0H0I0H0I2A2N342Y372T23242523240--111I1C1L17100I0H0I63120;DUOXJ00101;55;111I1C1L17100I0H0I63120;23;11;0;6;5;D;U;O;X;J;0;0;1;0;1;68;85;79;88;74;48;48;49;48;49;37;54;48;57;43;17;17;18;17;18;11;1I;1C;1L;17;10;0I;0H;0I;63;12;37;54;48;57;43;36;18;17;18;219;38;68;85;79;88;74;67;49;48;49;250;69;W01;W02;W03;W04;W05;;W08,W10;W06,W07,W09;W08,W10;;;;;;
268;0P0J12140H0Q0H0H0I0H0I2C262P2R242D24252624250--0J12140H0Q110I0I0H63130;2EG0900101;56;0J12140H0Q110I0I0H63130;23;11;0;4;3;2;E;G;0;9;0;0;1;0;1;50;69;71;48;57;48;48;49;48;49;19;38;40;17;26;17;17;18;17;18;0J;12;14;0H;0Q;11;0I;0I;0H;63;13;19;38;40;17;26;37;18;18;17;219;39;50;69;71;48;57;68;49;49;48;250;70;W01;W02;W03;W04,W06,W07,W09;W05;;W08,W10;W08,W10;W04,W06,W07,W09;;;;;;
269;0P0P1K0P0H0H0H0H0I0H0I2C2D372C242524252624250--0P1K0P2N0I0I0H652R;8W80000101;56;0P1K0P2N0I0I0H652R;18;9;;4;3;8;W;8;0;0;0;0;1;0;1;56;87;56;48;48;48;48;49;48;49;25;56;25;17;17;17;17;18;17;18;0P;1K;0P;2N;0I;0I;0H;65;2R;;;25;56;25;95;18;18;17;221;99;;;56;87;56;126;49;49;48;252;130;;;W01,W03;W02;W01,W03;;W08,W10;W08,W10;W04,W05,W06,W07,W09;;;;;;;;
270;0Q0I1I0Z0H0H0H0H0I0H0I2E26362N252625262725260--0I1I0Z010I0I0H6505;1UB0000101;57;0I1I0Z010I0I0H6505;18;9;;4;3;1;U;B;0;0;0;0;1;0;1;49;85;66;48;48;48;48;49;48;49;18;54;35;17;17;17;17;18;17;18;0I;1I;0Z;1;0I;0I;0H;65;5;;;18;54;35;1;18;18;17;221;5;;;49;85;66;32;49;49;48;252;36;;;W01,W08,W10;W02;W03;;W01,W08,W10;W01,W08,W10;W04,W05,W06,W07,W09;;;;;;;;
271;0Q0Q1K0P0H0H0H0H0I0H0I2E2F382D252625262725260--0Q1K0P010I0I0H6505;9W80000101;57;0Q1K0P010I0I0H6505;18;9;;4;3;9;W;8;0;0;0;0;1;0;1;57;87;56;48;48;48;48;49;48;49;26;56;25;17;17;17;17;18;17;18;0Q;1K;0P;1;0I;0I;0H;65;5;;;26;56;25;1;18;18;17;221;5;;;57;87;56;32;49;49;48;252;36;;;W01;W02;W03;;W08,W10;W08,W10;W04,W05,W06,W07,W09;;;;;;;;
272;0Q141E0H0H0H0H0H0I0H0I2E2S3225262526252625260--141E1B0I0H0I661G0;GQ00000101;57;141E1B0I0H0I661G0;17;8;0;3;2;G;Q;0;0;0;0;0;1;0;1;71;81;48;48;48;48;48;49;48;49;40;50;17;17;17;17;17;18;17;18;14;1E;1B;0I;0H;0I;66;1G;;;;40;50;47;18;17;18;222;52;;;;71;81;78;49;48;49;253;83;;;;W01;W02;;W08,W10;W03,W04,W05,W06,W07,W09;W08,W10;;;;;;;;;
273;0Q161N1G19170H0H0I0H0I2E2U3B342X2V25262725260--161N1G1917120I0H0I63140;IZSLJ00101;57;161N1G1917120I0H0I63140;23;11;0;6;5;I;Z;S;L;J;0;0;1;0;1;73;90;83;76;74;48;48;49;48;49;42;59;52;45;43;17;17;18;17;18;16;1N;1G;19;17;12;0I;0H;0I;63;14;42;59;52;45;43;38;18;17;18;219;40;73;90;83;76;74;69;49;48;49;250;71;W01;W02;W03;W04;W05;;W08,W10;W06,W07,W09;W08,W10;;;;;;
274;0Q171M1G19170H0H0I0H0I2E2V3A342X2V25262725260--171M1G1917120I0H0I63140;JYSLJ00101;57;171M1G1917120I0H0I63140;23;11;0;6;5;J;Y;S;L;J;0;0;1;0;1;74;89;83;76;74;48;48;49;48;49;43;58;52;45;43;17;17;18;17;18;17;1M;1G;19;17;12;0I;0H;0I;63;14;43;58;52;45;43;38;18;17;18;219;40;74;89;83;76;74;69;49;48;49;250;71;W01,W05;W02;W03;W04;W01,W05;;W08,W10;W06,W07,W09;W08,W10;;;;;;
275;0R0I1J0Z0H0H0H0H0I0H0I2G27382O262726272826270--0I1J0Z010I0I0H6505;1VB0000101;58;0I1J0Z010I0I0H6505;18;9;;4;3;1;V;B;0;0;0;0;1;0;1;49;86;66;48;48;48;48;49;48;49;18;55;35;17;17;17;17;18;17;18;0I;1J;0Z;1;0I;0I;0H;65;5;;;18;55;35;1;18;18;17;221;5;;;49;86;66;32;49;49;48;252;36;;;W01,W08,W10;W02;W03;;W01,W08,W10;W01,W08,W10;W04,W05,W06,W07,W09;;;;;;;;
276;0R0Y1K0I0H0H0H0H0I0H0I2G2N3927262726272826270--0Y1K0I010I0I0H6505;AW10000101;58;0Y1K0I010I0I0H6505;18;9;;4;3;A;W;1;0;0;0;0;1;0;1;65;87;49;48;48;48;48;49;48;49;34;56;18;17;17;17;17;18;17;18;0Y;1K;0I;1;0I;0I;0H;65;5;;;34;56;18;1;18;18;17;221;5;;;65;87;49;32;49;49;48;252;36;;;W01;W02;W03,W08,W10;;W03,W08,W10;W03,W08,W10;W04,W05,W06,W07,W09;;;;;;;;
277;0R181H1E1G170H0H0I0H0I2G2X3633352W26272826270--181H1E1G17130I0I0H63150;KTQSJ00101;58;181H1E1G17130I0I0H63150;23;11;0;6;5;K;T;Q;S;J;0;0;1;0;1;75;84;81;83;74;48;48;49;48;49;44;53;50;52;43;17;17;18;17;18;18;1H;1E;1G;17;13;0I;0I;0H;63;15;44;53;50;52;43;39;18;18;17;219;41;75;84;81;83;74;70;49;49;48;250;72;W01;W02;W03;W04;W05;;W08,W10;W08,W10;W06,W07,W09;;;;;;
278;0S0I1K0Z0H0H0H0H0I0H0I2I283A2P272827282927280--0I1K0Z010I0I0H6505;1WB0000101;59;0I1K0Z010I0I0H6505;18;9;;4;3;1;W;B;0;0;0;0;1;0;1;49;87;66;48;48;48;48;49;48;49;18;56;35;17;17;17;17;18;17;18;0I;1K;0Z;1;0I;0I;0H;65;5;;;18;56;35;1;18;18;17;221;5;;;49;87;66;32;49;49;48;252;36;;;W01,W08,W10;W02;W03;;W01,W08,W10;W01,W08,W10;W04,W05,W06,W07,W09;;;;;;;;
279;0S0J0H0H0H0H0H0H0I0H0I2I292728272827282927280--0J180I0H0I671E0;2000000101;59;0J180I0H0I671E0;15;7;0;2;1;2;0;0;0;0;0;0;1;0;1;50;48;48;48;48;48;48;49;48;49;19;17;17;17;17;17;17;18;17;18;0J;18;0I;0H;0I;67;1E;;;;;19;44;18;17;18;223;50;;;;;50;75;49;48;49;254;81;;;;;W01;;W08,W10;W02,W03,W04,W05,W06,W07,W09;W08,W10;;;;;;;;;;
280;0S0K1J0Y0H0H0H0H0I0H0I2I2A392O272827282927280--0K1J0Y010I0I0H6505;3VA0000101;59;0K1J0Y010I0I0H6505;18;9;;4;3;3;V;A;0;0;0;0;1;0;1;51;86;65;48;48;48;48;49;48;49;20;55;34;17;17;17;17;18;17;18;0K;1J;0Y;1;0I;0I;0H;65;5;;;20;55;34;1;18;18;17;221;5;;;51;86;65;32;49;49;48;252;36;;;W01;W02;W03;;W08,W10;W08,W10;W04,W05,W06,W07,W09;;;;;;;;
281;0S1H1L151D170H0H0I0H0I2I373B2V332X27282927280--1H1L151D17140I0H0I63160;TXHPJ00101;59;1H1L151D17140I0H0I63160;23;11;0;6;5;T;X;H;P;J;0;0;1;0;1;84;88;72;80;74;48;48;49;48;49;53;57;41;49;43;17;17;18;17;18;1H;1L;15;1D;17;14;0I;0H;0I;63;16;53;57;41;49;43;40;18;17;18;219;42;84;88;72;80;74;71;49;48;49;250;73;W01;W02;W03;W04;W05;;W08,W10;W06,W07,W09;W08,W10;;;;;;
282;0T0I0J0H0H0H0H0H0I0H0I2K292A28292829282928290--0I0J2M0I0I0H662R0;1200000101;60;0I0J2M0I0I0H662R0;17;8;0;3;2;1;2;0;0;0;0;0;1;0;1;49;50;48;48;48;48;48;49;48;49;18;19;17;17;17;17;17;18;17;18;0I;0J;2M;0I;0I;0H;66;2R;;;;18;19;94;18;18;17;222;99;;;;49;50;125;49;49;48;253;130;;;;W01,W08,W10;W02;;W01,W08,W10;W01,W08,W10;W03,W04,W05,W06,W07,W09;;;;;;;;;
283;0T0I1K100H0H0H0H0I0H0I2K293B2R282928292A28290--0I1K10010I0I0H6505;1WC0000101;60;0I1K10010I0I0H6505;18;9;;4;3;1;W;C;0;0;0;0;1;0;1;49;87;67;48;48;48;48;49;48;49;18;56;36;17;17;17;17;18;17;18;0I;1K;10;1;0I;0I;0H;65;5;;;18;56;36;1;18;18;17;221;5;;;49;87;67;32;49;49;48;252;36;;;W01,W08,W10;W02;W03;;W01,W08,W10;W01,W08,W10;W04,W05,W06,W07,W09;;;;;;;;
284;0T0J0H0I0H0H0H0H0I0H0I2K2A2829282928292A28290--0J0H0I170I0I0H651B;2010000101;60;0J0H0I170I0I0H651B;18;9;;2;1;2;0;1;0;0;0;0;1;0;1;50;48;49;48;48;48;48;49;48;49;19;17;18;17;17;17;17;18;17;18;0J;0H;0I;17;0I;0I;0H;65;1B;;;19;17;18;43;18;18;17;221;47;;;50;48;49;74;49;49;48;252;78;;;W01;W02,W04,W05,W06,W07,W09;W03,W08,W10;;W03,W08,W10;W03,W08,W10;W02,W04,W05,W06,W07,W09;;;;;;;;
285;0T0K1K0Y0H0H0H0H0I0H0I2K2B3B2P282928292A28290--0K1K0Y010I0I0H6505;3WA0000101;60;0K1K0Y010I0I0H6505;18;9;;4;3;3;W;A;0;0;0;0;1;0;1;51;87;65;48;48;48;48;49;48;49;20;56;34;17;17;17;17;18;17;18;0K;1K;0Y;1;0I;0I;0H;65;5;;;20;56;34;1;18;18;17;221;5;;;51;87;65;32;49;49;48;252;36;;;W01;W02;W03;;W08,W10;W08,W10;W04,W05,W06,W07,W09;;;;;;;;
286;0T0M1I0Y0H0H0H0H0I0H0I2K2D392P282928292A28290--0M1I0Y010I0I0H6505;5UA0000101;60;0M1I0Y010I0I0H6505;18;9;;4;3;5;U;A;0;0;0;0;1;0;1;53;85;65;48;48;48;48;49;48;49;22;54;34;17;17;17;17;18;17;18;0M;1I;0Y;1;0I;0I;0H;65;5;;;22;54;34;1;18;18;17;221;5;;;53;85;65;32;49;49;48;252;36;;;W01;W02;W03;;W08,W10;W08,W10;W04,W05,W06,W07,W09;;;;;;;;
287;0T1I1L181A170H0H0I0H0I2K393C2Z312Y28292A28290--1I1L181A17150I0I0H63170;UXKMJ00101;60;1I1L181A17150I0I0H63170;23;11;0;6;5;U;X;K;M;J;0;0;1;0;1;85;88;75;77;74;48;48;49;48;49;54;57;44;46;43;17;17;18;17;18;1I;1L;18;1A;17;15;0I;0I;0H;63;17;54;57;44;46;43;41;18;18;17;219;43;85;88;75;77;74;72;49;49;48;250;74;W01;W02;W03;W04;W05;;W08,W10;W08,W10;W06,W07,W09;;W05;;;;
288;0U0I0K0H0H0H0H0H0I0H0I2M2A2C292A292A292A292A0--0I0K010I0H0I66060;1300000101;61;0I0K010I0H0I66060;17;8;0;3;2;1;3;0;0;0;0;0;1;0;1;49;51;48;48;48;48;48;49;48;49;18;20;17;17;17;17;17;18;17;18;0I;0K;1;0I;0H;0I;66;6;;;;18;20;1;18;17;18;222;6;;;;49;51;32;49;48;49;253;37;;;;W01,W08,W10;W02;;W01,W08,W10;W03,W04,W05,W06,W07,W09;W01,W08,W10;;;;;;;;;
289;0U0I1L100H0H0H0H0I0H0I2M2A3D2S292A292A2B292A0--0I1L10010I0I0H6505;1XC0000101;61;0I1L10010I0I0H6505;18;9;;4;3;1;X;C;0;0;0;0;1;0;1;49;88;67;48;48;48;48;49;48;49;18;57;36;17;17;17;17;18;17;18;0I;1L;10;1;0I;0I;0H;65;5;;;18;57;36;1;18;18;17;221;5;;;49;88;67;32;49;49;48;252;36;;;W01,W08,W10;W02;W03;;W01,W08,W10;W01,W08,W10;W04,W05,W06,W07,W09;;;;;;;;
290;0U0I1M0Z0H0H0H0H0I0H0I2M2A3E2R292A292A2B292A0--0I1M0Z010I0I0H6505;1YB0000101;61;0I1M0Z010I0I0H6505;18;9;;4;3;1;Y;B;0;0;0;0;1;0;1;49;89;66;48;48;48;48;49;48;49;18;58;35;17;17;17;17;18;17;18;0I;1M;0Z;1;0I;0I;0H;65;5;;;18;58;35;1;18;18;17;221;5;;;49;89;66;32;49;49;48;252;36;;;W01,W08,W10;W02;W03;;W01,W08,W10;W01,W08,W10;W04,W05,W06,W07,W09;;;;;;;;
291;0U0I1N0Y0H0H0H0H0I0H0I2M2A3F2Q292A292A2B292A0--0I1N0Y010I0I0H6505;1ZA0000101;61;0I1N0Y010I0I0H6505;18;9;;4;3;1;Z;A;0;0;0;0;1;0;1;49;90;65;48;48;48;48;49;48;49;18;59;34;17;17;17;17;18;17;18;0I;1N;0Y;1;0I;0I;0H;65;5;;;18;59;34;1;18;18;17;221;5;;;49;90;65;32;49;49;48;252;36;;;W01,W08,W10;W02;W03;;W01,W08,W10;W01,W08,W10;W04,W05,W06,W07,W09;;;;;;;;
292;0U0J0J0H0H0H0H0H0I0H0I2M2B2C292A292A292A292A0--0J0J010I0H0I66060;2200000101;61;0J0J010I0H0I66060;17;8;0;3;2;2;2;0;0;0;0;0;1;0;1;50;50;48;48;48;48;48;49;48;49;19;19;17;17;17;17;17;18;17;18;0J;0J;1;0I;0H;0I;66;6;;;;19;19;1;18;17;18;222;6;;;;50;50;32;49;48;49;253;37;;;;W01,W02;W01,W02;;W08,W10;W03,W04,W05,W06,W07,W09;W08,W10;;;;;;;;;
293;0U0J1L0Z0H0H0H0H0I0H0I2M2B3D2R292A292A2B292A0--0J1L0Z010I0I0H6505;2XB0000101;61;0J1L0Z010I0I0H6505;18;9;;4;3;2;X;B;0;0;0;0;1;0;1;50;88;66;48;48;48;48;49;48;49;19;57;35;17;17;17;17;18;17;18;0J;1L;0Z;1;0I;0I;0H;65;5;;;19;57;35;1;18;18;17;221;5;;;50;88;66;32;49;49;48;252;36;;;W01;W02;W03;;W08,W10;W08,W10;W04,W05,W06,W07,W09;;;;;;;;
294;0U0J1M0Y0H0H0H0H0I0H0I2M2B3E2Q292A292A2B292A0--0J1M0Y010I0I0H6505;2YA0000101;61;0J1M0Y010I0I0H6505;18;9;;4;3;2;Y;A;0;0;0;0;1;0;1;50;89;65;48;48;48;48;49;48;49;19;58;34;17;17;17;17;18;17;18;0J;1M;0Y;1;0I;0I;0H;65;5;;;19;58;34;1;18;18;17;221;5;;;50;89;65;32;49;49;48;252;36;;;W01;W02;W03;;W08,W10;W08,W10;W04,W05,W06,W07,W09;;;;;;;;
295;0U1B1H1E1G170H0H0I0H0I2M333936382Z292A2B292A0--1B1H1E1G17160I0H0I63180;NTQSJ00101;61;1B1H1E1G17160I0H0I63180;23;11;0;6;5;N;T;Q;S;J;0;0;1;0;1;78;84;81;83;74;48;48;49;48;49;47;53;50;52;43;17;17;18;17;18;1B;1H;1E;1G;17;16;0I;0H;0I;63;18;47;53;50;52;43;42;18;17;18;219;44;78;84;81;83;74;73;49;48;49;250;75;W01;W02;W03;W04;W05;;W08,W10;W06,W07,W09;W08,W10;;;;;;
296;0V0I0L0H0H0H0H0H0I0H0I2O2B2E2A2B2A2B2A2B2A2B0--0I0L010I0H0I66060;1400000101;62;0I0L010I0H0I66060;17;8;0;3;2;1;4;0;0;0;0;0;1;0;1;49;52;48;48;48;48;48;49;48;49;18;21;17;17;17;17;17;18;17;18;0I;0L;1;0I;0H;0I;66;6;;;;18;21;1;18;17;18;222;6;;;;49;52;32;49;48;49;253;37;;;;W01,W08,W10;W02;;W01,W08,W10;W03,W04,W05,W06,W07,W09;W01,W08,W10;;;;;;;;;
297;0V0I1N0Z0H0H0H0H0I0H0I2O2B3G2S2A2B2A2B2C2A2B0--0I1N0Z010I0I0H6505;1ZB0000101;62;0I1N0Z010I0I0H6505;18;9;;4;3;1;Z;B;0;0;0;0;1;0;1;49;90;66;48;48;48;48;49;48;49;18;59;35;17;17;17;17;18;17;18;0I;1N;0Z;1;0I;0I;0H;65;5;;;18;59;35;1;18;18;17;221;5;;;49;90;66;32;49;49;48;252;36;;;W01,W08,W10;W02;W03;;W01,W08,W10;W01,W08,W10;W04,W05,W06,W07,W09;;;;;;;;
298;0V0K0J0H0H0H0H0H0I0H0I2O2D2C2A2B2A2B2A2B2A2B0--0K0J010I0H0I66060;3200000101;62;0K0J010I0H0I66060;17;8;0;3;2;3;2;0;0;0;0;0;1;0;1;51;50;48;48;48;48;48;49;48;49;20;19;17;17;17;17;17;18;17;18;0K;0J;1;0I;0H;0I;66;6;;;;20;19;1;18;17;18;222;6;;;;51;50;32;49;48;49;253;37;;;;W01;W02;;W08,W10;W03,W04,W05,W06,W07,W09;W08,W10;;;;;;;;;
299;0W0I0H0M0H0H0H0H0I0H0I2Q2C2B2G2B2C2B2C2D2B2C0--0I0H0M1A0I0H0I651E;1050000101;63;0I0H0M1A0I0H0I651E;18;9;;2;1;1;0;5;0;0;0;0;1;0;1;49;48;53;48;48;48;48;49;48;49;18;17;22;17;17;17;17;18;17;18;0I;0H;0M;1A;0I;0H;0I;65;1E;;;18;17;22;46;18;17;18;221;50;;;49;48;53;77;49;48;49;252;81;;;W01,W08,W10;W02,W04,W05,W06,W07,W09;W03;;W01,W08,W10;W02,W04,W05,W06,W07,W09;W01,W08,W10;;;;;;;;
300;0W0I120I0Y130H0H0I0H0I2Q2C2W2C2S2X2B2C2D2B2C0--0I120I0Y13180I0H0I631A0;1E1AF00101;63;0I120I0Y13180I0H0I631A0;23;11;0;6;5;1;E;1;A;F;0;0;1;0;1;49;69;49;65;70;48;48;49;48;49;18;38;18;34;39;17;17;18;17;18;0I;12;0I;0Y;13;18;0I;0H;0I;63;1A;18;38;18;34;39;44;18;17;18;219;46;49;69;49;65;70;75;49;48;49;250;77;W01,W03,W08,W10;W02;W01,W03,W08,W10;W04;W05;;W01,W03,W08,W10;W06,W07,W09;W01,W03,W08,W10;;;;;;
301;0W0J0L0H0H0H0H0H0I0H0I2Q2D2F2B2C2B2C2B2C2B2C0--0J0L010I0H0I66060;2400000101;63;0J0L010I0H0I66060;17;8;0;3;2;2;4;0;0;0;0;0;1;0;1;50;52;48;48;48;48;48;49;48;49;19;21;17;17;17;17;17;18;17;18;0J;0L;1;0I;0H;0I;66;6;;;;19;21;1;18;17;18;222;6;;;;50;52;32;49;48;49;253;37;;;;W01;W02;;W08,W10;W03,W04,W05,W06,W07,W09;W08,W10;;;;;;;;;
302;0W161K1H1H170H0H0I0H0I2Q303E3B3C312B2C2D2B2C0--161K1H1H17180I0H0I631A0;IWTTJ00101;63;161K1H1H17180I0H0I631A0;23;11;0;6;5;I;W;T;T;J;0;0;1;0;1;73;87;84;84;74;48;48;49;48;49;42;56;53;53;43;17;17;18;17;18;16;1K;1H;1H;17;18;0I;0H;0I;63;1A;42;56;53;53;43;44;18;17;18;219;46;73;87;84;84;74;75;49;48;49;250;77;W01;W02;W03,W04;W03,W04;W05;;W08,W10;W06,W07,W09;W08,W10;;;;;;
303;0W1L1L181A170H0H0I0H0I2Q3F3G3234312B2C2D2B2C0--1L1L181A17180I0H0I631A0;XXKMJ00101;63;1L1L181A17180I0H0I631A0;23;11;0;6;5;X;X;K;M;J;0;0;1;0;1;88;88;75;77;74;48;48;49;48;49;57;57;44;46;43;17;17;18;17;18;1L;1L;18;1A;17;18;0I;0H;0I;63;1A;57;57;44;46;43;44;18;17;18;219;46;88;88;75;77;74;75;49;48;49;250;77;W01,W02;W01,W02;W03;W04;W05;W03;W08,W10;W06,W07,W09;W08,W10;;W04;;;;
304;0X0I0N0H0H0H0H0H0I0H0I2S2D2I2C2D2C2D2C2D2C2D0--0I0N010I0H0I66060;1600000101;64;0I0N010I0H0I66060;17;8;0;3;2;1;6;0;0;0;0;0;1;0;1;49;54;48;48;48;48;48;49;48;49;18;23;17;17;17;17;17;18;17;18;0I;0N;1;0I;0H;0I;66;6;;;;18;23;1;18;17;18;222;6;;;;49;54;32;49;48;49;253;37;;;;W01,W08,W10;W02;;W01,W08,W10;W03,W04,W05,W06,W07,W09;W01,W08,W10;;;;;;;;;
305;0X0J0H0M0H0H0H0H0I0H0I2S2E2C2H2C2D2C2D2E2C2D0--0J0H0M1B0I0I0H651F;2050000101;64;0J0H0M1B0I0I0H651F;18;9;;2;1;2;0;5;0;0;0;0;1;0;1;50;48;53;48;48;48;48;49;48;49;19;17;22;17;17;17;17;18;17;18;0J;0H;0M;1B;0I;0I;0H;65;1F;;;19;17;22;47;18;18;17;221;51;;;50;48;53;78;49;49;48;252;82;;;W01;W02,W04,W05,W06,W07,W09;W03;;W08,W10;W08,W10;W02,W04,W05,W06,W07,W09;;;;;;;;
306;0X0K0L0H0H0H0H0H0I0H0I2S2F2G2C2D2C2D2C2D2C2D0--0K0L010I0H0I66060;3400000101;64;0K0L010I0H0I66060;17;8;0;3;2;3;4;0;0;0;0;0;1;0;1;51;52;48;48;48;48;48;49;48;49;20;21;17;17;17;17;17;18;17;18;0K;0L;1;0I;0H;0I;66;6;;;;20;21;1;18;17;18;222;6;;;;51;52;32;49;48;49;253;37;;;;W01;W02;;W08,W10;W03,W04,W05,W06,W07,W09;W08,W10;;;;;;;;;
307;0Y0L0L0H0H0H0H0H0I0H0I2U2H2I2D2E2D2E2D2E2D2E0--0L0L010I0H0I66060;4400000101;65;0L0L010I0H0I66060;17;8;0;3;2;4;4;0;0;0;0;0;1;0;1;52;52;48;48;48;48;48;49;48;49;21;21;17;17;17;17;17;18;17;18;0L;0L;1;0I;0H;0I;66;6;;;;21;21;1;18;17;18;222;6;;;;52;52;32;49;48;49;253;37;;;;W01,W02;W01,W02;;W08,W10;W03,W04,W05,W06,W07,W09;W08,W10;;;;;;;;;
308;0Z0I0J0N0H0H0H0H0I0H0I2W2F2G2K2E2F2E2F2G2E2F0--0I0J0N1D0I0I0H651H;1260000101;66;0I0J0N1D0I0I0H651H;18;9;;4;3;1;2;6;0;0;0;0;1;0;1;49;50;54;48;48;48;48;49;48;49;18;19;23;17;17;17;17;18;17;18;0I;0J;0N;1D;0I;0I;0H;65;1H;;;18;19;23;49;18;18;17;221;53;;;49;50;54;80;49;49;48;252;84;;;W01,W08,W10;W02;W03;;W01,W08,W10;W01,W08,W10;W04,W05,W06,W07,W09;;;;;;;;
309;0Z0I0M0K0H0H0H0H0I0H0I2W2F2J2H2E2F2E2F2G2E2F0--0I0M0K1D0I0I0H651H;1530000101;66;0I0M0K1D0I0I0H651H;18;9;;4;3;1;5;3;0;0;0;0;1;0;1;49;53;51;48;48;48;48;49;48;49;18;22;20;17;17;17;17;18;17;18;0I;0M;0K;1D;0I;0I;0H;65;1H;;;18;22;20;49;18;18;17;221;53;;;49;53;51;80;49;49;48;252;84;;;W01,W08,W10;W02;W03;;W01,W08,W10;W01,W08,W10;W04,W05,W06,W07,W09;;;;;;;;
310;0Z0J0O0H0H0H0H0H0I0H0I2W2G2L2E2F2E2F2E2F2E2F0--0J0O010I0H0I66060;2700000101;66;0J0O010I0H0I66060;17;8;0;3;2;2;7;0;0;0;0;0;1;0;1;50;55;48;48;48;48;48;49;48;49;19;24;17;17;17;17;17;18;17;18;0J;0O;1;0I;0H;0I;66;6;;;;19;24;1;18;17;18;222;6;;;;50;55;32;49;48;49;253;37;;;;W01;W02;;W08,W10;W03,W04,W05,W06,W07,W09;W08,W10;;;;;;;;;
311;0Z0K0M0I0H0H0H0H0I0H0I2W2H2J2F2E2F2E2F2G2E2F0--0K0M0I1D0I0I0H651H;3510000101;66;0K0M0I1D0I0I0H651H;18;9;;4;3;3;5;1;0;0;0;0;1;0;1;51;53;49;48;48;48;48;49;48;49;20;22;18;17;17;17;17;18;17;18;0K;0M;0I;1D;0I;0I;0H;65;1H;;;20;22;18;49;18;18;17;221;53;;;51;53;49;80;49;49;48;252;84;;;W01;W02;W03,W08,W10;;W03,W08,W10;W03,W08,W10;W04,W05,W06,W07,W09;;;;;;;;
312;0Z0O0J0H0H0H0H0H0I0H0I2W2L2G2E2F2E2F2E2F2E2F0--0O0J010I0H0I66060;7200000101;66;0O0J010I0H0I66060;17;8;0;3;2;7;2;0;0;0;0;0;1;0;1;55;50;48;48;48;48;48;49;48;49;24;19;17;17;17;17;17;18;17;18;0O;0J;1;0I;0H;0I;66;6;;;;24;19;1;18;17;18;222;6;;;;55;50;32;49;48;49;253;37;;;;W01;W02;;W08,W10;W03,W04,W05,W06,W07,W09;W08,W10;;;;;;;;;
313;0Z0P0H0I0H0H0H0H0I0H0I2W2M2E2F2E2F2E2F2G2E2F0--0P0H0I1D0I0I0H651H;8010000101;66;0P0H0I1D0I0I0H651H;18;9;;2;1;8;0;1;0;0;0;0;1;0;1;56;48;49;48;48;48;48;49;48;49;25;17;18;17;17;17;17;18;17;18;0P;0H;0I;1D;0I;0I;0H;65;1H;;;25;17;18;49;18;18;17;221;53;;;56;48;49;80;49;49;48;252;84;;;W01;W02,W04,W05,W06,W07,W09;W03,W08,W10;;W03,W08,W10;W03,W08,W10;W02,W04,W05,W06,W07,W09;;;;;;;;
314;0Z1N1A1E1G170H0H0I0H0I2W3K373B3D342E2F2G2E2F0--1N1A1E1G171B0I0I0H631D0;ZMQSJ00101;66;1N1A1E1G171B0I0I0H631D0;23;11;0;6;5;Z;M;Q;S;J;0;0;1;0;1;90;77;81;83;74;48;48;49;48;49;59;46;50;52;43;17;17;18;17;18;1N;1A;1E;1G;17;1B;0I;0I;0H;63;1D;59;46;50;52;43;47;18;18;17;219;49;90;77;81;83;74;78;49;49;48;250;80;W01;W02;W03;W04;W05;;W08,W10;W08,W10;W06,W07,W09;;;;;;
315;100I0H0Q0H0H0H0H0I0H0I2Y2G2F2O2F2G2F2G2H2F2G0--0I0H0Q1E0I0H0I651I;1090000101;67;0I0H0Q1E0I0H0I651I;18;9;;2;1;1;0;9;0;0;0;0;1;0;1;49;48;57;48;48;48;48;49;48;49;18;17;26;17;17;17;17;18;17;18;0I;0H;0Q;1E;0I;0H;0I;65;1I;;;18;17;26;50;18;17;18;221;54;;;49;48;57;81;49;48;49;252;85;;;W01,W08,W10;W02,W04,W05,W06,W07,W09;W03;;W01,W08,W10;W02,W04,W05,W06,W07,W09;W01,W08,W10;;;;;;;;
316;100I0J0O0H0H0H0H0I0H0I2Y2G2H2M2F2G2F2G2H2F2G0--0I0J0O1E0I0H0I651I;1270000101;67;0I0J0O1E0I0H0I651I;18;9;;4;3;1;2;7;0;0;0;0;1;0;1;49;50;55;48;48;48;48;49;48;49;18;19;24;17;17;17;17;18;17;18;0I;0J;0O;1E;0I;0H;0I;65;1I;;;18;19;24;50;18;17;18;221;54;;;49;50;55;81;49;48;49;252;85;;;W01,W08,W10;W02;W03;;W01,W08,W10;W04,W05,W06,W07,W09;W01,W08,W10;;;;;;;;
317;100I0Q0H0H0H0H0H0I0H0I2Y2G2O2F2G2F2G2F2G2F2G0--0I0Q010I0H0I66060;1900000101;67;0I0Q010I0H0I66060;17;8;0;3;2;1;9;0;0;0;0;0;1;0;1;49;57;48;48;48;48;48;49;48;49;18;26;17;17;17;17;17;18;17;18;0I;0Q;1;0I;0H;0I;66;6;;;;18;26;1;18;17;18;222;6;;;;49;57;32;49;48;49;253;37;;;;W01,W08,W10;W02;;W01,W08,W10;W03,W04,W05,W06,W07,W09;W01,W08,W10;;;;;;;;;
318;100J0I0O0H0H0H0H0I0H0I2Y2H2G2M2F2G2F2G2H2F2G0--0J0I0O1E0I0H0I651I;2170000101;67;0J0I0O1E0I0H0I651I;18;9;;4;3;2;1;7;0;0;0;0;1;0;1;50;49;55;48;48;48;48;49;48;49;19;18;24;17;17;17;17;18;17;18;0J;0I;0O;1E;0I;0H;0I;65;1I;;;19;18;24;50;18;17;18;221;54;;;50;49;55;81;49;48;49;252;85;;;W01;W02,W08,W10;W03;;W02,W08,W10;W04,W05,W06,W07,W09;W02,W08,W10;;;;;;;;
319;100J0K0M0H0H0H0H0I0H0I2Y2H2I2K2F2G2F2G2H2F2G0--0J0K0M1E0I0H0I651I;2350000101;67;0J0K0M1E0I0H0I651I;18;9;;4;3;2;3;5;0;0;0;0;1;0;1;50;51;53;48;48;48;48;49;48;49;19;20;22;17;17;17;17;18;17;18;0J;0K;0M;1E;0I;0H;0I;65;1I;;;19;20;22;50;18;17;18;221;54;;;50;51;53;81;49;48;49;252;85;;;W01;W02;W03;;W08,W10;W04,W05,W06,W07,W09;W08,W10;;;;;;;;
320;100P0J0H0H0H0H0H0I0H0I2Y2N2H2F2G2F2G2F2G2F2G0--0P0J010I0H0I66060;8200000101;67;0P0J010I0H0I66060;17;8;0;3;2;8;2;0;0;0;0;0;1;0;1;56;50;48;48;48;48;48;49;48;49;25;19;17;17;17;17;17;18;17;18;0P;0J;1;0I;0H;0I;66;6;;;;25;19;1;18;17;18;222;6;;;;56;50;32;49;48;49;253;37;;;;W01;W02;;W08,W10;W03,W04,W05,W06,W07,W09;W08,W10;;;;;;;;;
321;100Q0I0H0H0H0H0H0I0H0I2Y2O2G2F2G2F2G2F2G2F2G0--0Q0I010I0H0I66060;9100000101;67;0Q0I010I0H0I66060;17;8;0;3;2;9;1;0;0;0;0;0;1;0;1;57;49;48;48;48;48;48;49;48;49;26;18;17;17;17;17;17;18;17;18;0Q;0I;1;0I;0H;0I;66;6;;;;26;18;1;18;17;18;222;6;;;;57;49;32;49;48;49;253;37;;;;W01;W02,W08,W10;;W02,W08,W10;W03,W04,W05,W06,W07,W09;W02,W08,W10;;;;;;;;;
322;110I0K0O0H0H0H0H0I0H0I302H2J2N2G2H2G2H2I2G2H0--0I0K0O1F0I0I0H651J;1370000101;68;0I0K0O1F0I0I0H651J;18;9;;4;3;1;3;7;0;0;0;0;1;0;1;49;51;55;48;48;48;48;49;48;49;18;20;24;17;17;17;17;18;17;18;0I;0K;0O;1F;0I;0I;0H;65;1J;;;18;20;24;51;18;18;17;221;55;;;49;51;55;82;49;49;48;252;86;;;W01,W08,W10;W02;W03;;W01,W08,W10;W01,W08,W10;W04,W05,W06,W07,W09;;;;;;;;
323;110K0P0H0H0H0H0H0I0H0I302J2O2G2H2G2H2G2H2G2H0--0K0P020I0I0H66070;3800000101;68;0K0P020I0I0H66070;17;8;0;3;2;3;8;0;0;0;0;0;1;0;1;51;56;48;48;48;48;48;49;48;49;20;25;17;17;17;17;17;18;17;18;0K;0P;2;0I;0I;0H;66;7;;;;20;25;2;18;18;17;222;7;;;;51;56;33;49;49;48;253;38;;;;W01;W02;;W08,W10;W08,W10;W03,W04,W05,W06,W07,W09;;;;;;;;;
324;110O0L0H0H0H0H0H0I0H0I302N2K2G2H2G2H2G2H2G2H0--0O0L020I0I0H66070;7400000101;68;0O0L020I0I0H66070;17;8;0;3;2;7;4;0;0;0;0;0;1;0;1;55;52;48;48;48;48;48;49;48;49;24;21;17;17;17;17;17;18;17;18;0O;0L;2;0I;0I;0H;66;7;;;;24;21;2;18;18;17;222;7;;;;55;52;33;49;49;48;253;38;;;;W01;W02;;W08,W10;W08,W10;W03,W04,W05,W06,W07,W09;;;;;;;;;
325;120I0L0O0H0H0H0H0I0H0I322I2L2O2H2I2H2I2J2H2I0--0I0L0O1G0I0H0I651K;1470000101;69;0I0L0O1G0I0H0I651K;18;9;;4;3;1;4;7;0;0;0;0;1;0;1;49;52;55;48;48;48;48;49;48;49;18;21;24;17;17;17;17;18;17;18;0I;0L;0O;1G;0I;0H;0I;65;1K;;;18;21;24;52;18;17;18;221;56;;;49;52;55;83;49;48;49;252;87;;;W01,W08,W10;W02;W03;;W01,W08,W10;W04,W05,W06,W07,W09;W01,W08,W10;;;;;;;;
326;120I0M0N0H0H0H0H0I0H0I322I2M2N2H2I2H2I2J2H2I0--0I0M0N1G0I0H0I651K;1560000101;69;0I0M0N1G0I0H0I651K;18;9;;4;3;1;5;6;0;0;0;0;1;0;1;49;53;54;48;48;48;48;49;48;49;18;22;23;17;17;17;17;18;17;18;0I;0M;0N;1G;0I;0H;0I;65;1K;;;18;22;23;52;18;17;18;221;56;;;49;53;54;83;49;48;49;252;87;;;W01,W08,W10;W02;W03;;W01,W08,W10;W04,W05,W06,W07,W09;W01,W08,W10;;;;;;;;
327;120I0P0K0H0H0H0H0I0H0I322I2P2K2H2I2H2I2J2H2I0--0I0P0K1G0I0H0I651K;1830000101;69;0I0P0K1G0I0H0I651K;18;9;;4;3;1;8;3;0;0;0;0;1;0;1;49;56;51;48;48;48;48;49;48;49;18;25;20;17;17;17;17;18;17;18;0I;0P;0K;1G;0I;0H;0I;65;1K;;;18;25;20;52;18;17;18;221;56;;;49;56;51;83;49;48;49;252;87;;;W01,W08,W10;W02;W03;;W01,W08,W10;W04,W05,W06,W07,W09;W01,W08,W10;;;;;;;;
328;120I0Q0J0H0H0H0H0I0H0I322I2Q2J2H2I2H2I2J2H2I0--0I0Q0J1G0I0H0I651K;1920000101;69;0I0Q0J1G0I0H0I651K;18;9;;4;3;1;9;2;0;0;0;0;1;0;1;49;57;50;48;48;48;48;49;48;49;18;26;19;17;17;17;17;18;17;18;0I;0Q;0J;1G;0I;0H;0I;65;1K;;;18;26;19;52;18;17;18;221;56;;;49;57;50;83;49;48;49;252;87;;;W01,W08,W10;W02;W03;;W01,W08,W10;W04,W05,W06,W07,W09;W01,W08,W10;;;;;;;;
329;120J12130H140H0H0I0H0I322J32332H342H2I2J2H2I0--0J12130H141E0I0H0I631G0;2EF0G00101;69;0J12130H141E0I0H0I631G0;23;11;0;4;3;2;E;F;0;G;0;0;1;0;1;50;69;70;48;71;48;48;49;48;49;19;38;39;17;40;17;17;18;17;18;0J;12;13;0H;14;1E;0I;0H;0I;63;1G;19;38;39;17;40;50;18;17;18;219;52;50;69;70;48;71;81;49;48;49;250;83;W01;W02;W03;W04,W06,W07,W09;W05;;W08,W10;W04,W06,W07,W09;W08,W10;;;;;;
330;120K0Q0H0H0H0H0H0I0H0I322K2Q2H2I2H2I2H2I2H2I0--0K0Q030I0H0I66080;3900000101;69;0K0Q030I0H0I66080;17;8;0;3;2;3;9;0;0;0;0;0;1;0;1;51;57;48;48;48;48;48;49;48;49;20;26;17;17;17;17;17;18;17;18;0K;0Q;3;0I;0H;0I;66;8;;;;20;26;3;18;17;18;222;8;;;;51;57;34;49;48;49;253;39;;;;W01;W02;;W08,W10;W03,W04,W05,W06,W07,W09;W08,W10;;;;;;;;;
331;120L0I0O0H0H0H0H0I0H0I322L2I2O2H2I2H2I2J2H2I0--0L0I0O1G0I0H0I651K;4170000101;69;0L0I0O1G0I0H0I651K;18;9;;4;3;4;1;7;0;0;0;0;1;0;1;52;49;55;48;48;48;48;49;48;49;21;18;24;17;17;17;17;18;17;18;0L;0I;0O;1G;0I;0H;0I;65;1K;;;21;18;24;52;18;17;18;221;56;;;52;49;55;83;49;48;49;252;87;;;W01;W02,W08,W10;W03;;W02,W08,W10;W04,W05,W06,W07,W09;W02,W08,W10;;;;;;;;
332;120L0K0M0H0H0H0H0I0H0I322L2K2M2H2I2H2I2J2H2I0--0L0K0M1G0I0H0I651K;4350000101;69;0L0K0M1G0I0H0I651K;18;9;;4;3;4;3;5;0;0;0;0;1;0;1;52;51;53;48;48;48;48;49;48;49;21;20;22;17;17;17;17;18;17;18;0L;0K;0M;1G;0I;0H;0I;65;1K;;;21;20;22;52;18;17;18;221;56;;;52;51;53;83;49;48;49;252;87;;;W01;W02;W03;;W08,W10;W04,W05,W06,W07,W09;W08,W10;;;;;;;;
333;120L120O1D0L0H0H0I0H0I322L322O3D2L2H2I2J2H2I0--0L120O1D0L1E0I0H0I631G0;4E7P400101;69;0L120O1D0L1E0I0H0I631G0;23;11;0;6;5;4;E;7;P;4;0;0;1;0;1;52;69;55;80;52;48;48;49;48;49;21;38;24;49;21;17;17;18;17;18;0L;12;0O;1D;0L;1E;0I;0H;0I;63;1G;21;38;24;49;21;50;18;17;18;219;52;52;69;55;80;52;81;49;48;49;250;83;W01,W05;W02;W03;W04;W01,W05;;W08,W10;W06,W07,W09;W08,W10;;;;;;
334;130I0K0Q0H0H0H0H0I0H0I342J2L2R2I2J2I2J2K2I2J0--0I0K0Q1H0I0I0H651L;1390000101;70;0I0K0Q1H0I0I0H651L;18;9;;4;3;1;3;9;0;0;0;0;1;0;1;49;51;57;48;48;48;48;49;48;49;18;20;26;17;17;17;17;18;17;18;0I;0K;0Q;1H;0I;0I;0H;65;1L;;;18;20;26;53;18;18;17;221;57;;;49;51;57;84;49;49;48;252;88;;;W01,W08,W10;W02;W03;;W01,W08,W10;W01,W08,W10;W04,W05,W06,W07,W09;;;;;;;;
335;130I0L0P0H0H0H0H0I0H0I342J2M2Q2I2J2I2J2K2I2J0--0I0L0P1H0I0I0H651L;1480000101;70;0I0L0P1H0I0I0H651L;18;9;;4;3;1;4;8;0;0;0;0;1;0;1;49;52;56;48;48;48;48;49;48;49;18;21;25;17;17;17;17;18;17;18;0I;0L;0P;1H;0I;0I;0H;65;1L;;;18;21;25;53;18;18;17;221;57;;;49;52;56;84;49;49;48;252;88;;;W01,W08,W10;W02;W03;;W01,W08,W10;W01,W08,W10;W04,W05,W06,W07,W09;;;;;;;;
336;130I0M0O0H0H0H0H0I0H0I342J2N2P2I2J2I2J2K2I2J0--0I0M0O1H0I0I0H651L;1570000101;70;0I0M0O1H0I0I0H651L;18;9;;4;3;1;5;7;0;0;0;0;1;0;1;49;53;55;48;48;48;48;49;48;49;18;22;24;17;17;17;17;18;17;18;0I;0M;0O;1H;0I;0I;0H;65;1L;;;18;22;24;53;18;18;17;221;57;;;49;53;55;84;49;49;48;252;88;;;W01,W08,W10;W02;W03;;W01,W08,W10;W01,W08,W10;W04,W05,W06,W07,W09;;;;;;;;
337;130I0N0N0H0H0H0H0I0H0I342J2O2P2I2J2I2J2K2I2J0--0I0N0N1H0I0I0H651L;1660000101;70;0I0N0N1H0I0I0H651L;18;9;;4;3;1;6;6;0;0;0;0;1;0;1;49;54;54;48;48;48;48;49;48;49;18;23;23;17;17;17;17;18;17;18;0I;0N;0N;1H;0I;0I;0H;65;1L;;;18;23;23;53;18;18;17;221;57;;;49;54;54;84;49;49;48;252;88;;;W01,W08,W10;W02,W03;W02,W03;;W01,W08,W10;W01,W08,W10;W04,W05,W06,W07,W09;;;;;;;;
338;130I0O0M0H0H0H0H0I0H0I342J2P2N2I2J2I2J2K2I2J0--0I0O0M1H0I0I0H651L;1750000101;70;0I0O0M1H0I0I0H651L;18;9;;4;3;1;7;5;0;0;0;0;1;0;1;49;55;53;48;48;48;48;49;48;49;18;24;22;17;17;17;17;18;17;18;0I;0O;0M;1H;0I;0I;0H;65;1L;;;18;24;22;53;18;18;17;221;57;;;49;55;53;84;49;49;48;252;88;;;W01,W08,W10;W02;W03;;W01,W08,W10;W01,W08,W10;W04,W05,W06,W07,W09;;;;;;;;
339;130I120Z0M150H0H0I0H0I342J33302N362I2J2K2I2J0--0I120Z0M151F0I0I0H631H0;1EB5H00101;70;0I120Z0M151F0I0I0H631H0;23;11;0;6;5;1;E;B;5;H;0;0;1;0;1;49;69;66;53;72;48;48;49;48;49;18;38;35;22;41;17;17;18;17;18;0I;12;0Z;0M;15;1F;0I;0I;0H;63;1H;18;38;35;22;41;51;18;18;17;219;53;49;69;66;53;72;82;49;49;48;250;84;W01,W08,W10;W02;W03;W04;W05;;W01,W08,W10;W01,W08,W10;W06,W07,W09;;;;;;
340;130J0L0O0H0H0H0H0I0H0I342K2M2P2I2J2I2J2K2I2J0--0J0L0O1H0I0I0H651L;2470000101;70;0J0L0O1H0I0I0H651L;18;9;;4;3;2;4;7;0;0;0;0;1;0;1;50;52;55;48;48;48;48;49;48;49;19;21;24;17;17;17;17;18;17;18;0J;0L;0O;1H;0I;0I;0H;65;1L;;;19;21;24;53;18;18;17;221;57;;;50;52;55;84;49;49;48;252;88;;;W01;W02;W03;;W08,W10;W08,W10;W04,W05,W06,W07,W09;;;;;;;;
341;130J0M0N0H0H0H0H0I0H0I342K2N2O2I2J2I2J2K2I2J0--0J0M0N1H0I0I0H651L;2560000101;70;0J0M0N1H0I0I0H651L;18;9;;4;3;2;5;6;0;0;0;0;1;0;1;50;53;54;48;48;48;48;49;48;49;19;22;23;17;17;17;17;18;17;18;0J;0M;0N;1H;0I;0I;0H;65;1L;;;19;22;23;53;18;18;17;221;57;;;50;53;54;84;49;49;48;252;88;;;W01;W02;W03;;W08,W10;W08,W10;W04,W05,W06,W07,W09;;;;;;;;
342;130L0Q0H0H0H0H0H0I0H0I342M2R2I2J2I2J2I2J2I2J0--0L0Q040I0I0H66090;4900000101;70;0L0Q040I0I0H66090;17;8;0;3;2;4;9;0;0;0;0;0;1;0;1;52;57;48;48;48;48;48;49;48;49;21;26;17;17;17;17;17;18;17;18;0L;0Q;4;0I;0I;0H;66;9;;;;21;26;4;18;18;17;222;9;;;;52;57;35;49;49;48;253;40;;;;W01;W02;;W08,W10;W08,W10;W03,W04,W05,W06,W07,W09;;;;;;;;;
343;130N0O0H0H0H0H0H0I0H0I342O2P2I2J2I2J2I2J2I2J0--0N0O040I0I0H66090;6700000101;70;0N0O040I0I0H66090;17;8;0;3;2;6;7;0;0;0;0;0;1;0;1;54;55;48;48;48;48;48;49;48;49;23;24;17;17;17;17;17;18;17;18;0N;0O;4;0I;0I;0H;66;9;;;;23;24;4;18;18;17;222;9;;;;54;55;35;49;49;48;253;40;;;;W01;W02;;W08,W10;W08,W10;W03,W04,W05,W06,W07,W09;;;;;;;;;
344;130P0L0I0H0H0H0H0I0H0I342Q2M2J2I2J2I2J2K2I2J0--0P0L0I1H0I0I0H651L;8410000101;70;0P0L0I1H0I0I0H651L;18;9;;4;3;8;4;1;0;0;0;0;1;0;1;56;52;49;48;48;48;48;49;48;49;25;21;18;17;17;17;17;18;17;18;0P;0L;0I;1H;0I;0I;0H;65;1L;;;25;21;18;53;18;18;17;221;57;;;56;52;49;84;49;49;48;252;88;;;W01;W02;W03,W08,W10;;W03,W08,W10;W03,W08,W10;W04,W05,W06,W07,W09;;;;;;;;
345;140I0L0Q0H0H0H0H0I0H0I362K2N2S2J2K2J2K2L2J2K0--0I0L0Q1I0I0H0I651M;1490000101;71;0I0L0Q1I0I0H0I651M;18;9;;4;3;1;4;9;0;0;0;0;1;0;1;49;52;57;48;48;48;48;49;48;49;18;21;26;17;17;17;17;18;17;18;0I;0L;0Q;1I;0I;0H;0I;65;1M;;;18;21;26;54;18;17;18;221;58;;;49;52;57;85;49;48;49;252;89;;;W01,W08,W10;W02;W03;;W01,W08,W10;W04,W05,W06,W07,W09;W01,W08,W10;;;;;;;;
346;140I0M0P0H0H0H0H0I0H0I362K2O2R2J2K2J2K2L2J2K0--0I0M0P1I0I0H0I651M;1580000101;71;0I0M0P1I0I0H0I651M;18;9;;4;3;1;5;8;0;0;0;0;1;0;1;49;53;56;48;48;48;48;49;48;49;18;22;25;17;17;17;17;18;17;18;0I;0M;0P;1I;0I;0H;0I;65;1M;;;18;22;25;54;18;17;18;221;58;;;49;53;56;85;49;48;49;252;89;;;W01,W08,W10;W02;W03;;W01,W08,W10;W04,W05,W06,W07,W09;W01,W08,W10;;;;;;;;
347;140I0N0O0H0H0H0H0I0H0I362K2P2Q2J2K2J2K2L2J2K0--0I0N0O1I0I0H0I651M;1670000101;71;0I0N0O1I0I0H0I651M;18;9;;4;3;1;6;7;0;0;0;0;1;0;1;49;54;55;48;48;48;48;49;48;49;18;23;24;17;17;17;17;18;17;18;0I;0N;0O;1I;0I;0H;0I;65;1M;;;18;23;24;54;18;17;18;221;58;;;49;54;55;85;49;48;49;252;89;;;W01,W08,W10;W02;W03;;W01,W08,W10;W04,W05,W06,W07,W09;W01,W08,W10;;;;;;;;
348;140I120Z0L170H0H0I0H0I362K34312N392J2K2L2J2K0--0I120Z0L171G0I0H0I631I0;1EB4J00101;71;0I120Z0L171G0I0H0I631I0;23;11;0;6;5;1;E;B;4;J;0;0;1;0;1;49;69;66;52;74;48;48;49;48;49;18;38;35;21;43;17;17;18;17;18;0I;12;0Z;0L;17;1G;0I;0H;0I;63;1I;18;38;35;21;43;52;18;17;18;219;54;49;69;66;52;74;83;49;48;49;250;85;W01,W08,W10;W02;W03;W04;W05;;W01,W08,W10;W06,W07,W09;W01,W08,W10;;;;;;
349;140M0Q0H0H0H0H0H0I0H0I362O2S2J2K2J2K2J2K2J2K0--0M0Q050I0H0I660A0;5900000101;71;0M0Q050I0H0I660A0;17;8;0;3;2;5;9;0;0;0;0;0;1;0;1;53;57;48;48;48;48;48;49;48;49;22;26;17;17;17;17;17;18;17;18;0M;0Q;5;0I;0H;0I;66;0A;;;;22;26;5;18;17;18;222;10;;;;53;57;36;49;48;49;253;41;;;;W01;W02;;W08,W10;W03,W04,W05,W06,W07,W09;W08,W10;;;;;;;;;
350;140O0O0H0H0H0H0H0I0H0I362Q2R2J2K2J2K2J2K2J2K0--0O0O050I0H0I660A0;7700000101;71;0O0O050I0H0I660A0;17;8;0;3;2;7;7;0;0;0;0;0;1;0;1;55;55;48;48;48;48;48;49;48;49;24;24;17;17;17;17;17;18;17;18;0O;0O;5;0I;0H;0I;66;0A;;;;24;24;5;18;17;18;222;10;;;;55;55;36;49;48;49;253;41;;;;W01,W02;W01,W02;;W08,W10;W03,W04,W05,W06,W07,W09;W08,W10;;;;;;;;;
351;140Q0L0I0H0H0H0H0I0H0I362S2N2K2J2K2J2K2L2J2K0--0Q0L0I1I0I0H0I651M;9410000101;71;0Q0L0I1I0I0H0I651M;18;9;;4;3;9;4;1;0;0;0;0;1;0;1;57;52;49;48;48;48;48;49;48;49;26;21;18;17;17;17;17;18;17;18;0Q;0L;0I;1I;0I;0H;0I;65;1M;;;26;21;18;54;18;17;18;221;58;;;57;52;49;85;49;48;49;252;89;;;W01;W02;W03,W08,W10;;W03,W08,W10;W04,W05,W06,W07,W09;W03,W08,W10;;;;;;;;
352;150I0N0P0H0H0H0H0I0H0I382L2Q2S2K2L2K2L2M2K2L0--0I0N0P1J0I0I0H651N;1680000101;72;0I0N0P1J0I0I0H651N;18;9;;4;3;1;6;8;0;0;0;0;1;0;1;49;54;56;48;48;48;48;49;48;49;18;23;25;17;17;17;17;18;17;18;0I;0N;0P;1J;0I;0I;0H;65;1N;;;18;23;25;55;18;18;17;221;59;;;49;54;56;86;49;49;48;252;90;;;W01,W08,W10;W02;W03;;W01,W08,W10;W01,W08,W10;W04,W05,W06,W07,W09;;;;;;;;
353;150I0O0O0H0H0H0H0I0H0I382L2R2S2K2L2K2L2M2K2L0--0I0O0O1J0I0I0H651N;1770000101;72;0I0O0O1J0I0I0H651N;18;9;;4;3;1;7;7;0;0;0;0;1;0;1;49;55;55;48;48;48;48;49;48;49;18;24;24;17;17;17;17;18;17;18;0I;0O;0O;1J;0I;0I;0H;65;1N;;;18;24;24;55;18;18;17;221;59;;;49;55;55;86;49;49;48;252;90;;;W01,W08,W10;W02,W03;W02,W03;;W01,W08,W10;W01,W08,W10;W04,W05,W06,W07,W09;;;;;;;;
354;150K0O0M0H0H0H0H0I0H0I382N2R2P2K2L2K2L2M2K2L0--0K0O0M1J0I0I0H651N;3750000101;72;0K0O0M1J0I0I0H651N;18;9;;4;3;3;7;5;0;0;0;0;1;0;1;51;55;53;48;48;48;48;49;48;49;20;24;22;17;17;17;17;18;17;18;0K;0O;0M;1J;0I;0I;0H;65;1N;;;20;24;22;55;18;18;17;221;59;;;51;55;53;86;49;49;48;252;90;;;W01;W02;W03;;W08,W10;W08,W10;W04,W05,W06,W07,W09;;;;;;;;
355;151I1D1N1F170H0H0I0H0I383L3G3Q3I3A2K2L2M2K2L0--1I1D1N1F171H0I0I0H631J0;UPZRJ00101;72;1I1D1N1F171H0I0I0H631J0;23;11;0;6;5;U;P;Z;R;J;0;0;1;0;1;85;80;90;82;74;48;48;49;48;49;54;49;59;51;43;17;17;18;17;18;1I;1D;1N;1F;17;1H;0I;0I;0H;63;1J;54;49;59;51;43;53;18;18;17;219;55;85;80;90;82;74;84;49;49;48;250;86;W01;W02;W03;W04;W05;;W08,W10;W08,W10;W06,W07,W09;;;;;;
356;160I0P0O0H0H0H0H0I0H0I3A2M2T2S2L2M2L2M2N2L2M0--0I0P0O1K0I0H0I651O;1870000101;73;0I0P0O1K0I0H0I651O;18;9;;4;3;1;8;7;0;0;0;0;1;0;1;49;56;55;48;48;48;48;49;48;49;18;25;24;17;17;17;17;18;17;18;0I;0P;0O;1K;0I;0H;0I;65;1O;;;18;25;24;56;18;17;18;221;60;;;49;56;55;87;49;48;49;252;91;;;W01,W08,W10;W02;W03;;W01,W08,W10;W04,W05,W06,W07,W09;W01,W08,W10;;;;;;;;
357;160I0Q0N0H0H0H0H0I0H0I3A2M2U2R2L2M2L2M2N2L2M0--0I0Q0N1K0I0H0I651O;1960000101;73;0I0Q0N1K0I0H0I651O;18;9;;4;3;1;9;6;0;0;0;0;1;0;1;49;57;54;48;48;48;48;49;48;49;18;26;23;17;17;17;17;18;17;18;0I;0Q;0N;1K;0I;0H;0I;65;1O;;;18;26;23;56;18;17;18;221;60;;;49;57;54;87;49;48;49;252;91;;;W01,W08,W10;W02;W03;;W01,W08,W10;W04,W05,W06,W07,W09;W01,W08,W10;;;;;;;;
358;160P0P0H0H0H0H0H0I0H0I3A2T2U2L2M2L2M2L2M2L2M0--0P0P070I0H0I660C0;8800000101;73;0P0P070I0H0I660C0;17;8;0;3;2;8;8;0;0;0;0;0;1;0;1;56;56;48;48;48;48;48;49;48;49;25;25;17;17;17;17;17;18;17;18;0P;0P;7;0I;0H;0I;66;0C;;;;25;25;7;18;17;18;222;12;;;;56;56;38;49;48;49;253;43;;;;W01,W02;W01,W02;;W08,W10;W03,W04,W05,W06,W07,W09;W08,W10;;;;;;;;;
359;160Q0O0H0H0H0H0H0I0H0I3A2U2S2L2M2L2M2L2M2L2M0--0Q0O070I0H0I660C0;9700000101;73;0Q0O070I0H0I660C0;17;8;0;3;2;9;7;0;0;0;0;0;1;0;1;57;55;48;48;48;48;48;49;48;49;26;24;17;17;17;17;17;18;17;18;0Q;0O;7;0I;0H;0I;66;0C;;;;26;24;7;18;17;18;222;12;;;;57;55;38;49;48;49;253;43;;;;W01;W02;;W08,W10;W03,W04,W05,W06,W07,W09;W08,W10;;;;;;;;;
360;170I0O0Q0H0H0H0H0I0H0I3C2N2T2V2M2N2M2N2O2M2N0--0I0O0Q1L0I0I0H651P;1790000101;74;0I0O0Q1L0I0I0H651P;18;9;;4;3;1;7;9;0;0;0;0;1;0;1;49;55;57;48;48;48;48;49;48;49;18;24;26;17;17;17;17;18;17;18;0I;0O;0Q;1L;0I;0I;0H;65;1P;;;18;24;26;57;18;18;17;221;61;;;49;55;57;88;49;49;48;252;92;;;W01,W08,W10;W02;W03;;W01,W08,W10;W01,W08,W10;W04,W05,W06,W07,W09;;;;;;;;
361;170K120Y0O160H0H0I0H0I3C2P37332T3B2M2N2O2M2N0--0K120Y0O161J0I0I0H631L0;3EA7I00101;74;0K120Y0O161J0I0I0H631L0;23;11;0;6;5;3;E;A;7;I;0;0;1;0;1;51;69;65;55;73;48;48;49;48;49;20;38;34;24;42;17;17;18;17;18;0K;12;0Y;0O;16;1J;0I;0I;0H;63;1L;20;38;34;24;42;55;18;18;17;219;57;51;69;65;55;73;86;49;49;48;250;88;W01;W02;W03;W04;W05;;W08,W10;W08,W10;W06,W07,W09;;;;;;
362;180I0P0Q0H0H0H0H0I0H0I3E2O2V2W2N2O2N2O2P2N2O0--0I0P0Q1M0I0H0I651Q;1890000101;75;0I0P0Q1M0I0H0I651Q;18;9;;4;3;1;8;9;0;0;0;0;1;0;1;49;56;57;48;48;48;48;49;48;49;18;25;26;17;17;17;17;18;17;18;0I;0P;0Q;1M;0I;0H;0I;65;1Q;;;18;25;26;58;18;17;18;221;62;;;49;56;57;89;49;48;49;252;93;;;W01,W08,W10;W02;W03;;W01,W08,W10;W04,W05,W06,W07,W09;W01,W08,W10;;;;;;;;
363;180I0Q0P0H0H0H0H0I0H0I3E2O2W2V2N2O2N2O2P2N2O0--0I0Q0P1M0I0H0I651Q;1980000101;75;0I0Q0P1M0I0H0I651Q;18;9;;4;3;1;9;8;0;0;0;0;1;0;1;49;57;56;48;48;48;48;49;48;49;18;26;25;17;17;17;17;18;17;18;0I;0Q;0P;1M;0I;0H;0I;65;1Q;;;18;26;25;58;18;17;18;221;62;;;49;57;56;89;49;48;49;252;93;;;W01,W08,W10;W02;W03;;W01,W08,W10;W04,W05,W06,W07,W09;W01,W08,W10;;;;;;;;
364;180Q0Q0H0H0H0H0H0I0H0I3E2W2X2N2O2N2O2N2O2N2O0--0Q0Q090I0H0I660E0;9900000101;75;0Q0Q090I0H0I660E0;17;8;0;3;2;9;9;0;0;0;0;0;1;0;1;57;57;48;48;48;48;48;49;48;49;26;26;17;17;17;17;17;18;17;18;0Q;0Q;9;0I;0H;0I;66;0E;;;;26;26;9;18;17;18;222;14;;;;57;57;40;49;48;49;253;45;;;;W01,W02;W01,W02;;W08,W10;W03,W04,W05,W06,W07,W09;W08,W10;;;;;;;;;
365;190I0I0Y0H0H0H0H0I0H0I3G2P2Q352O2P2O2P2Q2O2P0--0I0I0Y1N0I0I0H651R;11A0000101;76;0I0I0Y1N0I0I0H651R;18;9;;4;3;1;1;A;0;0;0;0;1;0;1;49;49;65;48;48;48;48;49;48;49;18;18;34;17;17;17;17;18;17;18;0I;0I;0Y;1N;0I;0I;0H;65;1R;;;18;18;34;59;18;18;17;221;63;;;49;49;65;90;49;49;48;252;94;;;W01,W02,W08,W10;W01,W02,W08,W10;W03;;W01,W02,W08,W10;W01,W02,W08,W10;W04,W05,W06,W07,W09;;;;;;;;
366;190I0Q0Q0H0H0H0H0I0H0I3G2P2X2Y2O2P2O2P2Q2O2P0--0I0Q0Q1N0I0I0H651R;1990000101;76;0I0Q0Q1N0I0I0H651R;18;9;;4;3;1;9;9;0;0;0;0;1;0;1;49;57;57;48;48;48;48;49;48;49;18;26;26;17;17;17;17;18;17;18;0I;0Q;0Q;1N;0I;0I;0H;65;1R;;;18;26;26;59;18;18;17;221;63;;;49;57;57;90;49;49;48;252;94;;;W01,W08,W10;W02,W03;W02,W03;;W01,W08,W10;W01,W08,W10;W04,W05,W06,W07,W09;;;;;;;;
367;1A0I0J0Y0H0H0H0H0I0H0I3I2Q2R362P2Q2P2Q2R2P2Q0--0I0J0Y1O0I0H0I651S;12A0000101;77;0I0J0Y1O0I0H0I651S;18;9;;4;3;1;2;A;0;0;0;0;1;0;1;49;50;65;48;48;48;48;49;48;49;18;19;34;17;17;17;17;18;17;18;0I;0J;0Y;1O;0I;0H;0I;65;1S;;;18;19;34;60;18;17;18;221;64;;;49;50;65;91;49;48;49;252;95;;;W01,W08,W10;W02;W03;;W01,W08,W10;W04,W05,W06,W07,W09;W01,W08,W10;;;;;;;;
368;1A0Q0N0M0H0H0H0H0I0H0I3I2Y2V2U2P2Q2P2Q2R2P2Q0--0Q0N0M1O0I0H0I651S;9650000101;77;0Q0N0M1O0I0H0I651S;18;9;;4;3;9;6;5;0;0;0;0;1;0;1;57;54;53;48;48;48;48;49;48;49;26;23;22;17;17;17;17;18;17;18;0Q;0N;0M;1O;0I;0H;0I;65;1S;;;26;23;22;60;18;17;18;221;64;;;57;54;53;91;49;48;49;252;95;;;W01;W02;W03;;W08,W10;W04,W05,W06,W07,W09;W08,W10;;;;;;;;
369;1A100I0H0H0H0H0H0I0H0I3I382Q2P2Q2P2Q2P2Q2P2Q0--100I0B0I0H0I660G0;C100000101;77;100I0B0I0H0I660G0;17;8;0;3;2;C;1;0;0;0;0;0;1;0;1;67;49;48;48;48;48;48;49;48;49;36;18;17;17;17;17;17;18;17;18;10;0I;0B;0I;0H;0I;66;0G;;;;36;18;11;18;17;18;222;16;;;;67;49;42;49;48;49;253;47;;;;W01;W02,W08,W10;;W02,W08,W10;W03,W04,W05,W06,W07,W09;W02,W08,W10;;;;;;;;;
370;1B0I0I100H0H0H0H0I0H0I3K2R2S392Q2R2Q2R2S2Q2R0--0I0I101P0I0I0H651T;11C0000101;78;0I0I101P0I0I0H651T;18;9;;4;3;1;1;C;0;0;0;0;1;0;1;49;49;67;48;48;48;48;49;48;49;18;18;36;17;17;17;17;18;17;18;0I;0I;10;1P;0I;0I;0H;65;1T;;;18;18;36;61;18;18;17;221;65;;;49;49;67;92;49;49;48;252;96;;;W01,W02,W08,W10;W01,W02,W08,W10;W03;;W01,W02,W08,W10;W01,W02,W08,W10;W04,W05,W06,W07,W09;;;;;;;;
371;1B0I0K0Y0H0H0H0H0I0H0I3K2R2T372Q2R2Q2R2S2Q2R0--0I0K0Y1P0I0I0H651T;13A0000101;78;0I0K0Y1P0I0I0H651T;18;9;;4;3;1;3;A;0;0;0;0;1;0;1;49;51;65;48;48;48;48;49;48;49;18;20;34;17;17;17;17;18;17;18;0I;0K;0Y;1P;0I;0I;0H;65;1T;;;18;20;34;61;18;18;17;221;65;;;49;51;65;92;49;49;48;252;96;;;W01,W08,W10;W02;W03;;W01,W08,W10;W01,W08,W10;W04,W05,W06,W07,W09;;;;;;;;
372;1B0I0Z0J0H0H0H0H0I0H0I3K2R382S2Q2R2Q2R2S2Q2R0--0I0Z0J1P0I0I0H651T;1B20000101;78;0I0Z0J1P0I0I0H651T;18;9;;4;3;1;B;2;0;0;0;0;1;0;1;49;66;50;48;48;48;48;49;48;49;18;35;19;17;17;17;17;18;17;18;0I;0Z;0J;1P;0I;0I;0H;65;1T;;;18;35;19;61;18;18;17;221;65;;;49;66;50;92;49;49;48;252;96;;;W01,W08,W10;W02;W03;;W01,W08,W10;W01,W08,W10;W04,W05,W06,W07,W09;;;;;;;;
373;1B0J0J0Y0H0H0H0H0I0H0I3K2S2T372Q2R2Q2R2S2Q2R0--0J0J0Y1P0I0I0H651T;22A0000101;78;0J0J0Y1P0I0I0H651T;18;9;;4;3;2;2;A;0;0;0;0;1;0;1;50;50;65;48;48;48;48;49;48;49;19;19;34;17;17;17;17;18;17;18;0J;0J;0Y;1P;0I;0I;0H;65;1T;;;19;19;34;61;18;18;17;221;65;;;50;50;65;92;49;49;48;252;96;;;W01,W02;W01,W02;W03;;W08,W10;W08,W10;W04,W05,W06,W07,W09;;;;;;;;
374;1B0N121A100J0H0H0I0H0I3K2W3B3J392S2Q2R2S2Q2R0--0N121A100J1N0I0I0H631P0;6EMC200101;78;0N121A100J1N0I0I0H631P0;23;11;0;6;5;6;E;M;C;2;0;0;1;0;1;54;69;77;67;50;48;48;49;48;49;23;38;46;36;19;17;17;18;17;18;0N;12;1A;10;0J;1N;0I;0I;0H;63;1P;23;38;46;36;19;59;18;18;17;219;61;54;69;77;67;50;90;49;49;48;250;92;W01;W02;W03;W04;W05;;W08,W10;W08,W10;W06,W07,W09;;;;;;
375;1C0I0J100H0H0H0H0I0H0I3M2S2T3A2R2S2R2S2T2R2S0--0I0J101Q0I0H0I651U;12C0000101;79;0I0J101Q0I0H0I651U;18;9;;4;3;1;2;C;0;0;0;0;1;0;1;49;50;67;48;48;48;48;49;48;49;18;19;36;17;17;17;17;18;17;18;0I;0J;10;1Q;0I;0H;0I;65;1U;;;18;19;36;62;18;17;18;221;66;;;49;50;67;93;49;48;49;252;97;;;W01,W08,W10;W02;W03;;W01,W08,W10;W04,W05,W06,W07,W09;W01,W08,W10;;;;;;;;
376;1C0I0K0Z0H0H0H0H0I0H0I3M2S2U392R2S2R2S2T2R2S0--0I0K0Z1Q0I0H0I651U;13B0000101;79;0I0K0Z1Q0I0H0I651U;18;9;;4;3;1;3;B;0;0;0;0;1;0;1;49;51;66;48;48;48;48;49;48;49;18;20;35;17;17;17;17;18;17;18;0I;0K;0Z;1Q;0I;0H;0I;65;1U;;;18;20;35;62;18;17;18;221;66;;;49;51;66;93;49;48;49;252;97;;;W01,W08,W10;W02;W03;;W01,W08,W10;W04,W05,W06,W07,W09;W01,W08,W10;;;;;;;;
377;1C0I0L0Y0H0H0H0H0I0H0I3M2S2V382R2S2R2S2T2R2S0--0I0L0Y1Q0I0H0I651U;14A0000101;79;0I0L0Y1Q0I0H0I651U;18;9;;4;3;1;4;A;0;0;0;0;1;0;1;49;52;65;48;48;48;48;49;48;49;18;21;34;17;17;17;17;18;17;18;0I;0L;0Y;1Q;0I;0H;0I;65;1U;;;18;21;34;62;18;17;18;221;66;;;49;52;65;93;49;48;49;252;97;;;W01,W08,W10;W02;W03;;W01,W08,W10;W04,W05,W06,W07,W09;W01,W08,W10;;;;;;;;
378;1C0I100J0H0H0H0H0I0H0I3M2S3A2T2R2S2R2S2T2R2S0--0I100J1Q0I0H0I651U;1C20000101;79;0I100J1Q0I0H0I651U;18;9;;4;3;1;C;2;0;0;0;0;1;0;1;49;67;50;48;48;48;48;49;48;49;18;36;19;17;17;17;17;18;17;18;0I;10;0J;1Q;0I;0H;0I;65;1U;;;18;36;19;62;18;17;18;221;66;;;49;67;50;93;49;48;49;252;97;;;W01,W08,W10;W02;W03;;W01,W08,W10;W04,W05,W06,W07,W09;W01,W08,W10;;;;;;;;
379;1C0J0I100H0H0H0H0I0H0I3M2T2S3A2R2S2R2S2T2R2S0--0J0I101Q0I0H0I651U;21C0000101;79;0J0I101Q0I0H0I651U;18;9;;4;3;2;1;C;0;0;0;0;1;0;1;50;49;67;48;48;48;48;49;48;49;19;18;36;17;17;17;17;18;17;18;0J;0I;10;1Q;0I;0H;0I;65;1U;;;19;18;36;62;18;17;18;221;66;;;50;49;67;93;49;48;49;252;97;;;W01;W02,W08,W10;W03;;W02,W08,W10;W04,W05,W06,W07,W09;W02,W08,W10;;;;;;;;
380;1C0J110H0H0H0H0H0I0H0I3M2T3B2R2S2R2S2R2S2R2S0--0J110D0I0H0I660I0;2D00000101;79;0J110D0I0H0I660I0;17;8;0;3;2;2;D;0;0;0;0;0;1;0;1;50;68;48;48;48;48;48;49;48;49;19;37;17;17;17;17;17;18;17;18;0J;11;0D;0I;0H;0I;66;0I;;;;19;37;13;18;17;18;222;18;;;;50;68;44;49;48;49;253;49;;;;W01;W02;;W08,W10;W03,W04,W05,W06,W07,W09;W08,W10;;W08,W10;;;;;;;
381;1C0K0Z0I0H0H0H0H0I0H0I3M2U392S2R2S2R2S2T2R2S0--0K0Z0I1Q0I0H0I651U;3B10000101;79;0K0Z0I1Q0I0H0I651U;18;9;;4;3;3;B;1;0;0;0;0;1;0;1;51;66;49;48;48;48;48;49;48;49;20;35;18;17;17;17;17;18;17;18;0K;0Z;0I;1Q;0I;0H;0I;65;1U;;;20;35;18;62;18;17;18;221;66;;;51;66;49;93;49;48;49;252;97;;;W01;W02;W03,W08,W10;;W03,W08,W10;W04,W05,W06,W07,W09;W03,W08,W10;;;;;;;;
382;1D0I0K100H0H0H0H0I0H0I3O2T2V3B2S2T2S2T2U2S2T0--0I0K101R0I0I0H651V;13C0000101;80;0I0K101R0I0I0H651V;18;9;;4;3;1;3;C;0;0;0;0;1;0;1;49;51;67;48;48;48;48;49;48;49;18;20;36;17;17;17;17;18;17;18;0I;0K;10;1R;0I;0I;0H;65;1V;;;18;20;36;63;18;18;17;221;67;;;49;51;67;94;49;49;48;252;98;;;W01,W08,W10;W02;W03;;W01,W08,W10;W01,W08,W10;W04,W05,W06,W07,W09;;;;;;;;
383;1D0I0M0Y0H0H0H0H0I0H0I3O2T2X392S2T2S2T2U2S2T0--0I0M0Y1R0I0I0H651V;15A0000101;80;0I0M0Y1R0I0I0H651V;18;9;;4;3;1;5;A;0;0;0;0;1;0;1;49;53;65;48;48;48;48;49;48;49;18;22;34;17;17;17;17;18;17;18;0I;0M;0Y;1R;0I;0I;0H;65;1V;;;18;22;34;63;18;18;17;221;67;;;49;53;65;94;49;49;48;252;98;;;W01,W08,W10;W02;W03;;W01,W08,W10;W01,W08,W10;W04,W05,W06,W07,W09;;;;;;;;
384;1D0I110J0H0H0H0H0I0H0I3O2T3C2U2S2T2S2T2U2S2T0--0I110J1R0I0I0H651V;1D20000101;80;0I110J1R0I0I0H651V;18;9;;4;3;1;D;2;0;0;0;0;1;0;1;49;68;50;48;48;48;48;49;48;49;18;37;19;17;17;17;17;18;17;18;0I;11;0J;1R;0I;0I;0H;65;1V;;;18;37;19;63;18;18;17;221;67;;;49;68;50;94;49;49;48;252;98;;;W01,W08,W10;W02;W03;;W01,W08,W10;W01,W08,W10;W04,W05,W06,W07,W09;;;;;;;;
385;1D0J120Y0Y130H0H0I0H0I3O2U3D393A3E2S2T2U2S2T0--0J120Y0Y131P0I0I0H631R0;2EAAF00101;80;0J120Y0Y131P0I0I0H631R0;23;11;0;6;5;2;E;A;A;F;0;0;1;0;1;50;69;65;65;70;48;48;49;48;49;19;38;34;34;39;17;17;18;17;18;0J;12;0Y;0Y;13;1P;0I;0I;0H;63;1R;19;38;34;34;39;61;18;18;17;219;63;50;69;65;65;70;92;49;49;48;250;94;W01;W02;W03,W04;W03,W04;W05;;W08,W10;W08,W10;W06,W07,W09;;;;;;
386;1D130I0H0H0H0H0H0I0H0I3O3E2T2S2T2S2T2S2T2S2T0--130I0E0I0I0H660J0;F100000101;80;130I0E0I0I0H660J0;17;8;0;3;2;F;1;0;0;0;0;0;1;0;1;70;49;48;48;48;48;48;49;48;49;39;18;17;17;17;17;17;18;17;18;13;0I;0E;0I;0I;0H;66;0J;;;;39;18;14;18;18;17;222;19;;;;70;49;45;49;49;48;253;50;;;;W01;W02,W08,W10;;W02,W08,W10;W02,W08,W10;W03,W04,W05,W06,W07,W09;;;;;;;;;
387;1E0I0L100H0H0H0H0I0H0I3Q2U2X3C2T2U2T2U2V2T2U0--0I0L101S0I0H0I651W;14C0000101;81;0I0L101S0I0H0I651W;18;9;;4;3;1;4;C;0;0;0;0;1;0;1;49;52;67;48;48;48;48;49;48;49;18;21;36;17;17;17;17;18;17;18;0I;0L;10;1S;0I;0H;0I;65;1W;;;18;21;36;64;18;17;18;221;68;;;49;52;67;95;49;48;49;252;99;;;W01,W08,W10;W02;W03;;W01,W08,W10;W04,W05,W06,W07,W09;W01,W08,W10;;;;;;;;
388;1E0I0Y0N0H0H0H0H0I0H0I3Q2U3A2Z2T2U2T2U2V2T2U0--0I0Y0N1S0I0H0I651W;1A60000101;81;0I0Y0N1S0I0H0I651W;18;9;;4;3;1;A;6;0;0;0;0;1;0;1;49;65;54;48;48;48;48;49;48;49;18;34;23;17;17;17;17;18;17;18;0I;0Y;0N;1S;0I;0H;0I;65;1W;;;18;34;23;64;18;17;18;221;68;;;49;65;54;95;49;48;49;252;99;;;W01,W08,W10;W02;W03;;W01,W08,W10;W04,W05,W06,W07,W09;W01,W08,W10;;;;;;;;
389;1E0J0M0Y0H0H0H0H0I0H0I3Q2V2Y3A2T2U2T2U2V2T2U0--0J0M0Y1S0I0H0I651W;25A0000101;81;0J0M0Y1S0I0H0I651W;18;9;;4;3;2;5;A;0;0;0;0;1;0;1;50;53;65;48;48;48;48;49;48;49;19;22;34;17;17;17;17;18;17;18;0J;0M;0Y;1S;0I;0H;0I;65;1W;;;19;22;34;64;18;17;18;221;68;;;50;53;65;95;49;48;49;252;99;;;W01;W02;W03;;W08,W10;W04,W05,W06,W07,W09;W08,W10;;;;;;;;
390;1E0J130H0H0H0H0H0I0H0I3Q2V3F2T2U2T2U2T2U2T2U0--0J130F0I0H0I660K0;2F00000101;81;0J130F0I0H0I660K0;17;8;0;3;2;2;F;0;0;0;0;0;1;0;1;50;70;48;48;48;48;48;49;48;49;19;39;17;17;17;17;17;18;17;18;0J;13;0F;0I;0H;0I;66;0K;;;;19;39;15;18;17;18;222;20;;;;50;70;46;49;48;49;253;51;;;;W01;W02;;W08,W10;W03,W04,W05,W06,W07,W09;W08,W10;;;;;;;;;
391;1E110L0H0H0H0H0H0I0H0I3Q3D2X2T2U2T2U2T2U2T2U0--110L0F0I0H0I660K0;D400000101;81;110L0F0I0H0I660K0;17;8;0;3;2;D;4;0;0;0;0;0;1;0;1;68;52;48;48;48;48;48;49;48;49;37;21;17;17;17;17;17;18;17;18;11;0L;0F;0I;0H;0I;66;0K;;;;37;21;15;18;17;18;222;20;;;;68;52;46;49;48;49;253;51;;;;W01;W02;;W08,W10;W03,W04,W05,W06,W07,W09;W08,W10;;;;;;;;;
392;1E120K0H0H0H0H0H0I0H0I3Q3E2W2T2U2T2U2T2U2T2U0--120K0F0I0H0I660K0;E300000101;81;120K0F0I0H0I660K0;17;8;0;3;2;E;3;0;0;0;0;0;1;0;1;69;51;48;48;48;48;48;49;48;49;38;20;17;17;17;17;17;18;17;18;12;0K;0F;0I;0H;0I;66;0K;;;;38;20;15;18;17;18;222;20;;;;69;51;46;49;48;49;253;51;;;;W01;W02;;W08,W10;W03,W04,W05,W06,W07,W09;W08,W10;;W02;;;;;;;
393;1E140I0H0H0H0H0H0I0H0I3Q3G2U2T2U2T2U2T2U2T2U0--140I0F0I0H0I660K0;G100000101;81;140I0F0I0H0I660K0;17;8;0;3;2;G;1;0;0;0;0;0;1;0;1;71;49;48;48;48;48;48;49;48;49;40;18;17;17;17;17;17;18;17;18;14;0I;0F;0I;0H;0I;66;0K;;;;40;18;15;18;17;18;222;20;;;;71;49;46;49;48;49;253;51;;;;W01;W02,W08,W10;;W02,W08,W10;W03,W04,W05,W06,W07,W09;W02,W08,W10;;;;;;;;;
394;1F0I0M100H0H0H0H0I0H0I3S2V2Z3D2U2V2U2V2W2U2V0--0I0M101T0I0I0H651X;15C0000101;82;0I0M101T0I0I0H651X;18;9;;4;3;1;5;C;0;0;0;0;1;0;1;49;53;67;48;48;48;48;49;48;49;18;22;36;17;17;17;17;18;17;18;0I;0M;10;1T;0I;0I;0H;65;1X;;;18;22;36;65;18;18;17;221;69;;;49;53;67;96;49;49;48;252;100;;;W01,W08,W10;W02;W03;;W01,W08,W10;W01,W08,W10;W04,W05,W06,W07,W09;;;;;;;;
395;1F0I0O0Y0H0H0H0H0I0H0I3S2V313B2U2V2U2V2W2U2V0--0I0O0Y1T0I0I0H651X;17A0000101;82;0I0O0Y1T0I0I0H651X;18;9;;4;3;1;7;A;0;0;0;0;1;0;1;49;55;65;48;48;48;48;49;48;49;18;24;34;17;17;17;17;18;17;18;0I;0O;0Y;1T;0I;0I;0H;65;1X;;;18;24;34;65;18;18;17;221;69;;;49;55;65;96;49;49;48;252;100;;;W01,W08,W10;W02;W03;;W01,W08,W10;W01,W08,W10;W04,W05,W06,W07,W09;;;;;;;;
396;1F0I0Y0O0H0H0H0H0I0H0I3S2V3B312U2V2U2V2W2U2V0--0I0Y0O1T0I0I0H651X;1A70000101;82;0I0Y0O1T0I0I0H651X;18;9;;4;3;1;A;7;0;0;0;0;1;0;1;49;65;55;48;48;48;48;49;48;49;18;34;24;17;17;17;17;18;17;18;0I;0Y;0O;1T;0I;0I;0H;65;1X;;;18;34;24;65;18;18;17;221;69;;;49;65;55;96;49;49;48;252;100;;;W01,W08,W10;W02;W03;;W01,W08,W10;W01,W08,W10;W04,W05,W06,W07,W09;;;;;;;;
397;1F0J0L100H0H0H0H0I0H0I3S2W2Y3D2U2V2U2V2W2U2V0--0J0L101T0I0I0H651X;24C0000101;82;0J0L101T0I0I0H651X;18;9;;4;3;2;4;C;0;0;0;0;1;0;1;50;52;67;48;48;48;48;49;48;49;19;21;36;17;17;17;17;18;17;18;0J;0L;10;1T;0I;0I;0H;65;1X;;;19;21;36;65;18;18;17;221;69;;;50;52;67;96;49;49;48;252;100;;;W01;W02;W03;;W08,W10;W08,W10;W04,W05,W06,W07,W09;;;;;;;;
398;1F0M121C0I140H0H0I0H0I3S2Z3F3P2V3H2U2V2W2U2V0--0M121C0I141R0I0I0H631T0;5EO1G00101;82;0M121C0I141R0I0I0H631T0;23;11;0;6;5;5;E;O;1;G;0;0;1;0;1;53;69;79;49;71;48;48;49;48;49;22;38;48;18;40;17;17;18;17;18;0M;12;1C;0I;14;1R;0I;0I;0H;63;1T;22;38;48;18;40;63;18;18;17;219;65;53;69;79;49;71;94;49;49;48;250;96;W01;W02;W03;W04,W08,W10;W05;;W04,W08,W10;W04,W08,W10;W06,W07,W09;;;;;;
399;1F0Y0P0H0H0H0H0H0I0H0I3S3B322U2V2U2V2U2V2U2V0--0Y0P0G0I0I0H660L0;A800000101;82;0Y0P0G0I0I0H660L0;17;8;0;3;2;A;8;0;0;0;0;0;1;0;1;65;56;48;48;48;48;48;49;48;49;34;25;17;17;17;17;17;18;17;18;0Y;0P;0G;0I;0I;0H;66;0L;;;;34;25;16;18;18;17;222;21;;;;65;56;47;49;49;48;253;52;;;;W01;W02;;W08,W10;W08,W10;W03,W04,W05,W06,W07,W09;;;;;;;;;
400;1F0Z0O0H0H0H0H0H0I0H0I3S3C312U2V2U2V2U2V2U2V0--0Z0O0G0I0I0H660L0;B700000101;82;0Z0O0G0I0I0H660L0;17;8;0;3;2;B;7;0;0;0;0;0;1;0;1;66;55;48;48;48;48;48;49;48;49;35;24;17;17;17;17;17;18;17;18;0Z;0O;0G;0I;0I;0H;66;0L;;;;35;24;16;18;18;17;222;21;;;;66;55;47;49;49;48;253;52;;;;W01;W02;;W08,W10;W08,W10;W03,W04,W05,W06,W07,W09;;;;;;;;;
401;1F130K0H0H0H0H0H0I0H0I3S3G2X2U2V2U2V2U2V2U2V0--130K0G0I0I0H660L0;F300000101;82;130K0G0I0I0H660L0;17;8;0;3;2;F;3;0;0;0;0;0;1;0;1;70;51;48;48;48;48;48;49;48;49;39;20;17;17;17;17;17;18;17;18;13;0K;0G;0I;0I;0H;66;0L;;;;39;20;16;18;18;17;222;21;;;;70;51;47;49;49;48;253;52;;;;W01;W02;;W08,W10;W08,W10;W03,W04,W05,W06,W07,W09;;;;;;;;;
402;1F150I0H0H0H0H0H0I0H0I3S3I2V2U2V2U2V2U2V2U2V0--150I0G0I0I0H660L0;H100000101;82;150I0G0I0I0H660L0;17;8;0;3;2;H;1;0;0;0;0;0;1;0;1;72;49;48;48;48;48;48;49;48;49;41;18;17;17;17;17;17;18;17;18;15;0I;0G;0I;0I;0H;66;0L;;;;41;18;16;18;18;17;222;21;;;;72;49;47;49;49;48;253;52;;;;W01;W02,W08,W10;;W02,W08,W10;W02,W08,W10;W03,W04,W05,W06,W07,W09;;;;;;;;;
403;1F1H1M1N1H170H0H0I0H0I3S3U3Z403U3K2U2V2W2U2V0--1H1M1N1H171R0I0I0H631T0;TYZTJ00101;82;1H1M1N1H171R0I0I0H631T0;23;11;0;6;5;T;Y;Z;T;J;0;0;1;0;1;84;89;90;84;74;48;48;49;48;49;53;58;59;53;43;17;17;18;17;18;1H;1M;1N;1H;17;1R;0I;0I;0H;63;1T;53;58;59;53;43;63;18;18;17;219;65;84;89;90;84;74;94;49;49;48;250;96;W01,W04;W02;W03;W01,W04;W05;;W08,W10;W08,W10;W06,W07,W09;;;;;;
404;1G0I0O0Z0H0H0H0H0I0H0I3U2W323D2V2W2V2W2X2V2W0--0I0O0Z1U0I0H0I651Y;17B0000101;83;0I0O0Z1U0I0H0I651Y;18;9;;4;3;1;7;B;0;0;0;0;1;0;1;49;55;66;48;48;48;48;49;48;49;18;24;35;17;17;17;17;18;17;18;0I;0O;0Z;1U;0I;0H;0I;65;1Y;;;18;24;35;66;18;17;18;221;70;;;49;55;66;97;49;48;49;252;101;;;W01,W08,W10;W02;W03;;W01,W08,W10;W04,W05,W06,W07,W09;W01,W08,W10;;;;;;;;
405;1G0I0Z0O0H0H0H0H0I0H0I3U2W3D322V2W2V2W2X2V2W0--0I0Z0O1U0I0H0I651Y;1B70000101;83;0I0Z0O1U0I0H0I651Y;18;9;;4;3;1;B;7;0;0;0;0;1;0;1;49;66;55;48;48;48;48;49;48;49;18;35;24;17;17;17;17;18;17;18;0I;0Z;0O;1U;0I;0H;0I;65;1Y;;;18;35;24;66;18;17;18;221;70;;;49;66;55;97;49;48;49;252;101;;;W01,W08,W10;W02;W03;;W01,W08,W10;W04,W05,W06,W07,W09;W01,W08,W10;;;;;;;;
406;1G0I110M0H0H0H0H0I0H0I3U2W3F302V2W2V2W2X2V2W0--0I110M1U0I0H0I651Y;1D50000101;83;0I110M1U0I0H0I651Y;18;9;;4;3;1;D;5;0;0;0;0;1;0;1;49;68;53;48;48;48;48;49;48;49;18;37;22;17;17;17;17;18;17;18;0I;11;0M;1U;0I;0H;0I;65;1Y;;;18;37;22;66;18;17;18;221;70;;;49;68;53;97;49;48;49;252;101;;;W01,W08,W10;W02;W03;;W01,W08,W10;W04,W05,W06,W07,W09;W01,W08,W10;;;;;;;;
407;1G0I120L0H0H0H0H0I0H0I3U2W3G2Z2V2W2V2W2X2V2W0--0I120L1U0I0H0I651Y;1E40000101;83;0I120L1U0I0H0I651Y;18;9;;4;3;1;E;4;0;0;0;0;1;0;1;49;69;52;48;48;48;48;49;48;49;18;38;21;17;17;17;17;18;17;18;0I;12;0L;1U;0I;0H;0I;65;1Y;;;18;38;21;66;18;17;18;221;70;;;49;69;52;97;49;48;49;252;101;;;W01,W08,W10;W02;W03;;W01,W08,W10;W04,W05,W06,W07,W09;W01,W08,W10;;;;;;;;
408;1G0I12120Y130H0H0I0H0I3U2W3G3H3C3H2V2W2X2V2W0--0I12120Y131S0I0H0I631U0;1EEAF00101;83;0I12120Y131S0I0H0I631U0;23;11;0;6;5;1;E;E;A;F;0;0;1;0;1;49;69;69;65;70;48;48;49;48;49;18;38;38;34;39;17;17;18;17;18;0I;12;12;0Y;13;1S;0I;0H;0I;63;1U;18;38;38;34;39;64;18;17;18;219;66;49;69;69;65;70;95;49;48;49;250;97;W01,W08,W10;W02,W03;W02,W03;W04;W05;;W01,W08,W10;W06,W07,W09;W01,W08,W10;;;;;;
409;1G0I121D180I0H0H0I0H0I3U2W3G3R3M2W2V2W2X2V2W0--0I121D180I1S0I0H0I631U0;1EPK100101;83;0I121D180I1S0I0H0I631U0;23;11;0;6;5;1;E;P;K;1;0;0;1;0;1;49;69;80;75;49;48;48;49;48;49;18;38;49;44;18;17;17;18;17;18;0I;12;1D;18;0I;1S;0I;0H;0I;63;1U;18;38;49;44;18;64;18;17;18;219;66;49;69;80;75;49;95;49;48;49;250;97;W01,W05,W08,W10;W02;W03;W04;W01,W05,W08,W10;;W01,W05,W08,W10;W06,W07,W09;W01,W05,W08,W10;;;;;;
410;1G0J140I0H0H0H0H0I0H0I3U2X3I2W2V2W2V2W2X2V2W0--0J140I1U0I0H0I651Y;2G10000101;83;0J140I1U0I0H0I651Y;18;9;;4;3;2;G;1;0;0;0;0;1;0;1;50;71;49;48;48;48;48;49;48;49;19;40;18;17;17;17;17;18;17;18;0J;14;0I;1U;0I;0H;0I;65;1Y;;;19;40;18;66;18;17;18;221;70;;;50;71;49;97;49;48;49;252;101;;;W01;W02;W03,W08,W10;;W03,W08,W10;W04,W05,W06,W07,W09;W03,W08,W10;;;;;;;;
411;1G110M0I0H0H0H0H0I0H0I3U3F302W2V2W2V2W2X2V2W0--110M0I1U0I0H0I651Y;D510000101;83;110M0I1U0I0H0I651Y;18;9;;4;3;D;5;1;0;0;0;0;1;0;1;68;53;49;48;48;48;48;49;48;49;37;22;18;17;17;17;17;18;17;18;11;0M;0I;1U;0I;0H;0I;65;1Y;;;37;22;18;66;18;17;18;221;70;;;68;53;49;97;49;48;49;252;101;;;W01;W02;W03,W08,W10;;W03,W08,W10;W04,W05,W06,W07,W09;W03,W08,W10;;;;;;;;
412;1H0I0O100H0H0H0H0I0H0I3W2X333F2W2X2W2X2Y2W2X0--0I0O101V0I0I0H651Z;17C0000101;84;0I0O101V0I0I0H651Z;18;9;;4;3;1;7;C;0;0;0;0;1;0;1;49;55;67;48;48;48;48;49;48;49;18;24;36;17;17;17;17;18;17;18;0I;0O;10;1V;0I;0I;0H;65;1Z;;;18;24;36;67;18;18;17;221;71;;;49;55;67;98;49;49;48;252;102;;;W01,W08,W10;W02;W03;;W01,W08,W10;W01,W08,W10;W04,W05,W06,W07,W09;;;;;;;;
413;1H0I0P0Z0H0H0H0H0I0H0I3W2X343E2W2X2W2X2Y2W2X0--0I0P0Z1V0I0I0H651Z;18B0000101;84;0I0P0Z1V0I0I0H651Z;18;9;;4;3;1;8;B;0;0;0;0;1;0;1;49;56;66;48;48;48;48;49;48;49;18;25;35;17;17;17;17;18;17;18;0I;0P;0Z;1V;0I;0I;0H;65;1Z;;;18;25;35;67;18;18;17;221;71;;;49;56;66;98;49;49;48;252;102;;;W01,W08,W10;W02;W03;;W01,W08,W10;W01,W08,W10;W04,W05,W06,W07,W09;;;;;;;;
414;1H0I0Q0Y0H0H0H0H0I0H0I3W2X353D2W2X2W2X2Y2W2X0--0I0Q0Y1V0I0I0H651Z;19A0000101;84;0I0Q0Y1V0I0I0H651Z;18;9;;4;3;1;9;A;0;0;0;0;1;0;1;49;57;65;48;48;48;48;49;48;49;18;26;34;17;17;17;17;18;17;18;0I;0Q;0Y;1V;0I;0I;0H;65;1Z;;;18;26;34;67;18;18;17;221;71;;;49;57;65;98;49;49;48;252;102;;;W01,W08,W10;W02;W03;;W01,W08,W10;W01,W08,W10;W04,W05,W06,W07,W09;;;;;;;;
415;1H0I0Y0Q0H0H0H0H0I0H0I3W2X3D352W2X2W2X2Y2W2X0--0I0Y0Q1V0I0I0H651Z;1A90000101;84;0I0Y0Q1V0I0I0H651Z;18;9;;4;3;1;A;9;0;0;0;0;1;0;1;49;65;57;48;48;48;48;49;48;49;18;34;26;17;17;17;17;18;17;18;0I;0Y;0Q;1V;0I;0I;0H;65;1Z;;;18;34;26;67;18;18;17;221;71;;;49;65;57;98;49;49;48;252;102;;;W01,W08,W10;W02;W03;;W01,W08,W10;W01,W08,W10;W04,W05,W06,W07,W09;;;;;;;;
416;1H0I0Z0P0H0H0H0H0I0H0I3W2X3E342W2X2W2X2Y2W2X0--0I0Z0P1V0I0I0H651Z;1B80000101;84;0I0Z0P1V0I0I0H651Z;18;9;;4;3;1;B;8;0;0;0;0;1;0;1;49;66;56;48;48;48;48;49;48;49;18;35;25;17;17;17;17;18;17;18;0I;0Z;0P;1V;0I;0I;0H;65;1Z;;;18;35;25;67;18;18;17;221;71;;;49;66;56;98;49;49;48;252;102;;;W01,W08,W10;W02;W03;;W01,W08,W10;W01,W08,W10;W04,W05,W06,W07,W09;;;;;;;;
417;1H0I100O0H0H0H0H0I0H0I3W2X3F332W2X2W2X2Y2W2X0--0I100O1V0I0I0H651Z;1C70000101;84;0I100O1V0I0I0H651Z;18;9;;4;3;1;C;7;0;0;0;0;1;0;1;49;67;55;48;48;48;48;49;48;49;18;36;24;17;17;17;17;18;17;18;0I;10;0O;1V;0I;0I;0H;65;1Z;;;18;36;24;67;18;18;17;221;71;;;49;67;55;98;49;49;48;252;102;;;W01,W08,W10;W02;W03;;W01,W08,W10;W01,W08,W10;W04,W05,W06,W07,W09;;;;;;;;
418;1H0I130L0H0H0H0H0I0H0I3W2X3I302W2X2W2X2Y2W2X0--0I130L1V0I0I0H651Z;1F40000101;84;0I130L1V0I0I0H651Z;18;9;;4;3;1;F;4;0;0;0;0;1;0;1;49;70;52;48;48;48;48;49;48;49;18;39;21;17;17;17;17;18;17;18;0I;13;0L;1V;0I;0I;0H;65;1Z;;;18;39;21;67;18;18;17;221;71;;;49;70;52;98;49;49;48;252;102;;;W01,W08,W10;W02;W03;;W01,W08,W10;W01,W08,W10;W04,W05,W06,W07,W09;;;;;;;;
419;1H0J0N100H0H0H0H0I0H0I3W2Y323F2W2X2W2X2Y2W2X0--0J0N101V0I0I0H651Z;26C0000101;84;0J0N101V0I0I0H651Z;18;9;;4;3;2;6;C;0;0;0;0;1;0;1;50;54;67;48;48;48;48;49;48;49;19;23;36;17;17;17;17;18;17;18;0J;0N;10;1V;0I;0I;0H;65;1Z;;;19;23;36;67;18;18;17;221;71;;;50;54;67;98;49;49;48;252;102;;;W01;W02;W03;;W08,W10;W08,W10;W04,W05,W06,W07,W09;;;;;;;;
420;1H0Y120N0Z120H0H0I0H0I3W3D3H323E3H2W2X2Y2W2X0--0Y120N0Z121T0I0I0H631V0;AE6BE00101;84;0Y120N0Z121T0I0I0H631V0;23;11;0;6;5;A;E;6;B;E;0;0;1;0;1;65;69;54;66;69;48;48;49;48;49;34;38;23;35;38;17;17;18;17;18;0Y;12;0N;0Z;12;1T;0I;0I;0H;63;1V;34;38;23;35;38;65;18;18;17;219;67;65;69;54;66;69;96;49;49;48;250;98;W01;W02,W05;W03;W04;W02,W05;;W08,W10;W08,W10;W06,W07,W09;;;;;;
421;1H100P0H0H0H0H0H0I0H0I3W3F342W2X2W2X2W2X2W2X0--100P0I0I0I0H660N0;C800000101;84;100P0I0I0I0H660N0;17;8;0;3;2;C;8;0;0;0;0;0;1;0;1;67;56;48;48;48;48;48;49;48;49;36;25;17;17;17;17;17;18;17;18;10;0P;0I;0I;0I;0H;66;0N;;;;36;25;18;18;18;17;222;23;;;;67;56;49;49;49;48;253;54;;;;W01;W02;W08,W10;W08,W10;W08,W10;W03,W04,W05,W06,W07,W09;;;;;;;;;
422;1H140L0H0H0H0H0H0I0H0I3W3J302W2X2W2X2W2X2W2X0--140L0I0I0I0H660N0;G400000101;84;140L0I0I0I0H660N0;17;8;0;3;2;G;4;0;0;0;0;0;1;0;1;71;52;48;48;48;48;48;49;48;49;40;21;17;17;17;17;17;18;17;18;14;0L;0I;0I;0I;0H;66;0N;;;;40;21;18;18;18;17;222;23;;;;71;52;49;49;49;48;253;54;;;;W01;W02;W08,W10;W08,W10;W08,W10;W03,W04,W05,W06,W07,W09;;;;;;;;;
423;1H160J0H0H0H0H0H0I0H0I3W3L2Y2W2X2W2X2W2X2W2X0--160J0I0I0I0H660N0;I200000101;84;160J0I0I0I0H660N0;17;8;0;3;2;I;2;0;0;0;0;0;1;0;1;73;50;48;48;48;48;48;49;48;49;42;19;17;17;17;17;17;18;17;18;16;0J;0I;0I;0I;0H;66;0N;;;;42;19;18;18;18;17;222;23;;;;73;50;49;49;49;48;253;54;;;;W01;W02;W08,W10;W08,W10;W08,W10;W03,W04,W05,W06,W07,W09;;;;;;;;;
424;1I0I0Q0Z0H0H0H0H0I0H0I3Y2Y363F2X2Y2X2Y2Z2X2Y0--0I0Q0Z1W0I0H0I6520;19B0000101;85;0I0Q0Z1W0I0H0I6520;18;9;;4;3;1;9;B;0;0;0;0;1;0;1;49;57;66;48;48;48;48;49;48;49;18;26;35;17;17;17;17;18;17;18;0I;0Q;0Z;1W;0I;0H;0I;65;20;;;18;26;35;68;18;17;18;221;72;;;49;57;66;99;49;48;49;252;103;;;W01,W08,W10;W02;W03;;W01,W08,W10;W04,W05,W06,W07,W09;W01,W08,W10;;;;;;;;
425;1I0I0Z0Q0H0H0H0H0I0H0I3Y2Y3F362X2Y2X2Y2Z2X2Y0--0I0Z0Q1W0I0H0I6520;1B90000101;85;0I0Z0Q1W0I0H0I6520;18;9;;4;3;1;B;9;0;0;0;0;1;0;1;49;66;57;48;48;48;48;49;48;49;18;35;26;17;17;17;17;18;17;18;0I;0Z;0Q;1W;0I;0H;0I;65;20;;;18;35;26;68;18;17;18;221;72;;;49;66;57;99;49;48;49;252;103;;;W01,W08,W10;W02;W03;;W01,W08,W10;W04,W05,W06,W07,W09;W01,W08,W10;;;;;;;;
426;1I0I120N0H0H0H0H0I0H0I3Y2Y3I332X2Y2X2Y2Z2X2Y0--0I120N1W0I0H0I6520;1E60000101;85;0I120N1W0I0H0I6520;18;9;;4;3;1;E;6;0;0;0;0;1;0;1;49;69;54;48;48;48;48;49;48;49;18;38;23;17;17;17;17;18;17;18;0I;12;0N;1W;0I;0H;0I;65;20;;;18;38;23;68;18;17;18;221;72;;;49;69;54;99;49;48;49;252;103;;;W01,W08,W10;W02;W03;;W01,W08,W10;W04,W05,W06,W07,W09;W01,W08,W10;;;;;;;;
427;1I0J110N0H0H0H0H0I0H0I3Y2Z3H332X2Y2X2Y2Z2X2Y0--0J110N1W0I0H0I6520;2D60000101;85;0J110N1W0I0H0I6520;18;9;;4;3;2;D;6;0;0;0;0;1;0;1;50;68;54;48;48;48;48;49;48;49;19;37;23;17;17;17;17;18;17;18;0J;11;0N;1W;0I;0H;0I;65;20;;;19;37;23;68;18;17;18;221;72;;;50;68;54;99;49;48;49;252;103;;;W01;W02;W03;;W08,W10;W04,W05,W06,W07,W09;W08,W10;;;;;;;;
428;1I0Z120N0Z120H0H0I0H0I3Y3F3I333F3I2X2Y2Z2X2Y0--0Z120N0Z121U0I0H0I631W0;BE6BE00101;85;0Z120N0Z121U0I0H0I631W0;23;11;0;6;5;B;E;6;B;E;0;0;1;0;1;66;69;54;66;69;48;48;49;48;49;35;38;23;35;38;17;17;18;17;18;0Z;12;0N;0Z;12;1U;0I;0H;0I;63;1W;35;38;23;35;38;66;18;17;18;219;68;66;69;54;66;69;97;49;48;49;250;99;W01,W04;W02,W05;W03;W01,W04;W02,W05;;W08,W10;W06,W07,W09;W08,W10;;;;;;
429;1I100Q0H0H0H0H0H0I0H0I3Y3G362X2Y2X2Y2X2Y2X2Y0--100Q0J0I0H0I660O0;C900000101;85;100Q0J0I0H0I660O0;17;8;0;3;2;C;9;0;0;0;0;0;1;0;1;67;57;48;48;48;48;48;49;48;49;36;26;17;17;17;17;17;18;17;18;10;0Q;0J;0I;0H;0I;66;0O;;;;36;26;19;18;17;18;222;24;;;;67;57;50;49;48;49;253;55;;;;W01;W02;;W08,W10;W03,W04,W05,W06,W07,W09;W08,W10;;;;;;;;;
430;1I110P0H0H0H0H0H0I0H0I3Y3H352X2Y2X2Y2X2Y2X2Y0--110P0J0I0H0I660O0;D800000101;85;110P0J0I0H0I660O0;17;8;0;3;2;D;8;0;0;0;0;0;1;0;1;68;56;48;48;48;48;48;49;48;49;37;25;17;17;17;17;17;18;17;18;11;0P;0J;0I;0H;0I;66;0O;;;;37;25;19;18;17;18;222;24;;;;68;56;50;49;48;49;253;55;;;;W01;W02;;W08,W10;W03,W04,W05,W06,W07,W09;W08,W10;;;;;;;;;
431;1I150L0H0H0H0H0H0I0H0I3Y3L312X2Y2X2Y2X2Y2X2Y0--150L0J0I0H0I660O0;H400000101;85;150L0J0I0H0I660O0;17;8;0;3;2;H;4;0;0;0;0;0;1;0;1;72;52;48;48;48;48;48;49;48;49;41;21;17;17;17;17;17;18;17;18;15;0L;0J;0I;0H;0I;66;0O;;;;41;21;19;18;17;18;222;24;;;;72;52;50;49;48;49;253;55;;;;W01;W02;;W08,W10;W03,W04,W05,W06,W07,W09;W08,W10;;;;;;;;;
432;1I1612180L0O0H0H0I0H0I3Y3M3I3O31342X2Y2Z2X2Y0--1612180L0O1U0I0H0I631W0;IEK4700101;85;1612180L0O1U0I0H0I631W0;23;11;0;6;5;I;E;K;4;7;0;0;1;0;1;73;69;75;52;55;48;48;49;48;49;42;38;44;21;24;17;17;18;17;18;16;12;18;0L;0O;1U;0I;0H;0I;63;1W;42;38;44;21;24;66;18;17;18;219;68;73;69;75;52;55;97;49;48;49;250;99;W01;W02;W03;W04;W05;;W08,W10;W06,W07,W09;W08,W10;;;;;;
433;1J0I0Q100H0H0H0H0I0H0I402Z373H2Y2Z2Y2Z302Y2Z0--0I0Q101X0I0I0H6521;19C0000101;86;0I0Q101X0I0I0H6521;18;9;;4;3;1;9;C;0;0;0;0;1;0;1;49;57;67;48;48;48;48;49;48;49;18;26;36;17;17;17;17;18;17;18;0I;0Q;10;1X;0I;0I;0H;65;21;;;18;26;36;69;18;18;17;221;73;;;49;57;67;100;49;49;48;252;104;;;W01,W08,W10;W02;W03;;W01,W08,W10;W01,W08,W10;W04,W05,W06,W07,W09;;;;;;;;
434;1J0I140M0H0H0H0H0I0H0I402Z3L332Y2Z2Y2Z302Y2Z0--0I140M1X0I0I0H6521;1G50000101;86;0I140M1X0I0I0H6521;18;9;;4;3;1;G;5;0;0;0;0;1;0;1;49;71;53;48;48;48;48;49;48;49;18;40;22;17;17;17;17;18;17;18;0I;14;0M;1X;0I;0I;0H;65;21;;;18;40;22;69;18;18;17;221;73;;;49;71;53;100;49;49;48;252;104;;;W01,W08,W10;W02;W03;;W01,W08,W10;W01,W08,W10;W04,W05,W06,W07,W09;;;;;;;;
435;1J0I150L0H0H0H0H0I0H0I402Z3M322Y2Z2Y2Z302Y2Z0--0I150L1X0I0I0H6521;1H40000101;86;0I150L1X0I0I0H6521;18;9;;4;3;1;H;4;0;0;0;0;1;0;1;49;72;52;48;48;48;48;49;48;49;18;41;21;17;17;17;17;18;17;18;0I;15;0L;1X;0I;0I;0H;65;21;;;18;41;21;69;18;18;17;221;73;;;49;72;52;100;49;49;48;252;104;;;W01,W08,W10;W02;W03;;W01,W08,W10;W01,W08,W10;W04,W05,W06,W07,W09;;;;;;;;
436;1J0I160K0H0H0H0H0I0H0I402Z3N312Y2Z2Y2Z302Y2Z0--0I160K1X0I0I0H6521;1I30000101;86;0I160K1X0I0I0H6521;18;9;;4;3;1;I;3;0;0;0;0;1;0;1;49;73;51;48;48;48;48;49;48;49;18;42;20;17;17;17;17;18;17;18;0I;16;0K;1X;0I;0I;0H;65;21;;;18;42;20;69;18;18;17;221;73;;;49;73;51;100;49;49;48;252;104;;;W01,W08,W10;W02;W03;;W01,W08,W10;W01,W08,W10;W04,W05,W06,W07,W09;;;;;;;;
437;1J0J100P0H0H0H0H0I0H0I40303H362Y2Z2Y2Z302Y2Z0--0J100P1X0I0I0H6521;2C80000101;86;0J100P1X0I0I0H6521;18;9;;4;3;2;C;8;0;0;0;0;1;0;1;50;67;56;48;48;48;48;49;48;49;19;36;25;17;17;17;17;18;17;18;0J;10;0P;1X;0I;0I;0H;65;21;;;19;36;25;69;18;18;17;221;73;;;50;67;56;100;49;49;48;252;104;;;W01;W02;W03;;W08,W10;W08,W10;W04,W05,W06,W07,W09;;;;;;;;
438;1J0J120N0H0H0H0H0I0H0I40303J342Y2Z2Y2Z302Y2Z0--0J120N1X0I0I0H6521;2E60000101;86;0J120N1X0I0I0H6521;18;9;;4;3;2;E;6;0;0;0;0;1;0;1;50;69;54;48;48;48;48;49;48;49;19;38;23;17;17;17;17;18;17;18;0J;12;0N;1X;0I;0I;0H;65;21;;;19;38;23;69;18;18;17;221;73;;;50;69;54;100;49;49;48;252;104;;;W01;W02;W03;;W08,W10;W08,W10;W04,W05,W06,W07,W09;;;;;;;;
439;1J0J12140Z120H0H0I0H0I40303J3L3G3J2Y2Z302Y2Z0--0J12140Z121V0I0I0H631X0;2EGBE00101;86;0J12140Z121V0I0I0H631X0;23;11;0;6;5;2;E;G;B;E;0;0;1;0;1;50;69;71;66;69;48;48;49;48;49;19;38;40;35;38;17;17;18;17;18;0J;12;14;0Z;12;1V;0I;0I;0H;63;1X;19;38;40;35;38;67;18;18;17;219;69;50;69;71;66;69;98;49;49;48;250;100;W01;W02,W05;W03;W04;W02,W05;;W08,W10;W08,W10;W06,W07,W09;;;;;;
440;1J0J121I120L0H0H0I0H0I40303J3Z3J322Y2Z302Y2Z0--0J121I120L1V0I0I0H631X0;2EUE400101;86;0J121I120L1V0I0I0H631X0;23;11;0;6;5;2;E;U;E;4;0;0;1;0;1;50;69;85;69;52;48;48;49;48;49;19;38;54;38;21;17;17;18;17;18;0J;12;1I;12;0L;1V;0I;0I;0H;63;1X;19;38;54;38;21;67;18;18;17;219;69;50;69;85;69;52;98;49;49;48;250;100;W01;W02,W04;W03;W02,W04;W05;;W08,W10;W08,W10;W06,W07,W09;;;;;;
441;1J110H0P1C170H0H0I0H0I403I2Y363T3O2Y2Z302Y2Z0--110H0P1C171V0I0I0H631X0;D08OJ00101;86;110H0P1C171V0I0I0H631X0;23;11;0;2;1;D;0;8;O;J;0;0;1;0;1;68;48;56;79;74;48;48;49;48;49;37;17;25;48;43;17;17;18;17;18;11;0H;0P;1C;17;1V;0I;0I;0H;63;1X;37;17;25;48;43;67;18;18;17;219;69;68;48;56;79;74;98;49;49;48;250;100;W01;W02,W06,W07,W09;W03;W04;W05;;W08,W10;W08,W10;W02,W06,W07,W09;;;;;;
442;1J130O0H0H0H0H0H0I0H0I403K352Y2Z2Y2Z2Y2Z2Y2Z0--130O0K0I0I0H660P0;F700000101;86;130O0K0I0I0H660P0;17;8;0;3;2;F;7;0;0;0;0;0;1;0;1;70;55;48;48;48;48;48;49;48;49;39;24;17;17;17;17;17;18;17;18;13;0O;0K;0I;0I;0H;66;0P;;;;39;24;20;18;18;17;222;25;;;;70;55;51;49;49;48;253;56;;;;W01;W02;;W08,W10;W08,W10;W03,W04,W05,W06,W07,W09;;;;;;;;;
443;1J160L0H0H0H0H0H0I0H0I403N322Y2Z2Y2Z2Y2Z2Y2Z0--160L0K0I0I0H660P0;I400000101;86;160L0K0I0I0H660P0;17;8;0;3;2;I;4;0;0;0;0;0;1;0;1;73;52;48;48;48;48;48;49;48;49;42;21;17;17;17;17;17;18;17;18;16;0L;0K;0I;0I;0H;66;0P;;;;42;21;20;18;18;17;222;25;;;;73;52;51;49;49;48;253;56;;;;W01;W02;;W08,W10;W08,W10;W03,W04,W05,W06,W07,W09;;;;;;;;;
444;1J180J0H0H0H0H0H0I0H0I403P302Y2Z2Y2Z2Y2Z2Y2Z0--180J0K0I0I0H660P0;K200000101;86;180J0K0I0I0H660P0;17;8;0;3;2;K;2;0;0;0;0;0;1;0;1;75;50;48;48;48;48;48;49;48;49;44;19;17;17;17;17;17;18;17;18;18;0J;0K;0I;0I;0H;66;0P;;;;44;19;20;18;18;17;222;25;;;;75;50;51;49;49;48;253;56;;;;W01;W02;;W08,W10;W08,W10;W03,W04,W05,W06,W07,W09;;;;;;;;;
445;1K0I121016110H0H0I0H0I42303K3I3O3J2Z30312Z300--0I121016111W0I0H0I631Y0;1ECID00101;87;0I121016111W0I0H0I631Y0;23;11;0;6;5;1;E;C;I;D;0;0;1;0;1;49;69;67;73;68;48;48;49;48;49;18;38;36;42;37;17;17;18;17;18;0I;12;10;16;11;1W;0I;0H;0I;63;1Y;18;38;36;42;37;68;18;17;18;219;70;49;69;67;73;68;99;49;48;49;250;101;W01,W08,W10;W02;W03;W04;W05;;W01,W08,W10;W06,W07,W09;W01,W08,W10;;;;;;
446;1K0I121H140M0H0H0I0H0I42303K3Z3M342Z30312Z300--0I121H140M1W0I0H0I631Y0;1ETG500101;87;0I121H140M1W0I0H0I631Y0;23;11;0;6;5;1;E;T;G;5;0;0;1;0;1;49;69;84;71;53;48;48;49;48;49;18;38;53;40;22;17;17;18;17;18;0I;12;1H;14;0M;1W;0I;0H;0I;63;1Y;18;38;53;40;22;68;18;17;18;219;70;49;69;84;71;53;99;49;48;49;250;101;W01,W08,W10;W02;W03;W04;W05;;W01,W08,W10;W06,W07,W09;W01,W08,W10;;;;;;
447;1K0L12130Z120H0H0I0H0I42333K3L3H3K2Z30312Z300--0L12130Z121W0I0H0I631Y0;4EFBE00101;87;0L12130Z121W0I0H0I631Y0;23;11;0;6;5;4;E;F;B;E;0;0;1;0;1;52;69;70;66;69;48;48;49;48;49;21;38;39;35;38;17;17;18;17;18;0L;12;13;0Z;12;1W;0I;0H;0I;63;1Y;21;38;39;35;38;68;18;17;18;219;70;52;69;70;66;69;99;49;48;49;250;101;W01;W02,W05;W03;W04;W02,W05;;W08,W10;W06,W07,W09;W08,W10;;;;;;
448;1L0H131I140M0H0H0I0H0I44303M413N3530313230310--0H131I140M1X0I0I0H631Z0;0FUG500101;88;0H131I140M1X0I0I0H631Z0;23;11;0;1;0;0;F;U;G;5;0;0;1;0;1;48;70;85;71;53;48;48;49;48;49;17;39;54;40;22;17;17;18;17;18;0H;13;1I;14;0M;1X;0I;0I;0H;63;1Z;17;39;54;40;22;69;18;18;17;219;71;48;70;85;71;53;100;49;49;48;250;102;W01,W06,W07,W09;W02;W03;W04;W05;;W08,W10;W08,W10;W01,W06,W07,W09;;;;;;
449;1L0J121M0H140H0H0I0H0I44323L45303N30313230310--0J121M0H141X0I0I0H631Z0;2EY0G00101;88;0J121M0H141X0I0I0H631Z0;23;11;0;4;3;2;E;Y;0;G;0;0;1;0;1;50;69;89;48;71;48;48;49;48;49;19;38;58;17;40;17;17;18;17;18;0J;12;1M;0H;14;1X;0I;0I;0H;63;1Z;19;38;58;17;40;69;18;18;17;219;71;50;69;89;48;71;100;49;49;48;250;102;W01;W02;W03;W04,W06,W07,W09;W05;;W08,W10;W08,W10;W04,W06,W07,W09;;;;;;
450;1L0Z0M0K1G170H0H0I0H0I443I35333Z3Q30313230310--0Z0M0K1G171X0I0I0H631Z0;B53SJ00101;88;0Z0M0K1G171X0I0I0H631Z0;23;11;0;6;5;B;5;3;S;J;0;0;1;0;1;66;53;51;83;74;48;48;49;48;49;35;22;20;52;43;17;17;18;17;18;0Z;0M;0K;1G;17;1X;0I;0I;0H;63;1Z;35;22;20;52;43;69;18;18;17;219;71;66;53;51;83;74;100;49;49;48;250;102;W01;W02;W03;W04;W05;;W08,W10;W08,W10;W06,W07,W09;;;;;;
451;1M0H0O121F170H0H0I0H0I4631383M3Z3R31323331320--0H0O121F171Y0I0H0I63200;07ERJ00101;89;0H0O121F171Y0I0H0I63200;23;11;0;1;0;0;7;E;R;J;0;0;1;0;1;48;55;69;82;74;48;48;49;48;49;17;24;38;51;43;17;17;18;17;18;0H;0O;12;1F;17;1Y;0I;0H;0I;63;20;17;24;38;51;43;70;18;17;18;219;72;48;55;69;82;74;101;49;48;49;250;103;W01,W06,W07,W09;W02;W03;W04;W05;;W08,W10;W01,W06,W07,W09;W08,W10;;;;;;
452;1M0I12180Y130H0H0I0H0I46323M3S3I3N31323331320--0I12180Y131Y0I0H0I63200;1EKAF00101;89;0I12180Y131Y0I0H0I63200;23;11;0;6;5;1;E;K;A;F;0;0;1;0;1;49;69;75;65;70;48;48;49;48;49;18;38;44;34;39;17;17;18;17;18;0I;12;18;0Y;13;1Y;0I;0H;0I;63;20;18;38;44;34;39;70;18;17;18;219;72;49;69;75;65;70;101;49;48;49;250;103;W01,W08,W10;W02;W03;W04;W05;;W01,W08,W10;W06,W07,W09;W01,W08,W10;;;;;;
453;1M0I170K1D170H0H0I0H0I46323R343X3R31323331320--0I170K1D171Y0I0H0I63200;1J3PJ00101;89;0I170K1D171Y0I0H0I63200;23;11;0;6;5;1;J;3;P;J;0;0;1;0;1;49;74;51;80;74;48;48;49;48;49;18;43;20;49;43;17;17;18;17;18;0I;17;0K;1D;17;1Y;0I;0H;0I;63;20;18;43;20;49;43;70;18;17;18;219;72;49;74;51;80;74;101;49;48;49;250;103;W01,W08,W10;W02,W05;W03;W04;W02,W05;;W01,W08,W10;W06,W07,W09;W01,W08,W10;;;;;;
454;1M0K121016110H0H0I0H0I46343M3K3Q3L31323331320--0K121016111Y0I0H0I63200;3ECID00101;89;0K121016111Y0I0H0I63200;23;11;0;6;5;3;E;C;I;D;0;0;1;0;1;51;69;67;73;68;48;48;49;48;49;20;38;36;42;37;17;17;18;17;18;0K;12;10;16;11;1Y;0I;0H;0I;63;20;20;38;36;42;37;70;18;17;18;219;72;51;69;67;73;68;101;49;48;49;250;103;W01;W02;W03;W04;W05;;W08,W10;W06,W07,W09;W08,W10;;;;;;
455;1M0Z120Q1I0K0H0H0I0H0I463J3M3A423431323331320--0Z120Q1I0K1Y0I0H0I63200;BE9U300101;89;0Z120Q1I0K1Y0I0H0I63200;23;11;0;6;5;B;E;9;U;3;0;0;1;0;1;66;69;57;85;51;48;48;49;48;49;35;38;26;54;20;17;17;18;17;18;0Z;12;0Q;1I;0K;1Y;0I;0H;0I;63;20;35;38;26;54;20;70;18;17;18;219;72;66;69;57;85;51;101;49;48;49;250;103;W01;W02;W03;W04;W05;;W08,W10;W06,W07,W09;W08,W10;;;;;;
456;1O0J0H1G18170H0H0I0H0I4A3533423U3T33343533340--0J0H1G1817200I0H0I63220;20SKJ00101;91;0J0H1G1817200I0H0I63220;23;11;0;2;1;2;0;S;K;J;0;0;1;0;1;50;48;83;75;74;48;48;49;48;49;19;17;52;44;43;17;17;18;17;18;0J;0H;1G;18;17;20;0I;0H;0I;63;22;19;17;52;44;43;72;18;17;18;219;74;50;48;83;75;74;103;49;48;49;250;105;W01;W02,W06,W07,W09;W03;W04;W05;;W08,W10;W02,W06,W07,W09;W08,W10;;;;;;
457;1P0H1C0I1E170H0H0I0H0I4C343Z35413U34353634350--0H1C0I1E17210I0I0H63230;0O1QJ00101;92;0H1C0I1E17210I0I0H63230;23;11;0;1;0;0;O;1;Q;J;0;0;1;0;1;48;79;49;81;74;48;48;49;48;49;17;48;18;50;43;17;17;18;17;18;0H;1C;0I;1E;17;21;0I;0I;0H;63;23;17;48;18;50;43;73;18;18;17;219;75;48;79;49;81;74;104;49;49;48;250;106;W01,W06,W07,W09;W02;W03,W08,W10;W04;W05;;W03,W08,W10;W03,W08,W10;W01,W06,W07,W09;;;;;;
458;1Q0J0H1H19170H0H0I0H0I4E3735453X3V35363735360--0J0H1H1917220I0H0I63240;20TLJ00101;93;0J0H1H1917220I0H0I63240;23;11;0;2;1;2;0;T;L;J;0;0;1;0;1;50;48;84;76;74;48;48;49;48;49;19;17;53;45;43;17;17;18;17;18;0J;0H;1H;19;17;22;0I;0H;0I;63;24;19;17;53;45;43;74;18;17;18;219;76;50;48;84;76;74;105;49;48;49;250;107;W01;W02,W06,W07,W09;W03;W04;W05;;W08,W10;W02,W06,W07,W09;W08,W10;;;;;;
459;1Q0M131I140M0H0H0I0H0I4E3A3R463S3A35363735360--0M131I140M220I0H0I63240;5FUG500101;93;0M131I140M220I0H0I63240;23;11;0;6;5;5;F;U;G;5;0;0;1;0;1;53;70;85;71;53;48;48;49;48;49;22;39;54;40;22;17;17;18;17;18;0M;13;1I;14;0M;22;0I;0H;0I;63;24;22;39;54;40;22;74;18;17;18;219;76;53;70;85;71;53;105;49;48;49;250;107;W01,W05;W02;W03;W04;W01,W05;;W08,W10;W06,W07,W09;W08,W10;;;;;;
460;1Q0Q120H1K140H0H0I0H0I4E3E3Q35483S35363735360--0Q120H1K14220I0H0I63240;9E0WG00101;93;0Q120H1K14220I0H0I63240;23;11;0;3;2;9;E;0;W;G;0;0;1;0;1;57;69;48;87;71;48;48;49;48;49;26;38;17;56;40;17;17;18;17;18;0Q;12;0H;1K;14;22;0I;0H;0I;63;24;26;38;17;56;40;74;18;17;18;219;76;57;69;48;87;71;105;49;48;49;250;107;W01;W02;W03,W06,W07,W09;W04;W05;;W08,W10;W03,W06,W07,W09;W08,W10;;;;;;
461;1R0I1C0I1F170H0H0I0H0I4G374137443W36373836370--0I1C0I1F17230I0I0H63250;1O1RJ00101;94;0I1C0I1F17230I0I0H63250;23;11;0;6;5;1;O;1;R;J;0;0;1;0;1;49;79;49;82;74;48;48;49;48;49;18;48;18;51;43;17;17;18;17;18;0I;1C;0I;1F;17;23;0I;0I;0H;63;25;18;48;18;51;43;75;18;18;17;219;77;49;79;49;82;74;106;49;49;48;250;108;W01,W03,W08,W10;W02;W01,W03,W08,W10;W04;W05;;W01,W03,W08,W10;W01,W03,W08,W10;W06,W07,W09;;;;;;
462;1R150M0K1G170H0H0I0H0I4G3U3B39453W36373836370--150M0K1G17230I0I0H63250;H53SJ00101;94;150M0K1G17230I0I0H63250;23;11;0;6;5;H;5;3;S;J;0;0;1;0;1;72;53;51;83;74;48;48;49;48;49;41;22;20;52;43;17;17;18;17;18;15;0M;0K;1G;17;23;0I;0I;0H;63;25;41;22;20;52;43;75;18;18;17;219;77;72;53;51;83;74;106;49;49;48;250;108;W01;W02;W03;W04;W05;;W08,W10;W08,W10;W06,W07,W09;;;;;;
463;1T0L121215160H0H0I0H0I4K3C3T3U3W3X38393A38390--0L12121516250I0I0H63270;4EEHI00101;96;0L12121516250I0I0H63270;23;11;0;6;5;4;E;E;H;I;0;0;1;0;1;52;69;69;72;73;48;48;49;48;49;21;38;38;41;42;17;17;18;17;18;0L;12;12;15;16;25;0I;0I;0H;63;27;21;38;38;41;42;77;18;18;17;219;79;52;69;69;72;73;108;49;49;48;250;110;W01;W02,W03;W02,W03;W04;W05;;W08,W10;W08,W10;W06,W07,W09;;;;;;
464;1V0K100Y1D170H0H0I0H0I4O3D3T3R46403A3B3C3A3B0--0K100Y1D17270I0I0H63290;3CAPJ00101;98;0K100Y1D17270I0I0H63290;23;11;0;6;5;3;C;A;P;J;0;0;1;0;1;51;67;65;80;74;48;48;49;48;49;20;36;34;49;43;17;17;18;17;18;0K;10;0Y;1D;17;27;0I;0I;0H;63;29;20;36;34;49;43;79;18;18;17;219;81;51;67;65;80;74;110;49;49;48;250;112;W01;W02;W03;W04;W05;;W08,W10;W08,W10;W06,W07,W09;;;;;;
465;1V0P0O141E170H0H0I0H0I4O3I3H3X47403A3B3C3A3B0--0P0O141E17270I0I0H63290;87GQJ00101;98;0P0O141E17270I0I0H63290;23;11;0;6;5;8;7;G;Q;J;0;0;1;0;1;56;55;71;81;74;48;48;49;48;49;25;24;40;50;43;17;17;18;17;18;0P;0O;14;1E;17;27;0I;0I;0H;63;29;25;24;40;50;43;79;18;18;17;219;81;56;55;71;81;74;110;49;49;48;250;112;W01;W02;W03;W04;W05;;W08,W10;W08,W10;W06,W07,W09;;;;;;
466;1V0P100Q1G170H0H0I0H0I4O3I3T3J49403A3B3C3A3B0--0P100Q1G17270I0I0H63290;8C9SJ00101;98;0P100Q1G17270I0I0H63290;23;11;0;6;5;8;C;9;S;J;0;0;1;0;1;56;67;57;83;74;48;48;49;48;49;25;36;26;52;43;17;17;18;17;18;0P;10;0Q;1G;17;27;0I;0I;0H;63;29;25;36;26;52;43;79;18;18;17;219;81;56;67;57;83;74;110;49;49;48;250;112;W01;W02;W03;W04;W05;;W08,W10;W08,W10;W06,W07,W09;;;;;;
467;1W0I121C1L0M0H0H0I0H0I4Q3C3W464F3G3B3C3D3B3C0--0I121C1L0M280I0H0I632A0;1EOX500101;99;0I121C1L0M280I0H0I632A0;23;11;0;6;5;1;E;O;X;5;0;0;1;0;1;49;69;79;88;53;48;48;49;48;49;18;38;48;57;22;17;17;18;17;18;0I;12;1C;1L;0M;28;0I;0H;0I;63;2A;18;38;48;57;22;80;18;17;18;219;82;49;69;79;88;53;111;49;48;49;250;113;W01,W08,W10;W02;W03;W04;W05;;W01,W08,W10;W06,W07,W09;W01,W08,W10;;;;;;
468;1W0J0K1L18170H0H0I0H0I4Q3D3E4F42413B3C3D3B3C0--0J0K1L1817280I0H0I632A0;23XKJ00101;99;0J0K1L1817280I0H0I632A0;23;11;0;6;5;2;3;X;K;J;0;0;1;0;1;50;51;88;75;74;48;48;49;48;49;19;20;57;44;43;17;17;18;17;18;0J;0K;1L;18;17;28;0I;0H;0I;63;2A;19;20;57;44;43;80;18;17;18;219;82;50;51;88;75;74;111;49;48;49;250;113;W01;W02;W03;W04;W05;;W08,W10;W06,W07,W09;W08,W10;;;;;;
469;1W0P110Q1G170H0H0I0H0I4Q3J3V3K4A413B3C3D3B3C0--0P110Q1G17280I0H0I632A0;8D9SJ00101;99;0P110Q1G17280I0H0I632A0;23;11;0;6;5;8;D;9;S;J;0;0;1;0;1;56;68;57;83;74;48;48;49;48;49;25;37;26;52;43;17;17;18;17;18;0P;11;0Q;1G;17;28;0I;0H;0I;63;2A;25;37;26;52;43;80;18;17;18;219;82;56;68;57;83;74;111;49;48;49;250;113;W01;W02;W03;W04;W05;;W08,W10;W06,W07,W09;W08,W10;;;;;;
470;1W0Q0O141E170H0H0I0H0I4Q3K3I3Y48413B3C3D3B3C0--0Q0O141E17280I0H0I632A0;97GQJ00101;99;0Q0O141E17280I0H0I632A0;23;11;0;6;5;9;7;G;Q;J;0;0;1;0;1;57;55;71;81;74;48;48;49;48;49;26;24;40;50;43;17;17;18;17;18;0Q;0O;14;1E;17;28;0I;0H;0I;63;2A;26;24;40;50;43;80;18;17;18;219;82;57;55;71;81;74;111;49;48;49;250;113;W01;W02;W03;W04;W05;;W08,W10;W06,W07,W09;W08,W10;;;;;;
471;1W110Z0M1A170H0H0I0H0I4Q3V3T3G44413B3C3D3B3C0--110Z0M1A17280I0H0I632A0;DB5MJ00101;99;110Z0M1A17280I0H0I632A0;23;11;0;6;5;D;B;5;M;J;0;0;1;0;1;68;66;53;77;74;48;48;49;48;49;37;35;22;46;43;17;17;18;17;18;11;0Z;0M;1A;17;28;0I;0H;0I;63;2A;37;35;22;46;43;80;18;17;18;219;82;68;66;53;77;74;111;49;48;49;250;113;W01;W02;W03;W04;W05;;W08,W10;W06,W07,W09;W08,W10;;;;;;
472;1Y0K121C1L0M0H0H0I0H0I4U3G3Y484H3I3D3E3F3D3E0--0K121C1L0M2A0I0H0I632C0;3EOX500101;101;0K121C1L0M2A0I0H0I632C0;23;11;0;6;5;3;E;O;X;5;0;0;1;0;1;51;69;79;88;53;48;48;49;48;49;20;38;48;57;22;17;17;18;17;18;0K;12;1C;1L;0M;2A;0I;0H;0I;63;2C;20;38;48;57;22;82;18;17;18;219;84;51;69;79;88;53;113;49;48;49;250;115;W01;W02;W03;W04;W05;;W08,W10;W06,W07,W09;W08,W10;;;;;;
473;1Y0Y120H1K140H0H0I0H0I4U3U3Y3D4G403D3E3F3D3E0--0Y120H1K142A0I0H0I632C0;AE0WG00101;101;0Y120H1K142A0I0H0I632C0;23;11;0;3;2;A;E;0;W;G;0;0;1;0;1;65;69;48;87;71;48;48;49;48;49;34;38;17;56;40;17;17;18;17;18;0Y;12;0H;1K;14;2A;0I;0H;0I;63;2C;34;38;17;56;40;82;18;17;18;219;84;65;69;48;87;71;113;49;48;49;250;115;W01;W02;W03,W06,W07,W09;W04;W05;;W08,W10;W03,W06,W07,W09;W08,W10;;;;;;
474;1Z0K121D1L0M0H0H0I0H0I4W3H3Z4A4I3J3E3F3G3E3F0--0K121D1L0M2B0I0I0H632D0;3EPX500101;102;0K121D1L0M2B0I0I0H632D0;23;11;0;6;5;3;E;P;X;5;0;0;1;0;1;51;69;80;88;53;48;48;49;48;49;20;38;49;57;22;17;17;18;17;18;0K;12;1D;1L;0M;2B;0I;0I;0H;63;2D;20;38;49;57;22;83;18;18;17;219;85;51;69;80;88;53;114;49;49;48;250;116;W01;W02;W03;W04;W05;;W08,W10;W08,W10;W06,W07,W09;;;;;;
475;200L0L1E1G170H0H0I0H0I4Y3J3K4C4E453F3G3H3F3G0--0L0L1E1G172C0I0H0I632E0;44QSJ00101;103;0L0L1E1G172C0I0H0I632E0;23;11;0;6;5;4;4;Q;S;J;0;0;1;0;1;52;52;81;83;74;48;48;49;48;49;21;21;50;52;43;17;17;18;17;18;0L;0L;1E;1G;17;2C;0I;0H;0I;63;2E;21;21;50;52;43;84;18;17;18;219;86;52;52;81;83;74;115;49;48;49;250;117;W01,W02;W01,W02;W03;W04;W05;;W08,W10;W06,W07,W09;W08,W10;;;;;;
476;200M12121E130H0H0I0H0I4Y3K40414C413F3G3H3F3G0--0M12121E132C0I0H0I632E0;5EEQF00101;103;0M12121E132C0I0H0I632E0;23;11;0;6;5;5;E;E;Q;F;0;0;1;0;1;53;69;69;81;70;48;48;49;48;49;22;38;38;50;39;17;17;18;17;18;0M;12;12;1E;13;2C;0I;0H;0I;63;2E;22;38;38;50;39;84;18;17;18;219;86;53;69;69;81;70;115;49;48;49;250;117;W01;W02,W03;W02,W03;W04;W05;;W08,W10;W06,W07,W09;W08,W10;;;;;;
477;2011110K1E170H0H0I0H0I4Y3Z403I4C453F3G3H3F3G0--11110K1E172C0I0H0I632E0;DD3QJ00101;103;11110K1E172C0I0H0I632E0;23;11;0;6;5;D;D;3;Q;J;0;0;1;0;1;68;68;51;81;74;48;48;49;48;49;37;37;20;50;43;17;17;18;17;18;11;11;0K;1E;17;2C;0I;0H;0I;63;2E;37;37;20;50;43;84;18;17;18;219;86;68;68;51;81;74;115;49;48;49;250;117;W01,W02;W01,W02;W03;W04;W05;;W08,W10;W06,W07,W09;W08,W10;;;;;;
478;210M121D1L0M0H0H0I0H0I503L414C4K3L3G3H3I3G3H0--0M121D1L0M2D0I0I0H632F0;5EPX500101;104;0M121D1L0M2D0I0I0H632F0;23;11;0;6;5;5;E;P;X;5;0;0;1;0;1;53;69;80;88;53;48;48;49;48;49;22;38;49;57;22;17;17;18;17;18;0M;12;1D;1L;0M;2D;0I;0I;0H;63;2F;22;38;49;57;22;85;18;18;17;219;87;53;69;80;88;53;116;49;49;48;250;118;W01,W05;W02;W03;W04;W01,W05;;W08,W10;W08,W10;W06,W07,W09;;;;;;
479;210Q0M181H170H0H0I0H0I503P3L474G463G3H3I3G3H0--0Q0M181H172D0I0I0H632F0;95KTJ00101;104;0Q0M181H172D0I0I0H632F0;23;11;0;6;5;9;5;K;T;J;0;0;1;0;1;57;53;75;84;74;48;48;49;48;49;26;22;44;53;43;17;17;18;17;18;0Q;0M;18;1H;17;2D;0I;0I;0H;63;2F;26;22;44;53;43;85;18;18;17;219;87;57;53;75;84;74;116;49;49;48;250;118;W01;W02;W03;W04;W05;;W08,W10;W08,W10;W06,W07,W09;;;;;;
480;2110120P1H100H0H0I0H0I503Z413O4G3Z3G3H3I3G3H0--10120P1H102D0I0I0H632F0;CE8TC00101;104;10120P1H102D0I0I0H632F0;23;11;0;6;5;C;E;8;T;C;0;0;1;0;1;67;69;56;84;67;48;48;49;48;49;36;38;25;53;36;17;17;18;17;18;10;12;0P;1H;10;2D;0I;0I;0H;63;2F;36;38;25;53;36;85;18;18;17;219;87;67;69;56;84;67;116;49;49;48;250;118;W01,W05;W02;W03;W04;W01,W05;;W08,W10;W08,W10;W06,W07,W09;;;;;;
481;220N121D1L0M0H0H0I0H0I523N424D4L3M3H3I3J3H3I0--0N121D1L0M2E0I0H0I632G0;6EPX500101;105;0N121D1L0M2E0I0H0I632G0;23;11;0;6;5;6;E;P;X;5;0;0;1;0;1;54;69;80;88;53;48;48;49;48;49;23;38;49;57;22;17;17;18;17;18;0N;12;1D;1L;0M;2E;0I;0H;0I;63;2G;23;38;49;57;22;86;18;17;18;219;88;54;69;80;88;53;117;49;48;49;250;119;W01;W02;W03;W04;W05;;W08,W10;W06,W07,W09;W08,W10;;;;;;
482;221G0M0K1G170H0H0I0H0I524G3M3K4G473H3I3J3H3I0--1G0M0K1G172E0I0H0I632G0;S53SJ00101;105;1G0M0K1G172E0I0H0I632G0;23;11;0;6;5;S;5;3;S;J;0;0;1;0;1;83;53;51;83;74;48;48;49;48;49;52;22;20;52;43;17;17;18;17;18;1G;0M;0K;1G;17;2E;0I;0H;0I;63;2G;52;22;20;52;43;86;18;17;18;219;88;83;53;51;83;74;117;49;48;49;250;119;W01,W04;W02;W03;W01,W04;W05;;W08,W10;W06,W07,W09;W08,W10;;;;;;
483;230J121N1E0O0H0H0I0H0I543K434O4F3P3I3J3K3I3J0--0J121N1E0O2F0I0I0H632H0;2EZQ700101;106;0J121N1E0O2F0I0I0H632H0;23;11;0;6;5;2;E;Z;Q;7;0;0;1;0;1;50;69;90;81;55;48;48;49;48;49;19;38;59;50;24;17;17;18;17;18;0J;12;1N;1E;0O;2F;0I;0I;0H;63;2H;19;38;59;50;24;87;18;18;17;219;89;50;69;90;81;55;118;49;49;48;250;120;W01;W02;W03;W04;W05;;W08,W10;W08,W10;W06,W07,W09;;;;;;
484;230O121D1L0M0H0H0I0H0I543P434E4M3N3I3J3K3I3J0--0O121D1L0M2F0I0I0H632H0;7EPX500101;106;0O121D1L0M2F0I0I0H632H0;23;11;0;6;5;7;E;P;X;5;0;0;1;0;1;55;69;80;88;53;48;48;49;48;49;24;38;49;57;22;17;17;18;17;18;0O;12;1D;1L;0M;2F;0I;0I;0H;63;2H;24;38;49;57;22;87;18;18;17;219;89;55;69;80;88;53;118;49;49;48;250;120;W01;W02;W03;W04;W05;;W08,W10;W08,W10;W06,W07,W09;;;;;;
485;240I1D0Y1B170H0H0I0H0I563K4F404D493J3K3L3J3K0--0I1D0Y1B172G0I0H0I632I0;1PANJ00101;107;0I1D0Y1B172G0I0H0I632I0;23;11;0;6;5;1;P;A;N;J;0;0;1;0;1;49;80;65;78;74;48;48;49;48;49;18;49;34;47;43;17;17;18;17;18;0I;1D;0Y;1B;17;2G;0I;0H;0I;63;2I;18;49;34;47;43;88;18;17;18;219;90;49;80;65;78;74;119;49;48;49;250;121;W01,W08,W10;W02;W03;W04;W05;;W01,W08,W10;W06,W07,W09;W01,W08,W10;;;;;;
486;240Y0O141E170H0H0I0H0I56403Q464G493J3K3L3J3K0--0Y0O141E172G0I0H0I632I0;A7GQJ00101;107;0Y0O141E172G0I0H0I632I0;23;11;0;6;5;A;7;G;Q;J;0;0;1;0;1;65;55;71;81;74;48;48;49;48;49;34;24;40;50;43;17;17;18;17;18;0Y;0O;14;1E;17;2G;0I;0H;0I;63;2I;34;24;40;50;43;88;18;17;18;219;90;65;55;71;81;74;119;49;48;49;250;121;W01;W02;W03;W04;W05;;W08,W10;W06,W07,W09;W08,W10;;;;;;
487;250H191718170H0H0I0H0I583K4C4A4B4A3K3L3M3K3L0--0H191718172H0I0I0H632J0;0LJKJ00101;108;0H191718172H0I0I0H632J0;23;11;0;1;0;0;L;J;K;J;0;0;1;0;1;48;76;74;75;74;48;48;49;48;49;17;45;43;44;43;17;17;18;17;18;0H;19;17;18;17;2H;0I;0I;0H;63;2J;17;45;43;44;43;89;18;18;17;219;91;48;76;74;75;74;120;49;49;48;250;122;W01,W06,W07,W09;W02;W03,W05;W04;W03,W05;;W08,W10;W08,W10;W01,W06,W07,W09;;;;;;
488;250Q121D1L0M0H0H0I0H0I583T454G4O3P3K3L3M3K3L0--0Q121D1L0M2H0I0I0H632J0;9EPX500101;108;0Q121D1L0M2H0I0I0H632J0;23;11;0;6;5;9;E;P;X;5;0;0;1;0;1;57;69;80;88;53;48;48;49;48;49;26;38;49;57;22;17;17;18;17;18;0Q;12;1D;1L;0M;2H;0I;0I;0H;63;2J;26;38;49;57;22;89;18;18;17;219;91;57;69;80;88;53;120;49;49;48;250;122;W01;W02;W03;W04;W05;;W08,W10;W08,W10;W06,W07,W09;;;;;;
489;250Y0H1H19170H0H0I0H0I58413K4K4C4A3K3L3M3K3L0--0Y0H1H19172H0I0I0H632J0;A0TLJ00101;108;0Y0H1H19172H0I0I0H632J0;23;11;0;2;1;A;0;T;L;J;0;0;1;0;1;65;48;84;76;74;48;48;49;48;49;34;17;53;45;43;17;17;18;17;18;0Y;0H;1H;19;17;2H;0I;0I;0H;63;2J;34;17;53;45;43;89;18;18;17;219;91;65;48;84;76;74;120;49;49;48;250;122;W01;W02,W06,W07,W09;W03;W04;W05;;W08,W10;W08,W10;W02,W06,W07,W09;;;;;;
490;250Z0O141E170H0H0I0H0I58423R474H4A3K3L3M3K3L0--0Z0O141E172H0I0I0H632J0;B7GQJ00101;108;0Z0O141E172H0I0I0H632J0;23;11;0;6;5;B;7;G;Q;J;0;0;1;0;1;66;55;71;81;74;48;48;49;48;49;35;24;40;50;43;17;17;18;17;18;0Z;0O;14;1E;17;2H;0I;0I;0H;63;2J;35;24;40;50;43;89;18;18;17;219;91;66;55;71;81;74;120;49;49;48;250;122;W01;W02;W03;W04;W05;;W08,W10;W08,W10;W06,W07,W09;;;;;;
491;260M121N1J0J0H0H0I0H0I5A3Q464R4N3N3L3M3N3L3M0--0M121N1J0J2I0I0H0I632K0;5EZV200101;109;0M121N1J0J2I0I0H0I632K0;23;11;0;6;5;5;E;Z;V;2;0;0;1;0;1;53;69;90;86;50;48;48;49;48;49;22;38;59;55;19;17;17;18;17;18;0M;12;1N;1J;0J;2I;0I;0H;0I;63;2K;22;38;59;55;19;90;18;17;18;219;92;53;69;90;86;50;121;49;48;49;250;123;W01;W02;W03;W04;W05;;W08,W10;W06,W07,W09;W08,W10;;;;;;
492;261F0L0N1J170H0H0I0H0I5A4J3P3R4N4B3L3M3N3L3M0--1F0L0N1J172I0I0H0I632K0;R46VJ00101;109;1F0L0N1J172I0I0H0I632K0;23;11;0;6;5;R;4;6;V;J;0;0;1;0;1;82;52;54;86;74;48;48;49;48;49;51;21;23;55;43;17;17;18;17;18;1F;0L;0N;1J;17;2I;0I;0H;0I;63;2K;51;21;23;55;43;90;18;17;18;219;92;82;52;54;86;74;121;49;48;49;250;123;W01;W02;W03;W04;W05;;W08,W10;W06,W07,W09;W08,W10;;;;;;
493;270L0Z1E19170H0H0I0H0I5C3Q444J4E4C3M3N3O3M3N0--0L0Z1E19172J0I0I0H632L0;4BQLJ00101;110;0L0Z1E19172J0I0I0H632L0;23;11;0;6;5;4;B;Q;L;J;0;0;1;0;1;52;66;81;76;74;48;48;49;48;49;21;35;50;45;43;17;17;18;17;18;0L;0Z;1E;19;17;2J;0I;0I;0H;63;2L;21;35;50;45;43;91;18;18;17;219;93;52;66;81;76;74;122;49;49;48;250;124;W01;W02;W03;W04;W05;;W08,W10;W08,W10;W06,W07,W09;;;;;;
494;270O190Z1B170H0H0I0H0I5C3T4E444G4C3M3N3O3M3N0--0O190Z1B172J0I0I0H632L0;7LBNJ00101;110;0O190Z1B172J0I0I0H632L0;23;11;0;6;5;7;L;B;N;J;0;0;1;0;1;55;76;66;78;74;48;48;49;48;49;24;45;35;47;43;17;17;18;17;18;0O;19;0Z;1B;17;2J;0I;0I;0H;63;2L;24;45;35;47;43;91;18;18;17;219;93;55;76;66;78;74;122;49;49;48;250;124;W01;W02;W03;W04;W05;;W08,W10;W08,W10;W06,W07,W09;;;;;;
495;270O1J0L1F170H0H0I0H0I5C3T4O3Q4K4C3M3N3O3M3N0--0O1J0L1F172J0I0I0H632L0;7V4RJ00101;110;0O1J0L1F172J0I0I0H632L0;23;11;0;6;5;7;V;4;R;J;0;0;1;0;1;55;86;52;82;74;48;48;49;48;49;24;55;21;51;43;17;17;18;17;18;0O;1J;0L;1F;17;2J;0I;0I;0H;63;2L;24;55;21;51;43;91;18;18;17;219;93;55;86;52;82;74;122;49;49;48;250;124;W01;W02;W03;W04;W05;;W08,W10;W08,W10;W06,W07,W09;;;;;;
496;2710110Q1G170H0H0I0H0I5C45463V4L4C3M3N3O3M3N0--10110Q1G172J0I0I0H632L0;CD9SJ00101;110;10110Q1G172J0I0I0H632L0;23;11;0;6;5;C;D;9;S;J;0;0;1;0;1;67;68;57;83;74;48;48;49;48;49;36;37;26;52;43;17;17;18;17;18;10;11;0Q;1G;17;2J;0I;0I;0H;63;2L;36;37;26;52;43;91;18;18;17;219;93;67;68;57;83;74;122;49;49;48;250;124;W01;W02;W03;W04;W05;;W08,W10;W08,W10;W06,W07,W09;;;;;;
497;280I1B1718170H0H0I0H0I5E3O4H4D4E4D3N3O3P3N3O0--0I1B1718172K0I0H0I632M0;1NJKJ00101;111;0I1B1718172K0I0H0I632M0;23;11;0;6;5;1;N;J;K;J;0;0;1;0;1;49;78;74;75;74;48;48;49;48;49;18;47;43;44;43;17;17;18;17;18;0I;1B;17;18;17;2K;0I;0H;0I;63;2M;18;47;43;44;43;92;18;17;18;219;94;49;78;74;75;74;123;49;48;49;250;125;W01,W08,W10;W02;W03,W05;W04;W03,W05;;W01,W08,W10;W06,W07,W09;W01,W08,W10;;;;;;
498;2811170M1E170H0H0I0H0I5E474D3S4K4D3N3O3P3N3O0--11170M1E172K0I0H0I632M0;DJ5QJ00101;111;11170M1E172K0I0H0I632M0;23;11;0;6;5;D;J;5;Q;J;0;0;1;0;1;68;74;53;81;74;48;48;49;48;49;37;43;22;50;43;17;17;18;17;18;11;17;0M;1E;17;2K;0I;0H;0I;63;2M;37;43;22;50;43;92;18;17;18;219;94;68;74;53;81;74;123;49;48;49;250;125;W01;W02,W05;W03;W04;W02,W05;;W08,W10;W06,W07,W09;W08,W10;;;;;;
499;2815121I140M0H0H0I0H0I5E4B484O4A3S3N3O3P3N3O0--15121I140M2K0I0H0I632M0;HEUG500101;111;15121I140M2K0I0H0I632M0;23;11;0;6;5;H;E;U;G;5;0;0;1;0;1;72;69;85;71;53;48;48;49;48;49;41;38;54;40;22;17;17;18;17;18;15;12;1I;14;0M;2K;0I;0H;0I;63;2M;41;38;54;40;22;92;18;17;18;219;94;72;69;85;71;53;123;49;48;49;250;125;W01;W02;W03;W04;W05;;W08,W10;W06,W07,W09;W08,W10;;;;;;
500;290M1E0Y1B170H0H0I0H0I5G3T4L454I4E3O3P3Q3O3P0--0M1E0Y1B172L0I0I0H632N0;5QANJ00101;112;0M1E0Y1B172L0I0I0H632N0;23;11;0;6;5;5;Q;A;N;J;0;0;1;0;1;53;81;65;78;74;48;48;49;48;49;22;50;34;47;43;17;17;18;17;18;0M;1E;0Y;1B;17;2L;0I;0I;0H;63;2N;22;50;34;47;43;93;18;18;17;219;95;53;81;65;78;74;124;49;49;48;250;126;W01;W02;W03;W04;W05;;W08,W10;W08,W10;W06,W07,W09;;;;;;
501;2A0H181C19170H0H0I0H0I5I3P4G4K4H4F3P3Q3R3P3Q0--0H181C19172M0I0H0I632O0;0KOLJ00101;113;0H181C19172M0I0H0I632O0;23;11;0;1;0;0;K;O;L;J;0;0;1;0;1;48;75;79;76;74;48;48;49;48;49;17;44;48;45;43;17;17;18;17;18;0H;18;1C;19;17;2M;0I;0H;0I;63;2O;17;44;48;45;43;94;18;17;18;219;96;48;75;79;76;74;125;49;48;49;250;127;W01,W06,W07,W09;W02;W03;W04;W05;;W08,W10;W01,W06,W07,W09;W08,W10;;;;;;
502;2A0O0L1M1F170H0H0I0H0I5I3W3T4U4N4F3P3Q3R3P3Q0--0O0L1M1F172M0I0H0I632O0;74YRJ00101;113;0O0L1M1F172M0I0H0I632O0;23;11;0;6;5;7;4;Y;R;J;0;0;1;0;1;55;52;89;82;74;48;48;49;48;49;24;21;58;51;43;17;17;18;17;18;0O;0L;1M;1F;17;2M;0I;0H;0I;63;2O;24;21;58;51;43;94;18;17;18;219;96;55;52;89;82;74;125;49;48;49;250;127;W01;W02;W03;W04;W05;;W08,W10;W06,W07,W09;W08,W10;;;;;;
503;2A0Q0N1E1J170H0H0I0H0I5I3Y3V4M4R4F3P3Q3R3P3Q0--0Q0N1E1J172M0I0H0I632O0;96QVJ00101;113;0Q0N1E1J172M0I0H0I632O0;23;11;0;6;5;9;6;Q;V;J;0;0;1;0;1;57;54;81;86;74;48;48;49;48;49;26;23;50;55;43;17;17;18;17;18;0Q;0N;1E;1J;17;2M;0I;0H;0I;63;2O;26;23;50;55;43;94;18;17;18;219;96;57;54;81;86;74;125;49;48;49;250;127;W01;W02;W03;W04;W05;;W08,W10;W06,W07,W09;W08,W10;;;;;;
504;2A16110O1F170H0H0I0H0I5I4E493W4N4F3P3Q3R3P3Q0--16110O1F172M0I0H0I632O0;ID7RJ00101;113;16110O1F172M0I0H0I632O0;23;11;0;6;5;I;D;7;R;J;0;0;1;0;1;73;68;55;82;74;48;48;49;48;49;42;37;24;51;43;17;17;18;17;18;16;11;0O;1F;17;2M;0I;0H;0I;63;2O;42;37;24;51;43;94;18;17;18;219;96;73;68;55;82;74;125;49;48;49;250;127;W01;W02;W03;W04;W05;;W08,W10;W06,W07,W09;W08,W10;;;;;;
505;2A170O141B170H0H0I0H0I5I4F3W4C4J4F3P3Q3R3P3Q0--170O141B172M0I0H0I632O0;J7GNJ00101;113;170O141B172M0I0H0I632O0;23;11;0;6;5;J;7;G;N;J;0;0;1;0;1;74;55;71;78;74;48;48;49;48;49;43;24;40;47;43;17;17;18;17;18;17;0O;14;1B;17;2M;0I;0H;0I;63;2O;43;24;40;47;43;94;18;17;18;219;96;74;55;71;78;74;125;49;48;49;250;127;W01,W05;W02;W03;W04;W01,W05;;W08,W10;W06,W07,W09;W08,W10;;;;;;
506;2A1F0Y0J1E170H0H0I0H0I5I4N463R4M4F3P3Q3R3P3Q0--1F0Y0J1E172M0I0H0I632O0;RA2QJ00101;113;1F0Y0J1E172M0I0H0I632O0;23;11;0;6;5;R;A;2;Q;J;0;0;1;0;1;82;65;50;81;74;48;48;49;48;49;51;34;19;50;43;17;17;18;17;18;1F;0Y;0J;1E;17;2M;0I;0H;0I;63;2O;51;34;19;50;43;94;18;17;18;219;96;82;65;50;81;74;125;49;48;49;250;127;W01;W02;W03;W04;W05;;W08,W10;W06,W07,W09;W08,W10;;;;;;
507;2A1N0H0N1J170H0H0I0H0I5I4V3P3V4R4F3P3Q3R3P3Q0--1N0H0N1J172M0I0H0I632O0;Z06VJ00101;113;1N0H0N1J172M0I0H0I632O0;23;11;0;2;1;Z;0;6;V;J;0;0;1;0;1;90;48;54;86;74;48;48;49;48;49;59;17;23;55;43;17;17;18;17;18;1N;0H;0N;1J;17;2M;0I;0H;0I;63;2O;59;17;23;55;43;94;18;17;18;219;96;90;48;54;86;74;125;49;48;49;250;127;W01;W02,W06,W07,W09;W03;W04;W05;;W08,W10;W02,W06,W07,W09;W08,W10;;;;;;
508;2B0H1G131B170H0H0I0H0I5K3Q4P4C4K4G3Q3R3S3Q3R0--0H1G131B172N0I0I0H632P0;0SFNJ00101;114;0H1G131B172N0I0I0H632P0;23;11;0;1;0;0;S;F;N;J;0;0;1;0;1;48;83;70;78;74;48;48;49;48;49;17;52;39;47;43;17;17;18;17;18;0H;1G;13;1B;17;2N;0I;0I;0H;63;2P;17;52;39;47;43;95;18;18;17;219;97;48;83;70;78;74;126;49;49;48;250;128;W01,W06,W07,W09;W02;W03;W04;W05;;W08,W10;W08,W10;W01,W06,W07,W09;;;;;;
509;2B14110Q1G170H0H0I0H0I5K4D4A3Z4P4G3Q3R3S3Q3R0--14110Q1G172N0I0I0H632P0;GD9SJ00101;114;14110Q1G172N0I0I0H632P0;23;11;0;6;5;G;D;9;S;J;0;0;1;0;1;71;68;57;83;74;48;48;49;48;49;40;37;26;52;43;17;17;18;17;18;14;11;0Q;1G;17;2N;0I;0I;0H;63;2P;40;37;26;52;43;95;18;18;17;219;97;71;68;57;83;74;126;49;49;48;250;128;W01;W02;W03;W04;W05;;W08,W10;W08,W10;W06,W07,W09;;;;;;
510;2B1A100P1C170H0H0I0H0I5K4J493Y4L4G3Q3R3S3Q3R0--1A100P1C172N0I0I0H632P0;MC8OJ00101;114;1A100P1C172N0I0I0H632P0;23;11;0;6;5;M;C;8;O;J;0;0;1;0;1;77;67;56;79;74;48;48;49;48;49;46;36;25;48;43;17;17;18;17;18;1A;10;0P;1C;17;2N;0I;0I;0H;63;2P;46;36;25;48;43;95;18;18;17;219;97;77;67;56;79;74;126;49;49;48;250;128;W01;W02;W03;W04;W05;;W08,W10;W08,W10;W06,W07,W09;;;;;;
511;2B1C0O1219170H0H0I0H0I5K4L3X4B4I4G3Q3R3S3Q3R0--1C0O1219172N0I0I0H632P0;O7ELJ00101;114;1C0O1219172N0I0I0H632P0;23;11;0;6;5;O;7;E;L;J;0;0;1;0;1;79;55;69;76;74;48;48;49;48;49;48;24;38;45;43;17;17;18;17;18;1C;0O;12;19;17;2N;0I;0I;0H;63;2P;48;24;38;45;43;95;18;18;17;219;97;79;55;69;76;74;126;49;49;48;250;128;W01;W02;W03;W04;W05;;W08,W10;W08,W10;W06,W07,W09;;;;;;
512;2B1G0Y0J1E170H0H0I0H0I5K4P473S4N4G3Q3R3S3Q3R0--1G0Y0J1E172N0I0I0H632P0;SA2QJ00101;114;1G0Y0J1E172N0I0I0H632P0;23;11;0;6;5;S;A;2;Q;J;0;0;1;0;1;83;65;50;81;74;48;48;49;48;49;52;34;19;50;43;17;17;18;17;18;1G;0Y;0J;1E;17;2N;0I;0I;0H;63;2P;52;34;19;50;43;95;18;18;17;219;97;83;65;50;81;74;126;49;49;48;250;128;W01;W02;W03;W04;W05;;W08,W10;W08,W10;W06,W07,W09;;;;;;
513;2C140L141J170H0H0I0H0I5M4E3V4E4T4H3R3S3T3R3S0--140L141J172O0I0H0I632Q0;G4GVJ00101;115;140L141J172O0I0H0I632Q0;23;11;0;6;5;G;4;G;V;J;0;0;1;0;1;71;52;71;86;74;48;48;49;48;49;40;21;40;55;43;17;17;18;17;18;14;0L;14;1J;17;2O;0I;0H;0I;63;2Q;40;21;40;55;43;96;18;17;18;219;98;71;52;71;86;74;127;49;48;49;250;129;W01,W03;W02;W01,W03;W04;W05;;W08,W10;W06,W07,W09;W08,W10;;;;;;
514;2C1H0Y0J1E170H0H0I0H0I5M4R483T4O4H3R3S3T3R3S0--1H0Y0J1E172O0I0H0I632Q0;TA2QJ00101;115;1H0Y0J1E172O0I0H0I632Q0;23;11;0;6;5;T;A;2;Q;J;0;0;1;0;1;84;65;50;81;74;48;48;49;48;49;53;34;19;50;43;17;17;18;17;18;1H;0Y;0J;1E;17;2O;0I;0H;0I;63;2Q;53;34;19;50;43;96;18;17;18;219;98;84;65;50;81;74;127;49;48;49;250;129;W01;W02;W03;W04;W05;;W08,W10;W06,W07,W09;W08,W10;;;;;;
515;2D0Y121D1L0M0H0H0I0H0I5O494D4O4W3X3S3T3U3S3T0--0Y121D1L0M2P0I0I0H632R0;AEPX500101;116;0Y121D1L0M2P0I0I0H632R0;23;11;0;6;5;A;E;P;X;5;0;0;1;0;1;65;69;80;88;53;48;48;49;48;49;34;38;49;57;22;17;17;18;17;18;0Y;12;1D;1L;0M;2P;0I;0I;0H;63;2R;34;38;49;57;22;97;18;18;17;219;99;65;69;80;88;53;128;49;49;48;250;130;W01;W02;W03;W04;W05;;W08,W10;W08,W10;W06,W07,W09;;;;;;
516;2D16160M1F170H0H0I0H0I5O4H4I3X4Q4I3S3T3U3S3T0--16160M1F172P0I0I0H632R0;II5RJ00101;116;16160M1F172P0I0I0H632R0;23;11;0;6;5;I;I;5;R;J;0;0;1;0;1;73;73;53;82;74;48;48;49;48;49;42;42;22;51;43;17;17;18;17;18;16;16;0M;1F;17;2P;0I;0I;0H;63;2R;42;42;22;51;43;97;18;18;17;219;99;73;73;53;82;74;128;49;49;48;250;130;W01,W02;W01,W02;W03;W04;W05;;W08,W10;W08,W10;W06,W07,W09;;;;;;
517;2D1D100J1H170H0H0I0H0I5O4O4B3U4S4I3S3T3U3S3T0--1D100J1H172P0I0I0H632R0;PC2TJ00101;116;1D100J1H172P0I0I0H632R0;23;11;0;6;5;P;C;2;T;J;0;0;1;0;1;80;67;50;84;74;48;48;49;48;49;49;36;19;53;43;17;17;18;17;18;1D;10;0J;1H;17;2P;0I;0I;0H;63;2R;49;36;19;53;43;97;18;18;17;219;99;80;67;50;84;74;128;49;49;48;250;130;W01;W02;W03;W04;W05;;W08,W10;W08,W10;W06,W07,W09;;;;;;
518;2E0I1I131B170H0H0I0H0I5Q3U4U4F4N4J3T3U3V3T3U0--0I1I131B17010I0I0H63030;1UFNJ00101;117;0I1I131B17010I0I0H63030;23;11;0;6;5;1;U;F;N;J;0;0;1;0;1;49;85;70;78;74;48;48;49;48;49;18;54;39;47;43;17;17;18;17;18;0I;1I;13;1B;17;1;0I;0I;0H;63;3;18;54;39;47;43;1;18;18;17;219;3;49;85;70;78;74;32;49;49;48;250;34;W01,W08,W10;W02;W03;W04;W05;;W01,W08,W10;W01,W08,W10;W06,W07,W09;;;;;;
519;2E0L1I111A170H0H0I0H0I5Q3X4U4D4M4J3T3U3V3T3U0--0L1I111A17010I0I0H63030;4UDMJ00101;117;0L1I111A17010I0I0H63030;23;11;0;6;5;4;U;D;M;J;0;0;1;0;1;52;85;68;77;74;48;48;49;48;49;21;54;37;46;43;17;17;18;17;18;0L;1I;11;1A;17;1;0I;0I;0H;63;3;21;54;37;46;43;1;18;18;17;219;3;52;85;68;77;74;32;49;49;48;250;34;W01;W02;W03;W04;W05;;W08,W10;W08,W10;W06,W07,W09;;;;;;
520;2E0Z121D1L0M0H0H0I0H0I5Q4B4E4P4X3Y3T3U3V3T3U0--0Z121D1L0M010I0I0H63030;BEPX500101;117;0Z121D1L0M010I0I0H63030;23;11;0;6;5;B;E;P;X;5;0;0;1;0;1;66;69;80;88;53;48;48;49;48;49;35;38;49;57;22;17;17;18;17;18;0Z;12;1D;1L;0M;1;0I;0I;0H;63;3;35;38;49;57;22;1;18;18;17;219;3;66;69;80;88;53;32;49;49;48;250;34;W01;W02;W03;W04;W05;;W08,W10;W08,W10;W06,W07,W09;;;;;;
521;2E120N181H170H0H0I0H0I5Q4E3Z4K4T4J3T3U3V3T3U0--120N181H17010I0I0H63030;E6KTJ00101;117;120N181H17010I0I0H63030;23;11;0;6;5;E;6;K;T;J;0;0;1;0;1;69;54;75;84;74;48;48;49;48;49;38;23;44;53;43;17;17;18;17;18;12;0N;18;1H;17;1;0I;0I;0H;63;3;38;23;44;53;43;1;18;18;17;219;3;69;54;75;84;74;32;49;49;48;250;34;W01;W02;W03;W04;W05;;W08,W10;W08,W10;W06,W07,W09;;;;;;
522;2E130M181H170H0H0I0H0I5Q4F3Y4K4T4J3T3U3V3T3U0--130M181H17010I0I0H63030;F5KTJ00101;117;130M181H17010I0I0H63030;23;11;0;6;5;F;5;K;T;J;0;0;1;0;1;70;53;75;84;74;48;48;49;48;49;39;22;44;53;43;17;17;18;17;18;13;0M;18;1H;17;1;0I;0I;0H;63;3;39;22;44;53;43;1;18;18;17;219;3;70;53;75;84;74;32;49;49;48;250;34;W01;W02;W03;W04;W05;;W08,W10;W08,W10;W06,W07,W09;;;;;;
523;2E1B121I140M0H0H0I0H0I5Q4N4E4U4G3Y3T3U3V3T3U0--1B121I140M010I0I0H63030;NEUG500101;117;1B121I140M010I0I0H63030;23;11;0;6;5;N;E;U;G;5;0;0;1;0;1;78;69;85;71;53;48;48;49;48;49;47;38;54;40;22;17;17;18;17;18;1B;12;1I;14;0M;1;0I;0I;0H;63;3;47;38;54;40;22;1;18;18;17;219;3;78;69;85;71;53;32;49;49;48;250;34;W01;W02;W03;W04;W05;;W08,W10;W08,W10;W06,W07,W09;;;;;;
524;2E1F0O1219170H0H0I0H0I5Q4R404E4L4J3T3U3V3T3U0--1F0O121917010I0I0H63030;R7ELJ00101;117;1F0O121917010I0I0H63030;23;11;0;6;5;R;7;E;L;J;0;0;1;0;1;82;55;69;76;74;48;48;49;48;49;51;24;38;45;43;17;17;18;17;18;1F;0O;12;19;17;1;0I;0I;0H;63;3;51;24;38;45;43;1;18;18;17;219;3;82;55;69;76;74;32;49;49;48;250;34;W01;W02;W03;W04;W05;;W08,W10;W08,W10;W06,W07,W09;;;;;;
525;2F1F0I111H170H0H0I0H0I5S4S3V4E4U4K3U3V3W3U3V0--1F0I111H17010I0I0H63030;R1DTJ00101;118;1F0I111H17010I0I0H63030;23;11;0;6;5;R;1;D;T;J;0;0;1;0;1;82;49;68;84;74;48;48;49;48;49;51;18;37;53;43;17;17;18;17;18;1F;0I;11;1H;17;1;0I;0I;0H;63;3;51;18;37;53;43;1;18;18;17;219;3;82;49;68;84;74;32;49;49;48;250;34;W01;W02,W08,W10;W03;W04;W05;;W02,W08,W10;W02,W08,W10;W06,W07,W09;;;;;;
526;2G0N121H1B160H0H0I0H0I5U414G4V4P4K3V3W3X3V3W0--0N121H1B16010I0I0H63030;6ETNI00101;119;0N121H1B16010I0I0H63030;23;11;0;6;5;6;E;T;N;I;0;0;1;0;1;54;69;84;78;73;48;48;49;48;49;23;38;53;47;42;17;17;18;17;18;0N;12;1H;1B;16;1;0I;0I;0H;63;3;23;38;53;47;42;1;18;18;17;219;3;54;69;84;78;73;32;49;49;48;250;34;W01;W02;W03;W04;W05;;W08,W10;W08,W10;W06,W07,W09;;;;;;
527;2G1G0I111H170H0H0I0H0I5U4U3W4F4V4L3V3W3X3V3W0--1G0I111H17010I0I0H63030;S1DTJ00101;119;1G0I111H17010I0I0H63030;23;11;0;6;5;S;1;D;T;J;0;0;1;0;1;83;49;68;84;74;48;48;49;48;49;52;18;37;53;43;17;17;18;17;18;1G;0I;11;1H;17;1;0I;0I;0H;63;3;52;18;37;53;43;1;18;18;17;219;3;83;49;68;84;74;32;49;49;48;250;34;W01;W02,W08,W10;W03;W04;W05;;W02,W08,W10;W02,W08,W10;W06,W07,W09;;;;;;
528;2H0Q1C1718170H0H0I0H0I5W454R4M4N4M3W3X3Y3W3X0--0Q1C171817010I0I0H63030;9OJKJ00101;120;0Q1C171817010I0I0H63030;23;11;0;6;5;9;O;J;K;J;0;0;1;0;1;57;79;74;75;74;48;48;49;48;49;26;48;43;44;43;17;17;18;17;18;0Q;1C;17;18;17;1;0I;0I;0H;63;3;26;48;43;44;43;1;18;18;17;219;3;57;79;74;75;74;32;49;49;48;250;34;W01;W02;W03,W05;W04;W03,W05;;W08,W10;W08,W10;W06,W07,W09;;;;;;
529;2H1I0O1219170H0H0I0H0I5W4X434H4O4M3W3X3Y3W3X0--1I0O121917010I0I0H63030;U7ELJ00101;120;1I0O121917010I0I0H63030;23;11;0;6;5;U;7;E;L;J;0;0;1;0;1;85;55;69;76;74;48;48;49;48;49;54;24;38;45;43;17;17;18;17;18;1I;0O;12;19;17;1;0I;0I;0H;63;3;54;24;38;45;43;1;18;18;17;219;3;85;55;69;76;74;32;49;49;48;250;34;W01;W02;W03;W04;W05;;W08,W10;W08,W10;W06,W07,W09;;;;;;
530;2I0I121L1F150H0H0I0H0I5Y3Y4I514V4L3X3Y3Z3X3Y0--0I121L1F15020I0H0I63040;1EXRH00101;121;0I121L1F15020I0H0I63040;23;11;0;6;5;1;E;X;R;H;0;0;1;0;1;49;69;88;82;72;48;48;49;48;49;18;38;57;51;41;17;17;18;17;18;0I;12;1L;1F;15;2;0I;0H;0I;63;4;18;38;57;51;41;2;18;17;18;219;4;49;69;88;82;72;33;49;48;49;250;35;W01,W08,W10;W02;W03;W04;W05;;W01,W08,W10;W06,W07,W09;W01,W08,W10;;;;;;
531;2I0Q1L0Q1H170H0H0I0H0I5Y4651464X4N3X3Y3Z3X3Y0--0Q1L0Q1H17020I0H0I63040;9X9TJ00101;121;0Q1L0Q1H17020I0H0I63040;23;11;0;6;5;9;X;9;T;J;0;0;1;0;1;57;88;57;84;74;48;48;49;48;49;26;57;26;53;43;17;17;18;17;18;0Q;1L;0Q;1H;17;2;0I;0H;0I;63;4;26;57;26;53;43;2;18;17;18;219;4;57;88;57;84;74;33;49;48;49;250;35;W01,W03;W02;W01,W03;W04;W05;;W08,W10;W06,W07,W09;W08,W10;;;;;;
532;2I1014141E130H0H0I0H0I5Y4G4K4L4U4J3X3Y3Z3X3Y0--1014141E13020I0H0I63040;CGGQF00101;121;1014141E13020I0H0I63040;23;11;0;6;5;C;G;G;Q;F;0;0;1;0;1;67;71;71;81;70;48;48;49;48;49;36;40;40;50;39;17;17;18;17;18;10;14;14;1E;13;2;0I;0H;0I;63;4;36;40;40;50;39;2;18;17;18;219;4;67;71;71;81;70;33;49;48;49;250;35;W01;W02,W03;W02,W03;W04;W05;;W08,W10;W06,W07,W09;W08,W10;;;;;;
533;2I140Z0Y1H170H0H0I0H0I5Y4K4F4E4X4N3X3Y3Z3X3Y0--140Z0Y1H17020I0H0I63040;GBATJ00101;121;140Z0Y1H17020I0H0I63040;23;11;0;6;5;G;B;A;T;J;0;0;1;0;1;71;66;65;84;74;48;48;49;48;49;40;35;34;53;43;17;17;18;17;18;14;0Z;0Y;1H;17;2;0I;0H;0I;63;4;40;35;34;53;43;2;18;17;18;219;4;71;66;65;84;74;33;49;48;49;250;35;W01;W02;W03;W04;W05;;W08,W10;W06,W07,W09;W08,W10;;;;;;
534;2J0M0Z1D1L170H0H0I0H0I60434G4U524O3Y3Z403Y3Z0--0M0Z1D1L17030I0I0H63050;5BPXJ00101;122;0M0Z1D1L17030I0I0H63050;23;11;0;6;5;5;B;P;X;J;0;0;1;0;1;53;66;80;88;74;48;48;49;48;49;22;35;49;57;43;17;17;18;17;18;0M;0Z;1D;1L;17;3;0I;0I;0H;63;5;22;35;49;57;43;3;18;18;17;219;5;53;66;80;88;74;34;49;49;48;250;36;W01;W02;W03;W04;W05;;W08,W10;W08,W10;W06,W07,W09;;;;;;
535;2J0Y131919170H0H0I0H0I604F4K4Q4R4O3Y3Z403Y3Z0--0Y13191917030I0I0H63050;AFLLJ00101;122;0Y13191917030I0I0H63050;23;11;0;6;5;A;F;L;L;J;0;0;1;0;1;65;70;76;76;74;48;48;49;48;49;34;39;45;45;43;17;17;18;17;18;0Y;13;19;19;17;3;0I;0I;0H;63;5;34;39;45;45;43;3;18;18;17;219;5;65;70;76;76;74;34;49;49;48;250;36;W01;W02;W03,W04;W03,W04;W05;;W08,W10;W08,W10;W06,W07,W09;;;;;;
536;2J0Y1C0Y1B170H0H0I0H0I604F4T4F4S4O3Y3Z403Y3Z0--0Y1C0Y1B17030I0I0H63050;AOANJ00101;122;0Y1C0Y1B17030I0I0H63050;23;11;0;6;5;A;O;A;N;J;0;0;1;0;1;65;79;65;78;74;48;48;49;48;49;34;48;34;47;43;17;17;18;17;18;0Y;1C;0Y;1B;17;3;0I;0I;0H;63;5;34;48;34;47;43;3;18;18;17;219;5;65;79;65;78;74;34;49;49;48;250;36;W01,W03;W02;W01,W03;W04;W05;;W08,W10;W08,W10;W06,W07,W09;;;;;;
537;2J1K0O1219170H0H0I0H0I6051454J4Q4O3Y3Z403Y3Z0--1K0O121917030I0I0H63050;W7ELJ00101;122;1K0O121917030I0I0H63050;23;11;0;6;5;W;7;E;L;J;0;0;1;0;1;87;55;69;76;74;48;48;49;48;49;56;24;38;45;43;17;17;18;17;18;1K;0O;12;19;17;3;0I;0I;0H;63;5;56;24;38;45;43;3;18;18;17;219;5;87;55;69;76;74;34;49;49;48;250;36;W01;W02;W03;W04;W05;;W08,W10;W08,W10;W06,W07,W09;;;;;;
538;2K0N0Z1D1L170H0H0I0H0I62454H4V534P3Z40413Z400--0N0Z1D1L17040I0H0I63060;6BPXJ00101;123;0N0Z1D1L17040I0H0I63060;23;11;0;6;5;6;B;P;X;J;0;0;1;0;1;54;66;80;88;74;48;48;49;48;49;23;35;49;57;43;17;17;18;17;18;0N;0Z;1D;1L;17;4;0I;0H;0I;63;6;23;35;49;57;43;4;18;17;18;219;6;54;66;80;88;74;35;49;48;49;250;37;W01;W02;W03;W04;W05;;W08,W10;W06,W07,W09;W08,W10;;;;;;
539;2K0P1J121A170H0H0I0H0I6247514K4S4P3Z40413Z400--0P1J121A17040I0H0I63060;8VEMJ00101;123;0P1J121A17040I0H0I63060;23;11;0;6;5;8;V;E;M;J;0;0;1;0;1;56;86;69;77;74;48;48;49;48;49;25;55;38;46;43;17;17;18;17;18;0P;1J;12;1A;17;4;0I;0H;0I;63;6;25;55;38;46;43;4;18;17;18;219;6;56;86;69;77;74;35;49;48;49;250;37;W01;W02;W03;W04;W05;;W08,W10;W06,W07,W09;W08,W10;;;;;;
540;2K12180Z1B170H0H0I0H0I624K4Q4H4T4P3Z40413Z400--12180Z1B17040I0H0I63060;EKBNJ00101;123;12180Z1B17040I0H0I63060;23;11;0;6;5;E;K;B;N;J;0;0;1;0;1;69;75;66;78;74;48;48;49;48;49;38;44;35;47;43;17;17;18;17;18;12;18;0Z;1B;17;4;0I;0H;0I;63;6;38;44;35;47;43;4;18;17;18;219;6;69;75;66;78;74;35;49;48;49;250;37;W01;W02;W03;W04;W05;;W08,W10;W06,W07,W09;W08,W10;;;;;;
541;2K160L1E1F170H0H0I0H0I624O434W4X4P3Z40413Z400--160L1E1F17040I0H0I63060;I4QRJ00101;123;160L1E1F17040I0H0I63060;23;11;0;6;5;I;4;Q;R;J;0;0;1;0;1;73;52;81;82;74;48;48;49;48;49;42;21;50;51;43;17;17;18;17;18;16;0L;1E;1F;17;4;0I;0H;0I;63;6;42;21;50;51;43;4;18;17;18;219;6;73;52;81;82;74;35;49;48;49;250;37;W01;W02;W03;W04;W05;;W08,W10;W06,W07,W09;W08,W10;;;;;;
542;2K1E160M1E170H0H0I0H0I624W4O444W4P3Z40413Z400--1E160M1E17040I0H0I63060;QI5QJ00101;123;1E160M1E17040I0H0I63060;23;11;0;6;5;Q;I;5;Q;J;0;0;1;0;1;81;73;53;81;74;48;48;49;48;49;50;42;22;50;43;17;17;18;17;18;1E;16;0M;1E;17;4;0I;0H;0I;63;6;50;42;22;50;43;4;18;17;18;219;6;81;73;53;81;74;35;49;48;49;250;37;W01,W04;W02;W03;W01,W04;W05;;W08,W10;W06,W07,W09;W08,W10;;;;;;
543;2K1L0O1219170H0H0I0H0I6253464K4R4P3Z40413Z400--1L0O121917040I0H0I63060;X7ELJ00101;123;1L0O121917040I0H0I63060;23;11;0;6;5;X;7;E;L;J;0;0;1;0;1;88;55;69;76;74;48;48;49;48;49;57;24;38;45;43;17;17;18;17;18;1L;0O;12;19;17;4;0I;0H;0I;63;6;57;24;38;45;43;4;18;17;18;219;6;88;55;69;76;74;35;49;48;49;250;37;W01;W02;W03;W04;W05;;W08,W10;W06,W07,W09;W08,W10;;;;;;
544;2L0I1D1E1C170H0H0I0H0I64414W4X4V4Q40414240410--0I1D1E1C17050I0I0H63070;1PQOJ00101;124;0I1D1E1C17050I0I0H63070;23;11;0;6;5;1;P;Q;O;J;0;0;1;0;1;49;80;81;79;74;48;48;49;48;49;18;49;50;48;43;17;17;18;17;18;0I;1D;1E;1C;17;5;0I;0I;0H;63;7;18;49;50;48;43;5;18;18;17;219;7;49;80;81;79;74;36;49;49;48;250;38;W01,W08,W10;W02;W03;W04;W05;;W01,W08,W10;W01,W08,W10;W06,W07,W09;;;;;;
545;2L1E110Q1G170H0H0I0H0I644X4K494Z4Q40414240410--1E110Q1G17050I0I0H63070;QD9SJ00101;124;1E110Q1G17050I0I0H63070;23;11;0;6;5;Q;D;9;S;J;0;0;1;0;1;81;68;57;83;74;48;48;49;48;49;50;37;26;52;43;17;17;18;17;18;1E;11;0Q;1G;17;5;0I;0I;0H;63;7;50;37;26;52;43;5;18;18;17;219;7;81;68;57;83;74;36;49;49;48;250;38;W01;W02;W03;W04;W05;;W08,W10;W08,W10;W06,W07,W09;;;;;;
546;2M0I1M181A170H0H0I0H0I6642564S4U4R41424341420--0I1M181A17060I0H0I63080;1YKMJ00101;125;0I1M181A17060I0H0I63080;23;11;0;6;5;1;Y;K;M;J;0;0;1;0;1;49;89;75;77;74;48;48;49;48;49;18;58;44;46;43;17;17;18;17;18;0I;1M;18;1A;17;6;0I;0H;0I;63;8;18;58;44;46;43;6;18;17;18;219;8;49;89;75;77;74;37;49;48;49;250;39;W01,W08,W10;W02;W03;W04;W05;;W01,W08,W10;W06,W07,W09;W01,W08,W10;;;;;;
547;2M1H0Z0Q1G170H0H0I0H0I66514J4A504R41424341420--1H0Z0Q1G17060I0H0I63080;TB9SJ00101;125;1H0Z0Q1G17060I0H0I63080;23;11;0;6;5;T;B;9;S;J;0;0;1;0;1;84;66;57;83;74;48;48;49;48;49;53;35;26;52;43;17;17;18;17;18;1H;0Z;0Q;1G;17;6;0I;0H;0I;63;8;53;35;26;52;43;6;18;17;18;219;8;84;66;57;83;74;37;49;48;49;250;39;W01;W02;W03;W04;W05;;W08,W10;W06,W07,W09;W08,W10;;;;;;
548;2M1J121I140M0H0H0I0H0I66534M524O4641424341420--1J121I140M060I0H0I63080;VEUG500101;125;1J121I140M060I0H0I63080;23;11;0;6;5;V;E;U;G;5;0;0;1;0;1;86;69;85;71;53;48;48;49;48;49;55;38;54;40;22;17;17;18;17;18;1J;12;1I;14;0M;6;0I;0H;0I;63;8;55;38;54;40;22;6;18;17;18;219;8;86;69;85;71;53;37;49;48;49;250;39;W01;W02;W03;W04;W05;;W08,W10;W06,W07,W09;W08,W10;;;;;;
549;2N0I181D1K170H0H0I0H0I68434T4Y554S42434442430--0I181D1K17070I0I0H63090;1KPWJ00101;126;0I181D1K17070I0I0H63090;23;11;0;6;5;1;K;P;W;J;0;0;1;0;1;49;75;80;87;74;48;48;49;48;49;18;44;49;56;43;17;17;18;17;18;0I;18;1D;1K;17;7;0I;0I;0H;63;9;18;44;49;56;43;7;18;18;17;219;9;49;75;80;87;74;38;49;49;48;250;40;W01,W08,W10;W02;W03;W04;W05;;W01,W08,W10;W01,W08,W10;W06,W07,W09;;;;;;
550;2N190Z0Y1H170H0H0I0H0I684U4K4J524S42434442430--190Z0Y1H17070I0I0H63090;LBATJ00101;126;190Z0Y1H17070I0I0H63090;23;11;0;6;5;L;B;A;T;J;0;0;1;0;1;76;66;65;84;74;48;48;49;48;49;45;35;34;53;43;17;17;18;17;18;19;0Z;0Y;1H;17;7;0I;0I;0H;63;9;45;35;34;53;43;7;18;18;17;219;9;76;66;65;84;74;38;49;49;48;250;40;W01;W02;W03;W04;W05;;W08,W10;W08,W10;W06,W07,W09;;;;;;
551;2N1B0N1F1A170H0H0I0H0I684W48504V4S42434442430--1B0N1F1A17070I0I0H63090;N6RMJ00101;126;1B0N1F1A17070I0I0H63090;23;11;0;6;5;N;6;R;M;J;0;0;1;0;1;78;54;82;77;74;48;48;49;48;49;47;23;51;46;43;17;17;18;17;18;1B;0N;1F;1A;17;7;0I;0I;0H;63;9;47;23;51;46;43;7;18;18;17;219;9;78;54;82;77;74;38;49;49;48;250;40;W01;W02;W03;W04;W05;;W08,W10;W08,W10;W06,W07,W09;;;;;;
552;2N1H100Q1G170H0H0I0H0I68524L4B514S42434442430--1H100Q1G17070I0I0H63090;TC9SJ00101;126;1H100Q1G17070I0I0H63090;23;11;0;6;5;T;C;9;S;J;0;0;1;0;1;84;67;57;83;74;48;48;49;48;49;53;36;26;52;43;17;17;18;17;18;1H;10;0Q;1G;17;7;0I;0I;0H;63;9;53;36;26;52;43;7;18;18;17;219;9;84;67;57;83;74;38;49;49;48;250;40;W01;W02;W03;W04;W05;;W08,W10;W08,W10;W06,W07,W09;;;;;;
553;2O0J1B1E1G170H0H0I0H0I5F454X50524T43444543440--0J1B1E1G17080I0H0I630A0;2NQSJ00101;127;0J1B1E1G17080I0H0I630A0;23;11;0;6;5;2;N;Q;S;J;0;0;1;0;1;50;78;81;83;74;48;48;49;48;49;19;47;50;52;43;17;17;18;17;18;0J;1B;1E;1G;17;8;0I;0H;0I;63;0A;19;47;50;52;43;8;18;17;18;219;10;50;78;81;83;74;39;49;48;49;250;41;W01;W02;W03;W04;W05;;W08,W10;W06,W07,W09;W08,W10;;;;;;
554;2O0J1N181A170H0H0I0H0I5F45594U4W4T43444543440--0J1N181A17080I0H0I630A0;2ZKMJ00101;127;0J1N181A17080I0H0I630A0;23;11;0;6;5;2;Z;K;M;J;0;0;1;0;1;50;90;75;77;74;48;48;49;48;49;19;59;44;46;43;17;17;18;17;18;0J;1N;18;1A;17;8;0I;0H;0I;63;0A;19;59;44;46;43;8;18;17;18;219;10;50;90;75;77;74;39;49;48;49;250;41;W01;W02;W03;W04;W05;;W08,W10;W06,W07,W09;W08,W10;;;;;;
555;2O0M1M101G170H0H0I0H0I5F48584M524T43444543440--0M1M101G17080I0H0I630A0;5YCSJ00101;127;0M1M101G17080I0H0I630A0;23;11;0;6;5;5;Y;C;S;J;0;0;1;0;1;53;89;67;83;74;48;48;49;48;49;22;58;36;52;43;17;17;18;17;18;0M;1M;10;1G;17;8;0I;0H;0I;63;0A;22;58;36;52;43;8;18;17;18;219;10;53;89;67;83;74;39;49;48;49;250;41;W01;W02;W03;W04;W05;;W08,W10;W06,W07,W09;W08,W10;;;;;;
556;2O1D140P1I170H0H0I0H0I5F4Z4Q4B544T43444543440--1D140P1I17080I0H0I630A0;PG8UJ00101;127;1D140P1I17080I0H0I630A0;23;11;0;6;5;P;G;8;U;J;0;0;1;0;1;80;71;56;85;74;48;48;49;48;49;49;40;25;54;43;17;17;18;17;18;1D;14;0P;1I;17;8;0I;0H;0I;63;0A;49;40;25;54;43;8;18;17;18;219;10;80;71;56;85;74;39;49;48;49;250;41;W01;W02;W03;W04;W05;;W08,W10;W06,W07,W09;W08,W10;;;;;;
557;2O1E0J161L170H0H0I0H0I5F50454S574T43444543440--1E0J161L17080I0H0I630A0;Q2IXJ00101;127;1E0J161L17080I0H0I630A0;23;11;0;6;5;Q;2;I;X;J;0;0;1;0;1;81;50;73;88;74;48;48;49;48;49;50;19;42;57;43;17;17;18;17;18;1E;0J;16;1L;17;8;0I;0H;0I;63;0A;50;19;42;57;43;8;18;17;18;219;10;81;50;73;88;74;39;49;48;49;250;41;W01;W02;W03;W04;W05;;W08,W10;W06,W07,W09;W08,W10;;;;;;
558;2O1G1B0O19170H0H0I0H0I5F524X4A4V4T43444543440--1G1B0O1917080I0H0I630A0;SN7LJ00101;127;1G1B0O1917080I0H0I630A0;23;11;0;6;5;S;N;7;L;J;0;0;1;0;1;83;78;55;76;74;48;48;49;48;49;52;47;24;45;43;17;17;18;17;18;1G;1B;0O;19;17;8;0I;0H;0I;63;0A;52;47;24;45;43;8;18;17;18;219;10;83;78;55;76;74;39;49;48;49;250;41;W01;W02;W03;W04;W05;;W08,W10;W06,W07,W09;W08,W10;;;;;;
559;2P0H1H1F1C170H0H0I0H0I5H4454524Z4U44454644450--0H1H1F1C17090I0I0H630B0;0TROJ00101;128;0H1H1F1C17090I0I0H630B0;23;11;0;1;0;0;T;R;O;J;0;0;1;0;1;48;84;82;79;74;48;48;49;48;49;17;53;51;48;43;17;17;18;17;18;0H;1H;1F;1C;17;9;0I;0I;0H;63;0B;17;53;51;48;43;9;18;18;17;219;11;48;84;82;79;74;40;49;49;48;250;42;W01,W06,W07,W09;W02;W03;W04;W05;;W08,W10;W08,W10;W01,W06,W07,W09;;;;;;
560;2P0K181D1K170H0H0I0H0I5H474V50574U44454644450--0K181D1K17090I0I0H630B0;3KPWJ00101;128;0K181D1K17090I0I0H630B0;23;11;0;6;5;3;K;P;W;J;0;0;1;0;1;51;75;80;87;74;48;48;49;48;49;20;44;49;56;43;17;17;18;17;18;0K;18;1D;1K;17;9;0I;0I;0H;63;0B;20;44;49;56;43;9;18;18;17;219;11;51;75;80;87;74;40;49;49;48;250;42;W01;W02;W03;W04;W05;;W08,W10;W08,W10;W06,W07,W09;;;;;;
561;2P17180Z1B170H0H0I0H0I5H4U4V4M4Y4U44454644450--17180Z1B17090I0I0H630B0;JKBNJ00101;128;17180Z1B17090I0I0H630B0;23;11;0;6;5;J;K;B;N;J;0;0;1;0;1;74;75;66;78;74;48;48;49;48;49;43;44;35;47;43;17;17;18;17;18;17;18;0Z;1B;17;9;0I;0I;0H;63;0B;43;44;35;47;43;9;18;18;17;219;11;74;75;66;78;74;40;49;49;48;250;42;W01,W05;W02;W03;W04;W01,W05;;W08,W10;W08,W10;W06,W07,W09;;;;;;
562;2P18160P1M170H0H0I0H0I5H4V4T4C594U44454644450--18160P1M17090I0I0H630B0;KI8YJ00101;128;18160P1M17090I0I0H630B0;23;11;0;6;5;K;I;8;Y;J;0;0;1;0;1;75;73;56;89;74;48;48;49;48;49;44;42;25;58;43;17;17;18;17;18;18;16;0P;1M;17;9;0I;0I;0H;63;0B;44;42;25;58;43;9;18;18;17;219;11;75;73;56;89;74;40;49;49;48;250;42;W01;W02;W03;W04;W05;;W08,W10;W08,W10;W06,W07,W09;;;;;;
563;2P1E140P1I170H0H0I0H0I5H514R4C554U44454644450--1E140P1I17090I0I0H630B0;QG8UJ00101;128;1E140P1I17090I0I0H630B0;23;11;0;6;5;Q;G;8;U;J;0;0;1;0;1;81;71;56;85;74;48;48;49;48;49;50;40;25;54;43;17;17;18;17;18;1E;14;0P;1I;17;9;0I;0I;0H;63;0B;50;40;25;54;43;9;18;18;17;219;11;81;71;56;85;74;40;49;49;48;250;42;W01;W02;W03;W04;W05;;W08,W10;W08,W10;W06,W07,W09;;;;;;
564;2P1H0Z1019170H0H0I0H0I5H544M4N4W4U44454644450--1H0Z101917090I0I0H630B0;TBCLJ00101;128;1H0Z101917090I0I0H630B0;23;11;0;6;5;T;B;C;L;J;0;0;1;0;1;84;66;67;76;74;48;48;49;48;49;53;35;36;45;43;17;17;18;17;18;1H;0Z;10;19;17;9;0I;0I;0H;63;0B;53;35;36;45;43;9;18;18;17;219;11;84;66;67;76;74;40;49;49;48;250;42;W01;W02;W03;W04;W05;;W08,W10;W08,W10;W06,W07,W09;;;;;;
565;2Q0I1E1E1G170H0H0I0H0I5J465253544V45464745460--0I1E1E1G170A0I0H0I630C0;1QQSJ00101;129;0I1E1E1G170A0I0H0I630C0;23;11;0;6;5;1;Q;Q;S;J;0;0;1;0;1;49;81;81;83;74;48;48;49;48;49;18;50;50;52;43;17;17;18;17;18;0I;1E;1E;1G;17;0A;0I;0H;0I;63;0C;18;50;50;52;43;10;18;17;18;219;12;49;81;81;83;74;41;49;48;49;250;43;W01,W08,W10;W02,W03;W02,W03;W04;W05;;W01,W08,W10;W06,W07,W09;W01,W08,W10;;;;;;
566;2Q0J1H1E1C170H0H0I0H0I5J475552504V45464745460--0J1H1E1C170A0I0H0I630C0;2TQOJ00101;129;0J1H1E1C170A0I0H0I630C0;23;11;0;6;5;2;T;Q;O;J;0;0;1;0;1;50;84;81;79;74;48;48;49;48;49;19;53;50;48;43;17;17;18;17;18;0J;1H;1E;1C;17;0A;0I;0H;0I;63;0C;19;53;50;48;43;10;18;17;18;219;12;50;84;81;79;74;41;49;48;49;250;43;W01;W02;W03;W04;W05;;W08,W10;W06,W07,W09;W08,W10;;;;;;
567;2Q0L1N181A170H0H0I0H0I5J495B4W4Y4V45464745460--0L1N181A170A0I0H0I630C0;4ZKMJ00101;129;0L1N181A170A0I0H0I630C0;23;11;0;6;5;4;Z;K;M;J;0;0;1;0;1;52;90;75;77;74;48;48;49;48;49;21;59;44;46;43;17;17;18;17;18;0L;1N;18;1A;17;0A;0I;0H;0I;63;0C;21;59;44;46;43;10;18;17;18;219;12;52;90;75;77;74;41;49;48;49;250;43;W01;W02;W03;W04;W05;;W08,W10;W06,W07,W09;W08,W10;;;;;;
568;2Q0O1M111F170H0H0I0H0I5J4C5A4P534V45464745460--0O1M111F170A0I0H0I630C0;7YDRJ00101;129;0O1M111F170A0I0H0I630C0;23;11;0;6;5;7;Y;D;R;J;0;0;1;0;1;55;89;68;82;74;48;48;49;48;49;24;58;37;51;43;17;17;18;17;18;0O;1M;11;1F;17;0A;0I;0H;0I;63;0C;24;58;37;51;43;10;18;17;18;219;12;55;89;68;82;74;41;49;48;49;250;43;W01;W02;W03;W04;W05;;W08,W10;W06,W07,W09;W08,W10;;;;;;
569;2Q19160P1M170H0H0I0H0I5J4X4U4D5A4V45464745460--19160P1M170A0I0H0I630C0;LI8YJ00101;129;19160P1M170A0I0H0I630C0;23;11;0;6;5;L;I;8;Y;J;0;0;1;0;1;76;73;56;89;74;48;48;49;48;49;45;42;25;58;43;17;17;18;17;18;19;16;0P;1M;17;0A;0I;0H;0I;63;0C;45;42;25;58;43;10;18;17;18;219;12;76;73;56;89;74;41;49;48;49;250;43;W01;W02;W03;W04;W05;;W08,W10;W06,W07,W09;W08,W10;;;;;;
570;2Q1F140P1I170H0H0I0H0I5J534S4D564V45464745460--1F140P1I170A0I0H0I630C0;RG8UJ00101;129;1F140P1I170A0I0H0I630C0;23;11;0;6;5;R;G;8;U;J;0;0;1;0;1;82;71;56;85;74;48;48;49;48;49;51;40;25;54;43;17;17;18;17;18;1F;14;0P;1I;17;0A;0I;0H;0I;63;0C;51;40;25;54;43;10;18;17;18;219;12;82;71;56;85;74;41;49;48;49;250;43;W01;W02;W03;W04;W05;;W08,W10;W06,W07,W09;W08,W10;;;;;;
571;2Q1L0Q0Y1H170H0H0I0H0I5J594E4M554V45464745460--1L0Q0Y1H170A0I0H0I630C0;X9ATJ00101;129;1L0Q0Y1H170A0I0H0I630C0;23;11;0;6;5;X;9;A;T;J;0;0;1;0;1;88;57;65;84;74;48;48;49;48;49;57;26;34;53;43;17;17;18;17;18;1L;0Q;0Y;1H;17;0A;0I;0H;0I;63;0C;57;26;34;53;43;10;18;17;18;219;12;88;57;65;84;74;41;49;48;49;250;43;W01;W02;W03;W04;W05;;W08,W10;W06,W07,W09;W08,W10;;;;;;
572;2R0P1M111F170H0H0I0H0I5L4E5B4Q544W46474846470--0P1M111F170B0I0I0H630D0;8YDRJ00101;130;0P1M111F170B0I0I0H630D0;23;11;0;6;5;8;Y;D;R;J;0;0;1;0;1;56;89;68;82;74;48;48;49;48;49;25;58;37;51;43;17;17;18;17;18;0P;1M;11;1F;17;0B;0I;0I;0H;63;0D;25;58;37;51;43;11;18;18;17;219;13;56;89;68;82;74;42;49;49;48;250;44;W01;W02;W03;W04;W05;;W08,W10;W08,W10;W06,W07,W09;;;;;;
573;2R180M1E1J170H0H0I0H0I5L4X4B53584W46474846470--180M1E1J170B0I0I0H630D0;K5QVJ00101;130;180M1E1J170B0I0I0H630D0;23;11;0;6;5;K;5;Q;V;J;0;0;1;0;1;75;53;81;86;74;48;48;49;48;49;44;22;50;55;43;17;17;18;17;18;18;0M;1E;1J;17;0B;0I;0I;0H;63;0D;44;22;50;55;43;11;18;18;17;219;13;75;53;81;86;74;42;49;49;48;250;44;W01;W02;W03;W04;W05;;W08,W10;W08,W10;W06,W07,W09;;;;;;
574;2R1A0N1K1A170H0H0I0H0I5L4Z4C594Z4W46474846470--1A0N1K1A170B0I0I0H630D0;M6WMJ00101;130;1A0N1K1A170B0I0I0H630D0;23;11;0;6;5;M;6;W;M;J;0;0;1;0;1;77;54;87;77;74;48;48;49;48;49;46;23;56;46;43;17;17;18;17;18;1A;0N;1K;1A;17;0B;0I;0I;0H;63;0D;46;23;56;46;43;11;18;18;17;219;13;77;54;87;77;74;42;49;49;48;250;44;W01,W04;W02;W03;W01,W04;W05;;W08,W10;W08,W10;W06,W07,W09;;;;;;
575;2R1G140P1I170H0H0I0H0I5L554T4E574W46474846470--1G140P1I170B0I0I0H630D0;SG8UJ00101;130;1G140P1I170B0I0I0H630D0;23;11;0;6;5;S;G;8;U;J;0;0;1;0;1;83;71;56;85;74;48;48;49;48;49;52;40;25;54;43;17;17;18;17;18;1G;14;0P;1I;17;0B;0I;0I;0H;63;0D;52;40;25;54;43;11;18;18;17;219;13;83;71;56;85;74;42;49;49;48;250;44;W01;W02;W03;W04;W05;;W08,W10;W08,W10;W06,W07,W09;;;;;;
576;2R1N0N121F170H0H0I0H0I5L5C4C4R544W46474846470--1N0N121F170B0I0I0H630D0;Z6ERJ00101;130;1N0N121F170B0I0I0H630D0;23;11;0;6;5;Z;6;E;R;J;0;0;1;0;1;90;54;69;82;74;48;48;49;48;49;59;23;38;51;43;17;17;18;17;18;1N;0N;12;1F;17;0B;0I;0I;0H;63;0D;59;23;38;51;43;11;18;18;17;219;13;90;54;69;82;74;42;49;49;48;250;44;W01;W02;W03;W04;W05;;W08,W10;W08,W10;W06,W07,W09;;;;;;
