SourceRow;WorkerID;Prefix_ASC;W01;W02;W03;W04;W05;W06;W07;W08;W09;W10;W01_B36;W02_B36;W03_B36;W04_B36;W05_B36;W06_B36;W07_B36;W08_B36;W09_B36;W10_B36;W01_ASC;W02_ASC;W03_ASC;W04_ASC;W05_ASC;W06_ASC;W07_ASC;W08_ASC;W09_ASC;W10_ASC;A01;A02;A03;A04;A05;A06;A07;A08;A09;A10;A11;A01_B36;A02_B36;A03_B36;A04_B36;A05_B36;A06_B36;A07_B36;A08_B36;A09_B36;A10_B36;A11_B36;C01;C02;C03;C04;C05;C06;C07;C08;C09;C10;C11;C01_B36;C02_B36;C03_B36;C04_B36;C05_B36;C06_B36;C07_B36;C08_B36;C09_B36;C10_B36;C11_B36;D01;D02;D03;D04;D05;D06;D07;D08;D09;D10;D11;K01_ASC;K02_ASC;K03_ASC;K04_ASC;K05_ASC;K06_ASC;K07_ASC;K08_ASC;K09_ASC;K10_ASC;K11_ASC;PREV01_ASC;PREV02_ASC;PREV03_ASC;PREV04_ASC;PREV05_ASC;PREV06_ASC;PREV07_ASC;PREV08_ASC;PREV09_ASC;PREV10_ASC;PREV11_ASC;CUM01;CUM02;CUM03;CUM04;CUM05;CUM06;CUM07;CUM08;CUM09;CUM10;CUM11
2;19D0000101;31;1;9;D;0;0;0;0;1;0;1;1;9;13;0;0;0;0;1;0;1;49;57;68;48;48;48;48;49;48;49;0Y;1G;1O;1Z;1F;1G;1F;1G;1H;1F;1G;34;52;60;71;51;52;51;52;53;51;52;0Y;1G;1O;1Z;1F;1F;1F;1F;1G;1F;1G;34;52;60;71;51;51;51;51;52;51;52;0;0;0;0;0;1;0;1;1;0;0;31;49;57;68;48;48;48;48;49;48;49;;31;49;57;68;48;48;48;48;49;48;31;80;137;205;253;301;349;397;446;494;543
3;1D90000101;31;1;D;9;0;0;0;0;1;0;1;1;13;9;0;0;0;0;1;0;1;49;68;57;48;48;48;48;49;48;49;0Y;1G;1Z;1O;1F;1G;1F;1G;1H;1F;1G;34;52;71;60;51;52;51;52;53;51;52;0Y;1G;1Z;1O;1F;1F;1F;1F;1G;1F;1G;34;52;71;60;51;51;51;51;52;51;52;0;0;0;0;0;1;0;1;1;0;0;31;49;68;57;48;48;48;48;49;48;49;;31;49;68;57;48;48;48;48;49;48;31;80;148;205;253;301;349;397;446;494;543
4;1F70000101;31;1;F;7;0;0;0;0;1;0;1;1;15;7;0;0;0;0;1;0;1;49;70;55;48;48;48;48;49;48;49;0Y;1G;21;1M;1F;1G;1F;1G;1H;1F;1G;34;52;73;58;51;52;51;52;53;51;52;0Y;1G;21;1M;1F;1F;1F;1F;1G;1F;1G;34;52;73;58;51;51;51;51;52;51;52;0;0;0;0;0;1;0;1;1;0;0;31;49;70;55;48;48;48;48;49;48;49;;31;49;70;55;48;48;48;48;49;48;31;80;150;205;253;301;349;397;446;494;543
5;1G60000101;31;1;G;6;0;0;0;0;1;0;1;1;16;6;0;0;0;0;1;0;1;49;71;54;48;48;48;48;49;48;49;0Y;1G;22;1L;1F;1G;1F;1G;1H;1F;1G;34;52;74;57;51;52;51;52;53;51;52;0Y;1G;22;1L;1F;1F;1F;1F;1G;1F;1G;34;52;74;57;51;51;51;51;52;51;52;0;0;0;0;0;1;0;1;1;0;0;31;49;71;54;48;48;48;48;49;48;49;;31;49;71;54;48;48;48;48;49;48;31;80;151;205;253;301;349;397;446;494;543
6;2F60000101;31;2;F;6;0;0;0;0;1;0;1;2;15;6;0;0;0;0;1;0;1;50;70;54;48;48;48;48;49;48;49;0Y;1H;21;1L;1F;1G;1F;1G;1H;1F;1G;34;53;73;57;51;52;51;52;53;51;52;0Y;1H;21;1L;1F;1F;1F;1F;1G;1F;1G;34;53;73;57;51;51;51;51;52;51;52;0;0;0;0;0;1;0;1;1;0;0;31;50;70;54;48;48;48;48;49;48;49;;31;50;70;54;48;48;48;48;49;48;31;81;151;205;253;301;349;397;446;494;543
7;3J10000101;31;3;J;1;0;0;0;0;1;0;1;3;19;1;0;0;0;0;1;0;1;51;74;49;48;48;48;48;49;48;49;0Y;1I;25;1G;1F;1G;1F;1G;1H;1F;1G;34;54;77;52;51;52;51;52;53;51;52;0Y;1I;25;1G;1F;1F;1F;1F;1G;1F;1G;34;54;77;52;51;51;51;51;52;51;52;0;0;0;0;0;1;0;1;1;0;0;31;51;74;49;48;48;48;48;49;48;49;;31;51;74;49;48;48;48;48;49;48;31;82;156;205;253;301;349;397;446;494;543
8;4D60000101;31;4;D;6;0;0;0;0;1;0;1;4;13;6;0;0;0;0;1;0;1;52;68;54;48;48;48;48;49;48;49;0Y;1J;1Z;1L;1F;1G;1F;1G;1H;1F;1G;34;55;71;57;51;52;51;52;53;51;52;0Y;1J;1Z;1L;1F;1F;1F;1F;1G;1F;1G;34;55;71;57;51;51;51;51;52;51;52;0;0;0;0;0;1;0;1;1;0;0;31;52;68;54;48;48;48;48;49;48;49;;31;52;68;54;48;48;48;48;49;48;31;83;151;205;253;301;349;397;446;494;543
9;5RROJ00101;31;5;R;R;O;J;0;0;1;0;1;5;27;27;24;19;0;0;1;0;1;53;82;82;79;74;48;48;49;48;49;0Y;1K;2D;2E;2A;25;1F;1G;1H;1F;1G;34;56;85;86;82;77;51;52;53;51;52;0Y;1K;2D;2D;2A;25;1F;1F;1G;1F;1G;34;56;85;85;82;77;51;51;52;51;52;0;0;0;1;0;0;0;1;1;0;0;31;53;82;82;79;74;48;48;49;48;49;;31;53;82;82;79;74;48;48;49;48;31;84;166;248;327;401;449;497;546;594;643
10;F800000101;31;F;8;0;0;0;0;0;1;0;1;15;8;0;0;0;0;0;1;0;1;70;56;48;48;48;48;48;49;48;49;0Y;21;1N;1F;1G;1F;1G;1F;1G;1F;1G;34;73;59;51;52;51;52;51;52;51;52;0Y;21;1N;1F;1F;1F;1F;1F;1G;1F;1G;34;73;59;51;51;51;51;51;52;51;52;0;0;0;0;1;0;1;0;0;0;0;31;70;56;48;48;48;48;48;49;48;49;;31;70;56;48;48;48;48;48;49;48;31;101;157;205;253;301;349;397;446;494;543
11;G700000101;31;G;7;0;0;0;0;0;1;0;1;16;7;0;0;0;0;0;1;0;1;71;55;48;48;48;48;48;49;48;49;0Y;22;1M;1F;1G;1F;1G;1F;1G;1F;1G;34;74;58;51;52;51;52;51;52;51;52;0Y;22;1M;1F;1F;1F;1F;1F;1G;1F;1G;34;74;58;51;51;51;51;51;52;51;52;0;0;0;0;1;0;1;0;0;0;0;31;71;55;48;48;48;48;48;49;48;49;;31;71;55;48;48;48;48;48;49;48;31;102;157;205;253;301;349;397;446;494;543
12;M100000101;31;M;1;0;0;0;0;0;1;0;1;22;1;0;0;0;0;0;1;0;1;77;49;48;48;48;48;48;49;48;49;0Y;28;1G;1F;1G;1F;1G;1F;1G;1F;1G;34;80;52;51;52;51;52;51;52;51;52;0Y;28;1G;1F;1F;1F;1F;1F;1G;1F;1G;34;80;52;51;51;51;51;51;52;51;52;0;0;0;0;1;0;1;0;0;0;0;31;77;49;48;48;48;48;48;49;48;49;;31;77;49;48;48;48;48;48;49;48;31;108;157;205;253;301;349;397;446;494;543
13;VJ5SJ00101;31;V;J;5;S;J;0;0;1;0;1;31;19;5;28;19;0;0;1;0;1;86;74;53;83;74;48;48;49;48;49;0Y;2H;25;1K;2E;25;1F;1G;1H;1F;1G;34;89;77;56;86;77;51;52;53;51;52;0Y;2H;25;1K;2E;25;1F;1F;1G;1F;1G;34;89;77;56;86;77;51;51;52;51;52;0;0;0;0;0;0;0;1;1;0;0;31;86;74;53;83;74;48;48;49;48;49;;31;86;74;53;83;74;48;48;49;48;31;117;191;244;327;401;449;497;546;594;643
14;1E90000101;32;1;E;9;0;0;0;0;1;0;1;1;14;9;0;0;0;0;1;0;1;49;69;57;48;48;48;48;49;48;49;10;1H;21;1P;1G;1H;1G;1H;1I;1G;1H;36;53;73;61;52;53;52;53;54;52;53;10;1H;21;1P;1G;1G;1G;1G;1H;1G;1H;36;53;73;61;52;52;52;52;53;52;53;0;0;0;0;0;1;0;1;1;0;0;32;49;69;57;48;48;48;48;49;48;49;;32;49;69;57;48;48;48;48;49;48;32;81;150;207;255;303;351;399;448;496;545
15;1L20000101;32;1;L;2;0;0;0;0;1;0;1;1;21;2;0;0;0;0;1;0;1;49;76;50;48;48;48;48;49;48;49;10;1H;28;1I;1G;1H;1G;1H;1I;1G;1H;36;53;80;54;52;53;52;53;54;52;53;10;1H;28;1I;1G;1G;1G;1G;1H;1G;1H;36;53;80;54;52;52;52;52;53;52;53;0;0;0;0;0;1;0;1;1;0;0;32;49;76;50;48;48;48;48;49;48;49;;32;49;76;50;48;48;48;48;49;48;32;81;157;207;255;303;351;399;448;496;545
16;2H50000101;32;2;H;5;0;0;0;0;1;0;1;2;17;5;0;0;0;0;1;0;1;50;72;53;48;48;48;48;49;48;49;10;1I;24;1L;1G;1H;1G;1H;1I;1G;1H;36;54;76;57;52;53;52;53;54;52;53;10;1I;24;1L;1G;1G;1G;1G;1H;1G;1H;36;54;76;57;52;52;52;52;53;52;53;0;0;0;0;0;1;0;1;1;0;0;32;50;72;53;48;48;48;48;49;48;49;;32;50;72;53;48;48;48;48;49;48;32;82;154;207;255;303;351;399;448;496;545
17;38D0000101;32;3;8;D;0;0;0;0;1;0;1;3;8;13;0;0;0;0;1;0;1;51;56;68;48;48;48;48;49;48;49;10;1J;1O;20;1G;1H;1G;1H;1I;1G;1H;36;55;60;72;52;53;52;53;54;52;53;10;1J;1O;20;1G;1G;1G;1G;1H;1G;1H;36;55;60;72;52;52;52;52;53;52;53;0;0;0;0;0;1;0;1;1;0;0;32;51;56;68;48;48;48;48;49;48;49;;32;51;56;68;48;48;48;48;49;48;32;83;139;207;255;303;351;399;448;496;545
18;3F60000101;32;3;F;6;0;0;0;0;1;0;1;3;15;6;0;0;0;0;1;0;1;51;70;54;48;48;48;48;49;48;49;10;1J;22;1M;1G;1H;1G;1H;1I;1G;1H;36;55;74;58;52;53;52;53;54;52;53;10;1J;22;1M;1G;1G;1G;1G;1H;1G;1H;36;55;74;58;52;52;52;52;53;52;53;0;0;0;0;0;1;0;1;1;0;0;32;51;70;54;48;48;48;48;49;48;49;;32;51;70;54;48;48;48;48;49;48;32;83;153;207;255;303;351;399;448;496;545
19;4J10000101;32;4;J;1;0;0;0;0;1;0;1;4;19;1;0;0;0;0;1;0;1;52;74;49;48;48;48;48;49;48;49;10;1K;26;1H;1G;1H;1G;1H;1I;1G;1H;36;56;78;53;52;53;52;53;54;52;53;10;1K;26;1H;1G;1G;1G;1G;1H;1G;1H;36;56;78;53;52;52;52;52;53;52;53;0;0;0;0;0;1;0;1;1;0;0;32;52;74;49;48;48;48;48;49;48;49;;32;52;74;49;48;48;48;48;49;48;32;84;158;207;255;303;351;399;448;496;545
20;FBPQJ00101;32;F;B;P;Q;J;0;0;1;0;1;15;11;25;26;19;0;0;1;0;1;70;66;80;81;74;48;48;49;48;49;10;22;1Y;2C;2D;26;1G;1H;1I;1G;1H;36;74;70;84;85;78;52;53;54;52;53;10;22;1Y;2C;2D;26;1G;1G;1H;1G;1H;36;74;70;84;85;78;52;52;53;52;53;0;0;0;0;0;0;0;1;1;0;0;32;70;66;80;81;74;48;48;49;48;49;;32;70;66;80;81;74;48;48;49;48;32;102;168;248;329;403;451;499;548;596;645
21;H700000101;32;H;7;0;0;0;0;0;1;0;1;17;7;0;0;0;0;0;1;0;1;72;55;48;48;48;48;48;49;48;49;10;24;1N;1G;1H;1G;1H;1G;1H;1G;1H;36;76;59;52;53;52;53;52;53;52;53;10;24;1N;1G;1G;1G;1G;1G;1H;1G;1H;36;76;59;52;52;52;52;52;53;52;53;0;0;0;0;1;0;1;0;0;0;0;32;72;55;48;48;48;48;48;49;48;49;;32;72;55;48;48;48;48;48;49;48;32;104;159;207;255;303;351;399;448;496;545
22;IKJKJ00101;32;I;K;J;K;J;0;0;1;0;1;18;20;19;20;19;0;0;1;0;1;73;75;74;75;74;48;48;49;48;49;10;25;27;26;27;26;1G;1H;1I;1G;1H;36;77;79;78;79;78;52;53;54;52;53;10;25;27;26;27;26;1G;1G;1H;1G;1H;36;77;79;78;79;78;52;52;53;52;53;0;0;0;0;0;0;0;1;1;0;0;32;73;75;74;75;74;48;48;49;48;49;;32;73;75;74;75;74;48;48;49;48;32;105;180;254;329;403;451;499;548;596;645
23;N100000101;32;N;1;0;0;0;0;0;1;0;1;23;1;0;0;0;0;0;1;0;1;78;49;48;48;48;48;48;49;48;49;10;2A;1H;1G;1H;1G;1H;1G;1H;1G;1H;36;82;53;52;53;52;53;52;53;52;53;10;2A;1H;1G;1G;1G;1G;1G;1H;1G;1H;36;82;53;52;52;52;52;52;53;52;53;0;0;0;0;1;0;1;0;0;0;0;32;78;49;48;48;48;48;48;49;48;49;;32;78;49;48;48;48;48;48;49;48;32;110;159;207;255;303;351;399;448;496;545
24;U5KTJ00101;32;U;5;K;T;J;0;0;1;0;1;30;5;20;29;19;0;0;1;0;1;85;53;75;84;74;48;48;49;48;49;10;2H;1L;27;2G;26;1G;1H;1I;1G;1H;36;89;57;79;88;78;52;53;54;52;53;10;2H;1L;27;2G;26;1G;1G;1H;1G;1H;36;89;57;79;88;78;52;52;53;52;53;0;0;0;0;0;0;0;1;1;0;0;32;85;53;75;84;74;48;48;49;48;49;;32;85;53;75;84;74;48;48;49;48;32;117;170;245;329;403;451;499;548;596;645
25;YO0QJ00101;32;Y;O;0;Q;J;0;0;1;0;1;34;24;0;26;19;0;0;1;0;1;89;79;48;81;74;48;48;49;48;49;10;2L;2B;1G;2D;26;1G;1H;1I;1G;1H;36;93;83;52;85;78;52;53;54;52;53;10;2L;2B;1G;2D;26;1G;1G;1H;1G;1H;36;93;83;52;85;78;52;52;53;52;53;0;0;0;0;0;0;0;1;1;0;0;32;89;79;48;81;74;48;48;49;48;49;;32;89;79;48;81;74;48;48;49;48;32;121;200;248;329;403;451;499;548;596;645
26;1G80000101;33;1;G;8;0;0;0;0;1;0;1;1;16;8;0;0;0;0;1;0;1;49;71;56;48;48;48;48;49;48;49;12;1I;24;1P;1H;1I;1H;1I;1J;1H;1I;38;54;76;61;53;54;53;54;55;53;54;12;1I;24;1P;1H;1H;1H;1H;1I;1H;1I;38;54;76;61;53;53;53;53;54;53;54;0;0;0;0;0;1;0;1;1;0;0;33;49;71;56;48;48;48;48;49;48;49;;33;49;71;56;48;48;48;48;49;48;33;82;153;209;257;305;353;401;450;498;547
27;1H70000101;33;1;H;7;0;0;0;0;1;0;1;1;17;7;0;0;0;0;1;0;1;49;72;55;48;48;48;48;49;48;49;12;1I;25;1O;1H;1I;1H;1I;1J;1H;1I;38;54;77;60;53;54;53;54;55;53;54;12;1I;25;1O;1H;1H;1H;1H;1I;1H;1I;38;54;77;60;53;53;53;53;54;53;54;0;0;0;0;0;1;0;1;1;0;0;33;49;72;55;48;48;48;48;49;48;49;;33;49;72;55;48;48;48;48;49;48;33;82;154;209;257;305;353;401;450;498;547
28;1L30000101;33;1;L;3;0;0;0;0;1;0;1;1;21;3;0;0;0;0;1;0;1;49;76;51;48;48;48;48;49;48;49;12;1I;29;1K;1H;1I;1H;1I;1J;1H;1I;38;54;81;56;53;54;53;54;55;53;54;12;1I;29;1K;1H;1H;1H;1H;1I;1H;1I;38;54;81;56;53;53;53;53;54;53;54;0;0;0;0;0;1;0;1;1;0;0;33;49;76;51;48;48;48;48;49;48;49;;33;49;76;51;48;48;48;48;49;48;33;82;158;209;257;305;353;401;450;498;547
29;2M10000101;33;2;M;1;0;0;0;0;1;0;1;2;22;1;0;0;0;0;1;0;1;50;77;49;48;48;48;48;49;48;49;12;1J;2A;1I;1H;1I;1H;1I;1J;1H;1I;38;55;82;54;53;54;53;54;55;53;54;12;1J;2A;1I;1H;1H;1H;1H;1I;1H;1I;38;55;82;54;53;53;53;53;54;53;54;0;0;0;0;0;1;0;1;1;0;0;33;50;77;49;48;48;48;48;49;48;49;;33;50;77;49;48;48;48;48;49;48;33;83;160;209;257;305;353;401;450;498;547
30;I700000101;33;I;7;0;0;0;0;0;1;0;1;18;7;0;0;0;0;0;1;0;1;73;55;48;48;48;48;48;49;48;49;12;26;1O;1H;1I;1H;1I;1H;1I;1H;1I;38;78;60;53;54;53;54;53;54;53;54;12;26;1O;1H;1H;1H;1H;1H;1I;1H;1I;38;78;60;53;53;53;53;53;54;53;54;0;0;0;0;1;0;1;0;0;0;0;33;73;55;48;48;48;48;48;49;48;49;;33;73;55;48;48;48;48;48;49;48;33;106;161;209;257;305;353;401;450;498;547
31;KR9TJ00101;33;K;R;9;T;J;0;0;1;0;1;20;27;9;29;19;0;0;1;0;1;75;82;57;84;74;48;48;49;48;49;12;28;2F;1Q;2H;27;1H;1I;1J;1H;1I;38;80;87;62;89;79;53;54;55;53;54;12;28;2F;1Q;2H;27;1H;1H;1I;1H;1I;38;80;87;62;89;79;53;53;54;53;54;0;0;0;0;0;0;0;1;1;0;0;33;75;82;57;84;74;48;48;49;48;49;;33;75;82;57;84;74;48;48;49;48;33;108;190;247;331;405;453;501;550;598;647
32;M300000101;33;M;3;0;0;0;0;0;1;0;1;22;3;0;0;0;0;0;1;0;1;77;51;48;48;48;48;48;49;48;49;12;2A;1K;1H;1I;1H;1I;1H;1I;1H;1I;38;82;56;53;54;53;54;53;54;53;54;12;2A;1K;1H;1H;1H;1H;1H;1I;1H;1I;38;82;56;53;53;53;53;53;54;53;54;0;0;0;0;1;0;1;0;0;0;0;33;77;51;48;48;48;48;48;49;48;49;;33;77;51;48;48;48;48;48;49;48;33;110;161;209;257;305;353;401;450;498;547
33;N200000101;33;N;2;0;0;0;0;0;1;0;1;23;2;0;0;0;0;0;1;0;1;78;50;48;48;48;48;48;49;48;49;12;2B;1J;1H;1I;1H;1I;1H;1I;1H;1I;38;83;55;53;54;53;54;53;54;53;54;12;2B;1J;1H;1H;1H;1H;1H;1I;1H;1I;38;83;55;53;53;53;53;53;54;53;54;0;0;0;0;1;0;1;0;0;0;0;33;78;50;48;48;48;48;48;49;48;49;;33;78;50;48;48;48;48;48;49;48;33;111;161;209;257;305;353;401;450;498;547
34;1G90000101;34;1;G;9;0;0;0;0;1;0;1;1;16;9;0;0;0;0;1;0;1;49;71;57;48;48;48;48;49;48;49;14;1J;25;1R;1I;1J;1I;1J;1K;1I;1J;40;55;77;63;54;55;54;55;56;54;55;14;1J;25;1R;1I;1I;1I;1I;1J;1I;1J;40;55;77;63;54;54;54;54;55;54;55;0;0;0;0;0;1;0;1;1;0;0;34;49;71;57;48;48;48;48;49;48;49;;34;49;71;57;48;48;48;48;49;48;34;83;154;211;259;307;355;403;452;500;549
35;1I70000101;34;1;I;7;0;0;0;0;1;0;1;1;18;7;0;0;0;0;1;0;1;49;73;55;48;48;48;48;49;48;49;14;1J;27;1P;1I;1J;1I;1J;1K;1I;1J;40;55;79;61;54;55;54;55;56;54;55;14;1J;27;1P;1I;1I;1I;1I;1J;1I;1J;40;55;79;61;54;54;54;54;55;54;55;0;0;0;0;0;1;0;1;1;0;0;34;49;73;55;48;48;48;48;49;48;49;;34;49;73;55;48;48;48;48;49;48;34;83;156;211;259;307;355;403;452;500;549
36;2L30000101;34;2;L;3;0;0;0;0;1;0;1;2;21;3;0;0;0;0;1;0;1;50;76;51;48;48;48;48;49;48;49;14;1K;2A;1L;1I;1J;1I;1J;1K;1I;1J;40;56;82;57;54;55;54;55;56;54;55;14;1K;2A;1L;1I;1I;1I;1I;1J;1I;1J;40;56;82;57;54;54;54;54;55;54;55;0;0;0;0;0;1;0;1;1;0;0;34;50;76;51;48;48;48;48;49;48;49;;34;50;76;51;48;48;48;48;49;48;34;84;160;211;259;307;355;403;452;500;549
37;CHSMJ00101;34;C;H;S;M;J;0;0;1;0;1;12;17;28;22;19;0;0;1;0;1;67;72;83;77;74;48;48;49;48;49;14;21;26;2H;2B;28;1I;1J;1K;1I;1J;40;73;78;89;83;80;54;55;56;54;55;14;21;26;2H;2B;28;1I;1I;1J;1I;1J;40;73;78;89;83;80;54;54;55;54;55;0;0;0;0;0;0;0;1;1;0;0;34;67;72;83;77;74;48;48;49;48;49;;34;67;72;83;77;74;48;48;49;48;34;101;173;256;333;407;455;503;552;600;649
38;J700000101;34;J;7;0;0;0;0;0;1;0;1;19;7;0;0;0;0;0;1;0;1;74;55;48;48;48;48;48;49;48;49;14;28;1P;1I;1J;1I;1J;1I;1J;1I;1J;40;80;61;54;55;54;55;54;55;54;55;14;28;1P;1I;1I;1I;1I;1I;1J;1I;1J;40;80;61;54;54;54;54;54;55;54;55;0;0;0;0;1;0;1;0;0;0;0;34;74;55;48;48;48;48;48;49;48;49;;34;74;55;48;48;48;48;48;49;48;34;108;163;211;259;307;355;403;452;500;549
39;O5QVJ00101;34;O;5;Q;V;J;0;0;1;0;1;24;5;26;31;19;0;0;1;0;1;79;53;81;86;74;48;48;49;48;49;14;2D;1N;2F;2K;28;1I;1J;1K;1I;1J;40;85;59;87;92;80;54;55;56;54;55;14;2D;1N;2F;2K;28;1I;1I;1J;1I;1J;40;85;59;87;92;80;54;54;55;54;55;0;0;0;0;0;0;0;1;1;0;0;34;79;53;81;86;74;48;48;49;48;49;;34;79;53;81;86;74;48;48;49;48;34;113;166;247;333;407;455;503;552;600;649
40;1I80000101;35;1;I;8;0;0;0;0;1;0;1;1;18;8;0;0;0;0;1;0;1;49;73;56;48;48;48;48;49;48;49;16;1K;28;1R;1J;1K;1J;1K;1L;1J;1K;42;56;80;63;55;56;55;56;57;55;56;16;1K;28;1R;1J;1J;1J;1J;1K;1J;1K;42;56;80;63;55;55;55;55;56;55;56;0;0;0;0;0;1;0;1;1;0;0;35;49;73;56;48;48;48;48;49;48;49;;35;49;73;56;48;48;48;48;49;48;35;84;157;213;261;309;357;405;454;502;551
41;1J70000101;35;1;J;7;0;0;0;0;1;0;1;1;19;7;0;0;0;0;1;0;1;49;74;55;48;48;48;48;49;48;49;16;1K;29;1Q;1J;1K;1J;1K;1L;1J;1K;42;56;81;62;55;56;55;56;57;55;56;16;1K;29;1Q;1J;1J;1J;1J;1K;1J;1K;42;56;81;62;55;55;55;55;56;55;56;0;0;0;0;0;1;0;1;1;0;0;35;49;74;55;48;48;48;48;49;48;49;;35;49;74;55;48;48;48;48;49;48;35;84;158;213;261;309;357;405;454;502;551
42;1K60000101;35;1;K;6;0;0;0;0;1;0;1;1;20;6;0;0;0;0;1;0;1;49;75;54;48;48;48;48;49;48;49;16;1K;2A;1P;1J;1K;1J;1K;1L;1J;1K;42;56;82;61;55;56;55;56;57;55;56;16;1K;2A;1P;1J;1J;1J;1J;1K;1J;1K;42;56;82;61;55;55;55;55;56;55;56;0;0;0;0;0;1;0;1;1;0;0;35;49;75;54;48;48;48;48;49;48;49;;35;49;75;54;48;48;48;48;49;48;35;84;159;213;261;309;357;405;454;502;551
43;1L50000101;35;1;L;5;0;0;0;0;1;0;1;1;21;5;0;0;0;0;1;0;1;49;76;53;48;48;48;48;49;48;49;16;1K;2B;1O;1J;1K;1J;1K;1L;1J;1K;42;56;83;60;55;56;55;56;57;55;56;16;1K;2B;1O;1J;1J;1J;1J;1K;1J;1K;42;56;83;60;55;55;55;55;56;55;56;0;0;0;0;0;1;0;1;1;0;0;35;49;76;53;48;48;48;48;49;48;49;;35;49;76;53;48;48;48;48;49;48;35;84;160;213;261;309;357;405;454;502;551
44;1M40000101;35;1;M;4;0;0;0;0;1;0;1;1;22;4;0;0;0;0;1;0;1;49;77;52;48;48;48;48;49;48;49;16;1K;2C;1N;1J;1K;1J;1K;1L;1J;1K;42;56;84;59;55;56;55;56;57;55;56;16;1K;2C;1N;1J;1J;1J;1J;1K;1J;1K;42;56;84;59;55;55;55;55;56;55;56;0;0;0;0;0;1;0;1;1;0;0;35;49;77;52;48;48;48;48;49;48;49;;35;49;77;52;48;48;48;48;49;48;35;84;161;213;261;309;357;405;454;502;551
45;3ZSLJ00101;35;3;Z;S;L;J;0;0;1;0;1;3;35;28;21;19;0;0;1;0;1;51;90;83;76;74;48;48;49;48;49;16;1M;2P;2I;2B;29;1J;1K;1L;1J;1K;42;58;97;90;83;81;55;56;57;55;56;16;1M;2P;2I;2B;29;1J;1J;1K;1J;1K;42;58;97;90;83;81;55;55;56;55;56;0;0;0;0;0;0;0;1;1;0;0;35;51;90;83;76;74;48;48;49;48;49;;35;51;90;83;76;74;48;48;49;48;35;86;176;259;335;409;457;505;554;602;651
46;5LSXJ00101;35;5;L;S;X;J;0;0;1;0;1;5;21;28;33;19;0;0;1;0;1;53;76;83;88;74;48;48;49;48;49;16;1O;2B;2I;2N;29;1J;1K;1L;1J;1K;42;60;83;90;95;81;55;56;57;55;56;16;1O;2B;2I;2N;29;1J;1J;1K;1J;1K;42;60;83;90;95;81;55;55;56;55;56;0;0;0;0;0;0;0;1;1;0;0;35;53;76;83;88;74;48;48;49;48;49;;35;53;76;83;88;74;48;48;49;48;35;88;164;247;335;409;457;505;554;602;651
47;S5QSJ00101;35;S;5;Q;S;J;0;0;1;0;1;28;5;26;28;19;0;0;1;0;1;83;53;81;83;74;48;48;49;48;49;16;2I;1O;2G;2I;29;1J;1K;1L;1J;1K;42;90;60;88;90;81;55;56;57;55;56;16;2I;1O;2G;2I;29;1J;1J;1K;1J;1K;42;90;60;88;90;81;55;55;56;55;56;0;0;0;0;0;0;0;1;1;0;0;35;83;53;81;83;74;48;48;49;48;49;;35;83;53;81;83;74;48;48;49;48;35;118;171;252;335;409;457;505;554;602;651
48;W6KTJ00101;35;W;6;K;T;J;0;0;1;0;1;32;6;20;29;19;0;0;1;0;1;87;54;75;84;74;48;48;49;48;49;16;2M;1P;2A;2J;29;1J;1K;1L;1J;1K;42;94;61;82;91;81;55;56;57;55;56;16;2M;1P;2A;2J;29;1J;1J;1K;1J;1K;42;94;61;82;91;81;55;55;56;55;56;0;0;0;0;0;0;0;1;1;0;0;35;87;54;75;84;74;48;48;49;48;49;;35;87;54;75;84;74;48;48;49;48;35;122;176;251;335;409;457;505;554;602;651
49;YBAPJ00101;35;Y;B;A;P;J;0;0;1;0;1;34;11;10;25;19;0;0;1;0;1;89;66;65;80;74;48;48;49;48;49;16;2O;21;20;2F;29;1J;1K;1L;1J;1K;42;96;73;72;87;81;55;56;57;55;56;16;2O;21;20;2F;29;1J;1J;1K;1J;1K;42;96;73;72;87;81;55;55;56;55;56;0;0;0;0;0;0;0;1;1;0;0;35;89;66;65;80;74;48;48;49;48;49;;35;89;66;65;80;74;48;48;49;48;35;124;190;255;335;409;457;505;554;602;651
50;1AA0000101;36;1;A;A;0;0;0;0;1;0;1;1;10;10;0;0;0;0;1;0;1;49;65;65;48;48;48;48;49;48;49;18;1L;21;22;1K;1L;1K;1L;1M;1K;1L;44;57;73;74;56;57;56;57;58;56;57;18;1L;21;21;1K;1K;1K;1K;1L;1K;1L;44;57;73;73;56;56;56;56;57;56;57;0;0;0;1;0;1;0;1;1;0;0;36;49;65;65;48;48;48;48;49;48;49;;36;49;65;65;48;48;48;48;49;48;36;85;150;215;263;311;359;407;456;504;553
51;1I90000101;36;1;I;9;0;0;0;0;1;0;1;1;18;9;0;0;0;0;1;0;1;49;73;57;48;48;48;48;49;48;49;18;1L;29;1T;1K;1L;1K;1L;1M;1K;1L;44;57;81;65;56;57;56;57;58;56;57;18;1L;29;1T;1K;1K;1K;1K;1L;1K;1L;44;57;81;65;56;56;56;56;57;56;57;0;0;0;0;0;1;0;1;1;0;0;36;49;73;57;48;48;48;48;49;48;49;;36;49;73;57;48;48;48;48;49;48;36;85;158;215;263;311;359;407;456;504;553
52;1K70000101;36;1;K;7;0;0;0;0;1;0;1;1;20;7;0;0;0;0;1;0;1;49;75;55;48;48;48;48;49;48;49;18;1L;2B;1R;1K;1L;1K;1L;1M;1K;1L;44;57;83;63;56;57;56;57;58;56;57;18;1L;2B;1R;1K;1K;1K;1K;1L;1K;1L;44;57;83;63;56;56;56;56;57;56;57;0;0;0;0;0;1;0;1;1;0;0;36;49;75;55;48;48;48;48;49;48;49;;36;49;75;55;48;48;48;48;49;48;36;85;160;215;263;311;359;407;456;504;553
53;1P20000101;36;1;P;2;0;0;0;0;1;0;1;1;25;2;0;0;0;0;1;0;1;49;80;50;48;48;48;48;49;48;49;18;1L;2G;1M;1K;1L;1K;1L;1M;1K;1L;44;57;88;58;56;57;56;57;58;56;57;18;1L;2G;1M;1K;1K;1K;1K;1L;1K;1L;44;57;88;58;56;56;56;56;57;56;57;0;0;0;0;0;1;0;1;1;0;0;36;49;80;50;48;48;48;48;49;48;49;;36;49;80;50;48;48;48;48;49;48;36;85;165;215;263;311;359;407;456;504;553
54;2I80000101;36;2;I;8;0;0;0;0;1;0;1;2;18;8;0;0;0;0;1;0;1;50;73;56;48;48;48;48;49;48;49;18;1M;29;1S;1K;1L;1K;1L;1M;1K;1L;44;58;81;64;56;57;56;57;58;56;57;18;1M;29;1S;1K;1K;1K;1K;1L;1K;1L;44;58;81;64;56;56;56;56;57;56;57;0;0;0;0;0;1;0;1;1;0;0;36;50;73;56;48;48;48;48;49;48;49;;36;50;73;56;48;48;48;48;49;48;36;86;159;215;263;311;359;407;456;504;553
55;GUDMJ00101;36;G;U;D;M;J;0;0;1;0;1;16;30;13;22;19;0;0;1;0;1;71;85;68;77;74;48;48;49;48;49;18;27;2L;24;2D;2A;1K;1L;1M;1K;1L;44;79;93;76;85;82;56;57;58;56;57;18;27;2L;24;2D;2A;1K;1K;1L;1K;1L;44;79;93;76;85;82;56;56;57;56;57;0;0;0;0;0;0;0;1;1;0;0;36;71;85;68;77;74;48;48;49;48;49;;36;71;85;68;77;74;48;48;49;48;36;107;192;260;337;411;459;507;556;604;653
56;IFMQJ00101;36;I;F;M;Q;J;0;0;1;0;1;18;15;22;26;19;0;0;1;0;1;73;70;77;81;74;48;48;49;48;49;18;29;26;2D;2H;2A;1K;1L;1M;1K;1L;44;81;78;85;89;82;56;57;58;56;57;18;29;26;2D;2H;2A;1K;1K;1L;1K;1L;44;81;78;85;89;82;56;56;57;56;57;0;0;0;0;0;0;0;1;1;0;0;36;73;70;77;81;74;48;48;49;48;49;;36;73;70;77;81;74;48;48;49;48;36;109;179;256;337;411;459;507;556;604;653
57;J900000101;36;J;9;0;0;0;0;0;1;0;1;19;9;0;0;0;0;0;1;0;1;74;57;48;48;48;48;48;49;48;49;18;2A;1T;1K;1L;1K;1L;1K;1L;1K;1L;44;82;65;56;57;56;57;56;57;56;57;18;2A;1T;1K;1K;1K;1K;1K;1L;1K;1L;44;82;65;56;56;56;56;56;57;56;57;0;0;0;0;1;0;1;0;0;0;0;36;74;57;48;48;48;48;48;49;48;49;;36;74;57;48;48;48;48;48;49;48;36;110;167;215;263;311;359;407;456;504;553
58;K800000101;36;K;8;0;0;0;0;0;1;0;1;20;8;0;0;0;0;0;1;0;1;75;56;48;48;48;48;48;49;48;49;18;2B;1S;1K;1L;1K;1L;1K;1L;1K;1L;44;83;64;56;57;56;57;56;57;56;57;18;2B;1S;1K;1K;1K;1K;1K;1L;1K;1L;44;83;64;56;56;56;56;56;57;56;57;0;0;0;0;1;0;1;0;0;0;0;36;75;56;48;48;48;48;48;49;48;49;;36;75;56;48;48;48;48;48;49;48;36;111;167;215;263;311;359;407;456;504;553
59;KGLOJ00101;36;K;G;L;O;J;0;0;1;0;1;20;16;21;24;19;0;0;1;0;1;75;71;76;79;74;48;48;49;48;49;18;2B;27;2C;2F;2A;1K;1L;1M;1K;1L;44;83;79;84;87;82;56;57;58;56;57;18;2B;27;2C;2F;2A;1K;1K;1L;1K;1L;44;83;79;84;87;82;56;56;57;56;57;0;0;0;0;0;0;0;1;1;0;0;36;75;71;76;79;74;48;48;49;48;49;;36;75;71;76;79;74;48;48;49;48;36;111;182;258;337;411;459;507;556;604;653
60;L610000101;36;L;6;1;0;0;0;0;1;0;1;21;6;1;0;0;0;0;1;0;1;76;54;49;48;48;48;48;49;48;49;18;2C;1Q;1L;1K;1L;1K;1L;1M;1K;1L;44;84;62;57;56;57;56;57;58;56;57;18;2C;1Q;1L;1K;1K;1K;1K;1L;1K;1L;44;84;62;57;56;56;56;56;57;56;57;0;0;0;0;0;1;0;1;1;0;0;36;76;54;49;48;48;48;48;49;48;49;;36;76;54;49;48;48;48;48;49;48;36;112;166;215;263;311;359;407;456;504;553
61;L700000101;36;L;7;0;0;0;0;0;1;0;1;21;7;0;0;0;0;0;1;0;1;76;55;48;48;48;48;48;49;48;49;18;2C;1R;1K;1L;1K;1L;1K;1L;1K;1L;44;84;63;56;57;56;57;56;57;56;57;18;2C;1R;1K;1K;1K;1K;1K;1L;1K;1L;44;84;63;56;56;56;56;56;57;56;57;0;0;0;0;1;0;1;0;0;0;0;36;76;55;48;48;48;48;48;49;48;49;;36;76;55;48;48;48;48;48;49;48;36;112;167;215;263;311;359;407;456;504;553
62;SI8YJ00101;36;S;I;8;Y;J;0;0;1;0;1;28;18;8;34;19;0;0;1;0;1;83;73;56;89;74;48;48;49;48;49;18;2J;29;1S;2P;2A;1K;1L;1M;1K;1L;44;91;81;64;97;82;56;57;58;56;57;18;2J;29;1S;2P;2A;1K;1K;1L;1K;1L;44;91;81;64;97;82;56;56;57;56;57;0;0;0;0;0;0;0;1;1;0;0;36;83;73;56;89;74;48;48;49;48;49;;36;83;73;56;89;74;48;48;49;48;36;119;192;248;337;411;459;507;556;604;653
63;1AB0000101;37;1;A;B;0;0;0;0;1;0;1;1;10;11;0;0;0;0;1;0;1;49;65;66;48;48;48;48;49;48;49;1A;1M;22;23;1L;1M;1L;1M;1N;1L;1M;46;58;74;75;57;58;57;58;59;57;58;1A;1M;22;23;1L;1L;1L;1L;1M;1L;1M;46;58;74;75;57;57;57;57;58;57;58;0;0;0;0;0;1;0;1;1;0;0;37;49;65;66;48;48;48;48;49;48;49;;37;49;65;66;48;48;48;48;49;48;37;86;151;217;265;313;361;409;458;506;555
64;1BA0000101;37;1;B;A;0;0;0;0;1;0;1;1;11;10;0;0;0;0;1;0;1;49;66;65;48;48;48;48;49;48;49;1A;1M;23;22;1L;1M;1L;1M;1N;1L;1M;46;58;75;74;57;58;57;58;59;57;58;1A;1M;23;22;1L;1L;1L;1L;1M;1L;1M;46;58;75;74;57;57;57;57;58;57;58;0;0;0;0;0;1;0;1;1;0;0;37;49;66;65;48;48;48;48;49;48;49;;37;49;66;65;48;48;48;48;49;48;37;86;152;217;265;313;361;409;458;506;555
65;1J90000101;37;1;J;9;0;0;0;0;1;0;1;1;19;9;0;0;0;0;1;0;1;49;74;57;48;48;48;48;49;48;49;1A;1M;2B;1U;1L;1M;1L;1M;1N;1L;1M;46;58;83;66;57;58;57;58;59;57;58;1A;1M;2B;1U;1L;1L;1L;1L;1M;1L;1M;46;58;83;66;57;57;57;57;58;57;58;0;0;0;0;0;1;0;1;1;0;0;37;49;74;57;48;48;48;48;49;48;49;;37;49;74;57;48;48;48;48;49;48;37;86;160;217;265;313;361;409;458;506;555
66;1K80000101;37;1;K;8;0;0;0;0;1;0;1;1;20;8;0;0;0;0;1;0;1;49;75;56;48;48;48;48;49;48;49;1A;1M;2C;1T;1L;1M;1L;1M;1N;1L;1M;46;58;84;65;57;58;57;58;59;57;58;1A;1M;2C;1T;1L;1L;1L;1L;1M;1L;1M;46;58;84;65;57;57;57;57;58;57;58;0;0;0;0;0;1;0;1;1;0;0;37;49;75;56;48;48;48;48;49;48;49;;37;49;75;56;48;48;48;48;49;48;37;86;161;217;265;313;361;409;458;506;555
67;1O40000101;37;1;O;4;0;0;0;0;1;0;1;1;24;4;0;0;0;0;1;0;1;49;79;52;48;48;48;48;49;48;49;1A;1M;2G;1P;1L;1M;1L;1M;1N;1L;1M;46;58;88;61;57;58;57;58;59;57;58;1A;1M;2G;1P;1L;1L;1L;1L;1M;1L;1M;46;58;88;61;57;57;57;57;58;57;58;0;0;0;0;0;1;0;1;1;0;0;37;49;79;52;48;48;48;48;49;48;49;;37;49;79;52;48;48;48;48;49;48;37;86;165;217;265;313;361;409;458;506;555
68;2I90000101;37;2;I;9;0;0;0;0;1;0;1;2;18;9;0;0;0;0;1;0;1;50;73;57;48;48;48;48;49;48;49;1A;1N;2A;1U;1L;1M;1L;1M;1N;1L;1M;46;59;82;66;57;58;57;58;59;57;58;1A;1N;2A;1U;1L;1L;1L;1L;1M;1L;1M;46;59;82;66;57;57;57;57;58;57;58;0;0;0;0;0;1;0;1;1;0;0;37;50;73;57;48;48;48;48;49;48;49;;37;50;73;57;48;48;48;48;49;48;37;87;160;217;265;313;361;409;458;506;555
69;2J80000101;37;2;J;8;0;0;0;0;1;0;1;2;19;8;0;0;0;0;1;0;1;50;74;56;48;48;48;48;49;48;49;1A;1N;2B;1T;1L;1M;1L;1M;1N;1L;1M;46;59;83;65;57;58;57;58;59;57;58;1A;1N;2B;1T;1L;1L;1L;1L;1M;1L;1M;46;59;83;65;57;57;57;57;58;57;58;0;0;0;0;0;1;0;1;1;0;0;37;50;74;56;48;48;48;48;49;48;49;;37;50;74;56;48;48;48;48;49;48;37;87;161;217;265;313;361;409;458;506;555
70;3L50000101;37;3;L;5;0;0;0;0;1;0;1;3;21;5;0;0;0;0;1;0;1;51;76;53;48;48;48;48;49;48;49;1A;1O;2D;1Q;1L;1M;1L;1M;1N;1L;1M;46;60;85;62;57;58;57;58;59;57;58;1A;1O;2D;1Q;1L;1L;1L;1L;1M;1L;1M;46;60;85;62;57;57;57;57;58;57;58;0;0;0;0;0;1;0;1;1;0;0;37;51;76;53;48;48;48;48;49;48;49;;37;51;76;53;48;48;48;48;49;48;37;88;164;217;265;313;361;409;458;506;555
71;L800000101;37;L;8;0;0;0;0;0;1;0;1;21;8;0;0;0;0;0;1;0;1;76;56;48;48;48;48;48;49;48;49;1A;2D;1T;1L;1M;1L;1M;1L;1M;1L;1M;46;85;65;57;58;57;58;57;58;57;58;1A;2D;1T;1L;1L;1L;1L;1L;1M;1L;1M;46;85;65;57;57;57;57;57;58;57;58;0;0;0;0;1;0;1;0;0;0;0;37;76;56;48;48;48;48;48;49;48;49;;37;76;56;48;48;48;48;48;49;48;37;113;169;217;265;313;361;409;458;506;555
72;M700000101;37;M;7;0;0;0;0;0;1;0;1;22;7;0;0;0;0;0;1;0;1;77;55;48;48;48;48;48;49;48;49;1A;2E;1S;1L;1M;1L;1M;1L;1M;1L;1M;46;86;64;57;58;57;58;57;58;57;58;1A;2E;1S;1L;1L;1L;1L;1L;1M;1L;1M;46;86;64;57;57;57;57;57;58;57;58;0;0;0;0;1;0;1;0;0;0;0;37;77;55;48;48;48;48;48;49;48;49;;37;77;55;48;48;48;48;48;49;48;37;114;169;217;265;313;361;409;458;506;555
73;S100000101;37;S;1;0;0;0;0;0;1;0;1;28;1;0;0;0;0;0;1;0;1;83;49;48;48;48;48;48;49;48;49;1A;2K;1M;1L;1M;1L;1M;1L;1M;1L;1M;46;92;58;57;58;57;58;57;58;57;58;1A;2K;1M;1L;1L;1L;1L;1L;1M;1L;1M;46;92;58;57;57;57;57;57;58;57;58;0;0;0;0;1;0;1;0;0;0;0;37;83;49;48;48;48;48;48;49;48;49;;37;83;49;48;48;48;48;48;49;48;37;120;169;217;265;313;361;409;458;506;555
74;Z5RMJ00101;37;Z;5;R;M;J;0;0;1;0;1;35;5;27;22;19;0;0;1;0;1;90;53;82;77;74;48;48;49;48;49;1A;2R;1Q;2J;2E;2B;1L;1M;1N;1L;1M;46;99;62;91;86;83;57;58;59;57;58;1A;2R;1Q;2J;2E;2B;1L;1L;1M;1L;1M;46;99;62;91;86;83;57;57;58;57;58;0;0;0;0;0;0;0;1;1;0;0;37;90;53;82;77;74;48;48;49;48;49;;37;90;53;82;77;74;48;48;49;48;37;127;180;262;339;413;461;509;558;606;655
75;1AC0000101;38;1;A;C;0;0;0;0;1;0;1;1;10;12;0;0;0;0;1;0;1;49;65;67;48;48;48;48;49;48;49;1C;1N;23;25;1M;1N;1M;1N;1O;1M;1N;48;59;75;77;58;59;58;59;60;58;59;1C;1N;23;25;1M;1M;1M;1M;1N;1M;1N;48;59;75;77;58;58;58;58;59;58;59;0;0;0;0;0;1;0;1;1;0;0;38;49;65;67;48;48;48;48;49;48;49;;38;49;65;67;48;48;48;48;49;48;38;87;152;219;267;315;363;411;460;508;557
76;1BB0000101;38;1;B;B;0;0;0;0;1;0;1;1;11;11;0;0;0;0;1;0;1;49;66;66;48;48;48;48;49;48;49;1C;1N;24;25;1M;1N;1M;1N;1O;1M;1N;48;59;76;77;58;59;58;59;60;58;59;1C;1N;24;24;1M;1M;1M;1M;1N;1M;1N;48;59;76;76;58;58;58;58;59;58;59;0;0;0;1;0;1;0;1;1;0;0;38;49;66;66;48;48;48;48;49;48;49;;38;49;66;66;48;48;48;48;49;48;38;87;153;219;267;315;363;411;460;508;557
77;1CA0000101;38;1;C;A;0;0;0;0;1;0;1;1;12;10;0;0;0;0;1;0;1;49;67;65;48;48;48;48;49;48;49;1C;1N;25;23;1M;1N;1M;1N;1O;1M;1N;48;59;77;75;58;59;58;59;60;58;59;1C;1N;25;23;1M;1M;1M;1M;1N;1M;1N;48;59;77;75;58;58;58;58;59;58;59;0;0;0;0;0;1;0;1;1;0;0;38;49;67;65;48;48;48;48;49;48;49;;38;49;67;65;48;48;48;48;49;48;38;87;154;219;267;315;363;411;460;508;557
78;1L80000101;38;1;L;8;0;0;0;0;1;0;1;1;21;8;0;0;0;0;1;0;1;49;76;56;48;48;48;48;49;48;49;1C;1N;2E;1U;1M;1N;1M;1N;1O;1M;1N;48;59;86;66;58;59;58;59;60;58;59;1C;1N;2E;1U;1M;1M;1M;1M;1N;1M;1N;48;59;86;66;58;58;58;58;59;58;59;0;0;0;0;0;1;0;1;1;0;0;38;49;76;56;48;48;48;48;49;48;49;;38;49;76;56;48;48;48;48;49;48;38;87;163;219;267;315;363;411;460;508;557
79;1O50000101;38;1;O;5;0;0;0;0;1;0;1;1;24;5;0;0;0;0;1;0;1;49;79;53;48;48;48;48;49;48;49;1C;1N;2H;1R;1M;1N;1M;1N;1O;1M;1N;48;59;89;63;58;59;58;59;60;58;59;1C;1N;2H;1R;1M;1M;1M;1M;1N;1M;1N;48;59;89;63;58;58;58;58;59;58;59;0;0;0;0;0;1;0;1;1;0;0;38;49;79;53;48;48;48;48;49;48;49;;38;49;79;53;48;48;48;48;49;48;38;87;166;219;267;315;363;411;460;508;557
80;3L60000101;38;3;L;6;0;0;0;0;1;0;1;3;21;6;0;0;0;0;1;0;1;51;76;54;48;48;48;48;49;48;49;1C;1P;2E;1S;1M;1N;1M;1N;1O;1M;1N;48;61;86;64;58;59;58;59;60;58;59;1C;1P;2E;1S;1M;1M;1M;1M;1N;1M;1N;48;61;86;64;58;58;58;58;59;58;59;0;0;0;0;0;1;0;1;1;0;0;38;51;76;54;48;48;48;48;49;48;49;;38;51;76;54;48;48;48;48;49;48;38;89;165;219;267;315;363;411;460;508;557
81;4YPRJ00101;38;4;Y;P;R;J;0;0;1;0;1;4;34;25;27;19;0;0;1;0;1;52;89;80;82;74;48;48;49;48;49;1C;1Q;2R;2I;2K;2C;1M;1N;1O;1M;1N;48;62;99;90;92;84;58;59;60;58;59;1C;1Q;2R;2I;2K;2C;1M;1M;1N;1M;1N;48;62;99;90;92;84;58;58;59;58;59;0;0;0;0;0;0;0;1;1;0;0;38;52;89;80;82;74;48;48;49;48;49;;38;52;89;80;82;74;48;48;49;48;38;90;179;259;341;415;463;511;560;608;657
82;7XNRJ00101;38;7;X;N;R;J;0;0;1;0;1;7;33;23;27;19;0;0;1;0;1;55;88;78;82;74;48;48;49;48;49;1C;1T;2Q;2G;2K;2C;1M;1N;1O;1M;1N;48;65;98;88;92;84;58;59;60;58;59;1C;1T;2Q;2G;2K;2C;1M;1M;1N;1M;1N;48;65;98;88;92;84;58;58;59;58;59;0;0;0;0;0;0;0;1;1;0;0;38;55;88;78;82;74;48;48;49;48;49;;38;55;88;78;82;74;48;48;49;48;38;93;181;259;341;415;463;511;560;608;657
83;L900000101;38;L;9;0;0;0;0;0;1;0;1;21;9;0;0;0;0;0;1;0;1;76;57;48;48;48;48;48;49;48;49;1C;2E;1V;1M;1N;1M;1N;1M;1N;1M;1N;48;86;67;58;59;58;59;58;59;58;59;1C;2E;1V;1M;1M;1M;1M;1M;1N;1M;1N;48;86;67;58;58;58;58;58;59;58;59;0;0;0;0;1;0;1;0;0;0;0;38;76;57;48;48;48;48;48;49;48;49;;38;76;57;48;48;48;48;48;49;48;38;114;171;219;267;315;363;411;460;508;557
84;MGLOJ00101;38;M;G;L;O;J;0;0;1;0;1;22;16;21;24;19;0;0;1;0;1;77;71;76;79;74;48;48;49;48;49;1C;2F;29;2E;2H;2C;1M;1N;1O;1M;1N;48;87;81;86;89;84;58;59;60;58;59;1C;2F;29;2E;2H;2C;1M;1M;1N;1M;1N;48;87;81;86;89;84;58;58;59;58;59;0;0;0;0;0;0;0;1;1;0;0;38;77;71;76;79;74;48;48;49;48;49;;38;77;71;76;79;74;48;48;49;48;38;115;186;262;341;415;463;511;560;608;657
85;R300000101;38;R;3;0;0;0;0;0;1;0;1;27;3;0;0;0;0;0;1;0;1;82;51;48;48;48;48;48;49;48;49;1C;2K;1P;1M;1N;1M;1N;1M;1N;1M;1N;48;92;61;58;59;58;59;58;59;58;59;1C;2K;1P;1M;1M;1M;1M;1M;1N;1M;1N;48;92;61;58;58;58;58;58;59;58;59;0;0;0;0;1;0;1;0;0;0;0;38;82;51;48;48;48;48;48;49;48;49;;38;82;51;48;48;48;48;48;49;48;38;120;171;219;267;315;363;411;460;508;557
86;S200000101;38;S;2;0;0;0;0;0;1;0;1;28;2;0;0;0;0;0;1;0;1;83;50;48;48;48;48;48;49;48;49;1C;2L;1O;1M;1N;1M;1N;1M;1N;1M;1N;48;93;60;58;59;58;59;58;59;58;59;1C;2L;1O;1M;1M;1M;1M;1M;1N;1M;1N;48;93;60;58;58;58;58;58;59;58;59;0;0;0;0;1;0;1;0;0;0;0;38;83;50;48;48;48;48;48;49;48;49;;38;83;50;48;48;48;48;48;49;48;38;121;171;219;267;315;363;411;460;508;557
87;T100000101;38;T;1;0;0;0;0;0;1;0;1;29;1;0;0;0;0;0;1;0;1;84;49;48;48;48;48;48;49;48;49;1C;2M;1N;1M;1N;1M;1N;1M;1N;1M;1N;48;94;59;58;59;58;59;58;59;58;59;1C;2M;1N;1M;1M;1M;1M;1M;1N;1M;1N;48;94;59;58;58;58;58;58;59;58;59;0;0;0;0;1;0;1;0;0;0;0;38;84;49;48;48;48;48;48;49;48;49;;38;84;49;48;48;48;48;48;49;48;38;122;171;219;267;315;363;411;460;508;557
88;UI8YJ00101;38;U;I;8;Y;J;0;0;1;0;1;30;18;8;34;19;0;0;1;0;1;85;73;56;89;74;48;48;49;48;49;1C;2N;2B;1U;2R;2C;1M;1N;1O;1M;1N;48;95;83;66;99;84;58;59;60;58;59;1C;2N;2B;1U;2R;2C;1M;1M;1N;1M;1N;48;95;83;66;99;84;58;58;59;58;59;0;0;0;0;0;0;0;1;1;0;0;38;85;73;56;89;74;48;48;49;48;49;;38;85;73;56;89;74;48;48;49;48;38;123;196;252;341;415;463;511;560;608;657
89;W7SNJ00101;38;W;7;S;N;J;0;0;1;0;1;32;7;28;23;19;0;0;1;0;1;87;55;83;78;74;48;48;49;48;49;1C;2P;1T;2L;2G;2C;1M;1N;1O;1M;1N;48;97;65;93;88;84;58;59;60;58;59;1C;2P;1T;2L;2G;2C;1M;1M;1N;1M;1N;48;97;65;93;88;84;58;58;59;58;59;0;0;0;0;0;0;0;1;1;0;0;38;87;55;83;78;74;48;48;49;48;49;;38;87;55;83;78;74;48;48;49;48;38;125;180;263;341;415;463;511;560;608;657
90;Z6KTJ00101;38;Z;6;K;T;J;0;0;1;0;1;35;6;20;29;19;0;0;1;0;1;90;54;75;84;74;48;48;49;48;49;1C;2S;1S;2D;2M;2C;1M;1N;1O;1M;1N;48;100;64;85;94;84;58;59;60;58;59;1C;2S;1S;2D;2M;2C;1M;1M;1N;1M;1N;48;100;64;85;94;84;58;58;59;58;59;0;0;0;0;0;0;0;1;1;0;0;38;90;54;75;84;74;48;48;49;48;49;;38;90;54;75;84;74;48;48;49;48;38;128;182;257;341;415;463;511;560;608;657
91;1AD0000101;39;1;A;D;0;0;0;0;1;0;1;1;10;13;0;0;0;0;1;0;1;49;65;68;48;48;48;48;49;48;49;1E;1O;24;27;1N;1O;1N;1O;1P;1N;1O;50;60;76;79;59;60;59;60;61;59;60;1E;1O;24;27;1N;1N;1N;1N;1O;1N;1O;50;60;76;79;59;59;59;59;60;59;60;0;0;0;0;0;1;0;1;1;0;0;39;49;65;68;48;48;48;48;49;48;49;;39;49;65;68;48;48;48;48;49;48;39;88;153;221;269;317;365;413;462;510;559
92;1BC0000101;39;1;B;C;0;0;0;0;1;0;1;1;11;12;0;0;0;0;1;0;1;49;66;67;48;48;48;48;49;48;49;1E;1O;25;26;1N;1O;1N;1O;1P;1N;1O;50;60;77;78;59;60;59;60;61;59;60;1E;1O;25;26;1N;1N;1N;1N;1O;1N;1O;50;60;77;78;59;59;59;59;60;59;60;0;0;0;0;0;1;0;1;1;0;0;39;49;66;67;48;48;48;48;49;48;49;;39;49;66;67;48;48;48;48;49;48;39;88;154;221;269;317;365;413;462;510;559
93;1CB0000101;39;1;C;B;0;0;0;0;1;0;1;1;12;11;0;0;0;0;1;0;1;49;67;66;48;48;48;48;49;48;49;1E;1O;26;25;1N;1O;1N;1O;1P;1N;1O;50;60;78;77;59;60;59;60;61;59;60;1E;1O;26;25;1N;1N;1N;1N;1O;1N;1O;50;60;78;77;59;59;59;59;60;59;60;0;0;0;0;0;1;0;1;1;0;0;39;49;67;66;48;48;48;48;49;48;49;;39;49;67;66;48;48;48;48;49;48;39;88;155;221;269;317;365;413;462;510;559
94;1DA0000101;39;1;D;A;0;0;0;0;1;0;1;1;13;10;0;0;0;0;1;0;1;49;68;65;48;48;48;48;49;48;49;1E;1O;27;24;1N;1O;1N;1O;1P;1N;1O;50;60;79;76;59;60;59;60;61;59;60;1E;1O;27;24;1N;1N;1N;1N;1O;1N;1O;50;60;79;76;59;59;59;59;60;59;60;0;0;0;0;0;1;0;1;1;0;0;39;49;68;65;48;48;48;48;49;48;49;;39;49;68;65;48;48;48;48;49;48;39;88;156;221;269;317;365;413;462;510;559
95;1L90000101;39;1;L;9;0;0;0;0;1;0;1;1;21;9;0;0;0;0;1;0;1;49;76;57;48;48;48;48;49;48;49;1E;1O;2F;1W;1N;1O;1N;1O;1P;1N;1O;50;60;87;68;59;60;59;60;61;59;60;1E;1O;2F;1W;1N;1N;1N;1N;1O;1N;1O;50;60;87;68;59;59;59;59;60;59;60;0;0;0;0;0;1;0;1;1;0;0;39;49;76;57;48;48;48;48;49;48;49;;39;49;76;57;48;48;48;48;49;48;39;88;164;221;269;317;365;413;462;510;559
96;1N70000101;39;1;N;7;0;0;0;0;1;0;1;1;23;7;0;0;0;0;1;0;1;49;78;55;48;48;48;48;49;48;49;1E;1O;2H;1U;1N;1O;1N;1O;1P;1N;1O;50;60;89;66;59;60;59;60;61;59;60;1E;1O;2H;1U;1N;1N;1N;1N;1O;1N;1O;50;60;89;66;59;59;59;59;60;59;60;0;0;0;0;0;1;0;1;1;0;0;39;49;78;55;48;48;48;48;49;48;49;;39;49;78;55;48;48;48;48;49;48;39;88;166;221;269;317;365;413;462;510;559
97;1S20000101;39;1;S;2;0;0;0;0;1;0;1;1;28;2;0;0;0;0;1;0;1;49;83;50;48;48;48;48;49;48;49;1E;1O;2M;1P;1N;1O;1N;1O;1P;1N;1O;50;60;94;61;59;60;59;60;61;59;60;1E;1O;2M;1P;1N;1N;1N;1N;1O;1N;1O;50;60;94;61;59;59;59;59;60;59;60;0;0;0;0;0;1;0;1;1;0;0;39;49;83;50;48;48;48;48;49;48;49;;39;49;83;50;48;48;48;48;49;48;39;88;171;221;269;317;365;413;462;510;559
98;1T10000101;39;1;T;1;0;0;0;0;1;0;1;1;29;1;0;0;0;0;1;0;1;49;84;49;48;48;48;48;49;48;49;1E;1O;2N;1O;1N;1O;1N;1O;1P;1N;1O;50;60;95;60;59;60;59;60;61;59;60;1E;1O;2N;1O;1N;1N;1N;1N;1O;1N;1O;50;60;95;60;59;59;59;59;60;59;60;0;0;0;0;0;1;0;1;1;0;0;39;49;84;49;48;48;48;48;49;48;49;;39;49;84;49;48;48;48;48;49;48;39;88;172;221;269;317;365;413;462;510;559
99;2T00000101;39;2;T;0;0;0;0;0;1;0;1;2;29;0;0;0;0;0;1;0;1;50;84;48;48;48;48;48;49;48;49;1E;1P;2N;1N;1O;1N;1O;1N;1O;1N;1O;50;61;95;59;60;59;60;59;60;59;60;1E;1P;2N;1N;1N;1N;1N;1N;1O;1N;1O;50;61;95;59;59;59;59;59;60;59;60;0;0;0;0;1;0;1;0;0;0;0;39;50;84;48;48;48;48;48;49;48;49;;39;50;84;48;48;48;48;48;49;48;39;89;173;221;269;317;365;413;462;510;559
100;3M60000101;39;3;M;6;0;0;0;0;1;0;1;3;22;6;0;0;0;0;1;0;1;51;77;54;48;48;48;48;49;48;49;1E;1Q;2G;1T;1N;1O;1N;1O;1P;1N;1O;50;62;88;65;59;60;59;60;61;59;60;1E;1Q;2G;1T;1N;1N;1N;1N;1O;1N;1O;50;62;88;65;59;59;59;59;60;59;60;0;0;0;0;0;1;0;1;1;0;0;39;51;77;54;48;48;48;48;49;48;49;;39;51;77;54;48;48;48;48;49;48;39;90;167;221;269;317;365;413;462;510;559
101;BXDRJ00101;39;B;X;D;R;J;0;0;1;0;1;11;33;13;27;19;0;0;1;0;1;66;88;68;82;74;48;48;49;48;49;1E;25;2R;27;2L;2D;1N;1O;1P;1N;1O;50;77;99;79;93;85;59;60;61;59;60;1E;25;2R;27;2L;2D;1N;1N;1O;1N;1O;50;77;99;79;93;85;59;59;60;59;60;0;0;0;0;0;0;0;1;1;0;0;39;66;88;68;82;74;48;48;49;48;49;;39;66;88;68;82;74;48;48;49;48;39;105;193;261;343;417;465;513;562;610;659
102;N800000101;39;N;8;0;0;0;0;0;1;0;1;23;8;0;0;0;0;0;1;0;1;78;56;48;48;48;48;48;49;48;49;1E;2H;1V;1N;1O;1N;1O;1N;1O;1N;1O;50;89;67;59;60;59;60;59;60;59;60;1E;2H;1V;1N;1N;1N;1N;1N;1O;1N;1O;50;89;67;59;59;59;59;59;60;59;60;0;0;0;0;1;0;1;0;0;0;0;39;78;56;48;48;48;48;48;49;48;49;;39;78;56;48;48;48;48;48;49;48;39;117;173;221;269;317;365;413;462;510;559
103;NGLOJ00101;39;N;G;L;O;J;0;0;1;0;1;23;16;21;24;19;0;0;1;0;1;78;71;76;79;74;48;48;49;48;49;1E;2H;2A;2F;2I;2D;1N;1O;1P;1N;1O;50;89;82;87;90;85;59;60;61;59;60;1E;2H;2A;2F;2I;2D;1N;1N;1O;1N;1O;50;89;82;87;90;85;59;59;60;59;60;0;0;0;0;0;0;0;1;1;0;0;39;78;71;76;79;74;48;48;49;48;49;;39;78;71;76;79;74;48;48;49;48;39;117;188;264;343;417;465;513;562;610;659
104;R3YRJ00101;39;R;3;Y;R;J;0;0;1;0;1;27;3;34;27;19;0;0;1;0;1;82;51;89;82;74;48;48;49;48;49;1E;2L;1Q;2S;2L;2D;1N;1O;1P;1N;1O;50;93;62;100;93;85;59;60;61;59;60;1E;2L;1Q;2S;2L;2D;1N;1N;1O;1N;1O;50;93;62;100;93;85;59;59;60;59;60;0;0;0;0;0;0;0;1;1;0;0;39;82;51;89;82;74;48;48;49;48;49;;39;82;51;89;82;74;48;48;49;48;39;121;172;261;343;417;465;513;562;610;659
105;U100000101;39;U;1;0;0;0;0;0;1;0;1;30;1;0;0;0;0;0;1;0;1;85;49;48;48;48;48;48;49;48;49;1E;2O;1O;1N;1O;1N;1O;1N;1O;1N;1O;50;96;60;59;60;59;60;59;60;59;60;1E;2O;1O;1N;1N;1N;1N;1N;1O;1N;1O;50;96;60;59;59;59;59;59;60;59;60;0;0;0;0;1;0;1;0;0;0;0;39;85;49;48;48;48;48;48;49;48;49;;39;85;49;48;48;48;48;48;49;48;39;124;173;221;269;317;365;413;462;510;559
106;VI8YJ00101;39;V;I;8;Y;J;0;0;1;0;1;31;18;8;34;19;0;0;1;0;1;86;73;56;89;74;48;48;49;48;49;1E;2P;2C;1V;2S;2D;1N;1O;1P;1N;1O;50;97;84;67;100;85;59;60;61;59;60;1E;2P;2C;1V;2S;2D;1N;1N;1O;1N;1O;50;97;84;67;100;85;59;59;60;59;60;0;0;0;0;0;0;0;1;1;0;0;39;86;73;56;89;74;48;48;49;48;49;;39;86;73;56;89;74;48;48;49;48;39;125;198;254;343;417;465;513;562;610;659
107;1BD0000101;40;1;B;D;0;0;0;0;1;0;1;1;11;13;0;0;0;0;1;0;1;49;66;68;48;48;48;48;49;48;49;1G;1P;26;28;1O;1P;1O;1P;1Q;1O;1P;52;61;78;80;60;61;60;61;62;60;61;1G;1P;26;28;1O;1O;1O;1O;1P;1O;1P;52;61;78;80;60;60;60;60;61;60;61;0;0;0;0;0;1;0;1;1;0;0;40;49;66;68;48;48;48;48;49;48;49;;40;49;66;68;48;48;48;48;49;48;40;89;155;223;271;319;367;415;464;512;561
108;1CC0000101;40;1;C;C;0;0;0;0;1;0;1;1;12;12;0;0;0;0;1;0;1;49;67;67;48;48;48;48;49;48;49;1G;1P;27;28;1O;1P;1O;1P;1Q;1O;1P;52;61;79;80;60;61;60;61;62;60;61;1G;1P;27;27;1O;1O;1O;1O;1P;1O;1P;52;61;79;79;60;60;60;60;61;60;61;0;0;0;1;0;1;0;1;1;0;0;40;49;67;67;48;48;48;48;49;48;49;;40;49;67;67;48;48;48;48;49;48;40;89;156;223;271;319;367;415;464;512;561
109;1DB0000101;40;1;D;B;0;0;0;0;1;0;1;1;13;11;0;0;0;0;1;0;1;49;68;66;48;48;48;48;49;48;49;1G;1P;28;26;1O;1P;1O;1P;1Q;1O;1P;52;61;80;78;60;61;60;61;62;60;61;1G;1P;28;26;1O;1O;1O;1O;1P;1O;1P;52;61;80;78;60;60;60;60;61;60;61;0;0;0;0;0;1;0;1;1;0;0;40;49;68;66;48;48;48;48;49;48;49;;40;49;68;66;48;48;48;48;49;48;40;89;157;223;271;319;367;415;464;512;561
110;1EA0000101;40;1;E;A;0;0;0;0;1;0;1;1;14;10;0;0;0;0;1;0;1;49;69;65;48;48;48;48;49;48;49;1G;1P;29;25;1O;1P;1O;1P;1Q;1O;1P;52;61;81;77;60;61;60;61;62;60;61;1G;1P;29;25;1O;1O;1O;1O;1P;1O;1P;52;61;81;77;60;60;60;60;61;60;61;0;0;0;0;0;1;0;1;1;0;0;40;49;69;65;48;48;48;48;49;48;49;;40;49;69;65;48;48;48;48;49;48;40;89;158;223;271;319;367;415;464;512;561
111;1O70000101;40;1;O;7;0;0;0;0;1;0;1;1;24;7;0;0;0;0;1;0;1;49;79;55;48;48;48;48;49;48;49;1G;1P;2J;1V;1O;1P;1O;1P;1Q;1O;1P;52;61;91;67;60;61;60;61;62;60;61;1G;1P;2J;1V;1O;1O;1O;1O;1P;1O;1P;52;61;91;67;60;60;60;60;61;60;61;0;0;0;0;0;1;0;1;1;0;0;40;49;79;55;48;48;48;48;49;48;49;;40;49;79;55;48;48;48;48;49;48;40;89;168;223;271;319;367;415;464;512;561
112;1P60000101;40;1;P;6;0;0;0;0;1;0;1;1;25;6;0;0;0;0;1;0;1;49;80;54;48;48;48;48;49;48;49;1G;1P;2K;1U;1O;1P;1O;1P;1Q;1O;1P;52;61;92;66;60;61;60;61;62;60;61;1G;1P;2K;1U;1O;1O;1O;1O;1P;1O;1P;52;61;92;66;60;60;60;60;61;60;61;0;0;0;0;0;1;0;1;1;0;0;40;49;80;54;48;48;48;48;49;48;49;;40;49;80;54;48;48;48;48;49;48;40;89;169;223;271;319;367;415;464;512;561
113;1Q50000101;40;1;Q;5;0;0;0;0;1;0;1;1;26;5;0;0;0;0;1;0;1;49;81;53;48;48;48;48;49;48;49;1G;1P;2L;1T;1O;1P;1O;1P;1Q;1O;1P;52;61;93;65;60;61;60;61;62;60;61;1G;1P;2L;1T;1O;1O;1O;1O;1P;1O;1P;52;61;93;65;60;60;60;60;61;60;61;0;0;0;0;0;1;0;1;1;0;0;40;49;81;53;48;48;48;48;49;48;49;;40;49;81;53;48;48;48;48;49;48;40;89;170;223;271;319;367;415;464;512;561
114;1S30000101;40;1;S;3;0;0;0;0;1;0;1;1;28;3;0;0;0;0;1;0;1;49;83;51;48;48;48;48;49;48;49;1G;1P;2N;1R;1O;1P;1O;1P;1Q;1O;1P;52;61;95;63;60;61;60;61;62;60;61;1G;1P;2N;1R;1O;1O;1O;1O;1P;1O;1P;52;61;95;63;60;60;60;60;61;60;61;0;0;0;0;0;1;0;1;1;0;0;40;49;83;51;48;48;48;48;49;48;49;;40;49;83;51;48;48;48;48;49;48;40;89;172;223;271;319;367;415;464;512;561
115;3O50000101;40;3;O;5;0;0;0;0;1;0;1;3;24;5;0;0;0;0;1;0;1;51;79;53;48;48;48;48;49;48;49;1G;1R;2J;1T;1O;1P;1O;1P;1Q;1O;1P;52;63;91;65;60;61;60;61;62;60;61;1G;1R;2J;1T;1O;1O;1O;1O;1P;1O;1P;52;63;91;65;60;60;60;60;61;60;61;0;0;0;0;0;1;0;1;1;0;0;40;51;79;53;48;48;48;48;49;48;49;;40;51;79;53;48;48;48;48;49;48;40;91;170;223;271;319;367;415;464;512;561
116;6YPRJ00101;40;6;Y;P;R;J;0;0;1;0;1;6;34;25;27;19;0;0;1;0;1;54;89;80;82;74;48;48;49;48;49;1G;1U;2T;2K;2M;2E;1O;1P;1Q;1O;1P;52;66;101;92;94;86;60;61;62;60;61;1G;1U;2T;2K;2M;2E;1O;1O;1P;1O;1P;52;66;101;92;94;86;60;60;61;60;61;0;0;0;0;0;0;0;1;1;0;0;40;54;89;80;82;74;48;48;49;48;49;;40;54;89;80;82;74;48;48;49;48;40;94;183;263;345;419;467;515;564;612;661
117;8YNRJ00101;40;8;Y;N;R;J;0;0;1;0;1;8;34;23;27;19;0;0;1;0;1;56;89;78;82;74;48;48;49;48;49;1G;1W;2T;2I;2M;2E;1O;1P;1Q;1O;1P;52;68;101;90;94;86;60;61;62;60;61;1G;1W;2T;2I;2M;2E;1O;1O;1P;1O;1P;52;68;101;90;94;86;60;60;61;60;61;0;0;0;0;0;0;0;1;1;0;0;40;56;89;78;82;74;48;48;49;48;49;;40;56;89;78;82;74;48;48;49;48;40;96;185;263;345;419;467;515;564;612;661
118;CXDRJ00101;40;C;X;D;R;J;0;0;1;0;1;12;33;13;27;19;0;0;1;0;1;67;88;68;82;74;48;48;49;48;49;1G;27;2S;28;2M;2E;1O;1P;1Q;1O;1P;52;79;100;80;94;86;60;61;62;60;61;1G;27;2S;28;2M;2E;1O;1O;1P;1O;1P;52;79;100;80;94;86;60;60;61;60;61;0;0;0;0;0;0;0;1;1;0;0;40;67;88;68;82;74;48;48;49;48;49;;40;67;88;68;82;74;48;48;49;48;40;107;195;263;345;419;467;515;564;612;661
119;N900000101;40;N;9;0;0;0;0;0;1;0;1;23;9;0;0;0;0;0;1;0;1;78;57;48;48;48;48;48;49;48;49;1G;2I;1X;1O;1P;1O;1P;1O;1P;1O;1P;52;90;69;60;61;60;61;60;61;60;61;1G;2I;1X;1O;1O;1O;1O;1O;1P;1O;1P;52;90;69;60;60;60;60;60;61;60;61;0;0;0;0;1;0;1;0;0;0;0;40;78;57;48;48;48;48;48;49;48;49;;40;78;57;48;48;48;48;48;49;48;40;118;175;223;271;319;367;415;464;512;561
120;OGLOJ00101;40;O;G;L;O;J;0;0;1;0;1;24;16;21;24;19;0;0;1;0;1;79;71;76;79;74;48;48;49;48;49;1G;2J;2B;2G;2J;2E;1O;1P;1Q;1O;1P;52;91;83;88;91;86;60;61;62;60;61;1G;2J;2B;2G;2J;2E;1O;1O;1P;1O;1P;52;91;83;88;91;86;60;60;61;60;61;0;0;0;0;0;0;0;1;1;0;0;40;79;71;76;79;74;48;48;49;48;49;;40;79;71;76;79;74;48;48;49;48;40;119;190;266;345;419;467;515;564;612;661
121;PDQLJ00101;40;P;D;Q;L;J;0;0;1;0;1;25;13;26;21;19;0;0;1;0;1;80;68;81;76;74;48;48;49;48;49;1G;2K;28;2L;2G;2E;1O;1P;1Q;1O;1P;52;92;80;93;88;86;60;61;62;60;61;1G;2K;28;2L;2G;2E;1O;1O;1P;1O;1P;52;92;80;93;88;86;60;60;61;60;61;0;0;0;0;0;0;0;1;1;0;0;40;80;68;81;76;74;48;48;49;48;49;;40;80;68;81;76;74;48;48;49;48;40;120;188;269;345;419;467;515;564;612;661
122;S3YRJ00101;40;S;3;Y;R;J;0;0;1;0;1;28;3;34;27;19;0;0;1;0;1;83;51;89;82;74;48;48;49;48;49;1G;2N;1R;2T;2M;2E;1O;1P;1Q;1O;1P;52;95;63;101;94;86;60;61;62;60;61;1G;2N;1R;2T;2M;2E;1O;1O;1P;1O;1P;52;95;63;101;94;86;60;60;61;60;61;0;0;0;0;0;0;0;1;1;0;0;40;83;51;89;82;74;48;48;49;48;49;;40;83;51;89;82;74;48;48;49;48;40;123;174;263;345;419;467;515;564;612;661
123;SFLLJ00101;40;S;F;L;L;J;0;0;1;0;1;28;15;21;21;19;0;0;1;0;1;83;70;76;76;74;48;48;49;48;49;1G;2N;2A;2G;2H;2E;1O;1P;1Q;1O;1P;52;95;82;88;89;86;60;61;62;60;61;1G;2N;2A;2G;2G;2E;1O;1O;1P;1O;1P;52;95;82;88;88;86;60;60;61;60;61;0;0;0;0;1;0;0;1;1;0;0;40;83;70;76;76;74;48;48;49;48;49;;40;83;70;76;76;74;48;48;49;48;40;123;193;269;345;419;467;515;564;612;661
124;T300000101;40;T;3;0;0;0;0;0;1;0;1;29;3;0;0;0;0;0;1;0;1;84;51;48;48;48;48;48;49;48;49;1G;2O;1R;1O;1P;1O;1P;1O;1P;1O;1P;52;96;63;60;61;60;61;60;61;60;61;1G;2O;1R;1O;1O;1O;1O;1O;1P;1O;1P;52;96;63;60;60;60;60;60;61;60;61;0;0;0;0;1;0;1;0;0;0;0;40;84;51;48;48;48;48;48;49;48;49;;40;84;51;48;48;48;48;48;49;48;40;124;175;223;271;319;367;415;464;512;561
125;V100000101;40;V;1;0;0;0;0;0;1;0;1;31;1;0;0;0;0;0;1;0;1;86;49;48;48;48;48;48;49;48;49;1G;2Q;1P;1O;1P;1O;1P;1O;1P;1O;1P;52;98;61;60;61;60;61;60;61;60;61;1G;2Q;1P;1O;1O;1O;1O;1O;1P;1O;1P;52;98;61;60;60;60;60;60;61;60;61;0;0;0;0;1;0;1;0;0;0;0;40;86;49;48;48;48;48;48;49;48;49;;40;86;49;48;48;48;48;48;49;48;40;126;175;223;271;319;367;415;464;512;561
126;WI8YJ00101;40;W;I;8;Y;J;0;0;1;0;1;32;18;8;34;19;0;0;1;0;1;87;73;56;89;74;48;48;49;48;49;1G;2R;2D;1W;2T;2E;1O;1P;1Q;1O;1P;52;99;85;68;101;86;60;61;62;60;61;1G;2R;2D;1W;2T;2E;1O;1O;1P;1O;1P;52;99;85;68;101;86;60;60;61;60;61;0;0;0;0;0;0;0;1;1;0;0;40;87;73;56;89;74;48;48;49;48;49;;40;87;73;56;89;74;48;48;49;48;40;127;200;256;345;419;467;515;564;612;661
127;1DC0000101;41;1;D;C;0;0;0;0;1;0;1;1;13;12;0;0;0;0;1;0;1;49;68;67;48;48;48;48;49;48;49;1I;1Q;29;28;1P;1Q;1P;1Q;1R;1P;1Q;54;62;81;80;61;62;61;62;63;61;62;1I;1Q;29;28;1P;1P;1P;1P;1Q;1P;1Q;54;62;81;80;61;61;61;61;62;61;62;0;0;0;0;0;1;0;1;1;0;0;41;49;68;67;48;48;48;48;49;48;49;;41;49;68;67;48;48;48;48;49;48;41;90;158;225;273;321;369;417;466;514;563
128;1EB0000101;41;1;E;B;0;0;0;0;1;0;1;1;14;11;0;0;0;0;1;0;1;49;69;66;48;48;48;48;49;48;49;1I;1Q;2A;27;1P;1Q;1P;1Q;1R;1P;1Q;54;62;82;79;61;62;61;62;63;61;62;1I;1Q;2A;27;1P;1P;1P;1P;1Q;1P;1Q;54;62;82;79;61;61;61;61;62;61;62;0;0;0;0;0;1;0;1;1;0;0;41;49;69;66;48;48;48;48;49;48;49;;41;49;69;66;48;48;48;48;49;48;41;90;159;225;273;321;369;417;466;514;563
129;1FA0000101;41;1;F;A;0;0;0;0;1;0;1;1;15;10;0;0;0;0;1;0;1;49;70;65;48;48;48;48;49;48;49;1I;1Q;2B;26;1P;1Q;1P;1Q;1R;1P;1Q;54;62;83;78;61;62;61;62;63;61;62;1I;1Q;2B;26;1P;1P;1P;1P;1Q;1P;1Q;54;62;83;78;61;61;61;61;62;61;62;0;0;0;0;0;1;0;1;1;0;0;41;49;70;65;48;48;48;48;49;48;49;;41;49;70;65;48;48;48;48;49;48;41;90;160;225;273;321;369;417;466;514;563
130;1N90000101;41;1;N;9;0;0;0;0;1;0;1;1;23;9;0;0;0;0;1;0;1;49;78;57;48;48;48;48;49;48;49;1I;1Q;2J;1Y;1P;1Q;1P;1Q;1R;1P;1Q;54;62;91;70;61;62;61;62;63;61;62;1I;1Q;2J;1Y;1P;1P;1P;1P;1Q;1P;1Q;54;62;91;70;61;61;61;61;62;61;62;0;0;0;0;0;1;0;1;1;0;0;41;49;78;57;48;48;48;48;49;48;49;;41;49;78;57;48;48;48;48;49;48;41;90;168;225;273;321;369;417;466;514;563
131;1P70000101;41;1;P;7;0;0;0;0;1;0;1;1;25;7;0;0;0;0;1;0;1;49;80;55;48;48;48;48;49;48;49;1I;1Q;2L;1W;1P;1Q;1P;1Q;1R;1P;1Q;54;62;93;68;61;62;61;62;63;61;62;1I;1Q;2L;1W;1P;1P;1P;1P;1Q;1P;1Q;54;62;93;68;61;61;61;61;62;61;62;0;0;0;0;0;1;0;1;1;0;0;41;49;80;55;48;48;48;48;49;48;49;;41;49;80;55;48;48;48;48;49;48;41;90;170;225;273;321;369;417;466;514;563
132;1Q60000101;41;1;Q;6;0;0;0;0;1;0;1;1;26;6;0;0;0;0;1;0;1;49;81;54;48;48;48;48;49;48;49;1I;1Q;2M;1V;1P;1Q;1P;1Q;1R;1P;1Q;54;62;94;67;61;62;61;62;63;61;62;1I;1Q;2M;1V;1P;1P;1P;1P;1Q;1P;1Q;54;62;94;67;61;61;61;61;62;61;62;0;0;0;0;0;1;0;1;1;0;0;41;49;81;54;48;48;48;48;49;48;49;;41;49;81;54;48;48;48;48;49;48;41;90;171;225;273;321;369;417;466;514;563
133;1R50000101;41;1;R;5;0;0;0;0;1;0;1;1;27;5;0;0;0;0;1;0;1;49;82;53;48;48;48;48;49;48;49;1I;1Q;2N;1U;1P;1Q;1P;1Q;1R;1P;1Q;54;62;95;66;61;62;61;62;63;61;62;1I;1Q;2N;1U;1P;1P;1P;1P;1Q;1P;1Q;54;62;95;66;61;61;61;61;62;61;62;0;0;0;0;0;1;0;1;1;0;0;41;49;82;53;48;48;48;48;49;48;49;;41;49;82;53;48;48;48;48;49;48;41;90;172;225;273;321;369;417;466;514;563
134;1U20000101;41;1;U;2;0;0;0;0;1;0;1;1;30;2;0;0;0;0;1;0;1;49;85;50;48;48;48;48;49;48;49;1I;1Q;2Q;1R;1P;1Q;1P;1Q;1R;1P;1Q;54;62;98;63;61;62;61;62;63;61;62;1I;1Q;2Q;1R;1P;1P;1P;1P;1Q;1P;1Q;54;62;98;63;61;61;61;61;62;61;62;0;0;0;0;0;1;0;1;1;0;0;41;49;85;50;48;48;48;48;49;48;49;;41;49;85;50;48;48;48;48;49;48;41;90;175;225;273;321;369;417;466;514;563
135;1W00000101;41;1;W;0;0;0;0;0;1;0;1;1;32;0;0;0;0;0;1;0;1;49;87;48;48;48;48;48;49;48;49;1I;1Q;2S;1P;1Q;1P;1Q;1P;1Q;1P;1Q;54;62;100;61;62;61;62;61;62;61;62;1I;1Q;2S;1P;1P;1P;1P;1P;1Q;1P;1Q;54;62;100;61;61;61;61;61;62;61;62;0;0;0;0;1;0;1;0;0;0;0;41;49;87;48;48;48;48;48;49;48;49;;41;49;87;48;48;48;48;48;49;48;41;90;177;225;273;321;369;417;466;514;563
136;2BD0000101;41;2;B;D;0;0;0;0;1;0;1;2;11;13;0;0;0;0;1;0;1;50;66;68;48;48;48;48;49;48;49;1I;1R;27;29;1P;1Q;1P;1Q;1R;1P;1Q;54;63;79;81;61;62;61;62;63;61;62;1I;1R;27;29;1P;1P;1P;1P;1Q;1P;1Q;54;63;79;81;61;61;61;61;62;61;62;0;0;0;0;0;1;0;1;1;0;0;41;50;66;68;48;48;48;48;49;48;49;;41;50;66;68;48;48;48;48;49;48;41;91;157;225;273;321;369;417;466;514;563
137;2N80000101;41;2;N;8;0;0;0;0;1;0;1;2;23;8;0;0;0;0;1;0;1;50;78;56;48;48;48;48;49;48;49;1I;1R;2J;1X;1P;1Q;1P;1Q;1R;1P;1Q;54;63;91;69;61;62;61;62;63;61;62;1I;1R;2J;1X;1P;1P;1P;1P;1Q;1P;1Q;54;63;91;69;61;61;61;61;62;61;62;0;0;0;0;0;1;0;1;1;0;0;41;50;78;56;48;48;48;48;49;48;49;;41;50;78;56;48;48;48;48;49;48;41;91;169;225;273;321;369;417;466;514;563
138;2P60000101;41;2;P;6;0;0;0;0;1;0;1;2;25;6;0;0;0;0;1;0;1;50;80;54;48;48;48;48;49;48;49;1I;1R;2L;1V;1P;1Q;1P;1Q;1R;1P;1Q;54;63;93;67;61;62;61;62;63;61;62;1I;1R;2L;1V;1P;1P;1P;1P;1Q;1P;1Q;54;63;93;67;61;61;61;61;62;61;62;0;0;0;0;0;1;0;1;1;0;0;41;50;80;54;48;48;48;48;49;48;49;;41;50;80;54;48;48;48;48;49;48;41;91;171;225;273;321;369;417;466;514;563
139;2T20000101;41;2;T;2;0;0;0;0;1;0;1;2;29;2;0;0;0;0;1;0;1;50;84;50;48;48;48;48;49;48;49;1I;1R;2P;1R;1P;1Q;1P;1Q;1R;1P;1Q;54;63;97;63;61;62;61;62;63;61;62;1I;1R;2P;1R;1P;1P;1P;1P;1Q;1P;1Q;54;63;97;63;61;61;61;61;62;61;62;0;0;0;0;0;1;0;1;1;0;0;41;50;84;50;48;48;48;48;49;48;49;;41;50;84;50;48;48;48;48;49;48;41;91;175;225;273;321;369;417;466;514;563
140;4S10000101;41;4;S;1;0;0;0;0;1;0;1;4;28;1;0;0;0;0;1;0;1;52;83;49;48;48;48;48;49;48;49;1I;1T;2O;1Q;1P;1Q;1P;1Q;1R;1P;1Q;54;65;96;62;61;62;61;62;63;61;62;1I;1T;2O;1Q;1P;1P;1P;1P;1Q;1P;1Q;54;65;96;62;61;61;61;61;62;61;62;0;0;0;0;0;1;0;1;1;0;0;41;52;83;49;48;48;48;48;49;48;49;;41;52;83;49;48;48;48;48;49;48;41;93;176;225;273;321;369;417;466;514;563
141;6L60000101;41;6;L;6;0;0;0;0;1;0;1;6;21;6;0;0;0;0;1;0;1;54;76;54;48;48;48;48;49;48;49;1I;1V;2H;1V;1P;1Q;1P;1Q;1R;1P;1Q;54;67;89;67;61;62;61;62;63;61;62;1I;1V;2H;1V;1P;1P;1P;1P;1Q;1P;1Q;54;67;89;67;61;61;61;61;62;61;62;0;0;0;0;0;1;0;1;1;0;0;41;54;76;54;48;48;48;48;49;48;49;;41;54;76;54;48;48;48;48;49;48;41;95;171;225;273;321;369;417;466;514;563
142;6UOXJ00101;41;6;U;O;X;J;0;0;1;0;1;6;30;24;33;19;0;0;1;0;1;54;85;79;88;74;48;48;49;48;49;1I;1V;2Q;2K;2T;2F;1P;1Q;1R;1P;1Q;54;67;98;92;101;87;61;62;63;61;62;1I;1V;2Q;2K;2T;2F;1P;1P;1Q;1P;1Q;54;67;98;92;101;87;61;61;62;61;62;0;0;0;0;0;0;0;1;1;0;0;41;54;85;79;88;74;48;48;49;48;49;;41;54;85;79;88;74;48;48;49;48;41;95;180;259;347;421;469;517;566;614;663
143;9UQSJ00101;41;9;U;Q;S;J;0;0;1;0;1;9;30;26;28;19;0;0;1;0;1;57;85;81;83;74;48;48;49;48;49;1I;1Y;2Q;2M;2O;2F;1P;1Q;1R;1P;1Q;54;70;98;94;96;87;61;62;63;61;62;1I;1Y;2Q;2M;2O;2F;1P;1P;1Q;1P;1Q;54;70;98;94;96;87;61;61;62;61;62;0;0;0;0;0;0;0;1;1;0;0;41;57;85;81;83;74;48;48;49;48;49;;41;57;85;81;83;74;48;48;49;48;41;98;183;264;347;421;469;517;566;614;663
144;IWEMJ00101;41;I;W;E;M;J;0;0;1;0;1;18;32;14;22;19;0;0;1;0;1;73;87;69;77;74;48;48;49;48;49;1I;2E;2S;2A;2I;2F;1P;1Q;1R;1P;1Q;54;86;100;82;90;87;61;62;63;61;62;1I;2E;2S;2A;2I;2F;1P;1P;1Q;1P;1Q;54;86;100;82;90;87;61;61;62;61;62;0;0;0;0;0;0;0;1;1;0;0;41;73;87;69;77;74;48;48;49;48;49;;41;73;87;69;77;74;48;48;49;48;41;114;201;270;347;421;469;517;566;614;663
145;LHEYJ00101;41;L;H;E;Y;J;0;0;1;0;1;21;17;14;34;19;0;0;1;0;1;76;72;69;89;74;48;48;49;48;49;1I;2H;2D;2A;2U;2F;1P;1Q;1R;1P;1Q;54;89;85;82;102;87;61;62;63;61;62;1I;2H;2D;2A;2U;2F;1P;1P;1Q;1P;1Q;54;89;85;82;102;87;61;61;62;61;62;0;0;0;0;0;0;0;1;1;0;0;41;76;72;69;89;74;48;48;49;48;49;;41;76;72;69;89;74;48;48;49;48;41;117;189;258;347;421;469;517;566;614;663
146;OBPQJ00101;41;O;B;P;Q;J;0;0;1;0;1;24;11;25;26;19;0;0;1;0;1;79;66;80;81;74;48;48;49;48;49;1I;2K;27;2L;2M;2F;1P;1Q;1R;1P;1Q;54;92;79;93;94;87;61;62;63;61;62;1I;2K;27;2L;2M;2F;1P;1P;1Q;1P;1Q;54;92;79;93;94;87;61;61;62;61;62;0;0;0;0;0;0;0;1;1;0;0;41;79;66;80;81;74;48;48;49;48;49;;41;79;66;80;81;74;48;48;49;48;41;120;186;266;347;421;469;517;566;614;663
147;T3YRJ00101;41;T;3;Y;R;J;0;0;1;0;1;29;3;34;27;19;0;0;1;0;1;84;51;89;82;74;48;48;49;48;49;1I;2P;1S;2U;2N;2F;1P;1Q;1R;1P;1Q;54;97;64;102;95;87;61;62;63;61;62;1I;2P;1S;2U;2N;2F;1P;1P;1Q;1P;1Q;54;97;64;102;95;87;61;61;62;61;62;0;0;0;0;0;0;0;1;1;0;0;41;84;51;89;82;74;48;48;49;48;49;;41;84;51;89;82;74;48;48;49;48;41;125;176;265;347;421;469;517;566;614;663
148;V200000101;41;V;2;0;0;0;0;0;1;0;1;31;2;0;0;0;0;0;1;0;1;86;50;48;48;48;48;48;49;48;49;1I;2R;1R;1P;1Q;1P;1Q;1P;1Q;1P;1Q;54;99;63;61;62;61;62;61;62;61;62;1I;2R;1R;1P;1P;1P;1P;1P;1Q;1P;1Q;54;99;63;61;61;61;61;61;62;61;62;0;0;0;0;1;0;1;0;0;0;0;41;86;50;48;48;48;48;48;49;48;49;;41;86;50;48;48;48;48;48;49;48;41;127;177;225;273;321;369;417;466;514;563
149;1DD0000101;42;1;D;D;0;0;0;0;1;0;1;1;13;13;0;0;0;0;1;0;1;49;68;68;48;48;48;48;49;48;49;1K;1R;2A;2B;1Q;1R;1Q;1R;1S;1Q;1R;56;63;82;83;62;63;62;63;64;62;63;1K;1R;2A;2A;1Q;1Q;1Q;1Q;1R;1Q;1R;56;63;82;82;62;62;62;62;63;62;63;0;0;0;1;0;1;0;1;1;0;0;42;49;68;68;48;48;48;48;49;48;49;;42;49;68;68;48;48;48;48;49;48;42;91;159;227;275;323;371;419;468;516;565
150;1EC0000101;42;1;E;C;0;0;0;0;1;0;1;1;14;12;0;0;0;0;1;0;1;49;69;67;48;48;48;48;49;48;49;1K;1R;2B;29;1Q;1R;1Q;1R;1S;1Q;1R;56;63;83;81;62;63;62;63;64;62;63;1K;1R;2B;29;1Q;1Q;1Q;1Q;1R;1Q;1R;56;63;83;81;62;62;62;62;63;62;63;0;0;0;0;0;1;0;1;1;0;0;42;49;69;67;48;48;48;48;49;48;49;;42;49;69;67;48;48;48;48;49;48;42;91;160;227;275;323;371;419;468;516;565
151;1GA0000101;42;1;G;A;0;0;0;0;1;0;1;1;16;10;0;0;0;0;1;0;1;49;71;65;48;48;48;48;49;48;49;1K;1R;2D;27;1Q;1R;1Q;1R;1S;1Q;1R;56;63;85;79;62;63;62;63;64;62;63;1K;1R;2D;27;1Q;1Q;1Q;1Q;1R;1Q;1R;56;63;85;79;62;62;62;62;63;62;63;0;0;0;0;0;1;0;1;1;0;0;42;49;71;65;48;48;48;48;49;48;49;;42;49;71;65;48;48;48;48;49;48;42;91;162;227;275;323;371;419;468;516;565
152;1O90000101;42;1;O;9;0;0;0;0;1;0;1;1;24;9;0;0;0;0;1;0;1;49;79;57;48;48;48;48;49;48;49;1K;1R;2L;1Z;1Q;1R;1Q;1R;1S;1Q;1R;56;63;93;71;62;63;62;63;64;62;63;1K;1R;2L;1Z;1Q;1Q;1Q;1Q;1R;1Q;1R;56;63;93;71;62;62;62;62;63;62;63;0;0;0;0;0;1;0;1;1;0;0;42;49;79;57;48;48;48;48;49;48;49;;42;49;79;57;48;48;48;48;49;48;42;91;170;227;275;323;371;419;468;516;565
153;1P80000101;42;1;P;8;0;0;0;0;1;0;1;1;25;8;0;0;0;0;1;0;1;49;80;56;48;48;48;48;49;48;49;1K;1R;2M;1Y;1Q;1R;1Q;1R;1S;1Q;1R;56;63;94;70;62;63;62;63;64;62;63;1K;1R;2M;1Y;1Q;1Q;1Q;1Q;1R;1Q;1R;56;63;94;70;62;62;62;62;63;62;63;0;0;0;0;0;1;0;1;1;0;0;42;49;80;56;48;48;48;48;49;48;49;;42;49;80;56;48;48;48;48;49;48;42;91;171;227;275;323;371;419;468;516;565
154;1Q70000101;42;1;Q;7;0;0;0;0;1;0;1;1;26;7;0;0;0;0;1;0;1;49;81;55;48;48;48;48;49;48;49;1K;1R;2N;1X;1Q;1R;1Q;1R;1S;1Q;1R;56;63;95;69;62;63;62;63;64;62;63;1K;1R;2N;1X;1Q;1Q;1Q;1Q;1R;1Q;1R;56;63;95;69;62;62;62;62;63;62;63;0;0;0;0;0;1;0;1;1;0;0;42;49;81;55;48;48;48;48;49;48;49;;42;49;81;55;48;48;48;48;49;48;42;91;172;227;275;323;371;419;468;516;565
155;1R60000101;42;1;R;6;0;0;0;0;1;0;1;1;27;6;0;0;0;0;1;0;1;49;82;54;48;48;48;48;49;48;49;1K;1R;2O;1W;1Q;1R;1Q;1R;1S;1Q;1R;56;63;96;68;62;63;62;63;64;62;63;1K;1R;2O;1W;1Q;1Q;1Q;1Q;1R;1Q;1R;56;63;96;68;62;62;62;62;63;62;63;0;0;0;0;0;1;0;1;1;0;0;42;49;82;54;48;48;48;48;49;48;49;;42;49;82;54;48;48;48;48;49;48;42;91;173;227;275;323;371;419;468;516;565
156;1S50000101;42;1;S;5;0;0;0;0;1;0;1;1;28;5;0;0;0;0;1;0;1;49;83;53;48;48;48;48;49;48;49;1K;1R;2P;1V;1Q;1R;1Q;1R;1S;1Q;1R;56;63;97;67;62;63;62;63;64;62;63;1K;1R;2P;1V;1Q;1Q;1Q;1Q;1R;1Q;1R;56;63;97;67;62;62;62;62;63;62;63;0;0;0;0;0;1;0;1;1;0;0;42;49;83;53;48;48;48;48;49;48;49;;42;49;83;53;48;48;48;48;49;48;42;91;174;227;275;323;371;419;468;516;565
157;1U30000101;42;1;U;3;0;0;0;0;1;0;1;1;30;3;0;0;0;0;1;0;1;49;85;51;48;48;48;48;49;48;49;1K;1R;2R;1T;1Q;1R;1Q;1R;1S;1Q;1R;56;63;99;65;62;63;62;63;64;62;63;1K;1R;2R;1T;1Q;1Q;1Q;1Q;1R;1Q;1R;56;63;99;65;62;62;62;62;63;62;63;0;0;0;0;0;1;0;1;1;0;0;42;49;85;51;48;48;48;48;49;48;49;;42;49;85;51;48;48;48;48;49;48;42;91;176;227;275;323;371;419;468;516;565
158;2FA0000101;42;2;F;A;0;0;0;0;1;0;1;2;15;10;0;0;0;0;1;0;1;50;70;65;48;48;48;48;49;48;49;1K;1S;2C;27;1Q;1R;1Q;1R;1S;1Q;1R;56;64;84;79;62;63;62;63;64;62;63;1K;1S;2C;27;1Q;1Q;1Q;1Q;1R;1Q;1R;56;64;84;79;62;62;62;62;63;62;63;0;0;0;0;0;1;0;1;1;0;0;42;50;70;65;48;48;48;48;49;48;49;;42;50;70;65;48;48;48;48;49;48;42;92;162;227;275;323;371;419;468;516;565
159;2P70000101;42;2;P;7;0;0;0;0;1;0;1;2;25;7;0;0;0;0;1;0;1;50;80;55;48;48;48;48;49;48;49;1K;1S;2M;1X;1Q;1R;1Q;1R;1S;1Q;1R;56;64;94;69;62;63;62;63;64;62;63;1K;1S;2M;1X;1Q;1Q;1Q;1Q;1R;1Q;1R;56;64;94;69;62;62;62;62;63;62;63;0;0;0;0;0;1;0;1;1;0;0;42;50;80;55;48;48;48;48;49;48;49;;42;50;80;55;48;48;48;48;49;48;42;92;172;227;275;323;371;419;468;516;565
160;2V10000101;42;2;V;1;0;0;0;0;1;0;1;2;31;1;0;0;0;0;1;0;1;50;86;49;48;48;48;48;49;48;49;1K;1S;2S;1R;1Q;1R;1Q;1R;1S;1Q;1R;56;64;100;63;62;63;62;63;64;62;63;1K;1S;2S;1R;1Q;1Q;1Q;1Q;1R;1Q;1R;56;64;100;63;62;62;62;62;63;62;63;0;0;0;0;0;1;0;1;1;0;0;42;50;86;49;48;48;48;48;49;48;49;;42;50;86;49;48;48;48;48;49;48;42;92;178;227;275;323;371;419;468;516;565
161;5S10000101;42;5;S;1;0;0;0;0;1;0;1;5;28;1;0;0;0;0;1;0;1;53;83;49;48;48;48;48;49;48;49;1K;1V;2P;1R;1Q;1R;1Q;1R;1S;1Q;1R;56;67;97;63;62;63;62;63;64;62;63;1K;1V;2P;1R;1Q;1Q;1Q;1Q;1R;1Q;1R;56;67;97;63;62;62;62;62;63;62;63;0;0;0;0;0;1;0;1;1;0;0;42;53;83;49;48;48;48;48;49;48;49;;42;53;83;49;48;48;48;48;49;48;42;95;178;227;275;323;371;419;468;516;565
162;U3YRJ00101;42;U;3;Y;R;J;0;0;1;0;1;30;3;34;27;19;0;0;1;0;1;85;51;89;82;74;48;48;49;48;49;1K;2R;1T;2V;2O;2G;1Q;1R;1S;1Q;1R;56;99;65;103;96;88;62;63;64;62;63;1K;2R;1T;2V;2O;2G;1Q;1Q;1R;1Q;1R;56;99;65;103;96;88;62;62;63;62;63;0;0;0;0;0;0;0;1;1;0;0;42;85;51;89;82;74;48;48;49;48;49;;42;85;51;89;82;74;48;48;49;48;42;127;178;267;349;423;471;519;568;616;665
163;U400000101;42;U;4;0;0;0;0;0;1;0;1;30;4;0;0;0;0;0;1;0;1;85;52;48;48;48;48;48;49;48;49;1K;2R;1U;1Q;1R;1Q;1R;1Q;1R;1Q;1R;56;99;66;62;63;62;63;62;63;62;63;1K;2R;1U;1Q;1Q;1Q;1Q;1Q;1R;1Q;1R;56;99;66;62;62;62;62;62;63;62;63;0;0;0;0;1;0;1;0;0;0;0;42;85;52;48;48;48;48;48;49;48;49;;42;85;52;48;48;48;48;48;49;48;42;127;179;227;275;323;371;419;468;516;565
164;VBLOJ00101;42;V;B;L;O;J;0;0;1;0;1;31;11;21;24;19;0;0;1;0;1;86;66;76;79;74;48;48;49;48;49;1K;2S;28;2I;2L;2G;1Q;1R;1S;1Q;1R;56;100;80;90;93;88;62;63;64;62;63;1K;2S;28;2I;2L;2G;1Q;1Q;1R;1Q;1R;56;100;80;90;93;88;62;62;63;62;63;0;0;0;0;0;0;0;1;1;0;0;42;86;66;76;79;74;48;48;49;48;49;;42;86;66;76;79;74;48;48;49;48;42;128;194;270;349;423;471;519;568;616;665
165;W200000101;42;W;2;0;0;0;0;0;1;0;1;32;2;0;0;0;0;0;1;0;1;87;50;48;48;48;48;48;49;48;49;1K;2T;1S;1Q;1R;1Q;1R;1Q;1R;1Q;1R;56;101;64;62;63;62;63;62;63;62;63;1K;2T;1S;1Q;1Q;1Q;1Q;1Q;1R;1Q;1R;56;101;64;62;62;62;62;62;63;62;63;0;0;0;0;1;0;1;0;0;0;0;42;87;50;48;48;48;48;48;49;48;49;;42;87;50;48;48;48;48;48;49;48;42;129;179;227;275;323;371;419;468;516;565
166;1HA0000101;43;1;H;A;0;0;0;0;1;0;1;1;17;10;0;0;0;0;1;0;1;49;72;65;48;48;48;48;49;48;49;1M;1S;2F;28;1R;1S;1R;1S;1T;1R;1S;58;64;87;80;63;64;63;64;65;63;64;1M;1S;2F;28;1R;1R;1R;1R;1S;1R;1S;58;64;87;80;63;63;63;63;64;63;64;0;0;0;0;0;1;0;1;1;0;0;43;49;72;65;48;48;48;48;49;48;49;;43;49;72;65;48;48;48;48;49;48;43;92;164;229;277;325;373;421;470;518;567
167;1P90000101;43;1;P;9;0;0;0;0;1;0;1;1;25;9;0;0;0;0;1;0;1;49;80;57;48;48;48;48;49;48;49;1M;1S;2N;20;1R;1S;1R;1S;1T;1R;1S;58;64;95;72;63;64;63;64;65;63;64;1M;1S;2N;20;1R;1R;1R;1R;1S;1R;1S;58;64;95;72;63;63;63;63;64;63;64;0;0;0;0;0;1;0;1;1;0;0;43;49;80;57;48;48;48;48;49;48;49;;43;49;80;57;48;48;48;48;49;48;43;92;172;229;277;325;373;421;470;518;567
168;1T50000101;43;1;T;5;0;0;0;0;1;0;1;1;29;5;0;0;0;0;1;0;1;49;84;53;48;48;48;48;49;48;49;1M;1S;2R;1W;1R;1S;1R;1S;1T;1R;1S;58;64;99;68;63;64;63;64;65;63;64;1M;1S;2R;1W;1R;1R;1R;1R;1S;1R;1S;58;64;99;68;63;63;63;63;64;63;64;0;0;0;0;0;1;0;1;1;0;0;43;49;84;53;48;48;48;48;49;48;49;;43;49;84;53;48;48;48;48;49;48;43;92;176;229;277;325;373;421;470;518;567
169;1U40000101;43;1;U;4;0;0;0;0;1;0;1;1;30;4;0;0;0;0;1;0;1;49;85;52;48;48;48;48;49;48;49;1M;1S;2S;1V;1R;1S;1R;1S;1T;1R;1S;58;64;100;67;63;64;63;64;65;63;64;1M;1S;2S;1V;1R;1R;1R;1R;1S;1R;1S;58;64;100;67;63;63;63;63;64;63;64;0;0;0;0;0;1;0;1;1;0;0;43;49;85;52;48;48;48;48;49;48;49;;43;49;85;52;48;48;48;48;49;48;43;92;177;229;277;325;373;421;470;518;567
170;2O90000101;43;2;O;9;0;0;0;0;1;0;1;2;24;9;0;0;0;0;1;0;1;50;79;57;48;48;48;48;49;48;49;1M;1T;2M;20;1R;1S;1R;1S;1T;1R;1S;58;65;94;72;63;64;63;64;65;63;64;1M;1T;2M;20;1R;1R;1R;1R;1S;1R;1S;58;65;94;72;63;63;63;63;64;63;64;0;0;0;0;0;1;0;1;1;0;0;43;50;79;57;48;48;48;48;49;48;49;;43;50;79;57;48;48;48;48;49;48;43;93;172;229;277;325;373;421;470;518;567
171;2P80000101;43;2;P;8;0;0;0;0;1;0;1;2;25;8;0;0;0;0;1;0;1;50;80;56;48;48;48;48;49;48;49;1M;1T;2N;1Z;1R;1S;1R;1S;1T;1R;1S;58;65;95;71;63;64;63;64;65;63;64;1M;1T;2N;1Z;1R;1R;1R;1R;1S;1R;1S;58;65;95;71;63;63;63;63;64;63;64;0;0;0;0;0;1;0;1;1;0;0;43;50;80;56;48;48;48;48;49;48;49;;43;50;80;56;48;48;48;48;49;48;43;93;173;229;277;325;373;421;470;518;567
172;2S50000101;43;2;S;5;0;0;0;0;1;0;1;2;28;5;0;0;0;0;1;0;1;50;83;53;48;48;48;48;49;48;49;1M;1T;2Q;1W;1R;1S;1R;1S;1T;1R;1S;58;65;98;68;63;64;63;64;65;63;64;1M;1T;2Q;1W;1R;1R;1R;1R;1S;1R;1S;58;65;98;68;63;63;63;63;64;63;64;0;0;0;0;0;1;0;1;1;0;0;43;50;83;53;48;48;48;48;49;48;49;;43;50;83;53;48;48;48;48;49;48;43;93;176;229;277;325;373;421;470;518;567
173;3P70000101;43;3;P;7;0;0;0;0;1;0;1;3;25;7;0;0;0;0;1;0;1;51;80;55;48;48;48;48;49;48;49;1M;1U;2N;1Y;1R;1S;1R;1S;1T;1R;1S;58;66;95;70;63;64;63;64;65;63;64;1M;1U;2N;1Y;1R;1R;1R;1R;1S;1R;1S;58;66;95;70;63;63;63;63;64;63;64;0;0;0;0;0;1;0;1;1;0;0;43;51;80;55;48;48;48;48;49;48;49;;43;51;80;55;48;48;48;48;49;48;43;94;174;229;277;325;373;421;470;518;567
174;3V10000101;43;3;V;1;0;0;0;0;1;0;1;3;31;1;0;0;0;0;1;0;1;51;86;49;48;48;48;48;49;48;49;1M;1U;2T;1S;1R;1S;1R;1S;1T;1R;1S;58;66;101;64;63;64;63;64;65;63;64;1M;1U;2T;1S;1R;1R;1R;1R;1S;1R;1S;58;66;101;64;63;63;63;63;64;63;64;0;0;0;0;0;1;0;1;1;0;0;43;51;86;49;48;48;48;48;49;48;49;;43;51;86;49;48;48;48;48;49;48;43;94;180;229;277;325;373;421;470;518;567
175;EXCTJ00101;43;E;X;C;T;J;0;0;1;0;1;14;33;12;29;19;0;0;1;0;1;69;88;67;84;74;48;48;49;48;49;1M;2C;2V;2A;2R;2H;1R;1S;1T;1R;1S;58;84;103;82;99;89;63;64;65;63;64;1M;2C;2V;2A;2R;2H;1R;1R;1S;1R;1S;58;84;103;82;99;89;63;63;64;63;64;0;0;0;0;0;0;0;1;1;0;0;43;69;88;67;84;74;48;48;49;48;49;;43;69;88;67;84;74;48;48;49;48;43;112;200;267;351;425;473;521;570;618;667
176;VAONJ00101;43;V;A;O;N;J;0;0;1;0;1;31;10;24;23;19;0;0;1;0;1;86;65;79;78;74;48;48;49;48;49;1M;2T;28;2M;2L;2H;1R;1S;1T;1R;1S;58;101;80;94;93;89;63;64;65;63;64;1M;2T;28;2M;2L;2H;1R;1R;1S;1R;1S;58;101;80;94;93;89;63;63;64;63;64;0;0;0;0;0;0;0;1;1;0;0;43;86;65;79;78;74;48;48;49;48;49;;43;86;65;79;78;74;48;48;49;48;43;129;194;273;351;425;473;521;570;618;667
177;X200000101;43;X;2;0;0;0;0;0;1;0;1;33;2;0;0;0;0;0;1;0;1;88;50;48;48;48;48;48;49;48;49;1M;2V;1T;1R;1S;1R;1S;1R;1S;1R;1S;58;103;65;63;64;63;64;63;64;63;64;1M;2V;1T;1R;1R;1R;1R;1R;1S;1R;1S;58;103;65;63;63;63;63;63;64;63;64;0;0;0;0;1;0;1;0;0;0;0;43;88;50;48;48;48;48;48;49;48;49;;43;88;50;48;48;48;48;48;49;48;43;131;181;229;277;325;373;421;470;518;567
178;1GC0000101;44;1;G;C;0;0;0;0;1;0;1;1;16;12;0;0;0;0;1;0;1;49;71;67;48;48;48;48;49;48;49;1O;1T;2F;2B;1S;1T;1S;1T;1U;1S;1T;60;65;87;83;64;65;64;65;66;64;65;1O;1T;2F;2B;1S;1S;1S;1S;1T;1S;1T;60;65;87;83;64;64;64;64;65;64;65;0;0;0;0;0;1;0;1;1;0;0;44;49;71;67;48;48;48;48;49;48;49;;44;49;71;67;48;48;48;48;49;48;44;93;164;231;279;327;375;423;472;520;569
179;1Y10000101;44;1;Y;1;0;0;0;0;1;0;1;1;34;1;0;0;0;0;1;0;1;49;89;49;48;48;48;48;49;48;49;1O;1T;2X;1T;1S;1T;1S;1T;1U;1S;1T;60;65;105;65;64;65;64;65;66;64;65;1O;1T;2X;1T;1S;1S;1S;1S;1T;1S;1T;60;65;105;65;64;64;64;64;65;64;65;0;0;0;0;0;1;0;1;1;0;0;44;49;89;49;48;48;48;48;49;48;49;;44;49;89;49;48;48;48;48;49;48;44;93;182;231;279;327;375;423;472;520;569
180;2P90000101;44;2;P;9;0;0;0;0;1;0;1;2;25;9;0;0;0;0;1;0;1;50;80;57;48;48;48;48;49;48;49;1O;1U;2O;21;1S;1T;1S;1T;1U;1S;1T;60;66;96;73;64;65;64;65;66;64;65;1O;1U;2O;21;1S;1S;1S;1S;1T;1S;1T;60;66;96;73;64;64;64;64;65;64;65;0;0;0;0;0;1;0;1;1;0;0;44;50;80;57;48;48;48;48;49;48;49;;44;50;80;57;48;48;48;48;49;48;44;94;174;231;279;327;375;423;472;520;569
181;S9WRJ00101;44;S;9;W;R;J;0;0;1;0;1;28;9;32;27;19;0;0;1;0;1;83;57;87;82;74;48;48;49;48;49;1O;2R;21;2V;2Q;2I;1S;1T;1U;1S;1T;60;99;73;103;98;90;64;65;66;64;65;1O;2R;21;2V;2Q;2I;1S;1S;1T;1S;1T;60;99;73;103;98;90;64;64;65;64;65;0;0;0;0;0;0;0;1;1;0;0;44;83;57;87;82;74;48;48;49;48;49;;44;83;57;87;82;74;48;48;49;48;44;127;184;271;353;427;475;523;572;620;669
182;Y200000101;44;Y;2;0;0;0;0;0;1;0;1;34;2;0;0;0;0;0;1;0;1;89;50;48;48;48;48;48;49;48;49;1O;2X;1U;1S;1T;1S;1T;1S;1T;1S;1T;60;105;66;64;65;64;65;64;65;64;65;1O;2X;1U;1S;1S;1S;1S;1S;1T;1S;1T;60;105;66;64;64;64;64;64;65;64;65;0;0;0;0;1;0;1;0;0;0;0;44;89;50;48;48;48;48;48;49;48;49;;44;89;50;48;48;48;48;48;49;48;44;133;183;231;279;327;375;423;472;520;569
183;1S80000101;45;1;S;8;0;0;0;0;1;0;1;1;28;8;0;0;0;0;1;0;1;49;83;56;48;48;48;48;49;48;49;1Q;1U;2S;21;1T;1U;1T;1U;1V;1T;1U;62;66;100;73;65;66;65;66;67;65;66;1Q;1U;2S;21;1T;1T;1T;1T;1U;1T;1U;62;66;100;73;65;65;65;65;66;65;66;0;0;0;0;0;1;0;1;1;0;0;45;49;83;56;48;48;48;48;49;48;49;;45;49;83;56;48;48;48;48;49;48;45;94;177;233;281;329;377;425;474;522;571
184;1T70000101;45;1;T;7;0;0;0;0;1;0;1;1;29;7;0;0;0;0;1;0;1;49;84;55;48;48;48;48;49;48;49;1Q;1U;2T;20;1T;1U;1T;1U;1V;1T;1U;62;66;101;72;65;66;65;66;67;65;66;1Q;1U;2T;20;1T;1T;1T;1T;1U;1T;1U;62;66;101;72;65;65;65;65;66;65;66;0;0;0;0;0;1;0;1;1;0;0;45;49;84;55;48;48;48;48;49;48;49;;45;49;84;55;48;48;48;48;49;48;45;94;178;233;281;329;377;425;474;522;571
185;1X30000101;45;1;X;3;0;0;0;0;1;0;1;1;33;3;0;0;0;0;1;0;1;49;88;51;48;48;48;48;49;48;49;1Q;1U;2X;1W;1T;1U;1T;1U;1V;1T;1U;62;66;105;68;65;66;65;66;67;65;66;1Q;1U;2X;1W;1T;1T;1T;1T;1U;1T;1U;62;66;105;68;65;65;65;65;66;65;66;0;0;0;0;0;1;0;1;1;0;0;45;49;88;51;48;48;48;48;49;48;49;;45;49;88;51;48;48;48;48;49;48;45;94;182;233;281;329;377;425;474;522;571
186;1Y20000101;45;1;Y;2;0;0;0;0;1;0;1;1;34;2;0;0;0;0;1;0;1;49;89;50;48;48;48;48;49;48;49;1Q;1U;2Y;1V;1T;1U;1T;1U;1V;1T;1U;62;66;106;67;65;66;65;66;67;65;66;1Q;1U;2Y;1V;1T;1T;1T;1T;1U;1T;1U;62;66;106;67;65;65;65;65;66;65;66;0;0;0;0;0;1;0;1;1;0;0;45;49;89;50;48;48;48;48;49;48;49;;45;49;89;50;48;48;48;48;49;48;45;94;183;233;281;329;377;425;474;522;571
187;2GC0000101;45;2;G;C;0;0;0;0;1;0;1;2;16;12;0;0;0;0;1;0;1;50;71;67;48;48;48;48;49;48;49;1Q;1V;2G;2C;1T;1U;1T;1U;1V;1T;1U;62;67;88;84;65;66;65;66;67;65;66;1Q;1V;2G;2C;1T;1T;1T;1T;1U;1T;1U;62;67;88;84;65;65;65;65;66;65;66;0;0;0;0;0;1;0;1;1;0;0;45;50;71;67;48;48;48;48;49;48;49;;45;50;71;67;48;48;48;48;49;48;45;95;166;233;281;329;377;425;474;522;571
188;2R80000101;45;2;R;8;0;0;0;0;1;0;1;2;27;8;0;0;0;0;1;0;1;50;82;56;48;48;48;48;49;48;49;1Q;1V;2R;21;1T;1U;1T;1U;1V;1T;1U;62;67;99;73;65;66;65;66;67;65;66;1Q;1V;2R;21;1T;1T;1T;1T;1U;1T;1U;62;67;99;73;65;65;65;65;66;65;66;0;0;0;0;0;1;0;1;1;0;0;45;50;82;56;48;48;48;48;49;48;49;;45;50;82;56;48;48;48;48;49;48;45;95;177;233;281;329;377;425;474;522;571
189;ONIPJ00101;45;O;N;I;P;J;0;0;1;0;1;24;23;18;25;19;0;0;1;0;1;79;78;73;80;74;48;48;49;48;49;1Q;2O;2N;2I;2P;2J;1T;1U;1V;1T;1U;62;96;95;90;97;91;65;66;67;65;66;1Q;2O;2N;2I;2P;2J;1T;1T;1U;1T;1U;62;96;95;90;97;91;65;65;66;65;66;0;0;0;0;0;0;0;1;1;0;0;45;79;78;73;80;74;48;48;49;48;49;;45;79;78;73;80;74;48;48;49;48;45;124;202;275;355;429;477;525;574;622;671
190;Z200000101;45;Z;2;0;0;0;0;0;1;0;1;35;2;0;0;0;0;0;1;0;1;90;50;48;48;48;48;48;49;48;49;1Q;2Z;1V;1T;1U;1T;1U;1T;1U;1T;1U;62;107;67;65;66;65;66;65;66;65;66;1Q;2Z;1V;1T;1T;1T;1T;1T;1U;1T;1U;62;107;67;65;65;65;65;65;66;65;66;0;0;0;0;1;0;1;0;0;0;0;45;90;50;48;48;48;48;48;49;48;49;;45;90;50;48;48;48;48;48;49;48;45;135;185;233;281;329;377;425;474;522;571
191;1T80000101;46;1;T;8;0;0;0;0;1;0;1;1;29;8;0;0;0;0;1;0;1;49;84;56;48;48;48;48;49;48;49;1S;1V;2U;22;1U;1V;1U;1V;1W;1U;1V;64;67;102;74;66;67;66;67;68;66;67;1S;1V;2U;22;1U;1U;1U;1U;1V;1U;1V;64;67;102;74;66;66;66;66;67;66;67;0;0;0;0;0;1;0;1;1;0;0;46;49;84;56;48;48;48;48;49;48;49;;46;49;84;56;48;48;48;48;49;48;46;95;179;235;283;331;379;427;476;524;573
192;1U70000101;46;1;U;7;0;0;0;0;1;0;1;1;30;7;0;0;0;0;1;0;1;49;85;55;48;48;48;48;49;48;49;1S;1V;2V;21;1U;1V;1U;1V;1W;1U;1V;64;67;103;73;66;67;66;67;68;66;67;1S;1V;2V;21;1U;1U;1U;1U;1V;1U;1V;64;67;103;73;66;66;66;66;67;66;67;0;0;0;0;0;1;0;1;1;0;0;46;49;85;55;48;48;48;48;49;48;49;;46;49;85;55;48;48;48;48;49;48;46;95;180;235;283;331;379;427;476;524;573
193;1X40000101;46;1;X;4;0;0;0;0;1;0;1;1;33;4;0;0;0;0;1;0;1;49;88;52;48;48;48;48;49;48;49;1S;1V;2Y;1Y;1U;1V;1U;1V;1W;1U;1V;64;67;106;70;66;67;66;67;68;66;67;1S;1V;2Y;1Y;1U;1U;1U;1U;1V;1U;1V;64;67;106;70;66;66;66;66;67;66;67;0;0;0;0;0;1;0;1;1;0;0;46;49;88;52;48;48;48;48;49;48;49;;46;49;88;52;48;48;48;48;49;48;46;95;183;235;283;331;379;427;476;524;573
194;2JA0000101;46;2;J;A;0;0;0;0;1;0;1;2;19;10;0;0;0;0;1;0;1;50;74;65;48;48;48;48;49;48;49;1S;1W;2K;2B;1U;1V;1U;1V;1W;1U;1V;64;68;92;83;66;67;66;67;68;66;67;1S;1W;2K;2B;1U;1U;1U;1U;1V;1U;1V;64;68;92;83;66;66;66;66;67;66;67;0;0;0;0;0;1;0;1;1;0;0;46;50;74;65;48;48;48;48;49;48;49;;46;50;74;65;48;48;48;48;49;48;46;96;170;235;283;331;379;427;476;524;573
195;3R80000101;46;3;R;8;0;0;0;0;1;0;1;3;27;8;0;0;0;0;1;0;1;51;82;56;48;48;48;48;49;48;49;1S;1X;2S;22;1U;1V;1U;1V;1W;1U;1V;64;69;100;74;66;67;66;67;68;66;67;1S;1X;2S;22;1U;1U;1U;1U;1V;1U;1V;64;69;100;74;66;66;66;66;67;66;67;0;0;0;0;0;1;0;1;1;0;0;46;51;82;56;48;48;48;48;49;48;49;;46;51;82;56;48;48;48;48;49;48;46;97;179;235;283;331;379;427;476;524;573
196;6V10000101;46;6;V;1;0;0;0;0;1;0;1;6;31;1;0;0;0;0;1;0;1;54;86;49;48;48;48;48;49;48;49;1S;20;2W;1V;1U;1V;1U;1V;1W;1U;1V;64;72;104;67;66;67;66;67;68;66;67;1S;20;2W;1V;1U;1U;1U;1U;1V;1U;1V;64;72;104;67;66;66;66;66;67;66;67;0;0;0;0;0;1;0;1;1;0;0;46;54;86;49;48;48;48;48;49;48;49;;46;54;86;49;48;48;48;48;49;48;46;100;186;235;283;331;379;427;476;524;573
197;QUDMJ00101;46;Q;U;D;M;J;0;0;1;0;1;26;30;13;22;19;0;0;1;0;1;81;85;68;77;74;48;48;49;48;49;1S;2R;2V;2E;2N;2K;1U;1V;1W;1U;1V;64;99;103;86;95;92;66;67;68;66;67;1S;2R;2V;2E;2N;2K;1U;1U;1V;1U;1V;64;99;103;86;95;92;66;66;67;66;67;0;0;0;0;0;0;0;1;1;0;0;46;81;85;68;77;74;48;48;49;48;49;;46;81;85;68;77;74;48;48;49;48;46;127;212;280;357;431;479;527;576;624;673
198;Z300000101;46;Z;3;0;0;0;0;0;1;0;1;35;3;0;0;0;0;0;1;0;1;90;51;48;48;48;48;48;49;48;49;1S;30;1X;1U;1V;1U;1V;1U;1V;1U;1V;64;108;69;66;67;66;67;66;67;66;67;1S;30;1X;1U;1U;1U;1U;1U;1V;1U;1V;64;108;69;66;66;66;66;66;67;66;67;0;0;0;0;1;0;1;0;0;0;0;46;90;51;48;48;48;48;48;49;48;49;;46;90;51;48;48;48;48;48;49;48;46;136;187;235;283;331;379;427;476;524;573
199;1JC0000101;47;1;J;C;0;0;0;0;1;0;1;1;19;12;0;0;0;0;1;0;1;49;74;67;48;48;48;48;49;48;49;1U;1W;2L;2E;1V;1W;1V;1W;1X;1V;1W;66;68;93;86;67;68;67;68;69;67;68;1U;1W;2L;2E;1V;1V;1V;1V;1W;1V;1W;66;68;93;86;67;67;67;67;68;67;68;0;0;0;0;0;1;0;1;1;0;0;47;49;74;67;48;48;48;48;49;48;49;;47;49;74;67;48;48;48;48;49;48;47;96;170;237;285;333;381;429;478;526;575
200;1LA0000101;47;1;L;A;0;0;0;0;1;0;1;1;21;10;0;0;0;0;1;0;1;49;76;65;48;48;48;48;49;48;49;1U;1W;2N;2C;1V;1W;1V;1W;1X;1V;1W;66;68;95;84;67;68;67;68;69;67;68;1U;1W;2N;2C;1V;1V;1V;1V;1W;1V;1W;66;68;95;84;67;67;67;67;68;67;68;0;0;0;0;0;1;0;1;1;0;0;47;49;76;65;48;48;48;48;49;48;49;;47;49;76;65;48;48;48;48;49;48;47;96;172;237;285;333;381;429;478;526;575
201;1U80000101;47;1;U;8;0;0;0;0;1;0;1;1;30;8;0;0;0;0;1;0;1;49;85;56;48;48;48;48;49;48;49;1U;1W;2W;23;1V;1W;1V;1W;1X;1V;1W;66;68;104;75;67;68;67;68;69;67;68;1U;1W;2W;23;1V;1V;1V;1V;1W;1V;1W;66;68;104;75;67;67;67;67;68;67;68;0;0;0;0;0;1;0;1;1;0;0;47;49;85;56;48;48;48;48;49;48;49;;47;49;85;56;48;48;48;48;49;48;47;96;181;237;285;333;381;429;478;526;575
202;1V70000101;47;1;V;7;0;0;0;0;1;0;1;1;31;7;0;0;0;0;1;0;1;49;86;55;48;48;48;48;49;48;49;1U;1W;2X;22;1V;1W;1V;1W;1X;1V;1W;66;68;105;74;67;68;67;68;69;67;68;1U;1W;2X;22;1V;1V;1V;1V;1W;1V;1W;66;68;105;74;67;67;67;67;68;67;68;0;0;0;0;0;1;0;1;1;0;0;47;49;86;55;48;48;48;48;49;48;49;;47;49;86;55;48;48;48;48;49;48;47;96;182;237;285;333;381;429;478;526;575
203;5X10000101;47;5;X;1;0;0;0;0;1;0;1;5;33;1;0;0;0;0;1;0;1;53;88;49;48;48;48;48;49;48;49;1U;20;2Z;1W;1V;1W;1V;1W;1X;1V;1W;66;72;107;68;67;68;67;68;69;67;68;1U;20;2Z;1W;1V;1V;1V;1V;1W;1V;1W;66;72;107;68;67;67;67;67;68;67;68;0;0;0;0;0;1;0;1;1;0;0;47;53;88;49;48;48;48;48;49;48;49;;47;53;88;49;48;48;48;48;49;48;47;100;188;237;285;333;381;429;478;526;575
204;NQFSJ00101;47;N;Q;F;S;J;0;0;1;0;1;23;26;15;28;19;0;0;1;0;1;78;81;70;83;74;48;48;49;48;49;1U;2P;2S;2H;2U;2L;1V;1W;1X;1V;1W;66;97;100;89;102;93;67;68;69;67;68;1U;2P;2S;2H;2U;2L;1V;1V;1W;1V;1W;66;97;100;89;102;93;67;67;68;67;68;0;0;0;0;0;0;0;1;1;0;0;47;78;81;70;83;74;48;48;49;48;49;;47;78;81;70;83;74;48;48;49;48;47;125;206;276;359;433;481;529;578;626;675
205;PHSMJ00101;47;P;H;S;M;J;0;0;1;0;1;25;17;28;22;19;0;0;1;0;1;80;72;83;77;74;48;48;49;48;49;1U;2R;2J;2U;2O;2L;1V;1W;1X;1V;1W;66;99;91;102;96;93;67;68;69;67;68;1U;2R;2J;2U;2O;2L;1V;1V;1W;1V;1W;66;99;91;102;96;93;67;67;68;67;68;0;0;0;0;0;0;0;1;1;0;0;47;80;72;83;77;74;48;48;49;48;49;;47;80;72;83;77;74;48;48;49;48;47;127;199;282;359;433;481;529;578;626;675
206;VY3VJ00101;47;V;Y;3;V;J;0;0;1;0;1;31;34;3;31;19;0;0;1;0;1;86;89;51;86;74;48;48;49;48;49;1U;2X;30;1Y;2X;2L;1V;1W;1X;1V;1W;66;105;108;70;105;93;67;68;69;67;68;1U;2X;30;1Y;2X;2L;1V;1V;1W;1V;1W;66;105;108;70;105;93;67;67;68;67;68;0;0;0;0;0;0;0;1;1;0;0;47;86;89;51;86;74;48;48;49;48;49;;47;86;89;51;86;74;48;48;49;48;47;133;222;273;359;433;481;529;578;626;675
207;Z3YRJ00101;47;Z;3;Y;R;J;0;0;1;0;1;35;3;34;27;19;0;0;1;0;1;90;51;89;82;74;48;48;49;48;49;1U;31;1Y;30;2T;2L;1V;1W;1X;1V;1W;66;109;70;108;101;93;67;68;69;67;68;1U;31;1Y;30;2T;2L;1V;1V;1W;1V;1W;66;109;70;108;101;93;67;67;68;67;68;0;0;0;0;0;0;0;1;1;0;0;47;90;51;89;82;74;48;48;49;48;49;;47;90;51;89;82;74;48;48;49;48;47;137;188;277;359;433;481;529;578;626;675
208;1KC0000101;48;1;K;C;0;0;0;0;1;0;1;1;20;12;0;0;0;0;1;0;1;49;75;67;48;48;48;48;49;48;49;1W;1X;2N;2F;1W;1X;1W;1X;1Y;1W;1X;68;69;95;87;68;69;68;69;70;68;69;1W;1X;2N;2F;1W;1W;1W;1W;1X;1W;1X;68;69;95;87;68;68;68;68;69;68;69;0;0;0;0;0;1;0;1;1;0;0;48;49;75;67;48;48;48;48;49;48;49;;48;49;75;67;48;48;48;48;49;48;48;97;172;239;287;335;383;431;480;528;577
209;1MA0000101;48;1;M;A;0;0;0;0;1;0;1;1;22;10;0;0;0;0;1;0;1;49;77;65;48;48;48;48;49;48;49;1W;1X;2P;2D;1W;1X;1W;1X;1Y;1W;1X;68;69;97;85;68;69;68;69;70;68;69;1W;1X;2P;2D;1W;1W;1W;1W;1X;1W;1X;68;69;97;85;68;68;68;68;69;68;69;0;0;0;0;0;1;0;1;1;0;0;48;49;77;65;48;48;48;48;49;48;49;;48;49;77;65;48;48;48;48;49;48;48;97;174;239;287;335;383;431;480;528;577
210;1V80000101;48;1;V;8;0;0;0;0;1;0;1;1;31;8;0;0;0;0;1;0;1;49;86;56;48;48;48;48;49;48;49;1W;1X;2Y;24;1W;1X;1W;1X;1Y;1W;1X;68;69;106;76;68;69;68;69;70;68;69;1W;1X;2Y;24;1W;1W;1W;1W;1X;1W;1X;68;69;106;76;68;68;68;68;69;68;69;0;0;0;0;0;1;0;1;1;0;0;48;49;86;56;48;48;48;48;49;48;49;;48;49;86;56;48;48;48;48;49;48;48;97;183;239;287;335;383;431;480;528;577
211;1X60000101;48;1;X;6;0;0;0;0;1;0;1;1;33;6;0;0;0;0;1;0;1;49;88;54;48;48;48;48;49;48;49;1W;1X;30;22;1W;1X;1W;1X;1Y;1W;1X;68;69;108;74;68;69;68;69;70;68;69;1W;1X;30;22;1W;1W;1W;1W;1X;1W;1X;68;69;108;74;68;68;68;68;69;68;69;0;0;0;0;0;1;0;1;1;0;0;48;49;88;54;48;48;48;48;49;48;49;;48;49;88;54;48;48;48;48;49;48;48;97;185;239;287;335;383;431;480;528;577
212;1Y50000101;48;1;Y;5;0;0;0;0;1;0;1;1;34;5;0;0;0;0;1;0;1;49;89;53;48;48;48;48;49;48;49;1W;1X;31;21;1W;1X;1W;1X;1Y;1W;1X;68;69;109;73;68;69;68;69;70;68;69;1W;1X;31;21;1W;1W;1W;1W;1X;1W;1X;68;69;109;73;68;68;68;68;69;68;69;0;0;0;0;0;1;0;1;1;0;0;48;49;89;53;48;48;48;48;49;48;49;;48;49;89;53;48;48;48;48;49;48;48;97;186;239;287;335;383;431;480;528;577
213;1Z40000101;48;1;Z;4;0;0;0;0;1;0;1;1;35;4;0;0;0;0;1;0;1;49;90;52;48;48;48;48;49;48;49;1W;1X;32;20;1W;1X;1W;1X;1Y;1W;1X;68;69;110;72;68;69;68;69;70;68;69;1W;1X;32;20;1W;1W;1W;1W;1X;1W;1X;68;69;110;72;68;68;68;68;69;68;69;0;0;0;0;0;1;0;1;1;0;0;48;49;90;52;48;48;48;48;49;48;49;;48;49;90;52;48;48;48;48;49;48;48;97;187;239;287;335;383;431;480;528;577
214;2LA0000101;48;2;L;A;0;0;0;0;1;0;1;2;21;10;0;0;0;0;1;0;1;50;76;65;48;48;48;48;49;48;49;1W;1Y;2O;2D;1W;1X;1W;1X;1Y;1W;1X;68;70;96;85;68;69;68;69;70;68;69;1W;1Y;2O;2D;1W;1W;1W;1W;1X;1W;1X;68;70;96;85;68;68;68;68;69;68;69;0;0;0;0;0;1;0;1;1;0;0;48;50;76;65;48;48;48;48;49;48;49;;48;50;76;65;48;48;48;48;49;48;48;98;174;239;287;335;383;431;480;528;577
215;7W10000101;48;7;W;1;0;0;0;0;1;0;1;7;32;1;0;0;0;0;1;0;1;55;87;49;48;48;48;48;49;48;49;1W;23;2Z;1X;1W;1X;1W;1X;1Y;1W;1X;68;75;107;69;68;69;68;69;70;68;69;1W;23;2Z;1X;1W;1W;1W;1W;1X;1W;1X;68;75;107;69;68;68;68;68;69;68;69;0;0;0;0;0;1;0;1;1;0;0;48;55;87;49;48;48;48;48;49;48;49;;48;55;87;49;48;48;48;48;49;48;48;103;190;239;287;335;383;431;480;528;577
216;NFUPJ00101;48;N;F;U;P;J;0;0;1;0;1;23;15;30;25;19;0;0;1;0;1;78;70;85;80;74;48;48;49;48;49;1W;2Q;2I;2X;2S;2M;1W;1X;1Y;1W;1X;68;98;90;105;100;94;68;69;70;68;69;1W;2Q;2I;2X;2S;2M;1W;1W;1X;1W;1X;68;98;90;105;100;94;68;68;69;68;69;0;0;0;0;0;0;0;1;1;0;0;48;78;70;85;80;74;48;48;49;48;49;;48;78;70;85;80;74;48;48;49;48;48;126;196;281;361;435;483;531;580;628;677
217;OPJPJ00101;48;O;P;J;P;J;0;0;1;0;1;24;25;19;25;19;0;0;1;0;1;79;80;74;80;74;48;48;49;48;49;1W;2R;2S;2M;2S;2M;1W;1X;1Y;1W;1X;68;99;100;94;100;94;68;69;70;68;69;1W;2R;2S;2M;2S;2M;1W;1W;1X;1W;1X;68;99;100;94;100;94;68;68;69;68;69;0;0;0;0;0;0;0;1;1;0;0;48;79;80;74;80;74;48;48;49;48;49;;48;79;80;74;80;74;48;48;49;48;48;127;207;281;361;435;483;531;580;628;677
218;OQFSJ00101;48;O;Q;F;S;J;0;0;1;0;1;24;26;15;28;19;0;0;1;0;1;79;81;70;83;74;48;48;49;48;49;1W;2R;2T;2I;2V;2M;1W;1X;1Y;1W;1X;68;99;101;90;103;94;68;69;70;68;69;1W;2R;2T;2I;2V;2M;1W;1W;1X;1W;1X;68;99;101;90;103;94;68;68;69;68;69;0;0;0;0;0;0;0;1;1;0;0;48;79;81;70;83;74;48;48;49;48;49;;48;79;81;70;83;74;48;48;49;48;48;127;208;278;361;435;483;531;580;628;677
219;QTFNJ00101;48;Q;T;F;N;J;0;0;1;0;1;26;29;15;23;19;0;0;1;0;1;81;84;70;78;74;48;48;49;48;49;1W;2T;2W;2I;2Q;2M;1W;1X;1Y;1W;1X;68;101;104;90;98;94;68;69;70;68;69;1W;2T;2W;2I;2Q;2M;1W;1W;1X;1W;1X;68;101;104;90;98;94;68;68;69;68;69;0;0;0;0;0;0;0;1;1;0;0;48;81;84;70;78;74;48;48;49;48;49;;48;81;84;70;78;74;48;48;49;48;48;129;213;283;361;435;483;531;580;628;677
220;V900000101;48;V;9;0;0;0;0;0;1;0;1;31;9;0;0;0;0;0;1;0;1;86;57;48;48;48;48;48;49;48;49;1W;2Y;25;1W;1X;1W;1X;1W;1X;1W;1X;68;106;77;68;69;68;69;68;69;68;69;1W;2Y;25;1W;1W;1W;1W;1W;1X;1W;1X;68;106;77;68;68;68;68;68;69;68;69;0;0;0;0;1;0;1;0;0;0;0;48;86;57;48;48;48;48;48;49;48;49;;48;86;57;48;48;48;48;48;49;48;48;134;191;239;287;335;383;431;480;528;577
221;1LC0000101;49;1;L;C;0;0;0;0;1;0;1;1;21;12;0;0;0;0;1;0;1;49;76;67;48;48;48;48;49;48;49;1Y;1Z;2P;2G;1X;1Y;1X;1Y;1Z;1X;1Y;70;71;97;88;69;70;69;70;71;69;70;1Y;1Y;2P;2G;1X;1X;1X;1X;1Y;1X;1Y;70;70;97;88;69;69;69;69;70;69;70;0;1;0;0;0;1;0;1;1;0;0;49;49;76;67;48;48;48;48;49;48;49;;49;49;76;67;48;48;48;48;49;48;49;98;174;241;289;337;385;433;482;530;579
222;1MB0000101;49;1;M;B;0;0;0;0;1;0;1;1;22;11;0;0;0;0;1;0;1;49;77;66;48;48;48;48;49;48;49;1Y;1Z;2Q;2F;1X;1Y;1X;1Y;1Z;1X;1Y;70;71;98;87;69;70;69;70;71;69;70;1Y;1Y;2Q;2F;1X;1X;1X;1X;1Y;1X;1Y;70;70;98;87;69;69;69;69;70;69;70;0;1;0;0;0;1;0;1;1;0;0;49;49;77;66;48;48;48;48;49;48;49;;49;49;77;66;48;48;48;48;49;48;49;98;175;241;289;337;385;433;482;530;579
223;1W80000101;49;1;W;8;0;0;0;0;1;0;1;1;32;8;0;0;0;0;1;0;1;49;87;56;48;48;48;48;49;48;49;1Y;1Z;30;25;1X;1Y;1X;1Y;1Z;1X;1Y;70;71;108;77;69;70;69;70;71;69;70;1Y;1Y;30;25;1X;1X;1X;1X;1Y;1X;1Y;70;70;108;77;69;69;69;69;70;69;70;0;1;0;0;0;1;0;1;1;0;0;49;49;87;56;48;48;48;48;49;48;49;;49;49;87;56;48;48;48;48;49;48;49;98;185;241;289;337;385;433;482;530;579
224;2Z40000101;49;2;Z;4;0;0;0;0;1;0;1;2;35;4;0;0;0;0;1;0;1;50;90;52;48;48;48;48;49;48;49;1Y;1Z;33;21;1X;1Y;1X;1Y;1Z;1X;1Y;70;71;111;73;69;70;69;70;71;69;70;1Y;1Z;33;21;1X;1X;1X;1X;1Y;1X;1Y;70;71;111;73;69;69;69;69;70;69;70;0;0;0;0;0;1;0;1;1;0;0;49;50;90;52;48;48;48;48;49;48;49;;49;50;90;52;48;48;48;48;49;48;49;99;189;241;289;337;385;433;482;530;579
225;DRQSJ00101;49;D;R;Q;S;J;0;0;1;0;1;13;27;26;28;19;0;0;1;0;1;68;82;81;83;74;48;48;49;48;49;1Y;2H;2V;2U;2W;2N;1X;1Y;1Z;1X;1Y;70;89;103;102;104;95;69;70;71;69;70;1Y;2H;2V;2U;2W;2N;1X;1X;1Y;1X;1Y;70;89;103;102;104;95;69;69;70;69;70;0;0;0;0;0;0;0;1;1;0;0;49;68;82;81;83;74;48;48;49;48;49;;49;68;82;81;83;74;48;48;49;48;49;117;199;280;363;437;485;533;582;630;679
226;W900000101;49;W;9;0;0;0;0;0;1;0;1;32;9;0;0;0;0;0;1;0;1;87;57;48;48;48;48;48;49;48;49;1Y;30;26;1X;1Y;1X;1Y;1X;1Y;1X;1Y;70;108;78;69;70;69;70;69;70;69;70;1Y;30;26;1X;1X;1X;1X;1X;1Y;1X;1Y;70;108;78;69;69;69;69;69;70;69;70;0;0;0;0;1;0;1;0;0;0;0;49;87;57;48;48;48;48;48;49;48;49;;49;87;57;48;48;48;48;48;49;48;49;136;193;241;289;337;385;433;482;530;579
227;1MC0000101;50;1;M;C;0;0;0;0;1;0;1;1;22;12;0;0;0;0;1;0;1;49;77;67;48;48;48;48;49;48;49;20;1Z;2R;2H;1Y;1Z;1Y;1Z;20;1Y;1Z;72;71;99;89;70;71;70;71;72;70;71;20;1Z;2R;2H;1Y;1Y;1Y;1Y;1Z;1Y;1Z;72;71;99;89;70;70;70;70;71;70;71;0;0;0;0;0;1;0;1;1;0;0;50;49;77;67;48;48;48;48;49;48;49;;50;49;77;67;48;48;48;48;49;48;50;99;176;243;291;339;387;435;484;532;581
228;1NB0000101;50;1;N;B;0;0;0;0;1;0;1;1;23;11;0;0;0;0;1;0;1;49;78;66;48;48;48;48;49;48;49;20;1Z;2S;2G;1Y;1Z;1Y;1Z;20;1Y;1Z;72;71;100;88;70;71;70;71;72;70;71;20;1Z;2S;2G;1Y;1Y;1Y;1Y;1Z;1Y;1Z;72;71;100;88;70;70;70;70;71;70;71;0;0;0;0;0;1;0;1;1;0;0;50;49;78;66;48;48;48;48;49;48;49;;50;49;78;66;48;48;48;48;49;48;50;99;177;243;291;339;387;435;484;532;581
229;1W90000101;50;1;W;9;0;0;0;0;1;0;1;1;32;9;0;0;0;0;1;0;1;49;87;57;48;48;48;48;49;48;49;20;1Z;31;27;1Y;1Z;1Y;1Z;20;1Y;1Z;72;71;109;79;70;71;70;71;72;70;71;20;1Z;31;27;1Y;1Y;1Y;1Y;1Z;1Y;1Z;72;71;109;79;70;70;70;70;71;70;71;0;0;0;0;0;1;0;1;1;0;0;50;49;87;57;48;48;48;48;49;48;49;;50;49;87;57;48;48;48;48;49;48;50;99;186;243;291;339;387;435;484;532;581
230;1X80000101;50;1;X;8;0;0;0;0;1;0;1;1;33;8;0;0;0;0;1;0;1;49;88;56;48;48;48;48;49;48;49;20;1Z;32;26;1Y;1Z;1Y;1Z;20;1Y;1Z;72;71;110;78;70;71;70;71;72;70;71;20;1Z;32;26;1Y;1Y;1Y;1Y;1Z;1Y;1Z;72;71;110;78;70;70;70;70;71;70;71;0;0;0;0;0;1;0;1;1;0;0;50;49;88;56;48;48;48;48;49;48;49;;50;49;88;56;48;48;48;48;49;48;50;99;187;243;291;339;387;435;484;532;581
231;2W80000101;50;2;W;8;0;0;0;0;1;0;1;2;32;8;0;0;0;0;1;0;1;50;87;56;48;48;48;48;49;48;49;20;21;31;26;1Y;1Z;1Y;1Z;20;1Y;1Z;72;73;109;78;70;71;70;71;72;70;71;20;20;31;26;1Y;1Y;1Y;1Y;1Z;1Y;1Z;72;72;109;78;70;70;70;70;71;70;71;0;1;0;0;0;1;0;1;1;0;0;50;50;87;56;48;48;48;48;49;48;49;;50;50;87;56;48;48;48;48;49;48;50;100;187;243;291;339;387;435;484;532;581
232;4U80000101;50;4;U;8;0;0;0;0;1;0;1;4;30;8;0;0;0;0;1;0;1;52;85;56;48;48;48;48;49;48;49;20;22;2Z;26;1Y;1Z;1Y;1Z;20;1Y;1Z;72;74;107;78;70;71;70;71;72;70;71;20;22;2Z;26;1Y;1Y;1Y;1Y;1Z;1Y;1Z;72;74;107;78;70;70;70;70;71;70;71;0;0;0;0;0;1;0;1;1;0;0;50;52;85;56;48;48;48;48;49;48;49;;50;52;85;56;48;48;48;48;49;48;50;102;187;243;291;339;387;435;484;532;581
233;KXKMJ00101;50;K;X;K;M;J;0;0;1;0;1;20;33;20;22;19;0;0;1;0;1;75;88;75;77;74;48;48;49;48;49;20;2P;32;2P;2R;2O;1Y;1Z;20;1Y;1Z;72;97;110;97;99;96;70;71;72;70;71;20;2P;32;2P;2R;2O;1Y;1Y;1Z;1Y;1Z;72;97;110;97;99;96;70;70;71;70;71;0;0;0;0;0;0;0;1;1;0;0;50;75;88;75;77;74;48;48;49;48;49;;50;75;88;75;77;74;48;48;49;48;50;125;213;288;365;439;487;535;584;632;681
234;PQKOJ00101;50;P;Q;K;O;J;0;0;1;0;1;25;26;20;24;19;0;0;1;0;1;80;81;75;79;74;48;48;49;48;49;20;2U;2V;2P;2T;2O;1Y;1Z;20;1Y;1Z;72;102;103;97;101;96;70;71;72;70;71;20;2U;2V;2P;2T;2O;1Y;1Y;1Z;1Y;1Z;72;102;103;97;101;96;70;70;71;70;71;0;0;0;0;0;0;0;1;1;0;0;50;80;81;75;79;74;48;48;49;48;49;;50;80;81;75;79;74;48;48;49;48;50;130;211;286;365;439;487;535;584;632;681
235;ZQBNJ00101;50;Z;Q;B;N;J;0;0;1;0;1;35;26;11;23;19;0;0;1;0;1;90;81;66;78;74;48;48;49;48;49;20;34;2V;2G;2S;2O;1Y;1Z;20;1Y;1Z;72;112;103;88;100;96;70;71;72;70;71;20;34;2V;2G;2S;2O;1Y;1Y;1Z;1Y;1Z;72;112;103;88;100;96;70;70;71;70;71;0;0;0;0;0;0;0;1;1;0;0;50;90;81;66;78;74;48;48;49;48;49;;50;90;81;66;78;74;48;48;49;48;50;140;221;287;365;439;487;535;584;632;681
236;1NC0000101;51;1;N;C;0;0;0;0;1;0;1;1;23;12;0;0;0;0;1;0;1;49;78;67;48;48;48;48;49;48;49;22;20;2T;2I;1Z;20;1Z;20;21;1Z;20;74;72;101;90;71;72;71;72;73;71;72;22;20;2T;2I;1Z;1Z;1Z;1Z;20;1Z;20;74;72;101;90;71;71;71;71;72;71;72;0;0;0;0;0;1;0;1;1;0;0;51;49;78;67;48;48;48;48;49;48;49;;51;49;78;67;48;48;48;48;49;48;51;100;178;245;293;341;389;437;486;534;583
237;1OB0000101;51;1;O;B;0;0;0;0;1;0;1;1;24;11;0;0;0;0;1;0;1;49;79;66;48;48;48;48;49;48;49;22;20;2U;2H;1Z;20;1Z;20;21;1Z;20;74;72;102;89;71;72;71;72;73;71;72;22;20;2U;2H;1Z;1Z;1Z;1Z;20;1Z;20;74;72;102;89;71;71;71;71;72;71;72;0;0;0;0;0;1;0;1;1;0;0;51;49;79;66;48;48;48;48;49;48;49;;51;49;79;66;48;48;48;48;49;48;51;100;179;245;293;341;389;437;486;534;583
238;1PA0000101;51;1;P;A;0;0;0;0;1;0;1;1;25;10;0;0;0;0;1;0;1;49;80;65;48;48;48;48;49;48;49;22;20;2V;2G;1Z;20;1Z;20;21;1Z;20;74;72;103;88;71;72;71;72;73;71;72;22;20;2V;2G;1Z;1Z;1Z;1Z;20;1Z;20;74;72;103;88;71;71;71;71;72;71;72;0;0;0;0;0;1;0;1;1;0;0;51;49;80;65;48;48;48;48;49;48;49;;51;49;80;65;48;48;48;48;49;48;51;100;180;245;293;341;389;437;486;534;583
239;1X90000101;51;1;X;9;0;0;0;0;1;0;1;1;33;9;0;0;0;0;1;0;1;49;88;57;48;48;48;48;49;48;49;22;20;33;28;1Z;20;1Z;20;21;1Z;20;74;72;111;80;71;72;71;72;73;71;72;22;20;33;28;1Z;1Z;1Z;1Z;20;1Z;20;74;72;111;80;71;71;71;71;72;71;72;0;0;0;0;0;1;0;1;1;0;0;51;49;88;57;48;48;48;48;49;48;49;;51;49;88;57;48;48;48;48;49;48;51;100;188;245;293;341;389;437;486;534;583
240;1Y80000101;51;1;Y;8;0;0;0;0;1;0;1;1;34;8;0;0;0;0;1;0;1;49;89;56;48;48;48;48;49;48;49;22;20;34;27;1Z;20;1Z;20;21;1Z;20;74;72;112;79;71;72;71;72;73;71;72;22;20;34;27;1Z;1Z;1Z;1Z;20;1Z;20;74;72;112;79;71;71;71;71;72;71;72;0;0;0;0;0;1;0;1;1;0;0;51;49;89;56;48;48;48;48;49;48;49;;51;49;89;56;48;48;48;48;49;48;51;100;189;245;293;341;389;437;486;534;583
241;2NB0000101;51;2;N;B;0;0;0;0;1;0;1;2;23;11;0;0;0;0;1;0;1;50;78;66;48;48;48;48;49;48;49;22;21;2T;2H;1Z;20;1Z;20;21;1Z;20;74;73;101;89;71;72;71;72;73;71;72;22;21;2T;2H;1Z;1Z;1Z;1Z;20;1Z;20;74;73;101;89;71;71;71;71;72;71;72;0;0;0;0;0;1;0;1;1;0;0;51;50;78;66;48;48;48;48;49;48;49;;51;50;78;66;48;48;48;48;49;48;51;101;179;245;293;341;389;437;486;534;583
242;2Z60000101;51;2;Z;6;0;0;0;0;1;0;1;2;35;6;0;0;0;0;1;0;1;50;90;54;48;48;48;48;49;48;49;22;21;35;25;1Z;20;1Z;20;21;1Z;20;74;73;113;77;71;72;71;72;73;71;72;22;21;35;25;1Z;1Z;1Z;1Z;20;1Z;20;74;73;113;77;71;71;71;71;72;71;72;0;0;0;0;0;1;0;1;1;0;0;51;50;90;54;48;48;48;48;49;48;49;;51;50;90;54;48;48;48;48;49;48;51;101;191;245;293;341;389;437;486;534;583
243;3W80000101;51;3;W;8;0;0;0;0;1;0;1;3;32;8;0;0;0;0;1;0;1;51;87;56;48;48;48;48;49;48;49;22;23;32;27;1Z;20;1Z;20;21;1Z;20;74;75;110;79;71;72;71;72;73;71;72;22;22;32;27;1Z;1Z;1Z;1Z;20;1Z;20;74;74;110;79;71;71;71;71;72;71;72;0;1;0;0;0;1;0;1;1;0;0;51;51;87;56;48;48;48;48;49;48;49;;51;51;87;56;48;48;48;48;49;48;51;102;189;245;293;341;389;437;486;534;583
244;5U80000101;51;5;U;8;0;0;0;0;1;0;1;5;30;8;0;0;0;0;1;0;1;53;85;56;48;48;48;48;49;48;49;22;24;30;27;1Z;20;1Z;20;21;1Z;20;74;76;108;79;71;72;71;72;73;71;72;22;24;30;27;1Z;1Z;1Z;1Z;20;1Z;20;74;76;108;79;71;71;71;71;72;71;72;0;0;0;0;0;1;0;1;1;0;0;51;53;85;56;48;48;48;48;49;48;49;;51;53;85;56;48;48;48;48;49;48;51;104;189;245;293;341;389;437;486;534;583
245;CUQSJ00101;51;C;U;Q;S;J;0;0;1;0;1;12;30;26;28;19;0;0;1;0;1;67;85;81;83;74;48;48;49;48;49;22;2I;30;2W;2Y;2P;1Z;20;21;1Z;20;74;90;108;104;106;97;71;72;73;71;72;22;2I;30;2W;2Y;2P;1Z;1Z;20;1Z;20;74;90;108;104;106;97;71;71;72;71;72;0;0;0;0;0;0;0;1;1;0;0;51;67;85;81;83;74;48;48;49;48;49;;51;67;85;81;83;74;48;48;49;48;51;118;203;284;367;441;489;537;586;634;683
246;1QA0000101;52;1;Q;A;0;0;0;0;1;0;1;1;26;10;0;0;0;0;1;0;1;49;81;65;48;48;48;48;49;48;49;24;21;2X;2H;20;21;20;21;22;20;21;76;73;105;89;72;73;72;73;74;72;73;24;21;2X;2H;20;20;20;20;21;20;21;76;73;105;89;72;72;72;72;73;72;73;0;0;0;0;0;1;0;1;1;0;0;52;49;81;65;48;48;48;48;49;48;49;;52;49;81;65;48;48;48;48;49;48;52;101;182;247;295;343;391;439;488;536;585
247;1Y90000101;52;1;Y;9;0;0;0;0;1;0;1;1;34;9;0;0;0;0;1;0;1;49;89;57;48;48;48;48;49;48;49;24;21;35;29;20;21;20;21;22;20;21;76;73;113;81;72;73;72;73;74;72;73;24;21;35;29;20;20;20;20;21;20;21;76;73;113;81;72;72;72;72;73;72;73;0;0;0;0;0;1;0;1;1;0;0;52;49;89;57;48;48;48;48;49;48;49;;52;49;89;57;48;48;48;48;49;48;52;101;190;247;295;343;391;439;488;536;585
248;2Y80000101;52;2;Y;8;0;0;0;0;1;0;1;2;34;8;0;0;0;0;1;0;1;50;89;56;48;48;48;48;49;48;49;24;22;35;28;20;21;20;21;22;20;21;76;74;113;80;72;73;72;73;74;72;73;24;22;35;28;20;20;20;20;21;20;21;76;74;113;80;72;72;72;72;73;72;73;0;0;0;0;0;1;0;1;1;0;0;52;50;89;56;48;48;48;48;49;48;49;;52;50;89;56;48;48;48;48;49;48;52;102;191;247;295;343;391;439;488;536;585
249;4W80000101;52;4;W;8;0;0;0;0;1;0;1;4;32;8;0;0;0;0;1;0;1;52;87;56;48;48;48;48;49;48;49;24;25;33;28;20;21;20;21;22;20;21;76;77;111;80;72;73;72;73;74;72;73;24;24;33;28;20;20;20;20;21;20;21;76;76;111;80;72;72;72;72;73;72;73;0;1;0;0;0;1;0;1;1;0;0;52;52;87;56;48;48;48;48;49;48;49;;52;52;87;56;48;48;48;48;49;48;52;104;191;247;295;343;391;439;488;536;585
250;6U80000101;52;6;U;8;0;0;0;0;1;0;1;6;30;8;0;0;0;0;1;0;1;54;85;56;48;48;48;48;49;48;49;24;26;31;28;20;21;20;21;22;20;21;76;78;109;80;72;73;72;73;74;72;73;24;26;31;28;20;20;20;20;21;20;21;76;78;109;80;72;72;72;72;73;72;73;0;0;0;0;0;1;0;1;1;0;0;52;54;85;56;48;48;48;48;49;48;49;;52;54;85;56;48;48;48;48;49;48;52;106;191;247;295;343;391;439;488;536;585
251;AUOXJ00101;52;A;U;O;X;J;0;0;1;0;1;10;30;24;33;19;0;0;1;0;1;65;85;79;88;74;48;48;49;48;49;24;2H;31;2V;34;2Q;20;21;22;20;21;76;89;109;103;112;98;72;73;74;72;73;24;2H;31;2V;34;2Q;20;20;21;20;21;76;89;109;103;112;98;72;72;73;72;73;0;0;0;0;0;0;0;1;1;0;0;52;65;85;79;88;74;48;48;49;48;49;;52;65;85;79;88;74;48;48;49;48;52;117;202;281;369;443;491;539;588;636;685
252;BYPRJ00101;52;B;Y;P;R;J;0;0;1;0;1;11;34;25;27;19;0;0;1;0;1;66;89;80;82;74;48;48;49;48;49;24;2I;35;2W;2Y;2Q;20;21;22;20;21;76;90;113;104;106;98;72;73;74;72;73;24;2I;35;2W;2Y;2Q;20;20;21;20;21;76;90;113;104;106;98;72;72;73;72;73;0;0;0;0;0;0;0;1;1;0;0;52;66;89;80;82;74;48;48;49;48;49;;52;66;89;80;82;74;48;48;49;48;52;118;207;287;369;443;491;539;588;636;685
253;1RA0000101;53;1;R;A;0;0;0;0;1;0;1;1;27;10;0;0;0;0;1;0;1;49;82;65;48;48;48;48;49;48;49;26;22;2Z;2I;21;22;21;22;23;21;22;78;74;107;90;73;74;73;74;75;73;74;26;22;2Z;2I;21;21;21;21;22;21;22;78;74;107;90;73;73;73;73;74;73;74;0;0;0;0;0;1;0;1;1;0;0;53;49;82;65;48;48;48;48;49;48;49;;53;49;82;65;48;48;48;48;49;48;53;102;184;249;297;345;393;441;490;538;587
254;3Y80000101;53;3;Y;8;0;0;0;0;1;0;1;3;34;8;0;0;0;0;1;0;1;51;89;56;48;48;48;48;49;48;49;26;24;36;29;21;22;21;22;23;21;22;78;76;114;81;73;74;73;74;75;73;74;26;24;36;29;21;21;21;21;22;21;22;78;76;114;81;73;73;73;73;74;73;74;0;0;0;0;0;1;0;1;1;0;0;53;51;89;56;48;48;48;48;49;48;49;;53;51;89;56;48;48;48;48;49;48;53;104;193;249;297;345;393;441;490;538;587
255;5W80000101;53;5;W;8;0;0;0;0;1;0;1;5;32;8;0;0;0;0;1;0;1;53;87;56;48;48;48;48;49;48;49;26;27;34;29;21;22;21;22;23;21;22;78;79;112;81;73;74;73;74;75;73;74;26;26;34;29;21;21;21;21;22;21;22;78;78;112;81;73;73;73;73;74;73;74;0;1;0;0;0;1;0;1;1;0;0;53;53;87;56;48;48;48;48;49;48;49;;53;53;87;56;48;48;48;48;49;48;53;106;193;249;297;345;393;441;490;538;587
256;AR10000101;53;A;R;1;0;0;0;0;1;0;1;10;27;1;0;0;0;0;1;0;1;65;82;49;48;48;48;48;49;48;49;26;2I;2Z;22;21;22;21;22;23;21;22;78;90;107;74;73;74;73;74;75;73;74;26;2I;2Z;22;21;21;21;21;22;21;22;78;90;107;74;73;73;73;73;74;73;74;0;0;0;0;0;1;0;1;1;0;0;53;65;82;49;48;48;48;48;49;48;49;;53;65;82;49;48;48;48;48;49;48;53;118;200;249;297;345;393;441;490;538;587
257;CE55200101;53;C;E;5;5;2;0;0;1;0;1;12;14;5;5;2;0;0;1;0;1;67;69;53;53;50;48;48;49;48;49;26;2K;2M;26;27;23;21;22;23;21;22;78;92;94;78;79;75;73;74;75;73;74;26;2K;2M;26;26;23;21;21;22;21;22;78;92;94;78;78;75;73;73;74;73;74;0;0;0;0;1;0;0;1;1;0;0;53;67;69;53;53;50;48;48;49;48;49;;53;67;69;53;53;50;48;48;49;48;53;120;189;242;295;345;393;441;490;538;587
258;GQYMJ00101;53;G;Q;Y;M;J;0;0;1;0;1;16;26;34;22;19;0;0;1;0;1;71;81;89;77;74;48;48;49;48;49;26;2O;2Y;36;2U;2R;21;22;23;21;22;78;96;106;114;102;99;73;74;75;73;74;26;2O;2Y;36;2U;2R;21;21;22;21;22;78;96;106;114;102;99;73;73;74;73;74;0;0;0;0;0;0;0;1;1;0;0;53;71;81;89;77;74;48;48;49;48;49;;53;71;81;89;77;74;48;48;49;48;53;124;205;294;371;445;493;541;590;638;687
259;TQFSJ00101;53;T;Q;F;S;J;0;0;1;0;1;29;26;15;28;19;0;0;1;0;1;84;81;70;83;74;48;48;49;48;49;26;31;2Y;2N;30;2R;21;22;23;21;22;78;109;106;95;108;99;73;74;75;73;74;26;31;2Y;2N;30;2R;21;21;22;21;22;78;109;106;95;108;99;73;73;74;73;74;0;0;0;0;0;0;0;1;1;0;0;53;84;81;70;83;74;48;48;49;48;49;;53;84;81;70;83;74;48;48;49;48;53;137;218;288;371;445;493;541;590;638;687
260;WFKVJ00101;53;W;F;K;V;J;0;0;1;0;1;32;15;20;31;19;0;0;1;0;1;87;70;75;86;74;48;48;49;48;49;26;34;2N;2S;33;2R;21;22;23;21;22;78;112;95;100;111;99;73;74;75;73;74;26;34;2N;2S;33;2R;21;21;22;21;22;78;112;95;100;111;99;73;73;74;73;74;0;0;0;0;0;0;0;1;1;0;0;53;87;70;75;86;74;48;48;49;48;49;;53;87;70;75;86;74;48;48;49;48;53;140;210;285;371;445;493;541;590;638;687
261;ZEPOJ00101;53;Z;E;P;O;J;0;0;1;0;1;35;14;25;24;19;0;0;1;0;1;90;69;80;79;74;48;48;49;48;49;26;37;2M;2X;2W;2R;21;22;23;21;22;78;115;94;105;104;99;73;74;75;73;74;26;37;2M;2X;2W;2R;21;21;22;21;22;78;115;94;105;104;99;73;73;74;73;74;0;0;0;0;0;0;0;1;1;0;0;53;90;69;80;79;74;48;48;49;48;49;;53;90;69;80;79;74;48;48;49;48;53;143;212;292;371;445;493;541;590;638;687
262;6W80000101;54;6;W;8;0;0;0;0;1;0;1;6;32;8;0;0;0;0;1;0;1;54;87;56;48;48;48;48;49;48;49;28;29;35;2A;22;23;22;23;24;22;23;80;81;113;82;74;75;74;75;76;74;75;28;28;35;2A;22;22;22;22;23;22;23;80;80;113;82;74;74;74;74;75;74;75;0;1;0;0;0;1;0;1;1;0;0;54;54;87;56;48;48;48;48;49;48;49;;54;54;87;56;48;48;48;48;49;48;54;108;195;251;299;347;395;443;492;540;589
263;1TA0000101;55;1;T;A;0;0;0;0;1;0;1;1;29;10;0;0;0;0;1;0;1;49;84;65;48;48;48;48;49;48;49;2A;24;33;2K;23;24;23;24;25;23;24;82;76;111;92;75;76;75;76;77;75;76;2A;24;33;2K;23;23;23;23;24;23;24;82;76;111;92;75;75;75;75;76;75;76;0;0;0;0;0;1;0;1;1;0;0;55;49;84;65;48;48;48;48;49;48;49;;55;49;84;65;48;48;48;48;49;48;55;104;188;253;301;349;397;445;494;542;591
264;3E04J00101;55;3;E;0;4;J;0;0;1;0;1;3;14;0;4;19;0;0;1;0;1;51;69;48;52;74;48;48;49;48;49;2A;26;2O;23;27;2T;23;24;25;23;24;82;78;96;75;79;101;75;76;77;75;76;2A;26;2O;23;27;2T;23;23;24;23;24;82;78;96;75;79;101;75;75;76;75;76;0;0;0;0;0;0;0;1;1;0;0;55;51;69;48;52;74;48;48;49;48;49;;55;51;69;48;52;74;48;48;49;48;55;106;175;223;275;349;397;445;494;542;591
265;7E0C700101;55;7;E;0;C;7;0;0;1;0;1;7;14;0;12;7;0;0;1;0;1;55;69;48;67;55;48;48;49;48;49;2A;2B;2O;23;2M;2A;23;24;25;23;24;82;83;96;75;94;82;75;76;77;75;76;2A;2A;2O;23;2M;2A;23;23;24;23;24;82;82;96;75;94;82;75;75;76;75;76;0;1;0;0;0;0;0;1;1;0;0;55;55;69;48;67;55;48;48;49;48;49;;55;55;69;48;67;55;48;48;49;48;55;110;179;227;294;349;397;445;494;542;591
266;7W80000101;55;7;W;8;0;0;0;0;1;0;1;7;32;8;0;0;0;0;1;0;1;55;87;56;48;48;48;48;49;48;49;2A;2B;36;2B;23;24;23;24;25;23;24;82;83;114;83;75;76;75;76;77;75;76;2A;2A;36;2B;23;23;23;23;24;23;24;82;82;114;83;75;75;75;75;76;75;76;0;1;0;0;0;1;0;1;1;0;0;55;55;87;56;48;48;48;48;49;48;49;;55;55;87;56;48;48;48;48;49;48;55;110;197;253;301;349;397;445;494;542;591
267;DUOXJ00101;55;D;U;O;X;J;0;0;1;0;1;13;30;24;33;19;0;0;1;0;1;68;85;79;88;74;48;48;49;48;49;2A;2N;34;2Y;37;2T;23;24;25;23;24;82;95;112;106;115;101;75;76;77;75;76;2A;2N;34;2Y;37;2T;23;23;24;23;24;82;95;112;106;115;101;75;75;76;75;76;0;0;0;0;0;0;0;1;1;0;0;55;68;85;79;88;74;48;48;49;48;49;;55;68;85;79;88;74;48;48;49;48;55;123;208;287;375;449;497;545;594;642;691
268;2EG0900101;56;2;E;G;0;9;0;0;1;0;1;2;14;16;0;9;0;0;1;0;1;50;69;71;48;57;48;48;49;48;49;2C;26;2P;2R;24;2D;24;25;26;24;25;84;78;97;99;76;85;76;77;78;76;77;2C;26;2P;2R;24;2D;24;24;25;24;25;84;78;97;99;76;85;76;76;77;76;77;0;0;0;0;0;0;0;1;1;0;0;56;50;69;71;48;57;48;48;49;48;49;;56;50;69;71;48;57;48;48;49;48;56;106;175;246;294;351;399;447;496;544;593
269;8W80000101;56;8;W;8;0;0;0;0;1;0;1;8;32;8;0;0;0;0;1;0;1;56;87;56;48;48;48;48;49;48;49;2C;2D;37;2C;24;25;24;25;26;24;25;84;85;115;84;76;77;76;77;78;76;77;2C;2C;37;2C;24;24;24;24;25;24;25;84;84;115;84;76;76;76;76;77;76;77;0;1;0;0;0;1;0;1;1;0;0;56;56;87;56;48;48;48;48;49;48;49;;56;56;87;56;48;48;48;48;49;48;56;112;199;255;303;351;399;447;496;544;593
270;1UB0000101;57;1;U;B;0;0;0;0;1;0;1;1;30;11;0;0;0;0;1;0;1;49;85;66;48;48;48;48;49;48;49;2E;26;36;2N;25;26;25;26;27;25;26;86;78;114;95;77;78;77;78;79;77;78;2E;26;36;2N;25;25;25;25;26;25;26;86;78;114;95;77;77;77;77;78;77;78;0;0;0;0;0;1;0;1;1;0;0;57;49;85;66;48;48;48;48;49;48;49;;57;49;85;66;48;48;48;48;49;48;57;106;191;257;305;353;401;449;498;546;595
271;9W80000101;57;9;W;8;0;0;0;0;1;0;1;9;32;8;0;0;0;0;1;0;1;57;87;56;48;48;48;48;49;48;49;2E;2F;38;2D;25;26;25;26;27;25;26;86;87;116;85;77;78;77;78;79;77;78;2E;2E;38;2D;25;25;25;25;26;25;26;86;86;116;85;77;77;77;77;78;77;78;0;1;0;0;0;1;0;1;1;0;0;57;57;87;56;48;48;48;48;49;48;49;;57;57;87;56;48;48;48;48;49;48;57;114;201;257;305;353;401;449;498;546;595
272;GQ00000101;57;G;Q;0;0;0;0;0;1;0;1;16;26;0;0;0;0;0;1;0;1;71;81;48;48;48;48;48;49;48;49;2E;2S;32;25;26;25;26;25;26;25;26;86;100;110;77;78;77;78;77;78;77;78;2E;2S;32;25;25;25;25;25;26;25;26;86;100;110;77;77;77;77;77;78;77;78;0;0;0;0;1;0;1;0;0;0;0;57;71;81;48;48;48;48;48;49;48;49;;57;71;81;48;48;48;48;48;49;48;57;128;209;257;305;353;401;449;498;546;595
273;IZSLJ00101;57;I;Z;S;L;J;0;0;1;0;1;18;35;28;21;19;0;0;1;0;1;73;90;83;76;74;48;48;49;48;49;2E;2U;3B;34;2X;2V;25;26;27;25;26;86;102;119;112;105;103;77;78;79;77;78;2E;2U;3B;34;2X;2V;25;25;26;25;26;86;102;119;112;105;103;77;77;78;77;78;0;0;0;0;0;0;0;1;1;0;0;57;73;90;83;76;74;48;48;49;48;49;;57;73;90;83;76;74;48;48;49;48;57;130;220;303;379;453;501;549;598;646;695
274;JYSLJ00101;57;J;Y;S;L;J;0;0;1;0;1;19;34;28;21;19;0;0;1;0;1;74;89;83;76;74;48;48;49;48;49;2E;2V;3A;34;2X;2V;25;26;27;25;26;86;103;118;112;105;103;77;78;79;77;78;2E;2V;3A;34;2X;2V;25;25;26;25;26;86;103;118;112;105;103;77;77;78;77;78;0;0;0;0;0;0;0;1;1;0;0;57;74;89;83;76;74;48;48;49;48;49;;57;74;89;83;76;74;48;48;49;48;57;131;220;303;379;453;501;549;598;646;695
275;1VB0000101;58;1;V;B;0;0;0;0;1;0;1;1;31;11;0;0;0;0;1;0;1;49;86;66;48;48;48;48;49;48;49;2G;27;38;2O;26;27;26;27;28;26;27;88;79;116;96;78;79;78;79;80;78;79;2G;27;38;2O;26;26;26;26;27;26;27;88;79;116;96;78;78;78;78;79;78;79;0;0;0;0;0;1;0;1;1;0;0;58;49;86;66;48;48;48;48;49;48;49;;58;49;86;66;48;48;48;48;49;48;58;107;193;259;307;355;403;451;500;548;597
276;AW10000101;58;A;W;1;0;0;0;0;1;0;1;10;32;1;0;0;0;0;1;0;1;65;87;49;48;48;48;48;49;48;49;2G;2N;39;27;26;27;26;27;28;26;27;88;95;117;79;78;79;78;79;80;78;79;2G;2N;39;27;26;26;26;26;27;26;27;88;95;117;79;78;78;78;78;79;78;79;0;0;0;0;0;1;0;1;1;0;0;58;65;87;49;48;48;48;48;49;48;49;;58;65;87;49;48;48;48;48;49;48;58;123;210;259;307;355;403;451;500;548;597
277;KTQSJ00101;58;K;T;Q;S;J;0;0;1;0;1;20;29;26;28;19;0;0;1;0;1;75;84;81;83;74;48;48;49;48;49;2G;2X;36;33;35;2W;26;27;28;26;27;88;105;114;111;113;104;78;79;80;78;79;2G;2X;36;33;35;2W;26;26;27;26;27;88;105;114;111;113;104;78;78;79;78;79;0;0;0;0;0;0;0;1;1;0;0;58;75;84;81;83;74;48;48;49;48;49;;58;75;84;81;83;74;48;48;49;48;58;133;217;298;381;455;503;551;600;648;697
278;1WB0000101;59;1;W;B;0;0;0;0;1;0;1;1;32;11;0;0;0;0;1;0;1;49;87;66;48;48;48;48;49;48;49;2I;28;3A;2P;27;28;27;28;29;27;28;90;80;118;97;79;80;79;80;81;79;80;2I;28;3A;2P;27;27;27;27;28;27;28;90;80;118;97;79;79;79;79;80;79;80;0;0;0;0;0;1;0;1;1;0;0;59;49;87;66;48;48;48;48;49;48;49;;59;49;87;66;48;48;48;48;49;48;59;108;195;261;309;357;405;453;502;550;599
279;2000000101;59;2;0;0;0;0;0;0;1;0;1;2;0;0;0;0;0;0;1;0;1;50;48;48;48;48;48;48;49;48;49;2I;29;27;28;27;28;27;28;29;27;28;90;81;79;80;79;80;79;80;81;79;80;2I;29;27;27;27;27;27;27;28;27;28;90;81;79;79;79;79;79;79;80;79;80;0;0;0;1;0;1;0;1;1;0;0;59;50;48;48;48;48;48;48;49;48;49;;59;50;48;48;48;48;48;48;49;48;59;109;157;205;253;301;349;397;446;494;543
280;3VA0000101;59;3;V;A;0;0;0;0;1;0;1;3;31;10;0;0;0;0;1;0;1;51;86;65;48;48;48;48;49;48;49;2I;2A;39;2O;27;28;27;28;29;27;28;90;82;117;96;79;80;79;80;81;79;80;2I;2A;39;2O;27;27;27;27;28;27;28;90;82;117;96;79;79;79;79;80;79;80;0;0;0;0;0;1;0;1;1;0;0;59;51;86;65;48;48;48;48;49;48;49;;59;51;86;65;48;48;48;48;49;48;59;110;196;261;309;357;405;453;502;550;599
281;TXHPJ00101;59;T;X;H;P;J;0;0;1;0;1;29;33;17;25;19;0;0;1;0;1;84;88;72;80;74;48;48;49;48;49;2I;37;3B;2V;33;2X;27;28;29;27;28;90;115;119;103;111;105;79;80;81;79;80;2I;37;3B;2V;33;2X;27;27;28;27;28;90;115;119;103;111;105;79;79;80;79;80;0;0;0;0;0;0;0;1;1;0;0;59;84;88;72;80;74;48;48;49;48;49;;59;84;88;72;80;74;48;48;49;48;59;143;231;303;383;457;505;553;602;650;699
282;1200000101;60;1;2;0;0;0;0;0;1;0;1;1;2;0;0;0;0;0;1;0;1;49;50;48;48;48;48;48;49;48;49;2K;29;2A;28;29;28;29;28;29;28;29;92;81;82;80;81;80;81;80;81;80;81;2K;29;2A;28;28;28;28;28;29;28;29;92;81;82;80;80;80;80;80;81;80;81;0;0;0;0;1;0;1;0;0;0;0;60;49;50;48;48;48;48;48;49;48;49;;60;49;50;48;48;48;48;48;49;48;60;109;159;207;255;303;351;399;448;496;545
283;1WC0000101;60;1;W;C;0;0;0;0;1;0;1;1;32;12;0;0;0;0;1;0;1;49;87;67;48;48;48;48;49;48;49;2K;29;3B;2R;28;29;28;29;2A;28;29;92;81;119;99;80;81;80;81;82;80;81;2K;29;3B;2R;28;28;28;28;29;28;29;92;81;119;99;80;80;80;80;81;80;81;0;0;0;0;0;1;0;1;1;0;0;60;49;87;67;48;48;48;48;49;48;49;;60;49;87;67;48;48;48;48;49;48;60;109;196;263;311;359;407;455;504;552;601
284;2010000101;60;2;0;1;0;0;0;0;1;0;1;2;0;1;0;0;0;0;1;0;1;50;48;49;48;48;48;48;49;48;49;2K;2A;28;29;28;29;28;29;2A;28;29;92;82;80;81;80;81;80;81;82;80;81;2K;2A;28;29;28;28;28;28;29;28;29;92;82;80;81;80;80;80;80;81;80;81;0;0;0;0;0;1;0;1;1;0;0;60;50;48;49;48;48;48;48;49;48;49;;60;50;48;49;48;48;48;48;49;48;60;110;158;207;255;303;351;399;448;496;545
285;3WA0000101;60;3;W;A;0;0;0;0;1;0;1;3;32;10;0;0;0;0;1;0;1;51;87;65;48;48;48;48;49;48;49;2K;2B;3B;2P;28;29;28;29;2A;28;29;92;83;119;97;80;81;80;81;82;80;81;2K;2B;3B;2P;28;28;28;28;29;28;29;92;83;119;97;80;80;80;80;81;80;81;0;0;0;0;0;1;0;1;1;0;0;60;51;87;65;48;48;48;48;49;48;49;;60;51;87;65;48;48;48;48;49;48;60;111;198;263;311;359;407;455;504;552;601
286;5UA0000101;60;5;U;A;0;0;0;0;1;0;1;5;30;10;0;0;0;0;1;0;1;53;85;65;48;48;48;48;49;48;49;2K;2D;39;2P;28;29;28;29;2A;28;29;92;85;117;97;80;81;80;81;82;80;81;2K;2D;39;2P;28;28;28;28;29;28;29;92;85;117;97;80;80;80;80;81;80;81;0;0;0;0;0;1;0;1;1;0;0;60;53;85;65;48;48;48;48;49;48;49;;60;53;85;65;48;48;48;48;49;48;60;113;198;263;311;359;407;455;504;552;601
287;UXKMJ00101;60;U;X;K;M;J;0;0;1;0;1;30;33;20;22;19;0;0;1;0;1;85;88;75;77;74;48;48;49;48;49;2K;39;3C;2Z;31;2Y;28;29;2A;28;29;92;117;120;107;109;106;80;81;82;80;81;2K;39;3C;2Z;31;2Y;28;28;29;28;29;92;117;120;107;109;106;80;80;81;80;81;0;0;0;0;0;0;0;1;1;0;0;60;85;88;75;77;74;48;48;49;48;49;;60;85;88;75;77;74;48;48;49;48;60;145;233;308;385;459;507;555;604;652;701
288;1300000101;61;1;3;0;0;0;0;0;1;0;1;1;3;0;0;0;0;0;1;0;1;49;51;48;48;48;48;48;49;48;49;2M;2A;2C;29;2A;29;2A;29;2A;29;2A;94;82;84;81;82;81;82;81;82;81;82;2M;2A;2C;29;29;29;29;29;2A;29;2A;94;82;84;81;81;81;81;81;82;81;82;0;0;0;0;1;0;1;0;0;0;0;61;49;51;48;48;48;48;48;49;48;49;;61;49;51;48;48;48;48;48;49;48;61;110;161;209;257;305;353;401;450;498;547
289;1XC0000101;61;1;X;C;0;0;0;0;1;0;1;1;33;12;0;0;0;0;1;0;1;49;88;67;48;48;48;48;49;48;49;2M;2A;3D;2S;29;2A;29;2A;2B;29;2A;94;82;121;100;81;82;81;82;83;81;82;2M;2A;3D;2S;29;29;29;29;2A;29;2A;94;82;121;100;81;81;81;81;82;81;82;0;0;0;0;0;1;0;1;1;0;0;61;49;88;67;48;48;48;48;49;48;49;;61;49;88;67;48;48;48;48;49;48;61;110;198;265;313;361;409;457;506;554;603
290;1YB0000101;61;1;Y;B;0;0;0;0;1;0;1;1;34;11;0;0;0;0;1;0;1;49;89;66;48;48;48;48;49;48;49;2M;2A;3E;2R;29;2A;29;2A;2B;29;2A;94;82;122;99;81;82;81;82;83;81;82;2M;2A;3E;2R;29;29;29;29;2A;29;2A;94;82;122;99;81;81;81;81;82;81;82;0;0;0;0;0;1;0;1;1;0;0;61;49;89;66;48;48;48;48;49;48;49;;61;49;89;66;48;48;48;48;49;48;61;110;199;265;313;361;409;457;506;554;603
291;1ZA0000101;61;1;Z;A;0;0;0;0;1;0;1;1;35;10;0;0;0;0;1;0;1;49;90;65;48;48;48;48;49;48;49;2M;2A;3F;2Q;29;2A;29;2A;2B;29;2A;94;82;123;98;81;82;81;82;83;81;82;2M;2A;3F;2Q;29;29;29;29;2A;29;2A;94;82;123;98;81;81;81;81;82;81;82;0;0;0;0;0;1;0;1;1;0;0;61;49;90;65;48;48;48;48;49;48;49;;61;49;90;65;48;48;48;48;49;48;61;110;200;265;313;361;409;457;506;554;603
292;2200000101;61;2;2;0;0;0;0;0;1;0;1;2;2;0;0;0;0;0;1;0;1;50;50;48;48;48;48;48;49;48;49;2M;2B;2C;29;2A;29;2A;29;2A;29;2A;94;83;84;81;82;81;82;81;82;81;82;2M;2B;2B;29;29;29;29;29;2A;29;2A;94;83;83;81;81;81;81;81;82;81;82;0;0;1;0;1;0;1;0;0;0;0;61;50;50;48;48;48;48;48;49;48;49;;61;50;50;48;48;48;48;48;49;48;61;111;161;209;257;305;353;401;450;498;547
293;2XB0000101;61;2;X;B;0;0;0;0;1;0;1;2;33;11;0;0;0;0;1;0;1;50;88;66;48;48;48;48;49;48;49;2M;2B;3D;2R;29;2A;29;2A;2B;29;2A;94;83;121;99;81;82;81;82;83;81;82;2M;2B;3D;2R;29;29;29;29;2A;29;2A;94;83;121;99;81;81;81;81;82;81;82;0;0;0;0;0;1;0;1;1;0;0;61;50;88;66;48;48;48;48;49;48;49;;61;50;88;66;48;48;48;48;49;48;61;111;199;265;313;361;409;457;506;554;603
294;2YA0000101;61;2;Y;A;0;0;0;0;1;0;1;2;34;10;0;0;0;0;1;0;1;50;89;65;48;48;48;48;49;48;49;2M;2B;3E;2Q;29;2A;29;2A;2B;29;2A;94;83;122;98;81;82;81;82;83;81;82;2M;2B;3E;2Q;29;29;29;29;2A;29;2A;94;83;122;98;81;81;81;81;82;81;82;0;0;0;0;0;1;0;1;1;0;0;61;50;89;65;48;48;48;48;49;48;49;;61;50;89;65;48;48;48;48;49;48;61;111;200;265;313;361;409;457;506;554;603
295;NTQSJ00101;61;N;T;Q;S;J;0;0;1;0;1;23;29;26;28;19;0;0;1;0;1;78;84;81;83;74;48;48;49;48;49;2M;33;39;36;38;2Z;29;2A;2B;29;2A;94;111;117;114;116;107;81;82;83;81;82;2M;33;39;36;38;2Z;29;29;2A;29;2A;94;111;117;114;116;107;81;81;82;81;82;0;0;0;0;0;0;0;1;1;0;0;61;78;84;81;83;74;48;48;49;48;49;;61;78;84;81;83;74;48;48;49;48;61;139;223;304;387;461;509;557;606;654;703
296;1400000101;62;1;4;0;0;0;0;0;1;0;1;1;4;0;0;0;0;0;1;0;1;49;52;48;48;48;48;48;49;48;49;2O;2B;2E;2A;2B;2A;2B;2A;2B;2A;2B;96;83;86;82;83;82;83;82;83;82;83;2O;2B;2E;2A;2A;2A;2A;2A;2B;2A;2B;96;83;86;82;82;82;82;82;83;82;83;0;0;0;0;1;0;1;0;0;0;0;62;49;52;48;48;48;48;48;49;48;49;;62;49;52;48;48;48;48;48;49;48;62;111;163;211;259;307;355;403;452;500;549
297;1ZB0000101;62;1;Z;B;0;0;0;0;1;0;1;1;35;11;0;0;0;0;1;0;1;49;90;66;48;48;48;48;49;48;49;2O;2B;3G;2S;2A;2B;2A;2B;2C;2A;2B;96;83;124;100;82;83;82;83;84;82;83;2O;2B;3G;2S;2A;2A;2A;2A;2B;2A;2B;96;83;124;100;82;82;82;82;83;82;83;0;0;0;0;0;1;0;1;1;0;0;62;49;90;66;48;48;48;48;49;48;49;;62;49;90;66;48;48;48;48;49;48;62;111;201;267;315;363;411;459;508;556;605
298;3200000101;62;3;2;0;0;0;0;0;1;0;1;3;2;0;0;0;0;0;1;0;1;51;50;48;48;48;48;48;49;48;49;2O;2D;2C;2A;2B;2A;2B;2A;2B;2A;2B;96;85;84;82;83;82;83;82;83;82;83;2O;2D;2C;2A;2A;2A;2A;2A;2B;2A;2B;96;85;84;82;82;82;82;82;83;82;83;0;0;0;0;1;0;1;0;0;0;0;62;51;50;48;48;48;48;48;49;48;49;;62;51;50;48;48;48;48;48;49;48;62;113;163;211;259;307;355;403;452;500;549
299;1050000101;63;1;0;5;0;0;0;0;1;0;1;1;0;5;0;0;0;0;1;0;1;49;48;53;48;48;48;48;49;48;49;2Q;2C;2B;2G;2B;2C;2B;2C;2D;2B;2C;98;84;83;88;83;84;83;84;85;83;84;2Q;2C;2B;2G;2B;2B;2B;2B;2C;2B;2C;98;84;83;88;83;83;83;83;84;83;84;0;0;0;0;0;1;0;1;1;0;0;63;49;48;53;48;48;48;48;49;48;49;;63;49;48;53;48;48;48;48;49;48;63;112;160;213;261;309;357;405;454;502;551
300;1E1AF00101;63;1;E;1;A;F;0;0;1;0;1;1;14;1;10;15;0;0;1;0;1;49;69;49;65;70;48;48;49;48;49;2Q;2C;2W;2C;2S;2X;2B;2C;2D;2B;2C;98;84;104;84;100;105;83;84;85;83;84;2Q;2C;2W;2C;2S;2X;2B;2B;2C;2B;2C;98;84;104;84;100;105;83;83;84;83;84;0;0;0;0;0;0;0;1;1;0;0;63;49;69;49;65;70;48;48;49;48;49;;63;49;69;49;65;70;48;48;49;48;63;112;181;230;295;365;413;461;510;558;607
301;2400000101;63;2;4;0;0;0;0;0;1;0;1;2;4;0;0;0;0;0;1;0;1;50;52;48;48;48;48;48;49;48;49;2Q;2D;2F;2B;2C;2B;2C;2B;2C;2B;2C;98;85;87;83;84;83;84;83;84;83;84;2Q;2D;2F;2B;2B;2B;2B;2B;2C;2B;2C;98;85;87;83;83;83;83;83;84;83;84;0;0;0;0;1;0;1;0;0;0;0;63;50;52;48;48;48;48;48;49;48;49;;63;50;52;48;48;48;48;48;49;48;63;113;165;213;261;309;357;405;454;502;551
302;IWTTJ00101;63;I;W;T;T;J;0;0;1;0;1;18;32;29;29;19;0;0;1;0;1;73;87;84;84;74;48;48;49;48;49;2Q;30;3E;3B;3C;31;2B;2C;2D;2B;2C;98;108;122;119;120;109;83;84;85;83;84;2Q;30;3E;3B;3B;31;2B;2B;2C;2B;2C;98;108;122;119;119;109;83;83;84;83;84;0;0;0;0;1;0;0;1;1;0;0;63;73;87;84;84;74;48;48;49;48;49;;63;73;87;84;84;74;48;48;49;48;63;136;223;307;391;465;513;561;610;658;707
303;XXKMJ00101;63;X;X;K;M;J;0;0;1;0;1;33;33;20;22;19;0;0;1;0;1;88;88;75;77;74;48;48;49;48;49;2Q;3F;3G;32;34;31;2B;2C;2D;2B;2C;98;123;124;110;112;109;83;84;85;83;84;2Q;3F;3F;32;34;31;2B;2B;2C;2B;2C;98;123;123;110;112;109;83;83;84;83;84;0;0;1;0;0;0;0;1;1;0;0;63;88;88;75;77;74;48;48;49;48;49;;63;88;88;75;77;74;48;48;49;48;63;151;239;314;391;465;513;561;610;658;707
304;1600000101;64;1;6;0;0;0;0;0;1;0;1;1;6;0;0;0;0;0;1;0;1;49;54;48;48;48;48;48;49;48;49;2S;2D;2I;2C;2D;2C;2D;2C;2D;2C;2D;100;85;90;84;85;84;85;84;85;84;85;2S;2D;2I;2C;2C;2C;2C;2C;2D;2C;2D;100;85;90;84;84;84;84;84;85;84;85;0;0;0;0;1;0;1;0;0;0;0;64;49;54;48;48;48;48;48;49;48;49;;64;49;54;48;48;48;48;48;49;48;64;113;167;215;263;311;359;407;456;504;553
305;2050000101;64;2;0;5;0;0;0;0;1;0;1;2;0;5;0;0;0;0;1;0;1;50;48;53;48;48;48;48;49;48;49;2S;2E;2C;2H;2C;2D;2C;2D;2E;2C;2D;100;86;84;89;84;85;84;85;86;84;85;2S;2E;2C;2H;2C;2C;2C;2C;2D;2C;2D;100;86;84;89;84;84;84;84;85;84;85;0;0;0;0;0;1;0;1;1;0;0;64;50;48;53;48;48;48;48;49;48;49;;64;50;48;53;48;48;48;48;49;48;64;114;162;215;263;311;359;407;456;504;553
306;3400000101;64;3;4;0;0;0;0;0;1;0;1;3;4;0;0;0;0;0;1;0;1;51;52;48;48;48;48;48;49;48;49;2S;2F;2G;2C;2D;2C;2D;2C;2D;2C;2D;100;87;88;84;85;84;85;84;85;84;85;2S;2F;2G;2C;2C;2C;2C;2C;2D;2C;2D;100;87;88;84;84;84;84;84;85;84;85;0;0;0;0;1;0;1;0;0;0;0;64;51;52;48;48;48;48;48;49;48;49;;64;51;52;48;48;48;48;48;49;48;64;115;167;215;263;311;359;407;456;504;553
307;4400000101;65;4;4;0;0;0;0;0;1;0;1;4;4;0;0;0;0;0;1;0;1;52;52;48;48;48;48;48;49;48;49;2U;2H;2I;2D;2E;2D;2E;2D;2E;2D;2E;102;89;90;85;86;85;86;85;86;85;86;2U;2H;2H;2D;2D;2D;2D;2D;2E;2D;2E;102;89;89;85;85;85;85;85;86;85;86;0;0;1;0;1;0;1;0;0;0;0;65;52;52;48;48;48;48;48;49;48;49;;65;52;52;48;48;48;48;48;49;48;65;117;169;217;265;313;361;409;458;506;555
308;1260000101;66;1;2;6;0;0;0;0;1;0;1;1;2;6;0;0;0;0;1;0;1;49;50;54;48;48;48;48;49;48;49;2W;2F;2G;2K;2E;2F;2E;2F;2G;2E;2F;104;87;88;92;86;87;86;87;88;86;87;2W;2F;2G;2K;2E;2E;2E;2E;2F;2E;2F;104;87;88;92;86;86;86;86;87;86;87;0;0;0;0;0;1;0;1;1;0;0;66;49;50;54;48;48;48;48;49;48;49;;66;49;50;54;48;48;48;48;49;48;66;115;165;219;267;315;363;411;460;508;557
309;1530000101;66;1;5;3;0;0;0;0;1;0;1;1;5;3;0;0;0;0;1;0;1;49;53;51;48;48;48;48;49;48;49;2W;2F;2J;2H;2E;2F;2E;2F;2G;2E;2F;104;87;91;89;86;87;86;87;88;86;87;2W;2F;2J;2H;2E;2E;2E;2E;2F;2E;2F;104;87;91;89;86;86;86;86;87;86;87;0;0;0;0;0;1;0;1;1;0;0;66;49;53;51;48;48;48;48;49;48;49;;66;49;53;51;48;48;48;48;49;48;66;115;168;219;267;315;363;411;460;508;557
310;2700000101;66;2;7;0;0;0;0;0;1;0;1;2;7;0;0;0;0;0;1;0;1;50;55;48;48;48;48;48;49;48;49;2W;2G;2L;2E;2F;2E;2F;2E;2F;2E;2F;104;88;93;86;87;86;87;86;87;86;87;2W;2G;2L;2E;2E;2E;2E;2E;2F;2E;2F;104;88;93;86;86;86;86;86;87;86;87;0;0;0;0;1;0;1;0;0;0;0;66;50;55;48;48;48;48;48;49;48;49;;66;50;55;48;48;48;48;48;49;48;66;116;171;219;267;315;363;411;460;508;557
311;3510000101;66;3;5;1;0;0;0;0;1;0;1;3;5;1;0;0;0;0;1;0;1;51;53;49;48;48;48;48;49;48;49;2W;2H;2J;2F;2E;2F;2E;2F;2G;2E;2F;104;89;91;87;86;87;86;87;88;86;87;2W;2H;2J;2F;2E;2E;2E;2E;2F;2E;2F;104;89;91;87;86;86;86;86;87;86;87;0;0;0;0;0;1;0;1;1;0;0;66;51;53;49;48;48;48;48;49;48;49;;66;51;53;49;48;48;48;48;49;48;66;117;170;219;267;315;363;411;460;508;557
312;7200000101;66;7;2;0;0;0;0;0;1;0;1;7;2;0;0;0;0;0;1;0;1;55;50;48;48;48;48;48;49;48;49;2W;2L;2G;2E;2F;2E;2F;2E;2F;2E;2F;104;93;88;86;87;86;87;86;87;86;87;2W;2L;2G;2E;2E;2E;2E;2E;2F;2E;2F;104;93;88;86;86;86;86;86;87;86;87;0;0;0;0;1;0;1;0;0;0;0;66;55;50;48;48;48;48;48;49;48;49;;66;55;50;48;48;48;48;48;49;48;66;121;171;219;267;315;363;411;460;508;557
313;8010000101;66;8;0;1;0;0;0;0;1;0;1;8;0;1;0;0;0;0;1;0;1;56;48;49;48;48;48;48;49;48;49;2W;2M;2E;2F;2E;2F;2E;2F;2G;2E;2F;104;94;86;87;86;87;86;87;88;86;87;2W;2M;2E;2F;2E;2E;2E;2E;2F;2E;2F;104;94;86;87;86;86;86;86;87;86;87;0;0;0;0;0;1;0;1;1;0;0;66;56;48;49;48;48;48;48;49;48;49;;66;56;48;49;48;48;48;48;49;48;66;122;170;219;267;315;363;411;460;508;557
314;ZMQSJ00101;66;Z;M;Q;S;J;0;0;1;0;1;35;22;26;28;19;0;0;1;0;1;90;77;81;83;74;48;48;49;48;49;2W;3K;37;3B;3D;34;2E;2F;2G;2E;2F;104;128;115;119;121;112;86;87;88;86;87;2W;3K;37;3B;3D;34;2E;2E;2F;2E;2F;104;128;115;119;121;112;86;86;87;86;87;0;0;0;0;0;0;0;1;1;0;0;66;90;77;81;83;74;48;48;49;48;49;;66;90;77;81;83;74;48;48;49;48;66;156;233;314;397;471;519;567;616;664;713
315;1090000101;67;1;0;9;0;0;0;0;1;0;1;1;0;9;0;0;0;0;1;0;1;49;48;57;48;48;48;48;49;48;49;2Y;2G;2F;2O;2F;2G;2F;2G;2H;2F;2G;106;88;87;96;87;88;87;88;89;87;88;2Y;2G;2F;2O;2F;2F;2F;2F;2G;2F;2G;106;88;87;96;87;87;87;87;88;87;88;0;0;0;0;0;1;0;1;1;0;0;67;49;48;57;48;48;48;48;49;48;49;;67;49;48;57;48;48;48;48;49;48;67;116;164;221;269;317;365;413;462;510;559
316;1270000101;67;1;2;7;0;0;0;0;1;0;1;1;2;7;0;0;0;0;1;0;1;49;50;55;48;48;48;48;49;48;49;2Y;2G;2H;2M;2F;2G;2F;2G;2H;2F;2G;106;88;89;94;87;88;87;88;89;87;88;2Y;2G;2H;2M;2F;2F;2F;2F;2G;2F;2G;106;88;89;94;87;87;87;87;88;87;88;0;0;0;0;0;1;0;1;1;0;0;67;49;50;55;48;48;48;48;49;48;49;;67;49;50;55;48;48;48;48;49;48;67;116;166;221;269;317;365;413;462;510;559
317;1900000101;67;1;9;0;0;0;0;0;1;0;1;1;9;0;0;0;0;0;1;0;1;49;57;48;48;48;48;48;49;48;49;2Y;2G;2O;2F;2G;2F;2G;2F;2G;2F;2G;106;88;96;87;88;87;88;87;88;87;88;2Y;2G;2O;2F;2F;2F;2F;2F;2G;2F;2G;106;88;96;87;87;87;87;87;88;87;88;0;0;0;0;1;0;1;0;0;0;0;67;49;57;48;48;48;48;48;49;48;49;;67;49;57;48;48;48;48;48;49;48;67;116;173;221;269;317;365;413;462;510;559
318;2170000101;67;2;1;7;0;0;0;0;1;0;1;2;1;7;0;0;0;0;1;0;1;50;49;55;48;48;48;48;49;48;49;2Y;2H;2G;2M;2F;2G;2F;2G;2H;2F;2G;106;89;88;94;87;88;87;88;89;87;88;2Y;2H;2G;2M;2F;2F;2F;2F;2G;2F;2G;106;89;88;94;87;87;87;87;88;87;88;0;0;0;0;0;1;0;1;1;0;0;67;50;49;55;48;48;48;48;49;48;49;;67;50;49;55;48;48;48;48;49;48;67;117;166;221;269;317;365;413;462;510;559
319;2350000101;67;2;3;5;0;0;0;0;1;0;1;2;3;5;0;0;0;0;1;0;1;50;51;53;48;48;48;48;49;48;49;2Y;2H;2I;2K;2F;2G;2F;2G;2H;2F;2G;106;89;90;92;87;88;87;88;89;87;88;2Y;2H;2I;2K;2F;2F;2F;2F;2G;2F;2G;106;89;90;92;87;87;87;87;88;87;88;0;0;0;0;0;1;0;1;1;0;0;67;50;51;53;48;48;48;48;49;48;49;;67;50;51;53;48;48;48;48;49;48;67;117;168;221;269;317;365;413;462;510;559
320;8200000101;67;8;2;0;0;0;0;0;1;0;1;8;2;0;0;0;0;0;1;0;1;56;50;48;48;48;48;48;49;48;49;2Y;2N;2H;2F;2G;2F;2G;2F;2G;2F;2G;106;95;89;87;88;87;88;87;88;87;88;2Y;2N;2H;2F;2F;2F;2F;2F;2G;2F;2G;106;95;89;87;87;87;87;87;88;87;88;0;0;0;0;1;0;1;0;0;0;0;67;56;50;48;48;48;48;48;49;48;49;;67;56;50;48;48;48;48;48;49;48;67;123;173;221;269;317;365;413;462;510;559
321;9100000101;67;9;1;0;0;0;0;0;1;0;1;9;1;0;0;0;0;0;1;0;1;57;49;48;48;48;48;48;49;48;49;2Y;2O;2G;2F;2G;2F;2G;2F;2G;2F;2G;106;96;88;87;88;87;88;87;88;87;88;2Y;2O;2G;2F;2F;2F;2F;2F;2G;2F;2G;106;96;88;87;87;87;87;87;88;87;88;0;0;0;0;1;0;1;0;0;0;0;67;57;49;48;48;48;48;48;49;48;49;;67;57;49;48;48;48;48;48;49;48;67;124;173;221;269;317;365;413;462;510;559
322;1370000101;68;1;3;7;0;0;0;0;1;0;1;1;3;7;0;0;0;0;1;0;1;49;51;55;48;48;48;48;49;48;49;30;2H;2J;2N;2G;2H;2G;2H;2I;2G;2H;108;89;91;95;88;89;88;89;90;88;89;30;2H;2J;2N;2G;2G;2G;2G;2H;2G;2H;108;89;91;95;88;88;88;88;89;88;89;0;0;0;0;0;1;0;1;1;0;0;68;49;51;55;48;48;48;48;49;48;49;;68;49;51;55;48;48;48;48;49;48;68;117;168;223;271;319;367;415;464;512;561
323;3800000101;68;3;8;0;0;0;0;0;1;0;1;3;8;0;0;0;0;0;1;0;1;51;56;48;48;48;48;48;49;48;49;30;2J;2O;2G;2H;2G;2H;2G;2H;2G;2H;108;91;96;88;89;88;89;88;89;88;89;30;2J;2O;2G;2G;2G;2G;2G;2H;2G;2H;108;91;96;88;88;88;88;88;89;88;89;0;0;0;0;1;0;1;0;0;0;0;68;51;56;48;48;48;48;48;49;48;49;;68;51;56;48;48;48;48;48;49;48;68;119;175;223;271;319;367;415;464;512;561
324;7400000101;68;7;4;0;0;0;0;0;1;0;1;7;4;0;0;0;0;0;1;0;1;55;52;48;48;48;48;48;49;48;49;30;2N;2K;2G;2H;2G;2H;2G;2H;2G;2H;108;95;92;88;89;88;89;88;89;88;89;30;2N;2K;2G;2G;2G;2G;2G;2H;2G;2H;108;95;92;88;88;88;88;88;89;88;89;0;0;0;0;1;0;1;0;0;0;0;68;55;52;48;48;48;48;48;49;48;49;;68;55;52;48;48;48;48;48;49;48;68;123;175;223;271;319;367;415;464;512;561
325;1470000101;69;1;4;7;0;0;0;0;1;0;1;1;4;7;0;0;0;0;1;0;1;49;52;55;48;48;48;48;49;48;49;32;2I;2L;2O;2H;2I;2H;2I;2J;2H;2I;110;90;93;96;89;90;89;90;91;89;90;32;2I;2L;2O;2H;2H;2H;2H;2I;2H;2I;110;90;93;96;89;89;89;89;90;89;90;0;0;0;0;0;1;0;1;1;0;0;69;49;52;55;48;48;48;48;49;48;49;;69;49;52;55;48;48;48;48;49;48;69;118;170;225;273;321;369;417;466;514;563
326;1560000101;69;1;5;6;0;0;0;0;1;0;1;1;5;6;0;0;0;0;1;0;1;49;53;54;48;48;48;48;49;48;49;32;2I;2M;2N;2H;2I;2H;2I;2J;2H;2I;110;90;94;95;89;90;89;90;91;89;90;32;2I;2M;2N;2H;2H;2H;2H;2I;2H;2I;110;90;94;95;89;89;89;89;90;89;90;0;0;0;0;0;1;0;1;1;0;0;69;49;53;54;48;48;48;48;49;48;49;;69;49;53;54;48;48;48;48;49;48;69;118;171;225;273;321;369;417;466;514;563
327;1830000101;69;1;8;3;0;0;0;0;1;0;1;1;8;3;0;0;0;0;1;0;1;49;56;51;48;48;48;48;49;48;49;32;2I;2P;2K;2H;2I;2H;2I;2J;2H;2I;110;90;97;92;89;90;89;90;91;89;90;32;2I;2P;2K;2H;2H;2H;2H;2I;2H;2I;110;90;97;92;89;89;89;89;90;89;90;0;0;0;0;0;1;0;1;1;0;0;69;49;56;51;48;48;48;48;49;48;49;;69;49;56;51;48;48;48;48;49;48;69;118;174;225;273;321;369;417;466;514;563
328;1920000101;69;1;9;2;0;0;0;0;1;0;1;1;9;2;0;0;0;0;1;0;1;49;57;50;48;48;48;48;49;48;49;32;2I;2Q;2J;2H;2I;2H;2I;2J;2H;2I;110;90;98;91;89;90;89;90;91;89;90;32;2I;2Q;2J;2H;2H;2H;2H;2I;2H;2I;110;90;98;91;89;89;89;89;90;89;90;0;0;0;0;0;1;0;1;1;0;0;69;49;57;50;48;48;48;48;49;48;49;;69;49;57;50;48;48;48;48;49;48;69;118;175;225;273;321;369;417;466;514;563
329;2EF0G00101;69;2;E;F;0;G;0;0;1;0;1;2;14;15;0;16;0;0;1;0;1;50;69;70;48;71;48;48;49;48;49;32;2J;32;33;2H;34;2H;2I;2J;2H;2I;110;91;110;111;89;112;89;90;91;89;90;32;2J;32;33;2H;34;2H;2H;2I;2H;2I;110;91;110;111;89;112;89;89;90;89;90;0;0;0;0;0;0;0;1;1;0;0;69;50;69;70;48;71;48;48;49;48;49;;69;50;69;70;48;71;48;48;49;48;69;119;188;258;306;377;425;473;522;570;619
330;3900000101;69;3;9;0;0;0;0;0;1;0;1;3;9;0;0;0;0;0;1;0;1;51;57;48;48;48;48;48;49;48;49;32;2K;2Q;2H;2I;2H;2I;2H;2I;2H;2I;110;92;98;89;90;89;90;89;90;89;90;32;2K;2Q;2H;2H;2H;2H;2H;2I;2H;2I;110;92;98;89;89;89;89;89;90;89;90;0;0;0;0;1;0;1;0;0;0;0;69;51;57;48;48;48;48;48;49;48;49;;69;51;57;48;48;48;48;48;49;48;69;120;177;225;273;321;369;417;466;514;563
331;4170000101;69;4;1;7;0;0;0;0;1;0;1;4;1;7;0;0;0;0;1;0;1;52;49;55;48;48;48;48;49;48;49;32;2L;2I;2O;2H;2I;2H;2I;2J;2H;2I;110;93;90;96;89;90;89;90;91;89;90;32;2L;2I;2O;2H;2H;2H;2H;2I;2H;2I;110;93;90;96;89;89;89;89;90;89;90;0;0;0;0;0;1;0;1;1;0;0;69;52;49;55;48;48;48;48;49;48;49;;69;52;49;55;48;48;48;48;49;48;69;121;170;225;273;321;369;417;466;514;563
332;4350000101;69;4;3;5;0;0;0;0;1;0;1;4;3;5;0;0;0;0;1;0;1;52;51;53;48;48;48;48;49;48;49;32;2L;2K;2M;2H;2I;2H;2I;2J;2H;2I;110;93;92;94;89;90;89;90;91;89;90;32;2L;2K;2M;2H;2H;2H;2H;2I;2H;2I;110;93;92;94;89;89;89;89;90;89;90;0;0;0;0;0;1;0;1;1;0;0;69;52;51;53;48;48;48;48;49;48;49;;69;52;51;53;48;48;48;48;49;48;69;121;172;225;273;321;369;417;466;514;563
333;4E7P400101;69;4;E;7;P;4;0;0;1;0;1;4;14;7;25;4;0;0;1;0;1;52;69;55;80;52;48;48;49;48;49;32;2L;32;2O;3D;2L;2H;2I;2J;2H;2I;110;93;110;96;121;93;89;90;91;89;90;32;2L;32;2O;3D;2L;2H;2H;2I;2H;2I;110;93;110;96;121;93;89;89;90;89;90;0;0;0;0;0;0;0;1;1;0;0;69;52;69;55;80;52;48;48;49;48;49;;69;52;69;55;80;52;48;48;49;48;69;121;190;245;325;377;425;473;522;570;619
334;1390000101;70;1;3;9;0;0;0;0;1;0;1;1;3;9;0;0;0;0;1;0;1;49;51;57;48;48;48;48;49;48;49;34;2J;2L;2R;2I;2J;2I;2J;2K;2I;2J;112;91;93;99;90;91;90;91;92;90;91;34;2J;2L;2R;2I;2I;2I;2I;2J;2I;2J;112;91;93;99;90;90;90;90;91;90;91;0;0;0;0;0;1;0;1;1;0;0;70;49;51;57;48;48;48;48;49;48;49;;70;49;51;57;48;48;48;48;49;48;70;119;170;227;275;323;371;419;468;516;565
335;1480000101;70;1;4;8;0;0;0;0;1;0;1;1;4;8;0;0;0;0;1;0;1;49;52;56;48;48;48;48;49;48;49;34;2J;2M;2Q;2I;2J;2I;2J;2K;2I;2J;112;91;94;98;90;91;90;91;92;90;91;34;2J;2M;2Q;2I;2I;2I;2I;2J;2I;2J;112;91;94;98;90;90;90;90;91;90;91;0;0;0;0;0;1;0;1;1;0;0;70;49;52;56;48;48;48;48;49;48;49;;70;49;52;56;48;48;48;48;49;48;70;119;171;227;275;323;371;419;468;516;565
336;1570000101;70;1;5;7;0;0;0;0;1;0;1;1;5;7;0;0;0;0;1;0;1;49;53;55;48;48;48;48;49;48;49;34;2J;2N;2P;2I;2J;2I;2J;2K;2I;2J;112;91;95;97;90;91;90;91;92;90;91;34;2J;2N;2P;2I;2I;2I;2I;2J;2I;2J;112;91;95;97;90;90;90;90;91;90;91;0;0;0;0;0;1;0;1;1;0;0;70;49;53;55;48;48;48;48;49;48;49;;70;49;53;55;48;48;48;48;49;48;70;119;172;227;275;323;371;419;468;516;565
337;1660000101;70;1;6;6;0;0;0;0;1;0;1;1;6;6;0;0;0;0;1;0;1;49;54;54;48;48;48;48;49;48;49;34;2J;2O;2P;2I;2J;2I;2J;2K;2I;2J;112;91;96;97;90;91;90;91;92;90;91;34;2J;2O;2O;2I;2I;2I;2I;2J;2I;2J;112;91;96;96;90;90;90;90;91;90;91;0;0;0;1;0;1;0;1;1;0;0;70;49;54;54;48;48;48;48;49;48;49;;70;49;54;54;48;48;48;48;49;48;70;119;173;227;275;323;371;419;468;516;565
338;1750000101;70;1;7;5;0;0;0;0;1;0;1;1;7;5;0;0;0;0;1;0;1;49;55;53;48;48;48;48;49;48;49;34;2J;2P;2N;2I;2J;2I;2J;2K;2I;2J;112;91;97;95;90;91;90;91;92;90;91;34;2J;2P;2N;2I;2I;2I;2I;2J;2I;2J;112;91;97;95;90;90;90;90;91;90;91;0;0;0;0;0;1;0;1;1;0;0;70;49;55;53;48;48;48;48;49;48;49;;70;49;55;53;48;48;48;48;49;48;70;119;174;227;275;323;371;419;468;516;565
339;1EB5H00101;70;1;E;B;5;H;0;0;1;0;1;1;14;11;5;17;0;0;1;0;1;49;69;66;53;72;48;48;49;48;49;34;2J;33;30;2N;36;2I;2J;2K;2I;2J;112;91;111;108;95;114;90;91;92;90;91;34;2J;33;30;2N;36;2I;2I;2J;2I;2J;112;91;111;108;95;114;90;90;91;90;91;0;0;0;0;0;0;0;1;1;0;0;70;49;69;66;53;72;48;48;49;48;49;;70;49;69;66;53;72;48;48;49;48;70;119;188;254;307;379;427;475;524;572;621
340;2470000101;70;2;4;7;0;0;0;0;1;0;1;2;4;7;0;0;0;0;1;0;1;50;52;55;48;48;48;48;49;48;49;34;2K;2M;2P;2I;2J;2I;2J;2K;2I;2J;112;92;94;97;90;91;90;91;92;90;91;34;2K;2M;2P;2I;2I;2I;2I;2J;2I;2J;112;92;94;97;90;90;90;90;91;90;91;0;0;0;0;0;1;0;1;1;0;0;70;50;52;55;48;48;48;48;49;48;49;;70;50;52;55;48;48;48;48;49;48;70;120;172;227;275;323;371;419;468;516;565
341;2560000101;70;2;5;6;0;0;0;0;1;0;1;2;5;6;0;0;0;0;1;0;1;50;53;54;48;48;48;48;49;48;49;34;2K;2N;2O;2I;2J;2I;2J;2K;2I;2J;112;92;95;96;90;91;90;91;92;90;91;34;2K;2N;2O;2I;2I;2I;2I;2J;2I;2J;112;92;95;96;90;90;90;90;91;90;91;0;0;0;0;0;1;0;1;1;0;0;70;50;53;54;48;48;48;48;49;48;49;;70;50;53;54;48;48;48;48;49;48;70;120;173;227;275;323;371;419;468;516;565
342;4900000101;70;4;9;0;0;0;0;0;1;0;1;4;9;0;0;0;0;0;1;0;1;52;57;48;48;48;48;48;49;48;49;34;2M;2R;2I;2J;2I;2J;2I;2J;2I;2J;112;94;99;90;91;90;91;90;91;90;91;34;2M;2R;2I;2I;2I;2I;2I;2J;2I;2J;112;94;99;90;90;90;90;90;91;90;91;0;0;0;0;1;0;1;0;0;0;0;70;52;57;48;48;48;48;48;49;48;49;;70;52;57;48;48;48;48;48;49;48;70;122;179;227;275;323;371;419;468;516;565
343;6700000101;70;6;7;0;0;0;0;0;1;0;1;6;7;0;0;0;0;0;1;0;1;54;55;48;48;48;48;48;49;48;49;34;2O;2P;2I;2J;2I;2J;2I;2J;2I;2J;112;96;97;90;91;90;91;90;91;90;91;34;2O;2P;2I;2I;2I;2I;2I;2J;2I;2J;112;96;97;90;90;90;90;90;91;90;91;0;0;0;0;1;0;1;0;0;0;0;70;54;55;48;48;48;48;48;49;48;49;;70;54;55;48;48;48;48;48;49;48;70;124;179;227;275;323;371;419;468;516;565
344;8410000101;70;8;4;1;0;0;0;0;1;0;1;8;4;1;0;0;0;0;1;0;1;56;52;49;48;48;48;48;49;48;49;34;2Q;2M;2J;2I;2J;2I;2J;2K;2I;2J;112;98;94;91;90;91;90;91;92;90;91;34;2Q;2M;2J;2I;2I;2I;2I;2J;2I;2J;112;98;94;91;90;90;90;90;91;90;91;0;0;0;0;0;1;0;1;1;0;0;70;56;52;49;48;48;48;48;49;48;49;;70;56;52;49;48;48;48;48;49;48;70;126;178;227;275;323;371;419;468;516;565
345;1490000101;71;1;4;9;0;0;0;0;1;0;1;1;4;9;0;0;0;0;1;0;1;49;52;57;48;48;48;48;49;48;49;36;2K;2N;2S;2J;2K;2J;2K;2L;2J;2K;114;92;95;100;91;92;91;92;93;91;92;36;2K;2N;2S;2J;2J;2J;2J;2K;2J;2K;114;92;95;100;91;91;91;91;92;91;92;0;0;0;0;0;1;0;1;1;0;0;71;49;52;57;48;48;48;48;49;48;49;;71;49;52;57;48;48;48;48;49;48;71;120;172;229;277;325;373;421;470;518;567
346;1580000101;71;1;5;8;0;0;0;0;1;0;1;1;5;8;0;0;0;0;1;0;1;49;53;56;48;48;48;48;49;48;49;36;2K;2O;2R;2J;2K;2J;2K;2L;2J;2K;114;92;96;99;91;92;91;92;93;91;92;36;2K;2O;2R;2J;2J;2J;2J;2K;2J;2K;114;92;96;99;91;91;91;91;92;91;92;0;0;0;0;0;1;0;1;1;0;0;71;49;53;56;48;48;48;48;49;48;49;;71;49;53;56;48;48;48;48;49;48;71;120;173;229;277;325;373;421;470;518;567
347;1670000101;71;1;6;7;0;0;0;0;1;0;1;1;6;7;0;0;0;0;1;0;1;49;54;55;48;48;48;48;49;48;49;36;2K;2P;2Q;2J;2K;2J;2K;2L;2J;2K;114;92;97;98;91;92;91;92;93;91;92;36;2K;2P;2Q;2J;2J;2J;2J;2K;2J;2K;114;92;97;98;91;91;91;91;92;91;92;0;0;0;0;0;1;0;1;1;0;0;71;49;54;55;48;48;48;48;49;48;49;;71;49;54;55;48;48;48;48;49;48;71;120;174;229;277;325;373;421;470;518;567
348;1EB4J00101;71;1;E;B;4;J;0;0;1;0;1;1;14;11;4;19;0;0;1;0;1;49;69;66;52;74;48;48;49;48;49;36;2K;34;31;2N;39;2J;2K;2L;2J;2K;114;92;112;109;95;117;91;92;93;91;92;36;2K;34;31;2N;39;2J;2J;2K;2J;2K;114;92;112;109;95;117;91;91;92;91;92;0;0;0;0;0;0;0;1;1;0;0;71;49;69;66;52;74;48;48;49;48;49;;71;49;69;66;52;74;48;48;49;48;71;120;189;255;307;381;429;477;526;574;623
349;5900000101;71;5;9;0;0;0;0;0;1;0;1;5;9;0;0;0;0;0;1;0;1;53;57;48;48;48;48;48;49;48;49;36;2O;2S;2J;2K;2J;2K;2J;2K;2J;2K;114;96;100;91;92;91;92;91;92;91;92;36;2O;2S;2J;2J;2J;2J;2J;2K;2J;2K;114;96;100;91;91;91;91;91;92;91;92;0;0;0;0;1;0;1;0;0;0;0;71;53;57;48;48;48;48;48;49;48;49;;71;53;57;48;48;48;48;48;49;48;71;124;181;229;277;325;373;421;470;518;567
350;7700000101;71;7;7;0;0;0;0;0;1;0;1;7;7;0;0;0;0;0;1;0;1;55;55;48;48;48;48;48;49;48;49;36;2Q;2R;2J;2K;2J;2K;2J;2K;2J;2K;114;98;99;91;92;91;92;91;92;91;92;36;2Q;2Q;2J;2J;2J;2J;2J;2K;2J;2K;114;98;98;91;91;91;91;91;92;91;92;0;0;1;0;1;0;1;0;0;0;0;71;55;55;48;48;48;48;48;49;48;49;;71;55;55;48;48;48;48;48;49;48;71;126;181;229;277;325;373;421;470;518;567
351;9410000101;71;9;4;1;0;0;0;0;1;0;1;9;4;1;0;0;0;0;1;0;1;57;52;49;48;48;48;48;49;48;49;36;2S;2N;2K;2J;2K;2J;2K;2L;2J;2K;114;100;95;92;91;92;91;92;93;91;92;36;2S;2N;2K;2J;2J;2J;2J;2K;2J;2K;114;100;95;92;91;91;91;91;92;91;92;0;0;0;0;0;1;0;1;1;0;0;71;57;52;49;48;48;48;48;49;48;49;;71;57;52;49;48;48;48;48;49;48;71;128;180;229;277;325;373;421;470;518;567
352;1680000101;72;1;6;8;0;0;0;0;1;0;1;1;6;8;0;0;0;0;1;0;1;49;54;56;48;48;48;48;49;48;49;38;2L;2Q;2S;2K;2L;2K;2L;2M;2K;2L;116;93;98;100;92;93;92;93;94;92;93;38;2L;2Q;2S;2K;2K;2K;2K;2L;2K;2L;116;93;98;100;92;92;92;92;93;92;93;0;0;0;0;0;1;0;1;1;0;0;72;49;54;56;48;48;48;48;49;48;49;;72;49;54;56;48;48;48;48;49;48;72;121;175;231;279;327;375;423;472;520;569
353;1770000101;72;1;7;7;0;0;0;0;1;0;1;1;7;7;0;0;0;0;1;0;1;49;55;55;48;48;48;48;49;48;49;38;2L;2R;2S;2K;2L;2K;2L;2M;2K;2L;116;93;99;100;92;93;92;93;94;92;93;38;2L;2R;2R;2K;2K;2K;2K;2L;2K;2L;116;93;99;99;92;92;92;92;93;92;93;0;0;0;1;0;1;0;1;1;0;0;72;49;55;55;48;48;48;48;49;48;49;;72;49;55;55;48;48;48;48;49;48;72;121;176;231;279;327;375;423;472;520;569
354;3750000101;72;3;7;5;0;0;0;0;1;0;1;3;7;5;0;0;0;0;1;0;1;51;55;53;48;48;48;48;49;48;49;38;2N;2R;2P;2K;2L;2K;2L;2M;2K;2L;116;95;99;97;92;93;92;93;94;92;93;38;2N;2R;2P;2K;2K;2K;2K;2L;2K;2L;116;95;99;97;92;92;92;92;93;92;93;0;0;0;0;0;1;0;1;1;0;0;72;51;55;53;48;48;48;48;49;48;49;;72;51;55;53;48;48;48;48;49;48;72;123;178;231;279;327;375;423;472;520;569
355;UPZRJ00101;72;U;P;Z;R;J;0;0;1;0;1;30;25;35;27;19;0;0;1;0;1;85;80;90;82;74;48;48;49;48;49;38;3L;3G;3Q;3I;3A;2K;2L;2M;2K;2L;116;129;124;134;126;118;92;93;94;92;93;38;3L;3G;3Q;3I;3A;2K;2K;2L;2K;2L;116;129;124;134;126;118;92;92;93;92;93;0;0;0;0;0;0;0;1;1;0;0;72;85;80;90;82;74;48;48;49;48;49;;72;85;80;90;82;74;48;48;49;48;72;157;237;327;409;483;531;579;628;676;725
356;1870000101;73;1;8;7;0;0;0;0;1;0;1;1;8;7;0;0;0;0;1;0;1;49;56;55;48;48;48;48;49;48;49;3A;2M;2T;2S;2L;2M;2L;2M;2N;2L;2M;118;94;101;100;93;94;93;94;95;93;94;3A;2M;2T;2S;2L;2L;2L;2L;2M;2L;2M;118;94;101;100;93;93;93;93;94;93;94;0;0;0;0;0;1;0;1;1;0;0;73;49;56;55;48;48;48;48;49;48;49;;73;49;56;55;48;48;48;48;49;48;73;122;178;233;281;329;377;425;474;522;571
357;1960000101;73;1;9;6;0;0;0;0;1;0;1;1;9;6;0;0;0;0;1;0;1;49;57;54;48;48;48;48;49;48;49;3A;2M;2U;2R;2L;2M;2L;2M;2N;2L;2M;118;94;102;99;93;94;93;94;95;93;94;3A;2M;2U;2R;2L;2L;2L;2L;2M;2L;2M;118;94;102;99;93;93;93;93;94;93;94;0;0;0;0;0;1;0;1;1;0;0;73;49;57;54;48;48;48;48;49;48;49;;73;49;57;54;48;48;48;48;49;48;73;122;179;233;281;329;377;425;474;522;571
358;8800000101;73;8;8;0;0;0;0;0;1;0;1;8;8;0;0;0;0;0;1;0;1;56;56;48;48;48;48;48;49;48;49;3A;2T;2U;2L;2M;2L;2M;2L;2M;2L;2M;118;101;102;93;94;93;94;93;94;93;94;3A;2T;2T;2L;2L;2L;2L;2L;2M;2L;2M;118;101;101;93;93;93;93;93;94;93;94;0;0;1;0;1;0;1;0;0;0;0;73;56;56;48;48;48;48;48;49;48;49;;73;56;56;48;48;48;48;48;49;48;73;129;185;233;281;329;377;425;474;522;571
359;9700000101;73;9;7;0;0;0;0;0;1;0;1;9;7;0;0;0;0;0;1;0;1;57;55;48;48;48;48;48;49;48;49;3A;2U;2S;2L;2M;2L;2M;2L;2M;2L;2M;118;102;100;93;94;93;94;93;94;93;94;3A;2U;2S;2L;2L;2L;2L;2L;2M;2L;2M;118;102;100;93;93;93;93;93;94;93;94;0;0;0;0;1;0;1;0;0;0;0;73;57;55;48;48;48;48;48;49;48;49;;73;57;55;48;48;48;48;48;49;48;73;130;185;233;281;329;377;425;474;522;571
360;1790000101;74;1;7;9;0;0;0;0;1;0;1;1;7;9;0;0;0;0;1;0;1;49;55;57;48;48;48;48;49;48;49;3C;2N;2T;2V;2M;2N;2M;2N;2O;2M;2N;120;95;101;103;94;95;94;95;96;94;95;3C;2N;2T;2V;2M;2M;2M;2M;2N;2M;2N;120;95;101;103;94;94;94;94;95;94;95;0;0;0;0;0;1;0;1;1;0;0;74;49;55;57;48;48;48;48;49;48;49;;74;49;55;57;48;48;48;48;49;48;74;123;178;235;283;331;379;427;476;524;573
361;3EA7I00101;74;3;E;A;7;I;0;0;1;0;1;3;14;10;7;18;0;0;1;0;1;51;69;65;55;73;48;48;49;48;49;3C;2P;37;33;2T;3B;2M;2N;2O;2M;2N;120;97;115;111;101;119;94;95;96;94;95;3C;2P;37;33;2T;3B;2M;2M;2N;2M;2N;120;97;115;111;101;119;94;94;95;94;95;0;0;0;0;0;0;0;1;1;0;0;74;51;69;65;55;73;48;48;49;48;49;;74;51;69;65;55;73;48;48;49;48;74;125;194;259;314;387;435;483;532;580;629
362;1890000101;75;1;8;9;0;0;0;0;1;0;1;1;8;9;0;0;0;0;1;0;1;49;56;57;48;48;48;48;49;48;49;3E;2O;2V;2W;2N;2O;2N;2O;2P;2N;2O;122;96;103;104;95;96;95;96;97;95;96;3E;2O;2V;2W;2N;2N;2N;2N;2O;2N;2O;122;96;103;104;95;95;95;95;96;95;96;0;0;0;0;0;1;0;1;1;0;0;75;49;56;57;48;48;48;48;49;48;49;;75;49;56;57;48;48;48;48;49;48;75;124;180;237;285;333;381;429;478;526;575
363;1980000101;75;1;9;8;0;0;0;0;1;0;1;1;9;8;0;0;0;0;1;0;1;49;57;56;48;48;48;48;49;48;49;3E;2O;2W;2V;2N;2O;2N;2O;2P;2N;2O;122;96;104;103;95;96;95;96;97;95;96;3E;2O;2W;2V;2N;2N;2N;2N;2O;2N;2O;122;96;104;103;95;95;95;95;96;95;96;0;0;0;0;0;1;0;1;1;0;0;75;49;57;56;48;48;48;48;49;48;49;;75;49;57;56;48;48;48;48;49;48;75;124;181;237;285;333;381;429;478;526;575
364;9900000101;75;9;9;0;0;0;0;0;1;0;1;9;9;0;0;0;0;0;1;0;1;57;57;48;48;48;48;48;49;48;49;3E;2W;2X;2N;2O;2N;2O;2N;2O;2N;2O;122;104;105;95;96;95;96;95;96;95;96;3E;2W;2W;2N;2N;2N;2N;2N;2O;2N;2O;122;104;104;95;95;95;95;95;96;95;96;0;0;1;0;1;0;1;0;0;0;0;75;57;57;48;48;48;48;48;49;48;49;;75;57;57;48;48;48;48;48;49;48;75;132;189;237;285;333;381;429;478;526;575
365;11A0000101;76;1;1;A;0;0;0;0;1;0;1;1;1;10;0;0;0;0;1;0;1;49;49;65;48;48;48;48;49;48;49;3G;2P;2Q;35;2O;2P;2O;2P;2Q;2O;2P;124;97;98;113;96;97;96;97;98;96;97;3G;2P;2P;35;2O;2O;2O;2O;2P;2O;2P;124;97;97;113;96;96;96;96;97;96;97;0;0;1;0;0;1;0;1;1;0;0;76;49;49;65;48;48;48;48;49;48;49;;76;49;49;65;48;48;48;48;49;48;76;125;174;239;287;335;383;431;480;528;577
366;1990000101;76;1;9;9;0;0;0;0;1;0;1;1;9;9;0;0;0;0;1;0;1;49;57;57;48;48;48;48;49;48;49;3G;2P;2X;2Y;2O;2P;2O;2P;2Q;2O;2P;124;97;105;106;96;97;96;97;98;96;97;3G;2P;2X;2X;2O;2O;2O;2O;2P;2O;2P;124;97;105;105;96;96;96;96;97;96;97;0;0;0;1;0;1;0;1;1;0;0;76;49;57;57;48;48;48;48;49;48;49;;76;49;57;57;48;48;48;48;49;48;76;125;182;239;287;335;383;431;480;528;577
367;12A0000101;77;1;2;A;0;0;0;0;1;0;1;1;2;10;0;0;0;0;1;0;1;49;50;65;48;48;48;48;49;48;49;3I;2Q;2R;36;2P;2Q;2P;2Q;2R;2P;2Q;126;98;99;114;97;98;97;98;99;97;98;3I;2Q;2R;36;2P;2P;2P;2P;2Q;2P;2Q;126;98;99;114;97;97;97;97;98;97;98;0;0;0;0;0;1;0;1;1;0;0;77;49;50;65;48;48;48;48;49;48;49;;77;49;50;65;48;48;48;48;49;48;77;126;176;241;289;337;385;433;482;530;579
368;9650000101;77;9;6;5;0;0;0;0;1;0;1;9;6;5;0;0;0;0;1;0;1;57;54;53;48;48;48;48;49;48;49;3I;2Y;2V;2U;2P;2Q;2P;2Q;2R;2P;2Q;126;106;103;102;97;98;97;98;99;97;98;3I;2Y;2V;2U;2P;2P;2P;2P;2Q;2P;2Q;126;106;103;102;97;97;97;97;98;97;98;0;0;0;0;0;1;0;1;1;0;0;77;57;54;53;48;48;48;48;49;48;49;;77;57;54;53;48;48;48;48;49;48;77;134;188;241;289;337;385;433;482;530;579
369;C100000101;77;C;1;0;0;0;0;0;1;0;1;12;1;0;0;0;0;0;1;0;1;67;49;48;48;48;48;48;49;48;49;3I;38;2Q;2P;2Q;2P;2Q;2P;2Q;2P;2Q;126;116;98;97;98;97;98;97;98;97;98;3I;38;2Q;2P;2P;2P;2P;2P;2Q;2P;2Q;126;116;98;97;97;97;97;97;98;97;98;0;0;0;0;1;0;1;0;0;0;0;77;67;49;48;48;48;48;48;49;48;49;;77;67;49;48;48;48;48;48;49;48;77;144;193;241;289;337;385;433;482;530;579
370;11C0000101;78;1;1;C;0;0;0;0;1;0;1;1;1;12;0;0;0;0;1;0;1;49;49;67;48;48;48;48;49;48;49;3K;2R;2S;39;2Q;2R;2Q;2R;2S;2Q;2R;128;99;100;117;98;99;98;99;100;98;99;3K;2R;2R;39;2Q;2Q;2Q;2Q;2R;2Q;2R;128;99;99;117;98;98;98;98;99;98;99;0;0;1;0;0;1;0;1;1;0;0;78;49;49;67;48;48;48;48;49;48;49;;78;49;49;67;48;48;48;48;49;48;78;127;176;243;291;339;387;435;484;532;581
371;13A0000101;78;1;3;A;0;0;0;0;1;0;1;1;3;10;0;0;0;0;1;0;1;49;51;65;48;48;48;48;49;48;49;3K;2R;2T;37;2Q;2R;2Q;2R;2S;2Q;2R;128;99;101;115;98;99;98;99;100;98;99;3K;2R;2T;37;2Q;2Q;2Q;2Q;2R;2Q;2R;128;99;101;115;98;98;98;98;99;98;99;0;0;0;0;0;1;0;1;1;0;0;78;49;51;65;48;48;48;48;49;48;49;;78;49;51;65;48;48;48;48;49;48;78;127;178;243;291;339;387;435;484;532;581
372;1B20000101;78;1;B;2;0;0;0;0;1;0;1;1;11;2;0;0;0;0;1;0;1;49;66;50;48;48;48;48;49;48;49;3K;2R;38;2S;2Q;2R;2Q;2R;2S;2Q;2R;128;99;116;100;98;99;98;99;100;98;99;3K;2R;38;2S;2Q;2Q;2Q;2Q;2R;2Q;2R;128;99;116;100;98;98;98;98;99;98;99;0;0;0;0;0;1;0;1;1;0;0;78;49;66;50;48;48;48;48;49;48;49;;78;49;66;50;48;48;48;48;49;48;78;127;193;243;291;339;387;435;484;532;581
373;22A0000101;78;2;2;A;0;0;0;0;1;0;1;2;2;10;0;0;0;0;1;0;1;50;50;65;48;48;48;48;49;48;49;3K;2S;2T;37;2Q;2R;2Q;2R;2S;2Q;2R;128;100;101;115;98;99;98;99;100;98;99;3K;2S;2S;37;2Q;2Q;2Q;2Q;2R;2Q;2R;128;100;100;115;98;98;98;98;99;98;99;0;0;1;0;0;1;0;1;1;0;0;78;50;50;65;48;48;48;48;49;48;49;;78;50;50;65;48;48;48;48;49;48;78;128;178;243;291;339;387;435;484;532;581
374;6EMC200101;78;6;E;M;C;2;0;0;1;0;1;6;14;22;12;2;0;0;1;0;1;54;69;77;67;50;48;48;49;48;49;3K;2W;3B;3J;39;2S;2Q;2R;2S;2Q;2R;128;104;119;127;117;100;98;99;100;98;99;3K;2W;3B;3J;39;2S;2Q;2Q;2R;2Q;2R;128;104;119;127;117;100;98;98;99;98;99;0;0;0;0;0;0;0;1;1;0;0;78;54;69;77;67;50;48;48;49;48;49;;78;54;69;77;67;50;48;48;49;48;78;132;201;278;345;395;443;491;540;588;637
375;12C0000101;79;1;2;C;0;0;0;0;1;0;1;1;2;12;0;0;0;0;1;0;1;49;50;67;48;48;48;48;49;48;49;3M;2S;2T;3A;2R;2S;2R;2S;2T;2R;2S;130;100;101;118;99;100;99;100;101;99;100;3M;2S;2T;3A;2R;2R;2R;2R;2S;2R;2S;130;100;101;118;99;99;99;99;100;99;100;0;0;0;0;0;1;0;1;1;0;0;79;49;50;67;48;48;48;48;49;48;49;;79;49;50;67;48;48;48;48;49;48;79;128;178;245;293;341;389;437;486;534;583
376;13B0000101;79;1;3;B;0;0;0;0;1;0;1;1;3;11;0;0;0;0;1;0;1;49;51;66;48;48;48;48;49;48;49;3M;2S;2U;39;2R;2S;2R;2S;2T;2R;2S;130;100;102;117;99;100;99;100;101;99;100;3M;2S;2U;39;2R;2R;2R;2R;2S;2R;2S;130;100;102;117;99;99;99;99;100;99;100;0;0;0;0;0;1;0;1;1;0;0;79;49;51;66;48;48;48;48;49;48;49;;79;49;51;66;48;48;48;48;49;48;79;128;179;245;293;341;389;437;486;534;583
377;14A0000101;79;1;4;A;0;0;0;0;1;0;1;1;4;10;0;0;0;0;1;0;1;49;52;65;48;48;48;48;49;48;49;3M;2S;2V;38;2R;2S;2R;2S;2T;2R;2S;130;100;103;116;99;100;99;100;101;99;100;3M;2S;2V;38;2R;2R;2R;2R;2S;2R;2S;130;100;103;116;99;99;99;99;100;99;100;0;0;0;0;0;1;0;1;1;0;0;79;49;52;65;48;48;48;48;49;48;49;;79;49;52;65;48;48;48;48;49;48;79;128;180;245;293;341;389;437;486;534;583
378;1C20000101;79;1;C;2;0;0;0;0;1;0;1;1;12;2;0;0;0;0;1;0;1;49;67;50;48;48;48;48;49;48;49;3M;2S;3A;2T;2R;2S;2R;2S;2T;2R;2S;130;100;118;101;99;100;99;100;101;99;100;3M;2S;3A;2T;2R;2R;2R;2R;2S;2R;2S;130;100;118;101;99;99;99;99;100;99;100;0;0;0;0;0;1;0;1;1;0;0;79;49;67;50;48;48;48;48;49;48;49;;79;49;67;50;48;48;48;48;49;48;79;128;195;245;293;341;389;437;486;534;583
379;21C0000101;79;2;1;C;0;0;0;0;1;0;1;2;1;12;0;0;0;0;1;0;1;50;49;67;48;48;48;48;49;48;49;3M;2T;2S;3A;2R;2S;2R;2S;2T;2R;2S;130;101;100;118;99;100;99;100;101;99;100;3M;2T;2S;3A;2R;2R;2R;2R;2S;2R;2S;130;101;100;118;99;99;99;99;100;99;100;0;0;0;0;0;1;0;1;1;0;0;79;50;49;67;48;48;48;48;49;48;49;;79;50;49;67;48;48;48;48;49;48;79;129;178;245;293;341;389;437;486;534;583
380;2D00000101;79;2;D;0;0;0;0;0;1;0;1;2;13;0;0;0;0;0;1;0;1;50;68;48;48;48;48;48;49;48;49;3M;2T;3B;2R;2S;2R;2S;2R;2S;2R;2S;130;101;119;99;100;99;100;99;100;99;100;3M;2T;3B;2R;2R;2R;2R;2R;2S;2R;2S;130;101;119;99;99;99;99;99;100;99;100;0;0;0;0;1;0;1;0;0;0;0;79;50;68;48;48;48;48;48;49;48;49;;79;50;68;48;48;48;48;48;49;48;79;129;197;245;293;341;389;437;486;534;583
381;3B10000101;79;3;B;1;0;0;0;0;1;0;1;3;11;1;0;0;0;0;1;0;1;51;66;49;48;48;48;48;49;48;49;3M;2U;39;2S;2R;2S;2R;2S;2T;2R;2S;130;102;117;100;99;100;99;100;101;99;100;3M;2U;39;2S;2R;2R;2R;2R;2S;2R;2S;130;102;117;100;99;99;99;99;100;99;100;0;0;0;0;0;1;0;1;1;0;0;79;51;66;49;48;48;48;48;49;48;49;;79;51;66;49;48;48;48;48;49;48;79;130;196;245;293;341;389;437;486;534;583
382;13C0000101;80;1;3;C;0;0;0;0;1;0;1;1;3;12;0;0;0;0;1;0;1;49;51;67;48;48;48;48;49;48;49;3O;2T;2V;3B;2S;2T;2S;2T;2U;2S;2T;132;101;103;119;100;101;100;101;102;100;101;3O;2T;2V;3B;2S;2S;2S;2S;2T;2S;2T;132;101;103;119;100;100;100;100;101;100;101;0;0;0;0;0;1;0;1;1;0;0;80;49;51;67;48;48;48;48;49;48;49;;80;49;51;67;48;48;48;48;49;48;80;129;180;247;295;343;391;439;488;536;585
383;15A0000101;80;1;5;A;0;0;0;0;1;0;1;1;5;10;0;0;0;0;1;0;1;49;53;65;48;48;48;48;49;48;49;3O;2T;2X;39;2S;2T;2S;2T;2U;2S;2T;132;101;105;117;100;101;100;101;102;100;101;3O;2T;2X;39;2S;2S;2S;2S;2T;2S;2T;132;101;105;117;100;100;100;100;101;100;101;0;0;0;0;0;1;0;1;1;0;0;80;49;53;65;48;48;48;48;49;48;49;;80;49;53;65;48;48;48;48;49;48;80;129;182;247;295;343;391;439;488;536;585
384;1D20000101;80;1;D;2;0;0;0;0;1;0;1;1;13;2;0;0;0;0;1;0;1;49;68;50;48;48;48;48;49;48;49;3O;2T;3C;2U;2S;2T;2S;2T;2U;2S;2T;132;101;120;102;100;101;100;101;102;100;101;3O;2T;3C;2U;2S;2S;2S;2S;2T;2S;2T;132;101;120;102;100;100;100;100;101;100;101;0;0;0;0;0;1;0;1;1;0;0;80;49;68;50;48;48;48;48;49;48;49;;80;49;68;50;48;48;48;48;49;48;80;129;197;247;295;343;391;439;488;536;585
386;2EAAF00101;80;2;E;A;A;F;0;0;1;0;1;2;14;10;10;15;0;0;1;0;1;50;69;65;65;70;48;48;49;48;49;3O;2U;3D;39;3A;3E;2S;2T;2U;2S;2T;132;102;121;117;118;122;100;101;102;100;101;3O;2U;3D;39;39;3E;2S;2S;2T;2S;2T;132;102;121;117;117;122;100;100;101;100;101;0;0;0;0;1;0;0;1;1;0;0;80;50;69;65;65;70;48;48;49;48;49;;80;50;69;65;65;70;48;48;49;48;80;130;199;264;329;399;447;495;544;592;641
387;F100000101;80;F;1;0;0;0;0;0;1;0;1;15;1;0;0;0;0;0;1;0;1;70;49;48;48;48;48;48;49;48;49;3O;3E;2T;2S;2T;2S;2T;2S;2T;2S;2T;132;122;101;100;101;100;101;100;101;100;101;3O;3E;2T;2S;2S;2S;2S;2S;2T;2S;2T;132;122;101;100;100;100;100;100;101;100;101;0;0;0;0;1;0;1;0;0;0;0;80;70;49;48;48;48;48;48;49;48;49;;80;70;49;48;48;48;48;48;49;48;80;150;199;247;295;343;391;439;488;536;585
388;14C0000101;81;1;4;C;0;0;0;0;1;0;1;1;4;12;0;0;0;0;1;0;1;49;52;67;48;48;48;48;49;48;49;3Q;2U;2X;3C;2T;2U;2T;2U;2V;2T;2U;134;102;105;120;101;102;101;102;103;101;102;3Q;2U;2X;3C;2T;2T;2T;2T;2U;2T;2U;134;102;105;120;101;101;101;101;102;101;102;0;0;0;0;0;1;0;1;1;0;0;81;49;52;67;48;48;48;48;49;48;49;;81;49;52;67;48;48;48;48;49;48;81;130;182;249;297;345;393;441;490;538;587
389;1A60000101;81;1;A;6;0;0;0;0;1;0;1;1;10;6;0;0;0;0;1;0;1;49;65;54;48;48;48;48;49;48;49;3Q;2U;3A;2Z;2T;2U;2T;2U;2V;2T;2U;134;102;118;107;101;102;101;102;103;101;102;3Q;2U;3A;2Z;2T;2T;2T;2T;2U;2T;2U;134;102;118;107;101;101;101;101;102;101;102;0;0;0;0;0;1;0;1;1;0;0;81;49;65;54;48;48;48;48;49;48;49;;81;49;65;54;48;48;48;48;49;48;81;130;195;249;297;345;393;441;490;538;587
390;25A0000101;81;2;5;A;0;0;0;0;1;0;1;2;5;10;0;0;0;0;1;0;1;50;53;65;48;48;48;48;49;48;49;3Q;2V;2Y;3A;2T;2U;2T;2U;2V;2T;2U;134;103;106;118;101;102;101;102;103;101;102;3Q;2V;2Y;3A;2T;2T;2T;2T;2U;2T;2U;134;103;106;118;101;101;101;101;102;101;102;0;0;0;0;0;1;0;1;1;0;0;81;50;53;65;48;48;48;48;49;48;49;;81;50;53;65;48;48;48;48;49;48;81;131;184;249;297;345;393;441;490;538;587
391;2F00000101;81;2;F;0;0;0;0;0;1;0;1;2;15;0;0;0;0;0;1;0;1;50;70;48;48;48;48;48;49;48;49;3Q;2V;3F;2T;2U;2T;2U;2T;2U;2T;2U;134;103;123;101;102;101;102;101;102;101;102;3Q;2V;3F;2T;2T;2T;2T;2T;2U;2T;2U;134;103;123;101;101;101;101;101;102;101;102;0;0;0;0;1;0;1;0;0;0;0;81;50;70;48;48;48;48;48;49;48;49;;81;50;70;48;48;48;48;48;49;48;81;131;201;249;297;345;393;441;490;538;587
393;D400000101;81;D;4;0;0;0;0;0;1;0;1;13;4;0;0;0;0;0;1;0;1;68;52;48;48;48;48;48;49;48;49;3Q;3D;2X;2T;2U;2T;2U;2T;2U;2T;2U;134;121;105;101;102;101;102;101;102;101;102;3Q;3D;2X;2T;2T;2T;2T;2T;2U;2T;2U;134;121;105;101;101;101;101;101;102;101;102;0;0;0;0;1;0;1;0;0;0;0;81;68;52;48;48;48;48;48;49;48;49;;81;68;52;48;48;48;48;48;49;48;81;149;201;249;297;345;393;441;490;538;587
394;E300000101;81;E;3;0;0;0;0;0;1;0;1;14;3;0;0;0;0;0;1;0;1;69;51;48;48;48;48;48;49;48;49;3Q;3E;2W;2T;2U;2T;2U;2T;2U;2T;2U;134;122;104;101;102;101;102;101;102;101;102;3Q;3E;2W;2T;2T;2T;2T;2T;2U;2T;2U;134;122;104;101;101;101;101;101;102;101;102;0;0;0;0;1;0;1;0;0;0;0;81;69;51;48;48;48;48;48;49;48;49;;81;69;51;48;48;48;48;48;49;48;81;150;201;249;297;345;393;441;490;538;587
395;G100000101;81;G;1;0;0;0;0;0;1;0;1;16;1;0;0;0;0;0;1;0;1;71;49;48;48;48;48;48;49;48;49;3Q;3G;2U;2T;2U;2T;2U;2T;2U;2T;2U;134;124;102;101;102;101;102;101;102;101;102;3Q;3G;2U;2T;2T;2T;2T;2T;2U;2T;2U;134;124;102;101;101;101;101;101;102;101;102;0;0;0;0;1;0;1;0;0;0;0;81;71;49;48;48;48;48;48;49;48;49;;81;71;49;48;48;48;48;48;49;48;81;152;201;249;297;345;393;441;490;538;587
396;15C0000101;82;1;5;C;0;0;0;0;1;0;1;1;5;12;0;0;0;0;1;0;1;49;53;67;48;48;48;48;49;48;49;3S;2V;2Z;3D;2U;2V;2U;2V;2W;2U;2V;136;103;107;121;102;103;102;103;104;102;103;3S;2V;2Z;3D;2U;2U;2U;2U;2V;2U;2V;136;103;107;121;102;102;102;102;103;102;103;0;0;0;0;0;1;0;1;1;0;0;82;49;53;67;48;48;48;48;49;48;49;;82;49;53;67;48;48;48;48;49;48;82;131;184;251;299;347;395;443;492;540;589
397;17A0000101;82;1;7;A;0;0;0;0;1;0;1;1;7;10;0;0;0;0;1;0;1;49;55;65;48;48;48;48;49;48;49;3S;2V;31;3B;2U;2V;2U;2V;2W;2U;2V;136;103;109;119;102;103;102;103;104;102;103;3S;2V;31;3B;2U;2U;2U;2U;2V;2U;2V;136;103;109;119;102;102;102;102;103;102;103;0;0;0;0;0;1;0;1;1;0;0;82;49;55;65;48;48;48;48;49;48;49;;82;49;55;65;48;48;48;48;49;48;82;131;186;251;299;347;395;443;492;540;589
398;1A70000101;82;1;A;7;0;0;0;0;1;0;1;1;10;7;0;0;0;0;1;0;1;49;65;55;48;48;48;48;49;48;49;3S;2V;3B;31;2U;2V;2U;2V;2W;2U;2V;136;103;119;109;102;103;102;103;104;102;103;3S;2V;3B;31;2U;2U;2U;2U;2V;2U;2V;136;103;119;109;102;102;102;102;103;102;103;0;0;0;0;0;1;0;1;1;0;0;82;49;65;55;48;48;48;48;49;48;49;;82;49;65;55;48;48;48;48;49;48;82;131;196;251;299;347;395;443;492;540;589
399;24C0000101;82;2;4;C;0;0;0;0;1;0;1;2;4;12;0;0;0;0;1;0;1;50;52;67;48;48;48;48;49;48;49;3S;2W;2Y;3D;2U;2V;2U;2V;2W;2U;2V;136;104;106;121;102;103;102;103;104;102;103;3S;2W;2Y;3D;2U;2U;2U;2U;2V;2U;2V;136;104;106;121;102;102;102;102;103;102;103;0;0;0;0;0;1;0;1;1;0;0;82;50;52;67;48;48;48;48;49;48;49;;82;50;52;67;48;48;48;48;49;48;82;132;184;251;299;347;395;443;492;540;589
401;5EO1G00101;82;5;E;O;1;G;0;0;1;0;1;5;14;24;1;16;0;0;1;0;1;53;69;79;49;71;48;48;49;48;49;3S;2Z;3F;3P;2V;3H;2U;2V;2W;2U;2V;136;107;123;133;103;125;102;103;104;102;103;3S;2Z;3F;3P;2V;3H;2U;2U;2V;2U;2V;136;107;123;133;103;125;102;102;103;102;103;0;0;0;0;0;0;0;1;1;0;0;82;53;69;79;49;71;48;48;49;48;49;;82;53;69;79;49;71;48;48;49;48;82;135;204;283;332;403;451;499;548;596;645
402;A800000101;82;A;8;0;0;0;0;0;1;0;1;10;8;0;0;0;0;0;1;0;1;65;56;48;48;48;48;48;49;48;49;3S;3B;32;2U;2V;2U;2V;2U;2V;2U;2V;136;119;110;102;103;102;103;102;103;102;103;3S;3B;32;2U;2U;2U;2U;2U;2V;2U;2V;136;119;110;102;102;102;102;102;103;102;103;0;0;0;0;1;0;1;0;0;0;0;82;65;56;48;48;48;48;48;49;48;49;;82;65;56;48;48;48;48;48;49;48;82;147;203;251;299;347;395;443;492;540;589
403;B700000101;82;B;7;0;0;0;0;0;1;0;1;11;7;0;0;0;0;0;1;0;1;66;55;48;48;48;48;48;49;48;49;3S;3C;31;2U;2V;2U;2V;2U;2V;2U;2V;136;120;109;102;103;102;103;102;103;102;103;3S;3C;31;2U;2U;2U;2U;2U;2V;2U;2V;136;120;109;102;102;102;102;102;103;102;103;0;0;0;0;1;0;1;0;0;0;0;82;66;55;48;48;48;48;48;49;48;49;;82;66;55;48;48;48;48;48;49;48;82;148;203;251;299;347;395;443;492;540;589
404;F300000101;82;F;3;0;0;0;0;0;1;0;1;15;3;0;0;0;0;0;1;0;1;70;51;48;48;48;48;48;49;48;49;3S;3G;2X;2U;2V;2U;2V;2U;2V;2U;2V;136;124;105;102;103;102;103;102;103;102;103;3S;3G;2X;2U;2U;2U;2U;2U;2V;2U;2V;136;124;105;102;102;102;102;102;103;102;103;0;0;0;0;1;0;1;0;0;0;0;82;70;51;48;48;48;48;48;49;48;49;;82;70;51;48;48;48;48;48;49;48;82;152;203;251;299;347;395;443;492;540;589
405;H100000101;82;H;1;0;0;0;0;0;1;0;1;17;1;0;0;0;0;0;1;0;1;72;49;48;48;48;48;48;49;48;49;3S;3I;2V;2U;2V;2U;2V;2U;2V;2U;2V;136;126;103;102;103;102;103;102;103;102;103;3S;3I;2V;2U;2U;2U;2U;2U;2V;2U;2V;136;126;103;102;102;102;102;102;103;102;103;0;0;0;0;1;0;1;0;0;0;0;82;72;49;48;48;48;48;48;49;48;49;;82;72;49;48;48;48;48;48;49;48;82;154;203;251;299;347;395;443;492;540;589
406;TYZTJ00101;82;T;Y;Z;T;J;0;0;1;0;1;29;34;35;29;19;0;0;1;0;1;84;89;90;84;74;48;48;49;48;49;3S;3U;3Z;40;3U;3K;2U;2V;2W;2U;2V;136;138;143;144;138;128;102;103;104;102;103;3S;3U;3Z;40;3U;3K;2U;2U;2V;2U;2V;136;138;143;144;138;128;102;102;103;102;103;0;0;0;0;0;0;0;1;1;0;0;82;84;89;90;84;74;48;48;49;48;49;;82;84;89;90;84;74;48;48;49;48;82;166;255;345;429;503;551;599;648;696;745
407;17B0000101;83;1;7;B;0;0;0;0;1;0;1;1;7;11;0;0;0;0;1;0;1;49;55;66;48;48;48;48;49;48;49;3U;2W;32;3D;2V;2W;2V;2W;2X;2V;2W;138;104;110;121;103;104;103;104;105;103;104;3U;2W;32;3D;2V;2V;2V;2V;2W;2V;2W;138;104;110;121;103;103;103;103;104;103;104;0;0;0;0;0;1;0;1;1;0;0;83;49;55;66;48;48;48;48;49;48;49;;83;49;55;66;48;48;48;48;49;48;83;132;187;253;301;349;397;445;494;542;591
408;1B70000101;83;1;B;7;0;0;0;0;1;0;1;1;11;7;0;0;0;0;1;0;1;49;66;55;48;48;48;48;49;48;49;3U;2W;3D;32;2V;2W;2V;2W;2X;2V;2W;138;104;121;110;103;104;103;104;105;103;104;3U;2W;3D;32;2V;2V;2V;2V;2W;2V;2W;138;104;121;110;103;103;103;103;104;103;104;0;0;0;0;0;1;0;1;1;0;0;83;49;66;55;48;48;48;48;49;48;49;;83;49;66;55;48;48;48;48;49;48;83;132;198;253;301;349;397;445;494;542;591
409;1D50000101;83;1;D;5;0;0;0;0;1;0;1;1;13;5;0;0;0;0;1;0;1;49;68;53;48;48;48;48;49;48;49;3U;2W;3F;30;2V;2W;2V;2W;2X;2V;2W;138;104;123;108;103;104;103;104;105;103;104;3U;2W;3F;30;2V;2V;2V;2V;2W;2V;2W;138;104;123;108;103;103;103;103;104;103;104;0;0;0;0;0;1;0;1;1;0;0;83;49;68;53;48;48;48;48;49;48;49;;83;49;68;53;48;48;48;48;49;48;83;132;200;253;301;349;397;445;494;542;591
410;1E40000101;83;1;E;4;0;0;0;0;1;0;1;1;14;4;0;0;0;0;1;0;1;49;69;52;48;48;48;48;49;48;49;3U;2W;3G;2Z;2V;2W;2V;2W;2X;2V;2W;138;104;124;107;103;104;103;104;105;103;104;3U;2W;3G;2Z;2V;2V;2V;2V;2W;2V;2W;138;104;124;107;103;103;103;103;104;103;104;0;0;0;0;0;1;0;1;1;0;0;83;49;69;52;48;48;48;48;49;48;49;;83;49;69;52;48;48;48;48;49;48;83;132;201;253;301;349;397;445;494;542;591
411;1EEAF00101;83;1;E;E;A;F;0;0;1;0;1;1;14;14;10;15;0;0;1;0;1;49;69;69;65;70;48;48;49;48;49;3U;2W;3G;3H;3C;3H;2V;2W;2X;2V;2W;138;104;124;125;120;125;103;104;105;103;104;3U;2W;3G;3G;3C;3H;2V;2V;2W;2V;2W;138;104;124;124;120;125;103;103;104;103;104;0;0;0;1;0;0;0;1;1;0;0;83;49;69;69;65;70;48;48;49;48;49;;83;49;69;69;65;70;48;48;49;48;83;132;201;270;335;405;453;501;550;598;647
412;1EPK100101;83;1;E;P;K;1;0;0;1;0;1;1;14;25;20;1;0;0;1;0;1;49;69;80;75;49;48;48;49;48;49;3U;2W;3G;3R;3M;2W;2V;2W;2X;2V;2W;138;104;124;135;130;104;103;104;105;103;104;3U;2W;3G;3R;3M;2W;2V;2V;2W;2V;2W;138;104;124;135;130;104;103;103;104;103;104;0;0;0;0;0;0;0;1;1;0;0;83;49;69;80;75;49;48;48;49;48;49;;83;49;69;80;75;49;48;48;49;48;83;132;201;281;356;405;453;501;550;598;647
413;2G10000101;83;2;G;1;0;0;0;0;1;0;1;2;16;1;0;0;0;0;1;0;1;50;71;49;48;48;48;48;49;48;49;3U;2X;3I;2W;2V;2W;2V;2W;2X;2V;2W;138;105;126;104;103;104;103;104;105;103;104;3U;2X;3I;2W;2V;2V;2V;2V;2W;2V;2W;138;105;126;104;103;103;103;103;104;103;104;0;0;0;0;0;1;0;1;1;0;0;83;50;71;49;48;48;48;48;49;48;49;;83;50;71;49;48;48;48;48;49;48;83;133;204;253;301;349;397;445;494;542;591
414;D510000101;83;D;5;1;0;0;0;0;1;0;1;13;5;1;0;0;0;0;1;0;1;68;53;49;48;48;48;48;49;48;49;3U;3F;30;2W;2V;2W;2V;2W;2X;2V;2W;138;123;108;104;103;104;103;104;105;103;104;3U;3F;30;2W;2V;2V;2V;2V;2W;2V;2W;138;123;108;104;103;103;103;103;104;103;104;0;0;0;0;0;1;0;1;1;0;0;83;68;53;49;48;48;48;48;49;48;49;;83;68;53;49;48;48;48;48;49;48;83;151;204;253;301;349;397;445;494;542;591
415;17C0000101;84;1;7;C;0;0;0;0;1;0;1;1;7;12;0;0;0;0;1;0;1;49;55;67;48;48;48;48;49;48;49;3W;2X;33;3F;2W;2X;2W;2X;2Y;2W;2X;140;105;111;123;104;105;104;105;106;104;105;3W;2X;33;3F;2W;2W;2W;2W;2X;2W;2X;140;105;111;123;104;104;104;104;105;104;105;0;0;0;0;0;1;0;1;1;0;0;84;49;55;67;48;48;48;48;49;48;49;;84;49;55;67;48;48;48;48;49;48;84;133;188;255;303;351;399;447;496;544;593
416;18B0000101;84;1;8;B;0;0;0;0;1;0;1;1;8;11;0;0;0;0;1;0;1;49;56;66;48;48;48;48;49;48;49;3W;2X;34;3E;2W;2X;2W;2X;2Y;2W;2X;140;105;112;122;104;105;104;105;106;104;105;3W;2X;34;3E;2W;2W;2W;2W;2X;2W;2X;140;105;112;122;104;104;104;104;105;104;105;0;0;0;0;0;1;0;1;1;0;0;84;49;56;66;48;48;48;48;49;48;49;;84;49;56;66;48;48;48;48;49;48;84;133;189;255;303;351;399;447;496;544;593
417;19A0000101;84;1;9;A;0;0;0;0;1;0;1;1;9;10;0;0;0;0;1;0;1;49;57;65;48;48;48;48;49;48;49;3W;2X;35;3D;2W;2X;2W;2X;2Y;2W;2X;140;105;113;121;104;105;104;105;106;104;105;3W;2X;35;3D;2W;2W;2W;2W;2X;2W;2X;140;105;113;121;104;104;104;104;105;104;105;0;0;0;0;0;1;0;1;1;0;0;84;49;57;65;48;48;48;48;49;48;49;;84;49;57;65;48;48;48;48;49;48;84;133;190;255;303;351;399;447;496;544;593
418;1A90000101;84;1;A;9;0;0;0;0;1;0;1;1;10;9;0;0;0;0;1;0;1;49;65;57;48;48;48;48;49;48;49;3W;2X;3D;35;2W;2X;2W;2X;2Y;2W;2X;140;105;121;113;104;105;104;105;106;104;105;3W;2X;3D;35;2W;2W;2W;2W;2X;2W;2X;140;105;121;113;104;104;104;104;105;104;105;0;0;0;0;0;1;0;1;1;0;0;84;49;65;57;48;48;48;48;49;48;49;;84;49;65;57;48;48;48;48;49;48;84;133;198;255;303;351;399;447;496;544;593
419;1B80000101;84;1;B;8;0;0;0;0;1;0;1;1;11;8;0;0;0;0;1;0;1;49;66;56;48;48;48;48;49;48;49;3W;2X;3E;34;2W;2X;2W;2X;2Y;2W;2X;140;105;122;112;104;105;104;105;106;104;105;3W;2X;3E;34;2W;2W;2W;2W;2X;2W;2X;140;105;122;112;104;104;104;104;105;104;105;0;0;0;0;0;1;0;1;1;0;0;84;49;66;56;48;48;48;48;49;48;49;;84;49;66;56;48;48;48;48;49;48;84;133;199;255;303;351;399;447;496;544;593
420;1C70000101;84;1;C;7;0;0;0;0;1;0;1;1;12;7;0;0;0;0;1;0;1;49;67;55;48;48;48;48;49;48;49;3W;2X;3F;33;2W;2X;2W;2X;2Y;2W;2X;140;105;123;111;104;105;104;105;106;104;105;3W;2X;3F;33;2W;2W;2W;2W;2X;2W;2X;140;105;123;111;104;104;104;104;105;104;105;0;0;0;0;0;1;0;1;1;0;0;84;49;67;55;48;48;48;48;49;48;49;;84;49;67;55;48;48;48;48;49;48;84;133;200;255;303;351;399;447;496;544;593
421;1F40000101;84;1;F;4;0;0;0;0;1;0;1;1;15;4;0;0;0;0;1;0;1;49;70;52;48;48;48;48;49;48;49;3W;2X;3I;30;2W;2X;2W;2X;2Y;2W;2X;140;105;126;108;104;105;104;105;106;104;105;3W;2X;3I;30;2W;2W;2W;2W;2X;2W;2X;140;105;126;108;104;104;104;104;105;104;105;0;0;0;0;0;1;0;1;1;0;0;84;49;70;52;48;48;48;48;49;48;49;;84;49;70;52;48;48;48;48;49;48;84;133;203;255;303;351;399;447;496;544;593
422;26C0000101;84;2;6;C;0;0;0;0;1;0;1;2;6;12;0;0;0;0;1;0;1;50;54;67;48;48;48;48;49;48;49;3W;2Y;32;3F;2W;2X;2W;2X;2Y;2W;2X;140;106;110;123;104;105;104;105;106;104;105;3W;2Y;32;3F;2W;2W;2W;2W;2X;2W;2X;140;106;110;123;104;104;104;104;105;104;105;0;0;0;0;0;1;0;1;1;0;0;84;50;54;67;48;48;48;48;49;48;49;;84;50;54;67;48;48;48;48;49;48;84;134;188;255;303;351;399;447;496;544;593
423;AE6BE00101;84;A;E;6;B;E;0;0;1;0;1;10;14;6;11;14;0;0;1;0;1;65;69;54;66;69;48;48;49;48;49;3W;3D;3H;32;3E;3H;2W;2X;2Y;2W;2X;140;121;125;110;122;125;104;105;106;104;105;3W;3D;3H;32;3E;3H;2W;2W;2X;2W;2X;140;121;125;110;122;125;104;104;105;104;105;0;0;0;0;0;0;0;1;1;0;0;84;65;69;54;66;69;48;48;49;48;49;;84;65;69;54;66;69;48;48;49;48;84;149;218;272;338;407;455;503;552;600;649
424;C800000101;84;C;8;0;0;0;0;0;1;0;1;12;8;0;0;0;0;0;1;0;1;67;56;48;48;48;48;48;49;48;49;3W;3F;34;2W;2X;2W;2X;2W;2X;2W;2X;140;123;112;104;105;104;105;104;105;104;105;3W;3F;34;2W;2W;2W;2W;2W;2X;2W;2X;140;123;112;104;104;104;104;104;105;104;105;0;0;0;0;1;0;1;0;0;0;0;84;67;56;48;48;48;48;48;49;48;49;;84;67;56;48;48;48;48;48;49;48;84;151;207;255;303;351;399;447;496;544;593
425;G400000101;84;G;4;0;0;0;0;0;1;0;1;16;4;0;0;0;0;0;1;0;1;71;52;48;48;48;48;48;49;48;49;3W;3J;30;2W;2X;2W;2X;2W;2X;2W;2X;140;127;108;104;105;104;105;104;105;104;105;3W;3J;30;2W;2W;2W;2W;2W;2X;2W;2X;140;127;108;104;104;104;104;104;105;104;105;0;0;0;0;1;0;1;0;0;0;0;84;71;52;48;48;48;48;48;49;48;49;;84;71;52;48;48;48;48;48;49;48;84;155;207;255;303;351;399;447;496;544;593
426;I200000101;84;I;2;0;0;0;0;0;1;0;1;18;2;0;0;0;0;0;1;0;1;73;50;48;48;48;48;48;49;48;49;3W;3L;2Y;2W;2X;2W;2X;2W;2X;2W;2X;140;129;106;104;105;104;105;104;105;104;105;3W;3L;2Y;2W;2W;2W;2W;2W;2X;2W;2X;140;129;106;104;104;104;104;104;105;104;105;0;0;0;0;1;0;1;0;0;0;0;84;73;50;48;48;48;48;48;49;48;49;;84;73;50;48;48;48;48;48;49;48;84;157;207;255;303;351;399;447;496;544;593
427;19B0000101;85;1;9;B;0;0;0;0;1;0;1;1;9;11;0;0;0;0;1;0;1;49;57;66;48;48;48;48;49;48;49;3Y;2Y;36;3F;2X;2Y;2X;2Y;2Z;2X;2Y;142;106;114;123;105;106;105;106;107;105;106;3Y;2Y;36;3F;2X;2X;2X;2X;2Y;2X;2Y;142;106;114;123;105;105;105;105;106;105;106;0;0;0;0;0;1;0;1;1;0;0;85;49;57;66;48;48;48;48;49;48;49;;85;49;57;66;48;48;48;48;49;48;85;134;191;257;305;353;401;449;498;546;595
428;1B90000101;85;1;B;9;0;0;0;0;1;0;1;1;11;9;0;0;0;0;1;0;1;49;66;57;48;48;48;48;49;48;49;3Y;2Y;3F;36;2X;2Y;2X;2Y;2Z;2X;2Y;142;106;123;114;105;106;105;106;107;105;106;3Y;2Y;3F;36;2X;2X;2X;2X;2Y;2X;2Y;142;106;123;114;105;105;105;105;106;105;106;0;0;0;0;0;1;0;1;1;0;0;85;49;66;57;48;48;48;48;49;48;49;;85;49;66;57;48;48;48;48;49;48;85;134;200;257;305;353;401;449;498;546;595
429;1E60000101;85;1;E;6;0;0;0;0;1;0;1;1;14;6;0;0;0;0;1;0;1;49;69;54;48;48;48;48;49;48;49;3Y;2Y;3I;33;2X;2Y;2X;2Y;2Z;2X;2Y;142;106;126;111;105;106;105;106;107;105;106;3Y;2Y;3I;33;2X;2X;2X;2X;2Y;2X;2Y;142;106;126;111;105;105;105;105;106;105;106;0;0;0;0;0;1;0;1;1;0;0;85;49;69;54;48;48;48;48;49;48;49;;85;49;69;54;48;48;48;48;49;48;85;134;203;257;305;353;401;449;498;546;595
430;2D60000101;85;2;D;6;0;0;0;0;1;0;1;2;13;6;0;0;0;0;1;0;1;50;68;54;48;48;48;48;49;48;49;3Y;2Z;3H;33;2X;2Y;2X;2Y;2Z;2X;2Y;142;107;125;111;105;106;105;106;107;105;106;3Y;2Z;3H;33;2X;2X;2X;2X;2Y;2X;2Y;142;107;125;111;105;105;105;105;106;105;106;0;0;0;0;0;1;0;1;1;0;0;85;50;68;54;48;48;48;48;49;48;49;;85;50;68;54;48;48;48;48;49;48;85;135;203;257;305;353;401;449;498;546;595
431;BE6BE00101;85;B;E;6;B;E;0;0;1;0;1;11;14;6;11;14;0;0;1;0;1;66;69;54;66;69;48;48;49;48;49;3Y;3F;3I;33;3F;3I;2X;2Y;2Z;2X;2Y;142;123;126;111;123;126;105;106;107;105;106;3Y;3F;3I;33;3F;3I;2X;2X;2Y;2X;2Y;142;123;126;111;123;126;105;105;106;105;106;0;0;0;0;0;0;0;1;1;0;0;85;66;69;54;66;69;48;48;49;48;49;;85;66;69;54;66;69;48;48;49;48;85;151;220;274;340;409;457;505;554;602;651
432;C900000101;85;C;9;0;0;0;0;0;1;0;1;12;9;0;0;0;0;0;1;0;1;67;57;48;48;48;48;48;49;48;49;3Y;3G;36;2X;2Y;2X;2Y;2X;2Y;2X;2Y;142;124;114;105;106;105;106;105;106;105;106;3Y;3G;36;2X;2X;2X;2X;2X;2Y;2X;2Y;142;124;114;105;105;105;105;105;106;105;106;0;0;0;0;1;0;1;0;0;0;0;85;67;57;48;48;48;48;48;49;48;49;;85;67;57;48;48;48;48;48;49;48;85;152;209;257;305;353;401;449;498;546;595
433;D800000101;85;D;8;0;0;0;0;0;1;0;1;13;8;0;0;0;0;0;1;0;1;68;56;48;48;48;48;48;49;48;49;3Y;3H;35;2X;2Y;2X;2Y;2X;2Y;2X;2Y;142;125;113;105;106;105;106;105;106;105;106;3Y;3H;35;2X;2X;2X;2X;2X;2Y;2X;2Y;142;125;113;105;105;105;105;105;106;105;106;0;0;0;0;1;0;1;0;0;0;0;85;68;56;48;48;48;48;48;49;48;49;;85;68;56;48;48;48;48;48;49;48;85;153;209;257;305;353;401;449;498;546;595
434;H400000101;85;H;4;0;0;0;0;0;1;0;1;17;4;0;0;0;0;0;1;0;1;72;52;48;48;48;48;48;49;48;49;3Y;3L;31;2X;2Y;2X;2Y;2X;2Y;2X;2Y;142;129;109;105;106;105;106;105;106;105;106;3Y;3L;31;2X;2X;2X;2X;2X;2Y;2X;2Y;142;129;109;105;105;105;105;105;106;105;106;0;0;0;0;1;0;1;0;0;0;0;85;72;52;48;48;48;48;48;49;48;49;;85;72;52;48;48;48;48;48;49;48;85;157;209;257;305;353;401;449;498;546;595
435;IEK4700101;85;I;E;K;4;7;0;0;1;0;1;18;14;20;4;7;0;0;1;0;1;73;69;75;52;55;48;48;49;48;49;3Y;3M;3I;3O;31;34;2X;2Y;2Z;2X;2Y;142;130;126;132;109;112;105;106;107;105;106;3Y;3M;3I;3O;31;34;2X;2X;2Y;2X;2Y;142;130;126;132;109;112;105;105;106;105;106;0;0;0;0;0;0;0;1;1;0;0;85;73;69;75;52;55;48;48;49;48;49;;85;73;69;75;52;55;48;48;49;48;85;158;227;302;354;409;457;505;554;602;651
436;19C0000101;86;1;9;C;0;0;0;0;1;0;1;1;9;12;0;0;0;0;1;0;1;49;57;67;48;48;48;48;49;48;49;40;2Z;37;3H;2Y;2Z;2Y;2Z;30;2Y;2Z;144;107;115;125;106;107;106;107;108;106;107;40;2Z;37;3H;2Y;2Y;2Y;2Y;2Z;2Y;2Z;144;107;115;125;106;106;106;106;107;106;107;0;0;0;0;0;1;0;1;1;0;0;86;49;57;67;48;48;48;48;49;48;49;;86;49;57;67;48;48;48;48;49;48;86;135;192;259;307;355;403;451;500;548;597
437;1G50000101;86;1;G;5;0;0;0;0;1;0;1;1;16;5;0;0;0;0;1;0;1;49;71;53;48;48;48;48;49;48;49;40;2Z;3L;33;2Y;2Z;2Y;2Z;30;2Y;2Z;144;107;129;111;106;107;106;107;108;106;107;40;2Z;3L;33;2Y;2Y;2Y;2Y;2Z;2Y;2Z;144;107;129;111;106;106;106;106;107;106;107;0;0;0;0;0;1;0;1;1;0;0;86;49;71;53;48;48;48;48;49;48;49;;86;49;71;53;48;48;48;48;49;48;86;135;206;259;307;355;403;451;500;548;597
438;1H40000101;86;1;H;4;0;0;0;0;1;0;1;1;17;4;0;0;0;0;1;0;1;49;72;52;48;48;48;48;49;48;49;40;2Z;3M;32;2Y;2Z;2Y;2Z;30;2Y;2Z;144;107;130;110;106;107;106;107;108;106;107;40;2Z;3M;32;2Y;2Y;2Y;2Y;2Z;2Y;2Z;144;107;130;110;106;106;106;106;107;106;107;0;0;0;0;0;1;0;1;1;0;0;86;49;72;52;48;48;48;48;49;48;49;;86;49;72;52;48;48;48;48;49;48;86;135;207;259;307;355;403;451;500;548;597
439;1I30000101;86;1;I;3;0;0;0;0;1;0;1;1;18;3;0;0;0;0;1;0;1;49;73;51;48;48;48;48;49;48;49;40;2Z;3N;31;2Y;2Z;2Y;2Z;30;2Y;2Z;144;107;131;109;106;107;106;107;108;106;107;40;2Z;3N;31;2Y;2Y;2Y;2Y;2Z;2Y;2Z;144;107;131;109;106;106;106;106;107;106;107;0;0;0;0;0;1;0;1;1;0;0;86;49;73;51;48;48;48;48;49;48;49;;86;49;73;51;48;48;48;48;49;48;86;135;208;259;307;355;403;451;500;548;597
440;2C80000101;86;2;C;8;0;0;0;0;1;0;1;2;12;8;0;0;0;0;1;0;1;50;67;56;48;48;48;48;49;48;49;40;30;3H;36;2Y;2Z;2Y;2Z;30;2Y;2Z;144;108;125;114;106;107;106;107;108;106;107;40;30;3H;36;2Y;2Y;2Y;2Y;2Z;2Y;2Z;144;108;125;114;106;106;106;106;107;106;107;0;0;0;0;0;1;0;1;1;0;0;86;50;67;56;48;48;48;48;49;48;49;;86;50;67;56;48;48;48;48;49;48;86;136;203;259;307;355;403;451;500;548;597
441;2E60000101;86;2;E;6;0;0;0;0;1;0;1;2;14;6;0;0;0;0;1;0;1;50;69;54;48;48;48;48;49;48;49;40;30;3J;34;2Y;2Z;2Y;2Z;30;2Y;2Z;144;108;127;112;106;107;106;107;108;106;107;40;30;3J;34;2Y;2Y;2Y;2Y;2Z;2Y;2Z;144;108;127;112;106;106;106;106;107;106;107;0;0;0;0;0;1;0;1;1;0;0;86;50;69;54;48;48;48;48;49;48;49;;86;50;69;54;48;48;48;48;49;48;86;136;205;259;307;355;403;451;500;548;597
442;2EGBE00101;86;2;E;G;B;E;0;0;1;0;1;2;14;16;11;14;0;0;1;0;1;50;69;71;66;69;48;48;49;48;49;40;30;3J;3L;3G;3J;2Y;2Z;30;2Y;2Z;144;108;127;129;124;127;106;107;108;106;107;40;30;3J;3L;3G;3J;2Y;2Y;2Z;2Y;2Z;144;108;127;129;124;127;106;106;107;106;107;0;0;0;0;0;0;0;1;1;0;0;86;50;69;71;66;69;48;48;49;48;49;;86;50;69;71;66;69;48;48;49;48;86;136;205;276;342;411;459;507;556;604;653
443;2EUE400101;86;2;E;U;E;4;0;0;1;0;1;2;14;30;14;4;0;0;1;0;1;50;69;85;69;52;48;48;49;48;49;40;30;3J;3Z;3J;32;2Y;2Z;30;2Y;2Z;144;108;127;143;127;110;106;107;108;106;107;40;30;3J;3Z;3J;32;2Y;2Y;2Z;2Y;2Z;144;108;127;143;127;110;106;106;107;106;107;0;0;0;0;0;0;0;1;1;0;0;86;50;69;85;69;52;48;48;49;48;49;;86;50;69;85;69;52;48;48;49;48;86;136;205;290;359;411;459;507;556;604;653
444;D08OJ00101;86;D;0;8;O;J;0;0;1;0;1;13;0;8;24;19;0;0;1;0;1;68;48;56;79;74;48;48;49;48;49;40;3I;2Y;36;3T;3O;2Y;2Z;30;2Y;2Z;144;126;106;114;137;132;106;107;108;106;107;40;3I;2Y;36;3T;3O;2Y;2Y;2Z;2Y;2Z;144;126;106;114;137;132;106;106;107;106;107;0;0;0;0;0;0;0;1;1;0;0;86;68;48;56;79;74;48;48;49;48;49;;86;68;48;56;79;74;48;48;49;48;86;154;202;258;337;411;459;507;556;604;653
445;F700000101;86;F;7;0;0;0;0;0;1;0;1;15;7;0;0;0;0;0;1;0;1;70;55;48;48;48;48;48;49;48;49;40;3K;35;2Y;2Z;2Y;2Z;2Y;2Z;2Y;2Z;144;128;113;106;107;106;107;106;107;106;107;40;3K;35;2Y;2Y;2Y;2Y;2Y;2Z;2Y;2Z;144;128;113;106;106;106;106;106;107;106;107;0;0;0;0;1;0;1;0;0;0;0;86;70;55;48;48;48;48;48;49;48;49;;86;70;55;48;48;48;48;48;49;48;86;156;211;259;307;355;403;451;500;548;597
446;I400000101;86;I;4;0;0;0;0;0;1;0;1;18;4;0;0;0;0;0;1;0;1;73;52;48;48;48;48;48;49;48;49;40;3N;32;2Y;2Z;2Y;2Z;2Y;2Z;2Y;2Z;144;131;110;106;107;106;107;106;107;106;107;40;3N;32;2Y;2Y;2Y;2Y;2Y;2Z;2Y;2Z;144;131;110;106;106;106;106;106;107;106;107;0;0;0;0;1;0;1;0;0;0;0;86;73;52;48;48;48;48;48;49;48;49;;86;73;52;48;48;48;48;48;49;48;86;159;211;259;307;355;403;451;500;548;597
447;K200000101;86;K;2;0;0;0;0;0;1;0;1;20;2;0;0;0;0;0;1;0;1;75;50;48;48;48;48;48;49;48;49;40;3P;30;2Y;2Z;2Y;2Z;2Y;2Z;2Y;2Z;144;133;108;106;107;106;107;106;107;106;107;40;3P;30;2Y;2Y;2Y;2Y;2Y;2Z;2Y;2Z;144;133;108;106;106;106;106;106;107;106;107;0;0;0;0;1;0;1;0;0;0;0;86;75;50;48;48;48;48;48;49;48;49;;86;75;50;48;48;48;48;48;49;48;86;161;211;259;307;355;403;451;500;548;597
448;1ECID00101;87;1;E;C;I;D;0;0;1;0;1;1;14;12;18;13;0;0;1;0;1;49;69;67;73;68;48;48;49;48;49;42;30;3K;3I;3O;3J;2Z;30;31;2Z;30;146;108;128;126;132;127;107;108;109;107;108;42;30;3K;3I;3O;3J;2Z;2Z;30;2Z;30;146;108;128;126;132;127;107;107;108;107;108;0;0;0;0;0;0;0;1;1;0;0;87;49;69;67;73;68;48;48;49;48;49;;87;49;69;67;73;68;48;48;49;48;87;136;205;272;345;413;461;509;558;606;655
449;1ETG500101;87;1;E;T;G;5;0;0;1;0;1;1;14;29;16;5;0;0;1;0;1;49;69;84;71;53;48;48;49;48;49;42;30;3K;3Z;3M;34;2Z;30;31;2Z;30;146;108;128;143;130;112;107;108;109;107;108;42;30;3K;3Z;3M;34;2Z;2Z;30;2Z;30;146;108;128;143;130;112;107;107;108;107;108;0;0;0;0;0;0;0;1;1;0;0;87;49;69;84;71;53;48;48;49;48;49;;87;49;69;84;71;53;48;48;49;48;87;136;205;289;360;413;461;509;558;606;655
450;4EFBE00101;87;4;E;F;B;E;0;0;1;0;1;4;14;15;11;14;0;0;1;0;1;52;69;70;66;69;48;48;49;48;49;42;33;3K;3L;3H;3K;2Z;30;31;2Z;30;146;111;128;129;125;128;107;108;109;107;108;42;33;3K;3L;3H;3K;2Z;2Z;30;2Z;30;146;111;128;129;125;128;107;107;108;107;108;0;0;0;0;0;0;0;1;1;0;0;87;52;69;70;66;69;48;48;49;48;49;;87;52;69;70;66;69;48;48;49;48;87;139;208;278;344;413;461;509;558;606;655
451;0FUG500101;88;0;F;U;G;5;0;0;1;0;1;0;15;30;16;5;0;0;1;0;1;48;70;85;71;53;48;48;49;48;49;44;30;3M;41;3N;35;30;31;32;30;31;148;108;130;145;131;113;108;109;110;108;109;44;30;3M;41;3N;35;30;30;31;30;31;148;108;130;145;131;113;108;108;109;108;109;0;0;0;0;0;0;0;1;1;0;0;88;48;70;85;71;53;48;48;49;48;49;;88;48;70;85;71;53;48;48;49;48;88;136;206;291;362;415;463;511;560;608;657
452;2EY0G00101;88;2;E;Y;0;G;0;0;1;0;1;2;14;34;0;16;0;0;1;0;1;50;69;89;48;71;48;48;49;48;49;44;32;3L;45;30;3N;30;31;32;30;31;148;110;129;149;108;131;108;109;110;108;109;44;32;3L;45;30;3N;30;30;31;30;31;148;110;129;149;108;131;108;108;109;108;109;0;0;0;0;0;0;0;1;1;0;0;88;50;69;89;48;71;48;48;49;48;49;;88;50;69;89;48;71;48;48;49;48;88;138;207;296;344;415;463;511;560;608;657
453;B53SJ00101;88;B;5;3;S;J;0;0;1;0;1;11;5;3;28;19;0;0;1;0;1;66;53;51;83;74;48;48;49;48;49;44;3I;35;33;3Z;3Q;30;31;32;30;31;148;126;113;111;143;134;108;109;110;108;109;44;3I;35;33;3Z;3Q;30;30;31;30;31;148;126;113;111;143;134;108;108;109;108;109;0;0;0;0;0;0;0;1;1;0;0;88;66;53;51;83;74;48;48;49;48;49;;88;66;53;51;83;74;48;48;49;48;88;154;207;258;341;415;463;511;560;608;657
454;07ERJ00101;89;0;7;E;R;J;0;0;1;0;1;0;7;14;27;19;0;0;1;0;1;48;55;69;82;74;48;48;49;48;49;46;31;38;3M;3Z;3R;31;32;33;31;32;150;109;116;130;143;135;109;110;111;109;110;46;31;38;3M;3Z;3R;31;31;32;31;32;150;109;116;130;143;135;109;109;110;109;110;0;0;0;0;0;0;0;1;1;0;0;89;48;55;69;82;74;48;48;49;48;49;;89;48;55;69;82;74;48;48;49;48;89;137;192;261;343;417;465;513;562;610;659
455;1EKAF00101;89;1;E;K;A;F;0;0;1;0;1;1;14;20;10;15;0;0;1;0;1;49;69;75;65;70;48;48;49;48;49;46;32;3M;3S;3I;3N;31;32;33;31;32;150;110;130;136;126;131;109;110;111;109;110;46;32;3M;3S;3I;3N;31;31;32;31;32;150;110;130;136;126;131;109;109;110;109;110;0;0;0;0;0;0;0;1;1;0;0;89;49;69;75;65;70;48;48;49;48;49;;89;49;69;75;65;70;48;48;49;48;89;138;207;282;347;417;465;513;562;610;659
456;1J3PJ00101;89;1;J;3;P;J;0;0;1;0;1;1;19;3;25;19;0;0;1;0;1;49;74;51;80;74;48;48;49;48;49;46;32;3R;34;3X;3R;31;32;33;31;32;150;110;135;112;141;135;109;110;111;109;110;46;32;3R;34;3X;3R;31;31;32;31;32;150;110;135;112;141;135;109;109;110;109;110;0;0;0;0;0;0;0;1;1;0;0;89;49;74;51;80;74;48;48;49;48;49;;89;49;74;51;80;74;48;48;49;48;89;138;212;263;343;417;465;513;562;610;659
457;3ECID00101;89;3;E;C;I;D;0;0;1;0;1;3;14;12;18;13;0;0;1;0;1;51;69;67;73;68;48;48;49;48;49;46;34;3M;3K;3Q;3L;31;32;33;31;32;150;112;130;128;134;129;109;110;111;109;110;46;34;3M;3K;3Q;3L;31;31;32;31;32;150;112;130;128;134;129;109;109;110;109;110;0;0;0;0;0;0;0;1;1;0;0;89;51;69;67;73;68;48;48;49;48;49;;89;51;69;67;73;68;48;48;49;48;89;140;209;276;349;417;465;513;562;610;659
458;BE9U300101;89;B;E;9;U;3;0;0;1;0;1;11;14;9;30;3;0;0;1;0;1;66;69;57;85;51;48;48;49;48;49;46;3J;3M;3A;42;34;31;32;33;31;32;150;127;130;118;146;112;109;110;111;109;110;46;3J;3M;3A;42;34;31;31;32;31;32;150;127;130;118;146;112;109;109;110;109;110;0;0;0;0;0;0;0;1;1;0;0;89;66;69;57;85;51;48;48;49;48;49;;89;66;69;57;85;51;48;48;49;48;89;155;224;281;366;417;465;513;562;610;659
459;20SKJ00101;91;2;0;S;K;J;0;0;1;0;1;2;0;28;20;19;0;0;1;0;1;50;48;83;75;74;48;48;49;48;49;4A;35;33;42;3U;3T;33;34;35;33;34;154;113;111;146;138;137;111;112;113;111;112;4A;35;33;42;3U;3T;33;33;34;33;34;154;113;111;146;138;137;111;111;112;111;112;0;0;0;0;0;0;0;1;1;0;0;91;50;48;83;75;74;48;48;49;48;49;;91;50;48;83;75;74;48;48;49;48;91;141;189;272;347;421;469;517;566;614;663
460;0O1QJ00101;92;0;O;1;Q;J;0;0;1;0;1;0;24;1;26;19;0;0;1;0;1;48;79;49;81;74;48;48;49;48;49;4C;34;3Z;35;41;3U;34;35;36;34;35;156;112;143;113;145;138;112;113;114;112;113;4C;34;3Z;35;41;3U;34;34;35;34;35;156;112;143;113;145;138;112;112;113;112;113;0;0;0;0;0;0;0;1;1;0;0;92;48;79;49;81;74;48;48;49;48;49;;92;48;79;49;81;74;48;48;49;48;92;140;219;268;349;423;471;519;568;616;665
461;20TLJ00101;93;2;0;T;L;J;0;0;1;0;1;2;0;29;21;19;0;0;1;0;1;50;48;84;76;74;48;48;49;48;49;4E;37;35;45;3X;3V;35;36;37;35;36;158;115;113;149;141;139;113;114;115;113;114;4E;37;35;45;3X;3V;35;35;36;35;36;158;115;113;149;141;139;113;113;114;113;114;0;0;0;0;0;0;0;1;1;0;0;93;50;48;84;76;74;48;48;49;48;49;;93;50;48;84;76;74;48;48;49;48;93;143;191;275;351;425;473;521;570;618;667
462;5FUG500101;93;5;F;U;G;5;0;0;1;0;1;5;15;30;16;5;0;0;1;0;1;53;70;85;71;53;48;48;49;48;49;4E;3A;3R;46;3S;3A;35;36;37;35;36;158;118;135;150;136;118;113;114;115;113;114;4E;3A;3R;46;3S;3A;35;35;36;35;36;158;118;135;150;136;118;113;113;114;113;114;0;0;0;0;0;0;0;1;1;0;0;93;53;70;85;71;53;48;48;49;48;49;;93;53;70;85;71;53;48;48;49;48;93;146;216;301;372;425;473;521;570;618;667
463;9E0WG00101;93;9;E;0;W;G;0;0;1;0;1;9;14;0;32;16;0;0;1;0;1;57;69;48;87;71;48;48;49;48;49;4E;3E;3Q;35;48;3S;35;36;37;35;36;158;122;134;113;152;136;113;114;115;113;114;4E;3E;3Q;35;48;3S;35;35;36;35;36;158;122;134;113;152;136;113;113;114;113;114;0;0;0;0;0;0;0;1;1;0;0;93;57;69;48;87;71;48;48;49;48;49;;93;57;69;48;87;71;48;48;49;48;93;150;219;267;354;425;473;521;570;618;667
464;1O1RJ00101;94;1;O;1;R;J;0;0;1;0;1;1;24;1;27;19;0;0;1;0;1;49;79;49;82;74;48;48;49;48;49;4G;37;41;37;44;3W;36;37;38;36;37;160;115;145;115;148;140;114;115;116;114;115;4G;37;41;37;44;3W;36;36;37;36;37;160;115;145;115;148;140;114;114;115;114;115;0;0;0;0;0;0;0;1;1;0;0;94;49;79;49;82;74;48;48;49;48;49;;94;49;79;49;82;74;48;48;49;48;94;143;222;271;353;427;475;523;572;620;669
465;H53SJ00101;94;H;5;3;S;J;0;0;1;0;1;17;5;3;28;19;0;0;1;0;1;72;53;51;83;74;48;48;49;48;49;4G;3U;3B;39;45;3W;36;37;38;36;37;160;138;119;117;149;140;114;115;116;114;115;4G;3U;3B;39;45;3W;36;36;37;36;37;160;138;119;117;149;140;114;114;115;114;115;0;0;0;0;0;0;0;1;1;0;0;94;72;53;51;83;74;48;48;49;48;49;;94;72;53;51;83;74;48;48;49;48;94;166;219;270;353;427;475;523;572;620;669
466;4EEHI00101;96;4;E;E;H;I;0;0;1;0;1;4;14;14;17;18;0;0;1;0;1;52;69;69;72;73;48;48;49;48;49;4K;3C;3T;3U;3W;3X;38;39;3A;38;39;164;120;137;138;140;141;116;117;118;116;117;4K;3C;3T;3T;3W;3X;38;38;39;38;39;164;120;137;137;140;141;116;116;117;116;117;0;0;0;1;0;0;0;1;1;0;0;96;52;69;69;72;73;48;48;49;48;49;;96;52;69;69;72;73;48;48;49;48;96;148;217;286;358;431;479;527;576;624;673
467;3CAPJ00101;98;3;C;A;P;J;0;0;1;0;1;3;12;10;25;19;0;0;1;0;1;51;67;65;80;74;48;48;49;48;49;4O;3D;3T;3R;46;40;3A;3B;3C;3A;3B;168;121;137;135;150;144;118;119;120;118;119;4O;3D;3T;3R;46;40;3A;3A;3B;3A;3B;168;121;137;135;150;144;118;118;119;118;119;0;0;0;0;0;0;0;1;1;0;0;98;51;67;65;80;74;48;48;49;48;49;;98;51;67;65;80;74;48;48;49;48;98;149;216;281;361;435;483;531;580;628;677
468;87GQJ00101;98;8;7;G;Q;J;0;0;1;0;1;8;7;16;26;19;0;0;1;0;1;56;55;71;81;74;48;48;49;48;49;4O;3I;3H;3X;47;40;3A;3B;3C;3A;3B;168;126;125;141;151;144;118;119;120;118;119;4O;3I;3H;3X;47;40;3A;3A;3B;3A;3B;168;126;125;141;151;144;118;118;119;118;119;0;0;0;0;0;0;0;1;1;0;0;98;56;55;71;81;74;48;48;49;48;49;;98;56;55;71;81;74;48;48;49;48;98;154;209;280;361;435;483;531;580;628;677
469;8C9SJ00101;98;8;C;9;S;J;0;0;1;0;1;8;12;9;28;19;0;0;1;0;1;56;67;57;83;74;48;48;49;48;49;4O;3I;3T;3J;49;40;3A;3B;3C;3A;3B;168;126;137;127;153;144;118;119;120;118;119;4O;3I;3T;3J;49;40;3A;3A;3B;3A;3B;168;126;137;127;153;144;118;118;119;118;119;0;0;0;0;0;0;0;1;1;0;0;98;56;67;57;83;74;48;48;49;48;49;;98;56;67;57;83;74;48;48;49;48;98;154;221;278;361;435;483;531;580;628;677
470;1EOX500101;99;1;E;O;X;5;0;0;1;0;1;1;14;24;33;5;0;0;1;0;1;49;69;79;88;53;48;48;49;48;49;4Q;3C;3W;46;4F;3G;3B;3C;3D;3B;3C;170;120;140;150;159;124;119;120;121;119;120;4Q;3C;3W;46;4F;3G;3B;3B;3C;3B;3C;170;120;140;150;159;124;119;119;120;119;120;0;0;0;0;0;0;0;1;1;0;0;99;49;69;79;88;53;48;48;49;48;49;;99;49;69;79;88;53;48;48;49;48;99;148;217;296;384;437;485;533;582;630;679
471;23XKJ00101;99;2;3;X;K;J;0;0;1;0;1;2;3;33;20;19;0;0;1;0;1;50;51;88;75;74;48;48;49;48;49;4Q;3D;3E;4F;42;41;3B;3C;3D;3B;3C;170;121;122;159;146;145;119;120;121;119;120;4Q;3D;3E;4F;42;41;3B;3B;3C;3B;3C;170;121;122;159;146;145;119;119;120;119;120;0;0;0;0;0;0;0;1;1;0;0;99;50;51;88;75;74;48;48;49;48;49;;99;50;51;88;75;74;48;48;49;48;99;149;200;288;363;437;485;533;582;630;679
472;8D9SJ00101;99;8;D;9;S;J;0;0;1;0;1;8;13;9;28;19;0;0;1;0;1;56;68;57;83;74;48;48;49;48;49;4Q;3J;3V;3K;4A;41;3B;3C;3D;3B;3C;170;127;139;128;154;145;119;120;121;119;120;4Q;3J;3V;3K;4A;41;3B;3B;3C;3B;3C;170;127;139;128;154;145;119;119;120;119;120;0;0;0;0;0;0;0;1;1;0;0;99;56;68;57;83;74;48;48;49;48;49;;99;56;68;57;83;74;48;48;49;48;99;155;223;280;363;437;485;533;582;630;679
473;97GQJ00101;99;9;7;G;Q;J;0;0;1;0;1;9;7;16;26;19;0;0;1;0;1;57;55;71;81;74;48;48;49;48;49;4Q;3K;3I;3Y;48;41;3B;3C;3D;3B;3C;170;128;126;142;152;145;119;120;121;119;120;4Q;3K;3I;3Y;48;41;3B;3B;3C;3B;3C;170;128;126;142;152;145;119;119;120;119;120;0;0;0;0;0;0;0;1;1;0;0;99;57;55;71;81;74;48;48;49;48;49;;99;57;55;71;81;74;48;48;49;48;99;156;211;282;363;437;485;533;582;630;679
474;DB5MJ00101;99;D;B;5;M;J;0;0;1;0;1;13;11;5;22;19;0;0;1;0;1;68;66;53;77;74;48;48;49;48;49;4Q;3V;3T;3G;44;41;3B;3C;3D;3B;3C;170;139;137;124;148;145;119;120;121;119;120;4Q;3V;3T;3G;44;41;3B;3B;3C;3B;3C;170;139;137;124;148;145;119;119;120;119;120;0;0;0;0;0;0;0;1;1;0;0;99;68;66;53;77;74;48;48;49;48;49;;99;68;66;53;77;74;48;48;49;48;99;167;233;286;363;437;485;533;582;630;679
475;3EOX500101;101;3;E;O;X;5;0;0;1;0;1;3;14;24;33;5;0;0;1;0;1;51;69;79;88;53;48;48;49;48;49;4U;3G;3Y;48;4H;3I;3D;3E;3F;3D;3E;174;124;142;152;161;126;121;122;123;121;122;4U;3G;3Y;48;4H;3I;3D;3D;3E;3D;3E;174;124;142;152;161;126;121;121;122;121;122;0;0;0;0;0;0;0;1;1;0;0;101;51;69;79;88;53;48;48;49;48;49;;101;51;69;79;88;53;48;48;49;48;101;152;221;300;388;441;489;537;586;634;683
476;AE0WG00101;101;A;E;0;W;G;0;0;1;0;1;10;14;0;32;16;0;0;1;0;1;65;69;48;87;71;48;48;49;48;49;4U;3U;3Y;3D;4G;40;3D;3E;3F;3D;3E;174;138;142;121;160;144;121;122;123;121;122;4U;3U;3Y;3D;4G;40;3D;3D;3E;3D;3E;174;138;142;121;160;144;121;121;122;121;122;0;0;0;0;0;0;0;1;1;0;0;101;65;69;48;87;71;48;48;49;48;49;;101;65;69;48;87;71;48;48;49;48;101;166;235;283;370;441;489;537;586;634;683
477;3EPX500101;102;3;E;P;X;5;0;0;1;0;1;3;14;25;33;5;0;0;1;0;1;51;69;80;88;53;48;48;49;48;49;4W;3H;3Z;4A;4I;3J;3E;3F;3G;3E;3F;176;125;143;154;162;127;122;123;124;122;123;4W;3H;3Z;4A;4I;3J;3E;3E;3F;3E;3F;176;125;143;154;162;127;122;122;123;122;123;0;0;0;0;0;0;0;1;1;0;0;102;51;69;80;88;53;48;48;49;48;49;;102;51;69;80;88;53;48;48;49;48;102;153;222;302;390;443;491;539;588;636;685
478;44QSJ00101;103;4;4;Q;S;J;0;0;1;0;1;4;4;26;28;19;0;0;1;0;1;52;52;81;83;74;48;48;49;48;49;4Y;3J;3K;4C;4E;45;3F;3G;3H;3F;3G;178;127;128;156;158;149;123;124;125;123;124;4Y;3J;3J;4C;4E;45;3F;3F;3G;3F;3G;178;127;127;156;158;149;123;123;124;123;124;0;0;1;0;0;0;0;1;1;0;0;103;52;52;81;83;74;48;48;49;48;49;;103;52;52;81;83;74;48;48;49;48;103;155;207;288;371;445;493;541;590;638;687
479;5EEQF00101;103;5;E;E;Q;F;0;0;1;0;1;5;14;14;26;15;0;0;1;0;1;53;69;69;81;70;48;48;49;48;49;4Y;3K;40;41;4C;41;3F;3G;3H;3F;3G;178;128;144;145;156;145;123;124;125;123;124;4Y;3K;40;40;4C;41;3F;3F;3G;3F;3G;178;128;144;144;156;145;123;123;124;123;124;0;0;0;1;0;0;0;1;1;0;0;103;53;69;69;81;70;48;48;49;48;49;;103;53;69;69;81;70;48;48;49;48;103;156;225;294;375;445;493;541;590;638;687
480;DD3QJ00101;103;D;D;3;Q;J;0;0;1;0;1;13;13;3;26;19;0;0;1;0;1;68;68;51;81;74;48;48;49;48;49;4Y;3Z;40;3I;4C;45;3F;3G;3H;3F;3G;178;143;144;126;156;149;123;124;125;123;124;4Y;3Z;3Z;3I;4C;45;3F;3F;3G;3F;3G;178;143;143;126;156;149;123;123;124;123;124;0;0;1;0;0;0;0;1;1;0;0;103;68;68;51;81;74;48;48;49;48;49;;103;68;68;51;81;74;48;48;49;48;103;171;239;290;371;445;493;541;590;638;687
482;5EPX500101;104;5;E;P;X;5;0;0;1;0;1;5;14;25;33;5;0;0;1;0;1;53;69;80;88;53;48;48;49;48;49;50;3L;41;4C;4K;3L;3G;3H;3I;3G;3H;180;129;145;156;164;129;124;125;126;124;125;50;3L;41;4C;4K;3L;3G;3G;3H;3G;3H;180;129;145;156;164;129;124;124;125;124;125;0;0;0;0;0;0;0;1;1;0;0;104;53;69;80;88;53;48;48;49;48;49;;104;53;69;80;88;53;48;48;49;48;104;157;226;306;394;447;495;543;592;640;689
483;95KTJ00101;104;9;5;K;T;J;0;0;1;0;1;9;5;20;29;19;0;0;1;0;1;57;53;75;84;74;48;48;49;48;49;50;3P;3L;47;4G;46;3G;3H;3I;3G;3H;180;133;129;151;160;150;124;125;126;124;125;50;3P;3L;47;4G;46;3G;3G;3H;3G;3H;180;133;129;151;160;150;124;124;125;124;125;0;0;0;0;0;0;0;1;1;0;0;104;57;53;75;84;74;48;48;49;48;49;;104;57;53;75;84;74;48;48;49;48;104;161;214;289;373;447;495;543;592;640;689
484;CE8TC00101;104;C;E;8;T;C;0;0;1;0;1;12;14;8;29;12;0;0;1;0;1;67;69;56;84;67;48;48;49;48;49;50;3Z;41;3O;4G;3Z;3G;3H;3I;3G;3H;180;143;145;132;160;143;124;125;126;124;125;50;3Z;41;3O;4G;3Z;3G;3G;3H;3G;3H;180;143;145;132;160;143;124;124;125;124;125;0;0;0;0;0;0;0;1;1;0;0;104;67;69;56;84;67;48;48;49;48;49;;104;67;69;56;84;67;48;48;49;48;104;171;240;296;380;447;495;543;592;640;689
485;6EPX500101;105;6;E;P;X;5;0;0;1;0;1;6;14;25;33;5;0;0;1;0;1;54;69;80;88;53;48;48;49;48;49;52;3N;42;4D;4L;3M;3H;3I;3J;3H;3I;182;131;146;157;165;130;125;126;127;125;126;52;3N;42;4D;4L;3M;3H;3H;3I;3H;3I;182;131;146;157;165;130;125;125;126;125;126;0;0;0;0;0;0;0;1;1;0;0;105;54;69;80;88;53;48;48;49;48;49;;105;54;69;80;88;53;48;48;49;48;105;159;228;308;396;449;497;545;594;642;691
486;S53SJ00101;105;S;5;3;S;J;0;0;1;0;1;28;5;3;28;19;0;0;1;0;1;83;53;51;83;74;48;48;49;48;49;52;4G;3M;3K;4G;47;3H;3I;3J;3H;3I;182;160;130;128;160;151;125;126;127;125;126;52;4G;3M;3K;4G;47;3H;3H;3I;3H;3I;182;160;130;128;160;151;125;125;126;125;126;0;0;0;0;0;0;0;1;1;0;0;105;83;53;51;83;74;48;48;49;48;49;;105;83;53;51;83;74;48;48;49;48;105;188;241;292;375;449;497;545;594;642;691
487;2EZQ700101;106;2;E;Z;Q;7;0;0;1;0;1;2;14;35;26;7;0;0;1;0;1;50;69;90;81;55;48;48;49;48;49;54;3K;43;4O;4F;3P;3I;3J;3K;3I;3J;184;128;147;168;159;133;126;127;128;126;127;54;3K;43;4O;4F;3P;3I;3I;3J;3I;3J;184;128;147;168;159;133;126;126;127;126;127;0;0;0;0;0;0;0;1;1;0;0;106;50;69;90;81;55;48;48;49;48;49;;106;50;69;90;81;55;48;48;49;48;106;156;225;315;396;451;499;547;596;644;693
488;7EPX500101;106;7;E;P;X;5;0;0;1;0;1;7;14;25;33;5;0;0;1;0;1;55;69;80;88;53;48;48;49;48;49;54;3P;43;4E;4M;3N;3I;3J;3K;3I;3J;184;133;147;158;166;131;126;127;128;126;127;54;3P;43;4E;4M;3N;3I;3I;3J;3I;3J;184;133;147;158;166;131;126;126;127;126;127;0;0;0;0;0;0;0;1;1;0;0;106;55;69;80;88;53;48;48;49;48;49;;106;55;69;80;88;53;48;48;49;48;106;161;230;310;398;451;499;547;596;644;693
489;1PANJ00101;107;1;P;A;N;J;0;0;1;0;1;1;25;10;23;19;0;0;1;0;1;49;80;65;78;74;48;48;49;48;49;56;3K;4F;40;4D;49;3J;3K;3L;3J;3K;186;128;159;144;157;153;127;128;129;127;128;56;3K;4F;40;4D;49;3J;3J;3K;3J;3K;186;128;159;144;157;153;127;127;128;127;128;0;0;0;0;0;0;0;1;1;0;0;107;49;80;65;78;74;48;48;49;48;49;;107;49;80;65;78;74;48;48;49;48;107;156;236;301;379;453;501;549;598;646;695
490;A7GQJ00101;107;A;7;G;Q;J;0;0;1;0;1;10;7;16;26;19;0;0;1;0;1;65;55;71;81;74;48;48;49;48;49;56;40;3Q;46;4G;49;3J;3K;3L;3J;3K;186;144;134;150;160;153;127;128;129;127;128;56;40;3Q;46;4G;49;3J;3J;3K;3J;3K;186;144;134;150;160;153;127;127;128;127;128;0;0;0;0;0;0;0;1;1;0;0;107;65;55;71;81;74;48;48;49;48;49;;107;65;55;71;81;74;48;48;49;48;107;172;227;298;379;453;501;549;598;646;695
491;0LJKJ00101;108;0;L;J;K;J;0;0;1;0;1;0;21;19;20;19;0;0;1;0;1;48;76;74;75;74;48;48;49;48;49;58;3K;4C;4A;4B;4A;3K;3L;3M;3K;3L;188;128;156;154;155;154;128;129;130;128;129;58;3K;4C;4A;4B;4A;3K;3K;3L;3K;3L;188;128;156;154;155;154;128;128;129;128;129;0;0;0;0;0;0;0;1;1;0;0;108;48;76;74;75;74;48;48;49;48;49;;108;48;76;74;75;74;48;48;49;48;108;156;232;306;381;455;503;551;600;648;697
492;9EPX500101;108;9;E;P;X;5;0;0;1;0;1;9;14;25;33;5;0;0;1;0;1;57;69;80;88;53;48;48;49;48;49;58;3T;45;4G;4O;3P;3K;3L;3M;3K;3L;188;137;149;160;168;133;128;129;130;128;129;58;3T;45;4G;4O;3P;3K;3K;3L;3K;3L;188;137;149;160;168;133;128;128;129;128;129;0;0;0;0;0;0;0;1;1;0;0;108;57;69;80;88;53;48;48;49;48;49;;108;57;69;80;88;53;48;48;49;48;108;165;234;314;402;455;503;551;600;648;697
493;A0TLJ00101;108;A;0;T;L;J;0;0;1;0;1;10;0;29;21;19;0;0;1;0;1;65;48;84;76;74;48;48;49;48;49;58;41;3K;4K;4C;4A;3K;3L;3M;3K;3L;188;145;128;164;156;154;128;129;130;128;129;58;41;3K;4K;4C;4A;3K;3K;3L;3K;3L;188;145;128;164;156;154;128;128;129;128;129;0;0;0;0;0;0;0;1;1;0;0;108;65;48;84;76;74;48;48;49;48;49;;108;65;48;84;76;74;48;48;49;48;108;173;221;305;381;455;503;551;600;648;697
494;B7GQJ00101;108;B;7;G;Q;J;0;0;1;0;1;11;7;16;26;19;0;0;1;0;1;66;55;71;81;74;48;48;49;48;49;58;42;3R;47;4H;4A;3K;3L;3M;3K;3L;188;146;135;151;161;154;128;129;130;128;129;58;42;3R;47;4H;4A;3K;3K;3L;3K;3L;188;146;135;151;161;154;128;128;129;128;129;0;0;0;0;0;0;0;1;1;0;0;108;66;55;71;81;74;48;48;49;48;49;;108;66;55;71;81;74;48;48;49;48;108;174;229;300;381;455;503;551;600;648;697
495;5EZV200101;109;5;E;Z;V;2;0;0;1;0;1;5;14;35;31;2;0;0;1;0;1;53;69;90;86;50;48;48;49;48;49;5A;3Q;46;4R;4N;3N;3L;3M;3N;3L;3M;190;134;150;171;167;131;129;130;131;129;130;5A;3Q;46;4R;4N;3N;3L;3L;3M;3L;3M;190;134;150;171;167;131;129;129;130;129;130;0;0;0;0;0;0;0;1;1;0;0;109;53;69;90;86;50;48;48;49;48;49;;109;53;69;90;86;50;48;48;49;48;109;162;231;321;407;457;505;553;602;650;699
496;R46VJ00101;109;R;4;6;V;J;0;0;1;0;1;27;4;6;31;19;0;0;1;0;1;82;52;54;86;74;48;48;49;48;49;5A;4J;3P;3R;4N;4B;3L;3M;3N;3L;3M;190;163;133;135;167;155;129;130;131;129;130;5A;4J;3P;3R;4N;4B;3L;3L;3M;3L;3M;190;163;133;135;167;155;129;129;130;129;130;0;0;0;0;0;0;0;1;1;0;0;109;82;52;54;86;74;48;48;49;48;49;;109;82;52;54;86;74;48;48;49;48;109;191;243;297;383;457;505;553;602;650;699
497;4BQLJ00101;110;4;B;Q;L;J;0;0;1;0;1;4;11;26;21;19;0;0;1;0;1;52;66;81;76;74;48;48;49;48;49;5C;3Q;44;4J;4E;4C;3M;3N;3O;3M;3N;192;134;148;163;158;156;130;131;132;130;131;5C;3Q;44;4J;4E;4C;3M;3M;3N;3M;3N;192;134;148;163;158;156;130;130;131;130;131;0;0;0;0;0;0;0;1;1;0;0;110;52;66;81;76;74;48;48;49;48;49;;110;52;66;81;76;74;48;48;49;48;110;162;228;309;385;459;507;555;604;652;701
498;7LBNJ00101;110;7;L;B;N;J;0;0;1;0;1;7;21;11;23;19;0;0;1;0;1;55;76;66;78;74;48;48;49;48;49;5C;3T;4E;44;4G;4C;3M;3N;3O;3M;3N;192;137;158;148;160;156;130;131;132;130;131;5C;3T;4E;44;4G;4C;3M;3M;3N;3M;3N;192;137;158;148;160;156;130;130;131;130;131;0;0;0;0;0;0;0;1;1;0;0;110;55;76;66;78;74;48;48;49;48;49;;110;55;76;66;78;74;48;48;49;48;110;165;241;307;385;459;507;555;604;652;701
499;7V4RJ00101;110;7;V;4;R;J;0;0;1;0;1;7;31;4;27;19;0;0;1;0;1;55;86;52;82;74;48;48;49;48;49;5C;3T;4O;3Q;4K;4C;3M;3N;3O;3M;3N;192;137;168;134;164;156;130;131;132;130;131;5C;3T;4O;3Q;4K;4C;3M;3M;3N;3M;3N;192;137;168;134;164;156;130;130;131;130;131;0;0;0;0;0;0;0;1;1;0;0;110;55;86;52;82;74;48;48;49;48;49;;110;55;86;52;82;74;48;48;49;48;110;165;251;303;385;459;507;555;604;652;701
500;CD9SJ00101;110;C;D;9;S;J;0;0;1;0;1;12;13;9;28;19;0;0;1;0;1;67;68;57;83;74;48;48;49;48;49;5C;45;46;3V;4L;4C;3M;3N;3O;3M;3N;192;149;150;139;165;156;130;131;132;130;131;5C;45;46;3V;4L;4C;3M;3M;3N;3M;3N;192;149;150;139;165;156;130;130;131;130;131;0;0;0;0;0;0;0;1;1;0;0;110;67;68;57;83;74;48;48;49;48;49;;110;67;68;57;83;74;48;48;49;48;110;177;245;302;385;459;507;555;604;652;701
501;1NJKJ00101;111;1;N;J;K;J;0;0;1;0;1;1;23;19;20;19;0;0;1;0;1;49;78;74;75;74;48;48;49;48;49;5E;3O;4H;4D;4E;4D;3N;3O;3P;3N;3O;194;132;161;157;158;157;131;132;133;131;132;5E;3O;4H;4D;4E;4D;3N;3N;3O;3N;3O;194;132;161;157;158;157;131;131;132;131;132;0;0;0;0;0;0;0;1;1;0;0;111;49;78;74;75;74;48;48;49;48;49;;111;49;78;74;75;74;48;48;49;48;111;160;238;312;387;461;509;557;606;654;703
502;DJ5QJ00101;111;D;J;5;Q;J;0;0;1;0;1;13;19;5;26;19;0;0;1;0;1;68;74;53;81;74;48;48;49;48;49;5E;47;4D;3S;4K;4D;3N;3O;3P;3N;3O;194;151;157;136;164;157;131;132;133;131;132;5E;47;4D;3S;4K;4D;3N;3N;3O;3N;3O;194;151;157;136;164;157;131;131;132;131;132;0;0;0;0;0;0;0;1;1;0;0;111;68;74;53;81;74;48;48;49;48;49;;111;68;74;53;81;74;48;48;49;48;111;179;253;306;387;461;509;557;606;654;703
503;HEUG500101;111;H;E;U;G;5;0;0;1;0;1;17;14;30;16;5;0;0;1;0;1;72;69;85;71;53;48;48;49;48;49;5E;4B;48;4O;4A;3S;3N;3O;3P;3N;3O;194;155;152;168;154;136;131;132;133;131;132;5E;4B;48;4O;4A;3S;3N;3N;3O;3N;3O;194;155;152;168;154;136;131;131;132;131;132;0;0;0;0;0;0;0;1;1;0;0;111;72;69;85;71;53;48;48;49;48;49;;111;72;69;85;71;53;48;48;49;48;111;183;252;337;408;461;509;557;606;654;703
504;5QANJ00101;112;5;Q;A;N;J;0;0;1;0;1;5;26;10;23;19;0;0;1;0;1;53;81;65;78;74;48;48;49;48;49;5G;3T;4L;45;4I;4E;3O;3P;3Q;3O;3P;196;137;165;149;162;158;132;133;134;132;133;5G;3T;4L;45;4I;4E;3O;3O;3P;3O;3P;196;137;165;149;162;158;132;132;133;132;133;0;0;0;0;0;0;0;1;1;0;0;112;53;81;65;78;74;48;48;49;48;49;;112;53;81;65;78;74;48;48;49;48;112;165;246;311;389;463;511;559;608;656;705
505;0KOLJ00101;113;0;K;O;L;J;0;0;1;0;1;0;20;24;21;19;0;0;1;0;1;48;75;79;76;74;48;48;49;48;49;5I;3P;4G;4K;4H;4F;3P;3Q;3R;3P;3Q;198;133;160;164;161;159;133;134;135;133;134;5I;3P;4G;4K;4H;4F;3P;3P;3Q;3P;3Q;198;133;160;164;161;159;133;133;134;133;134;0;0;0;0;0;0;0;1;1;0;0;113;48;75;79;76;74;48;48;49;48;49;;113;48;75;79;76;74;48;48;49;48;113;161;236;315;391;465;513;561;610;658;707
506;74YRJ00101;113;7;4;Y;R;J;0;0;1;0;1;7;4;34;27;19;0;0;1;0;1;55;52;89;82;74;48;48;49;48;49;5I;3W;3T;4U;4N;4F;3P;3Q;3R;3P;3Q;198;140;137;174;167;159;133;134;135;133;134;5I;3W;3T;4U;4N;4F;3P;3P;3Q;3P;3Q;198;140;137;174;167;159;133;133;134;133;134;0;0;0;0;0;0;0;1;1;0;0;113;55;52;89;82;74;48;48;49;48;49;;113;55;52;89;82;74;48;48;49;48;113;168;220;309;391;465;513;561;610;658;707
507;96QVJ00101;113;9;6;Q;V;J;0;0;1;0;1;9;6;26;31;19;0;0;1;0;1;57;54;81;86;74;48;48;49;48;49;5I;3Y;3V;4M;4R;4F;3P;3Q;3R;3P;3Q;198;142;139;166;171;159;133;134;135;133;134;5I;3Y;3V;4M;4R;4F;3P;3P;3Q;3P;3Q;198;142;139;166;171;159;133;133;134;133;134;0;0;0;0;0;0;0;1;1;0;0;113;57;54;81;86;74;48;48;49;48;49;;113;57;54;81;86;74;48;48;49;48;113;170;224;305;391;465;513;561;610;658;707
508;ID7RJ00101;113;I;D;7;R;J;0;0;1;0;1;18;13;7;27;19;0;0;1;0;1;73;68;55;82;74;48;48;49;48;49;5I;4E;49;3W;4N;4F;3P;3Q;3R;3P;3Q;198;158;153;140;167;159;133;134;135;133;134;5I;4E;49;3W;4N;4F;3P;3P;3Q;3P;3Q;198;158;153;140;167;159;133;133;134;133;134;0;0;0;0;0;0;0;1;1;0;0;113;73;68;55;82;74;48;48;49;48;49;;113;73;68;55;82;74;48;48;49;48;113;186;254;309;391;465;513;561;610;658;707
509;J7GNJ00101;113;J;7;G;N;J;0;0;1;0;1;19;7;16;23;19;0;0;1;0;1;74;55;71;78;74;48;48;49;48;49;5I;4F;3W;4C;4J;4F;3P;3Q;3R;3P;3Q;198;159;140;156;163;159;133;134;135;133;134;5I;4F;3W;4C;4J;4F;3P;3P;3Q;3P;3Q;198;159;140;156;163;159;133;133;134;133;134;0;0;0;0;0;0;0;1;1;0;0;113;74;55;71;78;74;48;48;49;48;49;;113;74;55;71;78;74;48;48;49;48;113;187;242;313;391;465;513;561;610;658;707
510;RA2QJ00101;113;R;A;2;Q;J;0;0;1;0;1;27;10;2;26;19;0;0;1;0;1;82;65;50;81;74;48;48;49;48;49;5I;4N;46;3R;4M;4F;3P;3Q;3R;3P;3Q;198;167;150;135;166;159;133;134;135;133;134;5I;4N;46;3R;4M;4F;3P;3P;3Q;3P;3Q;198;167;150;135;166;159;133;133;134;133;134;0;0;0;0;0;0;0;1;1;0;0;113;82;65;50;81;74;48;48;49;48;49;;113;82;65;50;81;74;48;48;49;48;113;195;260;310;391;465;513;561;610;658;707
511;Z06VJ00101;113;Z;0;6;V;J;0;0;1;0;1;35;0;6;31;19;0;0;1;0;1;90;48;54;86;74;48;48;49;48;49;5I;4V;3P;3V;4R;4F;3P;3Q;3R;3P;3Q;198;175;133;139;171;159;133;134;135;133;134;5I;4V;3P;3V;4R;4F;3P;3P;3Q;3P;3Q;198;175;133;139;171;159;133;133;134;133;134;0;0;0;0;0;0;0;1;1;0;0;113;90;48;54;86;74;48;48;49;48;49;;113;90;48;54;86;74;48;48;49;48;113;203;251;305;391;465;513;561;610;658;707
512;0SFNJ00101;114;0;S;F;N;J;0;0;1;0;1;0;28;15;23;19;0;0;1;0;1;48;83;70;78;74;48;48;49;48;49;5K;3Q;4P;4C;4K;4G;3Q;3R;3S;3Q;3R;200;134;169;156;164;160;134;135;136;134;135;5K;3Q;4P;4C;4K;4G;3Q;3Q;3R;3Q;3R;200;134;169;156;164;160;134;134;135;134;135;0;0;0;0;0;0;0;1;1;0;0;114;48;83;70;78;74;48;48;49;48;49;;114;48;83;70;78;74;48;48;49;48;114;162;245;315;393;467;515;563;612;660;709
513;GD9SJ00101;114;G;D;9;S;J;0;0;1;0;1;16;13;9;28;19;0;0;1;0;1;71;68;57;83;74;48;48;49;48;49;5K;4D;4A;3Z;4P;4G;3Q;3R;3S;3Q;3R;200;157;154;143;169;160;134;135;136;134;135;5K;4D;4A;3Z;4P;4G;3Q;3Q;3R;3Q;3R;200;157;154;143;169;160;134;134;135;134;135;0;0;0;0;0;0;0;1;1;0;0;114;71;68;57;83;74;48;48;49;48;49;;114;71;68;57;83;74;48;48;49;48;114;185;253;310;393;467;515;563;612;660;709
514;MC8OJ00101;114;M;C;8;O;J;0;0;1;0;1;22;12;8;24;19;0;0;1;0;1;77;67;56;79;74;48;48;49;48;49;5K;4J;49;3Y;4L;4G;3Q;3R;3S;3Q;3R;200;163;153;142;165;160;134;135;136;134;135;5K;4J;49;3Y;4L;4G;3Q;3Q;3R;3Q;3R;200;163;153;142;165;160;134;134;135;134;135;0;0;0;0;0;0;0;1;1;0;0;114;77;67;56;79;74;48;48;49;48;49;;114;77;67;56;79;74;48;48;49;48;114;191;258;314;393;467;515;563;612;660;709
515;O7ELJ00101;114;O;7;E;L;J;0;0;1;0;1;24;7;14;21;19;0;0;1;0;1;79;55;69;76;74;48;48;49;48;49;5K;4L;3X;4B;4I;4G;3Q;3R;3S;3Q;3R;200;165;141;155;162;160;134;135;136;134;135;5K;4L;3X;4B;4I;4G;3Q;3Q;3R;3Q;3R;200;165;141;155;162;160;134;134;135;134;135;0;0;0;0;0;0;0;1;1;0;0;114;79;55;69;76;74;48;48;49;48;49;;114;79;55;69;76;74;48;48;49;48;114;193;248;317;393;467;515;563;612;660;709
516;SA2QJ00101;114;S;A;2;Q;J;0;0;1;0;1;28;10;2;26;19;0;0;1;0;1;83;65;50;81;74;48;48;49;48;49;5K;4P;47;3S;4N;4G;3Q;3R;3S;3Q;3R;200;169;151;136;167;160;134;135;136;134;135;5K;4P;47;3S;4N;4G;3Q;3Q;3R;3Q;3R;200;169;151;136;167;160;134;134;135;134;135;0;0;0;0;0;0;0;1;1;0;0;114;83;65;50;81;74;48;48;49;48;49;;114;83;65;50;81;74;48;48;49;48;114;197;262;312;393;467;515;563;612;660;709
517;G4GVJ00101;115;G;4;G;V;J;0;0;1;0;1;16;4;16;31;19;0;0;1;0;1;71;52;71;86;74;48;48;49;48;49;5M;4E;3V;4E;4T;4H;3R;3S;3T;3R;3S;202;158;139;158;173;161;135;136;137;135;136;5M;4E;3V;4E;4T;4H;3R;3R;3S;3R;3S;202;158;139;158;173;161;135;135;136;135;136;0;0;0;0;0;0;0;1;1;0;0;115;71;52;71;86;74;48;48;49;48;49;;115;71;52;71;86;74;48;48;49;48;115;186;238;309;395;469;517;565;614;662;711
518;TA2QJ00101;115;T;A;2;Q;J;0;0;1;0;1;29;10;2;26;19;0;0;1;0;1;84;65;50;81;74;48;48;49;48;49;5M;4R;48;3T;4O;4H;3R;3S;3T;3R;3S;202;171;152;137;168;161;135;136;137;135;136;5M;4R;48;3T;4O;4H;3R;3R;3S;3R;3S;202;171;152;137;168;161;135;135;136;135;136;0;0;0;0;0;0;0;1;1;0;0;115;84;65;50;81;74;48;48;49;48;49;;115;84;65;50;81;74;48;48;49;48;115;199;264;314;395;469;517;565;614;662;711
519;AEPX500101;116;A;E;P;X;5;0;0;1;0;1;10;14;25;33;5;0;0;1;0;1;65;69;80;88;53;48;48;49;48;49;5O;49;4D;4O;4W;3X;3S;3T;3U;3S;3T;204;153;157;168;176;141;136;137;138;136;137;5O;49;4D;4O;4W;3X;3S;3S;3T;3S;3T;204;153;157;168;176;141;136;136;137;136;137;0;0;0;0;0;0;0;1;1;0;0;116;65;69;80;88;53;48;48;49;48;49;;116;65;69;80;88;53;48;48;49;48;116;181;250;330;418;471;519;567;616;664;713
520;II5RJ00101;116;I;I;5;R;J;0;0;1;0;1;18;18;5;27;19;0;0;1;0;1;73;73;53;82;74;48;48;49;48;49;5O;4H;4I;3X;4Q;4I;3S;3T;3U;3S;3T;204;161;162;141;170;162;136;137;138;136;137;5O;4H;4H;3X;4Q;4I;3S;3S;3T;3S;3T;204;161;161;141;170;162;136;136;137;136;137;0;0;1;0;0;0;0;1;1;0;0;116;73;73;53;82;74;48;48;49;48;49;;116;73;73;53;82;74;48;48;49;48;116;189;262;315;397;471;519;567;616;664;713
521;PC2TJ00101;116;P;C;2;T;J;0;0;1;0;1;25;12;2;29;19;0;0;1;0;1;80;67;50;84;74;48;48;49;48;49;5O;4O;4B;3U;4S;4I;3S;3T;3U;3S;3T;204;168;155;138;172;162;136;137;138;136;137;5O;4O;4B;3U;4S;4I;3S;3S;3T;3S;3T;204;168;155;138;172;162;136;136;137;136;137;0;0;0;0;0;0;0;1;1;0;0;116;80;67;50;84;74;48;48;49;48;49;;116;80;67;50;84;74;48;48;49;48;116;196;263;313;397;471;519;567;616;664;713
522;1UFNJ00101;117;1;U;F;N;J;0;0;1;0;1;1;30;15;23;19;0;0;1;0;1;49;85;70;78;74;48;48;49;48;49;5Q;3U;4U;4F;4N;4J;3T;3U;3V;3T;3U;206;138;174;159;167;163;137;138;139;137;138;5Q;3U;4U;4F;4N;4J;3T;3T;3U;3T;3U;206;138;174;159;167;163;137;137;138;137;138;0;0;0;0;0;0;0;1;1;0;0;117;49;85;70;78;74;48;48;49;48;49;;117;49;85;70;78;74;48;48;49;48;117;166;251;321;399;473;521;569;618;666;715
523;4UDMJ00101;117;4;U;D;M;J;0;0;1;0;1;4;30;13;22;19;0;0;1;0;1;52;85;68;77;74;48;48;49;48;49;5Q;3X;4U;4D;4M;4J;3T;3U;3V;3T;3U;206;141;174;157;166;163;137;138;139;137;138;5Q;3X;4U;4D;4M;4J;3T;3T;3U;3T;3U;206;141;174;157;166;163;137;137;138;137;138;0;0;0;0;0;0;0;1;1;0;0;117;52;85;68;77;74;48;48;49;48;49;;117;52;85;68;77;74;48;48;49;48;117;169;254;322;399;473;521;569;618;666;715
524;BEPX500101;117;B;E;P;X;5;0;0;1;0;1;11;14;25;33;5;0;0;1;0;1;66;69;80;88;53;48;48;49;48;49;5Q;4B;4E;4P;4X;3Y;3T;3U;3V;3T;3U;206;155;158;169;177;142;137;138;139;137;138;5Q;4B;4E;4P;4X;3Y;3T;3T;3U;3T;3U;206;155;158;169;177;142;137;137;138;137;138;0;0;0;0;0;0;0;1;1;0;0;117;66;69;80;88;53;48;48;49;48;49;;117;66;69;80;88;53;48;48;49;48;117;183;252;332;420;473;521;569;618;666;715
525;E6KTJ00101;117;E;6;K;T;J;0;0;1;0;1;14;6;20;29;19;0;0;1;0;1;69;54;75;84;74;48;48;49;48;49;5Q;4E;3Z;4K;4T;4J;3T;3U;3V;3T;3U;206;158;143;164;173;163;137;138;139;137;138;5Q;4E;3Z;4K;4T;4J;3T;3T;3U;3T;3U;206;158;143;164;173;163;137;137;138;137;138;0;0;0;0;0;0;0;1;1;0;0;117;69;54;75;84;74;48;48;49;48;49;;117;69;54;75;84;74;48;48;49;48;117;186;240;315;399;473;521;569;618;666;715
526;F5KTJ00101;117;F;5;K;T;J;0;0;1;0;1;15;5;20;29;19;0;0;1;0;1;70;53;75;84;74;48;48;49;48;49;5Q;4F;3Y;4K;4T;4J;3T;3U;3V;3T;3U;206;159;142;164;173;163;137;138;139;137;138;5Q;4F;3Y;4K;4T;4J;3T;3T;3U;3T;3U;206;159;142;164;173;163;137;137;138;137;138;0;0;0;0;0;0;0;1;1;0;0;117;70;53;75;84;74;48;48;49;48;49;;117;70;53;75;84;74;48;48;49;48;117;187;240;315;399;473;521;569;618;666;715
527;NEUG500101;117;N;E;U;G;5;0;0;1;0;1;23;14;30;16;5;0;0;1;0;1;78;69;85;71;53;48;48;49;48;49;5Q;4N;4E;4U;4G;3Y;3T;3U;3V;3T;3U;206;167;158;174;160;142;137;138;139;137;138;5Q;4N;4E;4U;4G;3Y;3T;3T;3U;3T;3U;206;167;158;174;160;142;137;137;138;137;138;0;0;0;0;0;0;0;1;1;0;0;117;78;69;85;71;53;48;48;49;48;49;;117;78;69;85;71;53;48;48;49;48;117;195;264;349;420;473;521;569;618;666;715
528;R7ELJ00101;117;R;7;E;L;J;0;0;1;0;1;27;7;14;21;19;0;0;1;0;1;82;55;69;76;74;48;48;49;48;49;5Q;4R;40;4E;4L;4J;3T;3U;3V;3T;3U;206;171;144;158;165;163;137;138;139;137;138;5Q;4R;40;4E;4L;4J;3T;3T;3U;3T;3U;206;171;144;158;165;163;137;137;138;137;138;0;0;0;0;0;0;0;1;1;0;0;117;82;55;69;76;74;48;48;49;48;49;;117;82;55;69;76;74;48;48;49;48;117;199;254;323;399;473;521;569;618;666;715
529;R1DTJ00101;118;R;1;D;T;J;0;0;1;0;1;27;1;13;29;19;0;0;1;0;1;82;49;68;84;74;48;48;49;48;49;5S;4S;3V;4E;4U;4K;3U;3V;3W;3U;3V;208;172;139;158;174;164;138;139;140;138;139;5S;4S;3V;4E;4U;4K;3U;3U;3V;3U;3V;208;172;139;158;174;164;138;138;139;138;139;0;0;0;0;0;0;0;1;1;0;0;118;82;49;68;84;74;48;48;49;48;49;;118;82;49;68;84;74;48;48;49;48;118;200;249;317;401;475;523;571;620;668;717
530;6ETNI00101;119;6;E;T;N;I;0;0;1;0;1;6;14;29;23;18;0;0;1;0;1;54;69;84;78;73;48;48;49;48;49;5U;41;4G;4V;4P;4K;3V;3W;3X;3V;3W;210;145;160;175;169;164;139;140;141;139;140;5U;41;4G;4V;4P;4K;3V;3V;3W;3V;3W;210;145;160;175;169;164;139;139;140;139;140;0;0;0;0;0;0;0;1;1;0;0;119;54;69;84;78;73;48;48;49;48;49;;119;54;69;84;78;73;48;48;49;48;119;173;242;326;404;477;525;573;622;670;719
531;S1DTJ00101;119;S;1;D;T;J;0;0;1;0;1;28;1;13;29;19;0;0;1;0;1;83;49;68;84;74;48;48;49;48;49;5U;4U;3W;4F;4V;4L;3V;3W;3X;3V;3W;210;174;140;159;175;165;139;140;141;139;140;5U;4U;3W;4F;4V;4L;3V;3V;3W;3V;3W;210;174;140;159;175;165;139;139;140;139;140;0;0;0;0;0;0;0;1;1;0;0;119;83;49;68;84;74;48;48;49;48;49;;119;83;49;68;84;74;48;48;49;48;119;202;251;319;403;477;525;573;622;670;719
532;9OJKJ00101;120;9;O;J;K;J;0;0;1;0;1;9;24;19;20;19;0;0;1;0;1;57;79;74;75;74;48;48;49;48;49;5W;45;4R;4M;4N;4M;3W;3X;3Y;3W;3X;212;149;171;166;167;166;140;141;142;140;141;5W;45;4R;4M;4N;4M;3W;3W;3X;3W;3X;212;149;171;166;167;166;140;140;141;140;141;0;0;0;0;0;0;0;1;1;0;0;120;57;79;74;75;74;48;48;49;48;49;;120;57;79;74;75;74;48;48;49;48;120;177;256;330;405;479;527;575;624;672;721
533;U7ELJ00101;120;U;7;E;L;J;0;0;1;0;1;30;7;14;21;19;0;0;1;0;1;85;55;69;76;74;48;48;49;48;49;5W;4X;43;4H;4O;4M;3W;3X;3Y;3W;3X;212;177;147;161;168;166;140;141;142;140;141;5W;4X;43;4H;4O;4M;3W;3W;3X;3W;3X;212;177;147;161;168;166;140;140;141;140;141;0;0;0;0;0;0;0;1;1;0;0;120;85;55;69;76;74;48;48;49;48;49;;120;85;55;69;76;74;48;48;49;48;120;205;260;329;405;479;527;575;624;672;721
534;1EXRH00101;121;1;E;X;R;H;0;0;1;0;1;1;14;33;27;17;0;0;1;0;1;49;69;88;82;72;48;48;49;48;49;5Y;3Y;4I;51;4V;4L;3X;3Y;3Z;3X;3Y;214;142;162;181;175;165;141;142;143;141;142;5Y;3Y;4I;51;4V;4L;3X;3X;3Y;3X;3Y;214;142;162;181;175;165;141;141;142;141;142;0;0;0;0;0;0;0;1;1;0;0;121;49;69;88;82;72;48;48;49;48;49;;121;49;69;88;82;72;48;48;49;48;121;170;239;327;409;481;529;577;626;674;723
535;9X9TJ00101;121;9;X;9;T;J;0;0;1;0;1;9;33;9;29;19;0;0;1;0;1;57;88;57;84;74;48;48;49;48;49;5Y;46;51;46;4X;4N;3X;3Y;3Z;3X;3Y;214;150;181;150;177;167;141;142;143;141;142;5Y;46;51;46;4X;4N;3X;3X;3Y;3X;3Y;214;150;181;150;177;167;141;141;142;141;142;0;0;0;0;0;0;0;1;1;0;0;121;57;88;57;84;74;48;48;49;48;49;;121;57;88;57;84;74;48;48;49;48;121;178;266;323;407;481;529;577;626;674;723
536;CGGQF00101;121;C;G;G;Q;F;0;0;1;0;1;12;16;16;26;15;0;0;1;0;1;67;71;71;81;70;48;48;49;48;49;5Y;4G;4K;4L;4U;4J;3X;3Y;3Z;3X;3Y;214;160;164;165;174;163;141;142;143;141;142;5Y;4G;4K;4K;4U;4J;3X;3X;3Y;3X;3Y;214;160;164;164;174;163;141;141;142;141;142;0;0;0;1;0;0;0;1;1;0;0;121;67;71;71;81;70;48;48;49;48;49;;121;67;71;71;81;70;48;48;49;48;121;188;259;330;411;481;529;577;626;674;723
537;GBATJ00101;121;G;B;A;T;J;0;0;1;0;1;16;11;10;29;19;0;0;1;0;1;71;66;65;84;74;48;48;49;48;49;5Y;4K;4F;4E;4X;4N;3X;3Y;3Z;3X;3Y;214;164;159;158;177;167;141;142;143;141;142;5Y;4K;4F;4E;4X;4N;3X;3X;3Y;3X;3Y;214;164;159;158;177;167;141;141;142;141;142;0;0;0;0;0;0;0;1;1;0;0;121;71;66;65;84;74;48;48;49;48;49;;121;71;66;65;84;74;48;48;49;48;121;192;258;323;407;481;529;577;626;674;723
538;5BPXJ00101;122;5;B;P;X;J;0;0;1;0;1;5;11;25;33;19;0;0;1;0;1;53;66;80;88;74;48;48;49;48;49;60;43;4G;4U;52;4O;3Y;3Z;40;3Y;3Z;216;147;160;174;182;168;142;143;144;142;143;60;43;4G;4U;52;4O;3Y;3Y;3Z;3Y;3Z;216;147;160;174;182;168;142;142;143;142;143;0;0;0;0;0;0;0;1;1;0;0;122;53;66;80;88;74;48;48;49;48;49;;122;53;66;80;88;74;48;48;49;48;122;175;241;321;409;483;531;579;628;676;725
539;AFLLJ00101;122;A;F;L;L;J;0;0;1;0;1;10;15;21;21;19;0;0;1;0;1;65;70;76;76;74;48;48;49;48;49;60;4F;4K;4Q;4R;4O;3Y;3Z;40;3Y;3Z;216;159;164;170;171;168;142;143;144;142;143;60;4F;4K;4Q;4Q;4O;3Y;3Y;3Z;3Y;3Z;216;159;164;170;170;168;142;142;143;142;143;0;0;0;0;1;0;0;1;1;0;0;122;65;70;76;76;74;48;48;49;48;49;;122;65;70;76;76;74;48;48;49;48;122;187;257;333;409;483;531;579;628;676;725
540;AOANJ00101;122;A;O;A;N;J;0;0;1;0;1;10;24;10;23;19;0;0;1;0;1;65;79;65;78;74;48;48;49;48;49;60;4F;4T;4F;4S;4O;3Y;3Z;40;3Y;3Z;216;159;173;159;172;168;142;143;144;142;143;60;4F;4T;4F;4S;4O;3Y;3Y;3Z;3Y;3Z;216;159;173;159;172;168;142;142;143;142;143;0;0;0;0;0;0;0;1;1;0;0;122;65;79;65;78;74;48;48;49;48;49;;122;65;79;65;78;74;48;48;49;48;122;187;266;331;409;483;531;579;628;676;725
541;W7ELJ00101;122;W;7;E;L;J;0;0;1;0;1;32;7;14;21;19;0;0;1;0;1;87;55;69;76;74;48;48;49;48;49;60;51;45;4J;4Q;4O;3Y;3Z;40;3Y;3Z;216;181;149;163;170;168;142;143;144;142;143;60;51;45;4J;4Q;4O;3Y;3Y;3Z;3Y;3Z;216;181;149;163;170;168;142;142;143;142;143;0;0;0;0;0;0;0;1;1;0;0;122;87;55;69;76;74;48;48;49;48;49;;122;87;55;69;76;74;48;48;49;48;122;209;264;333;409;483;531;579;628;676;725
542;6BPXJ00101;123;6;B;P;X;J;0;0;1;0;1;6;11;25;33;19;0;0;1;0;1;54;66;80;88;74;48;48;49;48;49;62;45;4H;4V;53;4P;3Z;40;41;3Z;40;218;149;161;175;183;169;143;144;145;143;144;62;45;4H;4V;53;4P;3Z;3Z;40;3Z;40;218;149;161;175;183;169;143;143;144;143;144;0;0;0;0;0;0;0;1;1;0;0;123;54;66;80;88;74;48;48;49;48;49;;123;54;66;80;88;74;48;48;49;48;123;177;243;323;411;485;533;581;630;678;727
543;8VEMJ00101;123;8;V;E;M;J;0;0;1;0;1;8;31;14;22;19;0;0;1;0;1;56;86;69;77;74;48;48;49;48;49;62;47;51;4K;4S;4P;3Z;40;41;3Z;40;218;151;181;164;172;169;143;144;145;143;144;62;47;51;4K;4S;4P;3Z;3Z;40;3Z;40;218;151;181;164;172;169;143;143;144;143;144;0;0;0;0;0;0;0;1;1;0;0;123;56;86;69;77;74;48;48;49;48;49;;123;56;86;69;77;74;48;48;49;48;123;179;265;334;411;485;533;581;630;678;727
544;EKBNJ00101;123;E;K;B;N;J;0;0;1;0;1;14;20;11;23;19;0;0;1;0;1;69;75;66;78;74;48;48;49;48;49;62;4K;4Q;4H;4T;4P;3Z;40;41;3Z;40;218;164;170;161;173;169;143;144;145;143;144;62;4K;4Q;4H;4T;4P;3Z;3Z;40;3Z;40;218;164;170;161;173;169;143;143;144;143;144;0;0;0;0;0;0;0;1;1;0;0;123;69;75;66;78;74;48;48;49;48;49;;123;69;75;66;78;74;48;48;49;48;123;192;267;333;411;485;533;581;630;678;727
545;I4QRJ00101;123;I;4;Q;R;J;0;0;1;0;1;18;4;26;27;19;0;0;1;0;1;73;52;81;82;74;48;48;49;48;49;62;4O;43;4W;4X;4P;3Z;40;41;3Z;40;218;168;147;176;177;169;143;144;145;143;144;62;4O;43;4W;4X;4P;3Z;3Z;40;3Z;40;218;168;147;176;177;169;143;143;144;143;144;0;0;0;0;0;0;0;1;1;0;0;123;73;52;81;82;74;48;48;49;48;49;;123;73;52;81;82;74;48;48;49;48;123;196;248;329;411;485;533;581;630;678;727
546;QI5QJ00101;123;Q;I;5;Q;J;0;0;1;0;1;26;18;5;26;19;0;0;1;0;1;81;73;53;81;74;48;48;49;48;49;62;4W;4O;44;4W;4P;3Z;40;41;3Z;40;218;176;168;148;176;169;143;144;145;143;144;62;4W;4O;44;4W;4P;3Z;3Z;40;3Z;40;218;176;168;148;176;169;143;143;144;143;144;0;0;0;0;0;0;0;1;1;0;0;123;81;73;53;81;74;48;48;49;48;49;;123;81;73;53;81;74;48;48;49;48;123;204;277;330;411;485;533;581;630;678;727
547;X7ELJ00101;123;X;7;E;L;J;0;0;1;0;1;33;7;14;21;19;0;0;1;0;1;88;55;69;76;74;48;48;49;48;49;62;53;46;4K;4R;4P;3Z;40;41;3Z;40;218;183;150;164;171;169;143;144;145;143;144;62;53;46;4K;4R;4P;3Z;3Z;40;3Z;40;218;183;150;164;171;169;143;143;144;143;144;0;0;0;0;0;0;0;1;1;0;0;123;88;55;69;76;74;48;48;49;48;49;;123;88;55;69;76;74;48;48;49;48;123;211;266;335;411;485;533;581;630;678;727
548;1PQOJ00101;124;1;P;Q;O;J;0;0;1;0;1;1;25;26;24;19;0;0;1;0;1;49;80;81;79;74;48;48;49;48;49;64;41;4W;4X;4V;4Q;40;41;42;40;41;220;145;176;177;175;170;144;145;146;144;145;64;41;4W;4X;4V;4Q;40;40;41;40;41;220;145;176;177;175;170;144;144;145;144;145;0;0;0;0;0;0;0;1;1;0;0;124;49;80;81;79;74;48;48;49;48;49;;124;49;80;81;79;74;48;48;49;48;124;173;253;334;413;487;535;583;632;680;729
549;QD9SJ00101;124;Q;D;9;S;J;0;0;1;0;1;26;13;9;28;19;0;0;1;0;1;81;68;57;83;74;48;48;49;48;49;64;4X;4K;49;4Z;4Q;40;41;42;40;41;220;177;164;153;179;170;144;145;146;144;145;64;4X;4K;49;4Z;4Q;40;40;41;40;41;220;177;164;153;179;170;144;144;145;144;145;0;0;0;0;0;0;0;1;1;0;0;124;81;68;57;83;74;48;48;49;48;49;;124;81;68;57;83;74;48;48;49;48;124;205;273;330;413;487;535;583;632;680;729
550;1YKMJ00101;125;1;Y;K;M;J;0;0;1;0;1;1;34;20;22;19;0;0;1;0;1;49;89;75;77;74;48;48;49;48;49;66;42;56;4S;4U;4R;41;42;43;41;42;222;146;186;172;174;171;145;146;147;145;146;66;42;56;4S;4U;4R;41;41;42;41;42;222;146;186;172;174;171;145;145;146;145;146;0;0;0;0;0;0;0;1;1;0;0;125;49;89;75;77;74;48;48;49;48;49;;125;49;89;75;77;74;48;48;49;48;125;174;263;338;415;489;537;585;634;682;731
551;TB9SJ00101;125;T;B;9;S;J;0;0;1;0;1;29;11;9;28;19;0;0;1;0;1;84;66;57;83;74;48;48;49;48;49;66;51;4J;4A;50;4R;41;42;43;41;42;222;181;163;154;180;171;145;146;147;145;146;66;51;4J;4A;50;4R;41;41;42;41;42;222;181;163;154;180;171;145;145;146;145;146;0;0;0;0;0;0;0;1;1;0;0;125;84;66;57;83;74;48;48;49;48;49;;125;84;66;57;83;74;48;48;49;48;125;209;275;332;415;489;537;585;634;682;731
552;VEUG500101;125;V;E;U;G;5;0;0;1;0;1;31;14;30;16;5;0;0;1;0;1;86;69;85;71;53;48;48;49;48;49;66;53;4M;52;4O;46;41;42;43;41;42;222;183;166;182;168;150;145;146;147;145;146;66;53;4M;52;4O;46;41;41;42;41;42;222;183;166;182;168;150;145;145;146;145;146;0;0;0;0;0;0;0;1;1;0;0;125;86;69;85;71;53;48;48;49;48;49;;125;86;69;85;71;53;48;48;49;48;125;211;280;365;436;489;537;585;634;682;731
553;1KPWJ00101;126;1;K;P;W;J;0;0;1;0;1;1;20;25;32;19;0;0;1;0;1;49;75;80;87;74;48;48;49;48;49;68;43;4T;4Y;55;4S;42;43;44;42;43;224;147;173;178;185;172;146;147;148;146;147;68;43;4T;4Y;55;4S;42;42;43;42;43;224;147;173;178;185;172;146;146;147;146;147;0;0;0;0;0;0;0;1;1;0;0;126;49;75;80;87;74;48;48;49;48;49;;126;49;75;80;87;74;48;48;49;48;126;175;250;330;417;491;539;587;636;684;733
554;LBATJ00101;126;L;B;A;T;J;0;0;1;0;1;21;11;10;29;19;0;0;1;0;1;76;66;65;84;74;48;48;49;48;49;68;4U;4K;4J;52;4S;42;43;44;42;43;224;174;164;163;182;172;146;147;148;146;147;68;4U;4K;4J;52;4S;42;42;43;42;43;224;174;164;163;182;172;146;146;147;146;147;0;0;0;0;0;0;0;1;1;0;0;126;76;66;65;84;74;48;48;49;48;49;;126;76;66;65;84;74;48;48;49;48;126;202;268;333;417;491;539;587;636;684;733
555;N6RMJ00101;126;N;6;R;M;J;0;0;1;0;1;23;6;27;22;19;0;0;1;0;1;78;54;82;77;74;48;48;49;48;49;68;4W;48;50;4V;4S;42;43;44;42;43;224;176;152;180;175;172;146;147;148;146;147;68;4W;48;50;4V;4S;42;42;43;42;43;224;176;152;180;175;172;146;146;147;146;147;0;0;0;0;0;0;0;1;1;0;0;126;78;54;82;77;74;48;48;49;48;49;;126;78;54;82;77;74;48;48;49;48;126;204;258;340;417;491;539;587;636;684;733
556;TC9SJ00101;126;T;C;9;S;J;0;0;1;0;1;29;12;9;28;19;0;0;1;0;1;84;67;57;83;74;48;48;49;48;49;68;52;4L;4B;51;4S;42;43;44;42;43;224;182;165;155;181;172;146;147;148;146;147;68;52;4L;4B;51;4S;42;42;43;42;43;224;182;165;155;181;172;146;146;147;146;147;0;0;0;0;0;0;0;1;1;0;0;126;84;67;57;83;74;48;48;49;48;49;;126;84;67;57;83;74;48;48;49;48;126;210;277;334;417;491;539;587;636;684;733
557;2NQSJ00101;127;2;N;Q;S;J;0;0;1;0;1;2;23;26;28;19;0;0;1;0;1;50;78;81;83;74;48;48;49;48;49;5F;45;4X;50;52;4T;43;44;45;43;44;195;149;177;180;182;173;147;148;149;147;148;6A;45;4X;50;52;4T;43;43;44;43;44;226;149;177;180;182;173;147;147;148;147;148;-31;0;0;0;0;0;0;1;1;0;0;127;50;78;81;83;74;48;48;49;48;49;;127;50;78;81;83;74;48;48;49;48;127;177;255;336;419;493;541;589;638;686;735
558;2ZKMJ00101;127;2;Z;K;M;J;0;0;1;0;1;2;35;20;22;19;0;0;1;0;1;50;90;75;77;74;48;48;49;48;49;5F;45;59;4U;4W;4T;43;44;45;43;44;195;149;189;174;176;173;147;148;149;147;148;6A;45;59;4U;4W;4T;43;43;44;43;44;226;149;189;174;176;173;147;147;148;147;148;-31;0;0;0;0;0;0;1;1;0;0;127;50;90;75;77;74;48;48;49;48;49;;127;50;90;75;77;74;48;48;49;48;127;177;267;342;419;493;541;589;638;686;735
559;5YCSJ00101;127;5;Y;C;S;J;0;0;1;0;1;5;34;12;28;19;0;0;1;0;1;53;89;67;83;74;48;48;49;48;49;5F;48;58;4M;52;4T;43;44;45;43;44;195;152;188;166;182;173;147;148;149;147;148;6A;48;58;4M;52;4T;43;43;44;43;44;226;152;188;166;182;173;147;147;148;147;148;-31;0;0;0;0;0;0;1;1;0;0;127;53;89;67;83;74;48;48;49;48;49;;127;53;89;67;83;74;48;48;49;48;127;180;269;336;419;493;541;589;638;686;735
560;PG8UJ00101;127;P;G;8;U;J;0;0;1;0;1;25;16;8;30;19;0;0;1;0;1;80;71;56;85;74;48;48;49;48;49;5F;4Z;4Q;4B;54;4T;43;44;45;43;44;195;179;170;155;184;173;147;148;149;147;148;6A;4Z;4Q;4B;54;4T;43;43;44;43;44;226;179;170;155;184;173;147;147;148;147;148;-31;0;0;0;0;0;0;1;1;0;0;127;80;71;56;85;74;48;48;49;48;49;;127;80;71;56;85;74;48;48;49;48;127;207;278;334;419;493;541;589;638;686;735
561;Q2IXJ00101;127;Q;2;I;X;J;0;0;1;0;1;26;2;18;33;19;0;0;1;0;1;81;50;73;88;74;48;48;49;48;49;5F;50;45;4S;57;4T;43;44;45;43;44;195;180;149;172;187;173;147;148;149;147;148;6A;50;45;4S;57;4T;43;43;44;43;44;226;180;149;172;187;173;147;147;148;147;148;-31;0;0;0;0;0;0;1;1;0;0;127;81;50;73;88;74;48;48;49;48;49;;127;81;50;73;88;74;48;48;49;48;127;208;258;331;419;493;541;589;638;686;735
562;SN7LJ00101;127;S;N;7;L;J;0;0;1;0;1;28;23;7;21;19;0;0;1;0;1;83;78;55;76;74;48;48;49;48;49;5F;52;4X;4A;4V;4T;43;44;45;43;44;195;182;177;154;175;173;147;148;149;147;148;6A;52;4X;4A;4V;4T;43;43;44;43;44;226;182;177;154;175;173;147;147;148;147;148;-31;0;0;0;0;0;0;1;1;0;0;127;83;78;55;76;74;48;48;49;48;49;;127;83;78;55;76;74;48;48;49;48;127;210;288;343;419;493;541;589;638;686;735
563;0TROJ00101;128;0;T;R;O;J;0;0;1;0;1;0;29;27;24;19;0;0;1;0;1;48;84;82;79;74;48;48;49;48;49;5H;44;54;52;4Z;4U;44;45;46;44;45;197;148;184;182;179;174;148;149;150;148;149;6C;44;54;52;4Z;4U;44;44;45;44;45;228;148;184;182;179;174;148;148;149;148;149;-31;0;0;0;0;0;0;1;1;0;0;128;48;84;82;79;74;48;48;49;48;49;;128;48;84;82;79;74;48;48;49;48;128;176;260;342;421;495;543;591;640;688;737
564;3KPWJ00101;128;3;K;P;W;J;0;0;1;0;1;3;20;25;32;19;0;0;1;0;1;51;75;80;87;74;48;48;49;48;49;5H;47;4V;50;57;4U;44;45;46;44;45;197;151;175;180;187;174;148;149;150;148;149;6C;47;4V;50;57;4U;44;44;45;44;45;228;151;175;180;187;174;148;148;149;148;149;-31;0;0;0;0;0;0;1;1;0;0;128;51;75;80;87;74;48;48;49;48;49;;128;51;75;80;87;74;48;48;49;48;128;179;254;334;421;495;543;591;640;688;737
565;JKBNJ00101;128;J;K;B;N;J;0;0;1;0;1;19;20;11;23;19;0;0;1;0;1;74;75;66;78;74;48;48;49;48;49;5H;4U;4V;4M;4Y;4U;44;45;46;44;45;197;174;175;166;178;174;148;149;150;148;149;6C;4U;4V;4M;4Y;4U;44;44;45;44;45;228;174;175;166;178;174;148;148;149;148;149;-31;0;0;0;0;0;0;1;1;0;0;128;74;75;66;78;74;48;48;49;48;49;;128;74;75;66;78;74;48;48;49;48;128;202;277;343;421;495;543;591;640;688;737
566;KI8YJ00101;128;K;I;8;Y;J;0;0;1;0;1;20;18;8;34;19;0;0;1;0;1;75;73;56;89;74;48;48;49;48;49;5H;4V;4T;4C;59;4U;44;45;46;44;45;197;175;173;156;189;174;148;149;150;148;149;6C;4V;4T;4C;59;4U;44;44;45;44;45;228;175;173;156;189;174;148;148;149;148;149;-31;0;0;0;0;0;0;1;1;0;0;128;75;73;56;89;74;48;48;49;48;49;;128;75;73;56;89;74;48;48;49;48;128;203;276;332;421;495;543;591;640;688;737
567;QG8UJ00101;128;Q;G;8;U;J;0;0;1;0;1;26;16;8;30;19;0;0;1;0;1;81;71;56;85;74;48;48;49;48;49;5H;51;4R;4C;55;4U;44;45;46;44;45;197;181;171;156;185;174;148;149;150;148;149;6C;51;4R;4C;55;4U;44;44;45;44;45;228;181;171;156;185;174;148;148;149;148;149;-31;0;0;0;0;0;0;1;1;0;0;128;81;71;56;85;74;48;48;49;48;49;;128;81;71;56;85;74;48;48;49;48;128;209;280;336;421;495;543;591;640;688;737
568;TBCLJ00101;128;T;B;C;L;J;0;0;1;0;1;29;11;12;21;19;0;0;1;0;1;84;66;67;76;74;48;48;49;48;49;5H;54;4M;4N;4W;4U;44;45;46;44;45;197;184;166;167;176;174;148;149;150;148;149;6C;54;4M;4N;4W;4U;44;44;45;44;45;228;184;166;167;176;174;148;148;149;148;149;-31;0;0;0;0;0;0;1;1;0;0;128;84;66;67;76;74;48;48;49;48;49;;128;84;66;67;76;74;48;48;49;48;128;212;278;345;421;495;543;591;640;688;737
569;1QQSJ00101;129;1;Q;Q;S;J;0;0;1;0;1;1;26;26;28;19;0;0;1;0;1;49;81;81;83;74;48;48;49;48;49;5J;46;52;53;54;4V;45;46;47;45;46;199;150;182;183;184;175;149;150;151;149;150;6E;46;52;52;54;4V;45;45;46;45;46;230;150;182;182;184;175;149;149;150;149;150;-31;0;0;1;0;0;0;1;1;0;0;129;49;81;81;83;74;48;48;49;48;49;;129;49;81;81;83;74;48;48;49;48;129;178;259;340;423;497;545;593;642;690;739
570;2TQOJ00101;129;2;T;Q;O;J;0;0;1;0;1;2;29;26;24;19;0;0;1;0;1;50;84;81;79;74;48;48;49;48;49;5J;47;55;52;50;4V;45;46;47;45;46;199;151;185;182;180;175;149;150;151;149;150;6E;47;55;52;50;4V;45;45;46;45;46;230;151;185;182;180;175;149;149;150;149;150;-31;0;0;0;0;0;0;1;1;0;0;129;50;84;81;79;74;48;48;49;48;49;;129;50;84;81;79;74;48;48;49;48;129;179;263;344;423;497;545;593;642;690;739
571;4ZKMJ00101;129;4;Z;K;M;J;0;0;1;0;1;4;35;20;22;19;0;0;1;0;1;52;90;75;77;74;48;48;49;48;49;5J;49;5B;4W;4Y;4V;45;46;47;45;46;199;153;191;176;178;175;149;150;151;149;150;6E;49;5B;4W;4Y;4V;45;45;46;45;46;230;153;191;176;178;175;149;149;150;149;150;-31;0;0;0;0;0;0;1;1;0;0;129;52;90;75;77;74;48;48;49;48;49;;129;52;90;75;77;74;48;48;49;48;129;181;271;346;423;497;545;593;642;690;739
572;7YDRJ00101;129;7;Y;D;R;J;0;0;1;0;1;7;34;13;27;19;0;0;1;0;1;55;89;68;82;74;48;48;49;48;49;5J;4C;5A;4P;53;4V;45;46;47;45;46;199;156;190;169;183;175;149;150;151;149;150;6E;4C;5A;4P;53;4V;45;45;46;45;46;230;156;190;169;183;175;149;149;150;149;150;-31;0;0;0;0;0;0;1;1;0;0;129;55;89;68;82;74;48;48;49;48;49;;129;55;89;68;82;74;48;48;49;48;129;184;273;341;423;497;545;593;642;690;739
573;LI8YJ00101;129;L;I;8;Y;J;0;0;1;0;1;21;18;8;34;19;0;0;1;0;1;76;73;56;89;74;48;48;49;48;49;5J;4X;4U;4D;5A;4V;45;46;47;45;46;199;177;174;157;190;175;149;150;151;149;150;6E;4X;4U;4D;5A;4V;45;45;46;45;46;230;177;174;157;190;175;149;149;150;149;150;-31;0;0;0;0;0;0;1;1;0;0;129;76;73;56;89;74;48;48;49;48;49;;129;76;73;56;89;74;48;48;49;48;129;205;278;334;423;497;545;593;642;690;739
574;RG8UJ00101;129;R;G;8;U;J;0;0;1;0;1;27;16;8;30;19;0;0;1;0;1;82;71;56;85;74;48;48;49;48;49;5J;53;4S;4D;56;4V;45;46;47;45;46;199;183;172;157;186;175;149;150;151;149;150;6E;53;4S;4D;56;4V;45;45;46;45;46;230;183;172;157;186;175;149;149;150;149;150;-31;0;0;0;0;0;0;1;1;0;0;129;82;71;56;85;74;48;48;49;48;49;;129;82;71;56;85;74;48;48;49;48;129;211;282;338;423;497;545;593;642;690;739
575;X9ATJ00101;129;X;9;A;T;J;0;0;1;0;1;33;9;10;29;19;0;0;1;0;1;88;57;65;84;74;48;48;49;48;49;5J;59;4E;4M;55;4V;45;46;47;45;46;199;189;158;166;185;175;149;150;151;149;150;6E;59;4E;4M;55;4V;45;45;46;45;46;230;189;158;166;185;175;149;149;150;149;150;-31;0;0;0;0;0;0;1;1;0;0;129;88;57;65;84;74;48;48;49;48;49;;129;88;57;65;84;74;48;48;49;48;129;217;274;339;423;497;545;593;642;690;739
576;8YDRJ00101;130;8;Y;D;R;J;0;0;1;0;1;8;34;13;27;19;0;0;1;0;1;56;89;68;82;74;48;48;49;48;49;5L;4E;5B;4Q;54;4W;46;47;48;46;47;201;158;191;170;184;176;150;151;152;150;151;6G;4E;5B;4Q;54;4W;46;46;47;46;47;232;158;191;170;184;176;150;150;151;150;151;-31;0;0;0;0;0;0;1;1;0;0;130;56;89;68;82;74;48;48;49;48;49;;130;56;89;68;82;74;48;48;49;48;130;186;275;343;425;499;547;595;644;692;741
577;K5QVJ00101;130;K;5;Q;V;J;0;0;1;0;1;20;5;26;31;19;0;0;1;0;1;75;53;81;86;74;48;48;49;48;49;5L;4X;4B;53;58;4W;46;47;48;46;47;201;177;155;183;188;176;150;151;152;150;151;6G;4X;4B;53;58;4W;46;46;47;46;47;232;177;155;183;188;176;150;150;151;150;151;-31;0;0;0;0;0;0;1;1;0;0;130;75;53;81;86;74;48;48;49;48;49;;130;75;53;81;86;74;48;48;49;48;130;205;258;339;425;499;547;595;644;692;741
578;M6WMJ00101;130;M;6;W;M;J;0;0;1;0;1;22;6;32;22;19;0;0;1;0;1;77;54;87;77;74;48;48;49;48;49;5L;4Z;4C;59;4Z;4W;46;47;48;46;47;201;179;156;189;179;176;150;151;152;150;151;6G;4Z;4C;59;4Z;4W;46;46;47;46;47;232;179;156;189;179;176;150;150;151;150;151;-31;0;0;0;0;0;0;1;1;0;0;130;77;54;87;77;74;48;48;49;48;49;;130;77;54;87;77;74;48;48;49;48;130;207;261;348;425;499;547;595;644;692;741
579;SG8UJ00101;130;S;G;8;U;J;0;0;1;0;1;28;16;8;30;19;0;0;1;0;1;83;71;56;85;74;48;48;49;48;49;5L;55;4T;4E;57;4W;46;47;48;46;47;201;185;173;158;187;176;150;151;152;150;151;6G;55;4T;4E;57;4W;46;46;47;46;47;232;185;173;158;187;176;150;150;151;150;151;-31;0;0;0;0;0;0;1;1;0;0;130;83;71;56;85;74;48;48;49;48;49;;130;83;71;56;85;74;48;48;49;48;130;213;284;340;425;499;547;595;644;692;741
580;Z6ERJ00101;130;Z;6;E;R;J;0;0;1;0;1;35;6;14;27;19;0;0;1;0;1;90;54;69;82;74;48;48;49;48;49;5L;5C;4C;4R;54;4W;46;47;48;46;47;201;192;156;171;184;176;150;151;152;150;151;6G;5C;4C;4R;54;4W;46;46;47;46;47;232;192;156;171;184;176;150;150;151;150;151;-31;0;0;0;0;0;0;1;1;0;0;130;90;54;69;82;74;48;48;49;48;49;;130;90;54;69;82;74;48;48;49;48;130;220;274;343;425;499;547;595;644;692;741
